C01248419,['G', 'G', 'G', 'G']
C44380366,['G', 'O', 'G', 'G']
C62960242,['G', 'G', 'O', 'O', 'G']
C37368398,['G', 'O', 'G', 'G']
C59457502,['G', 'G', 'G', 'G']
C40287866,['G', 'O', 'G', 'G', 'G', 'G']
C02180946,['G', 'G', 'G', 'G', 'G', 'G']
C70380899,['G', 'O', 'G', 'O', 'G']
C53527340,['O', 'O', 'O', 'O', 'G']
C21188571,['O', 'G', 'G', 'G', 'O', 'O']
C48137299,['O', 'G', 'G', 'G', 'G', 'G']
C68042279,['O', 'O', 'G', 'G', 'O']
C68973815,['G', 'O', 'G', 'G', 'G', 'G', 'O']
C38696403,['G', 'G', 'G', 'G', 'O', 'O']
C40520863,['O', 'G', 'G', 'G', 'O', 'G']
C47189659,['O', 'G', 'G', 'O', 'G', 'G']
C25502764,['G', 'O', 'G', 'G', 'G', 'G']
C27525663,['G', 'G', 'G', 'G', 'G']
C19519035,['G', 'O', 'G']
C39933008,['G', 'G', 'G', 'O', 'G', 'G']
C29319061,['G', 'G', 'O', 'O']
C40016973,['G', 'G', 'O', 'O']
C09311475,['O', 'O', 'O', 'O', 'G', 'O', 'G', 'O']
C20146381,['G', 'G', 'G', 'O']
C52803990,['O', 'G', 'O', 'O']
C54153153,['O', 'G', 'G', 'O', 'G', 'O']
C06889398,['G', 'G', 'G', 'G', 'G', 'G', 'G', 'O']
C17957808,['O', 'G', 'G']
C05945177,['G', 'G', 'G']
C32598079,['G', 'G', 'G', 'G', 'O']
C08116500,['G', 'G', 'O', 'G']
C59678435,['O', 'G', 'G', 'G', 'G', 'O', 'G']
C06492099,['G', 'O', 'G', 'G']
C62934885,['G', 'G', 'G', 'G', 'G', 'O', 'G']
C00031921,['G', 'G', 'O', 'G', 'O']
C02245250,['O', 'O']
C51036757,['G', 'G', 'G', 'G']
C38019946,['G', 'G', 'G', 'G', 'G', 'G', 'O']
C45925485,['G', 'G', 'O', 'G', 'O', 'O']
C05586304,['G', 'G', 'O', 'G', 'O']
C02286530,['O', 'G', 'G', 'G', 'G', 'G']
C12532444,['O', 'G', 'O', 'G', 'O']
C24969971,['G', 'G', 'G', 'G', 'O', 'G', 'G']
C65650610,['O', 'G', 'G', 'G', 'O', 'G']
C69620970,['O', 'G', 'G', 'G', 'G', 'O']
C70314416,['G', 'G', 'G', 'O', 'G', 'O']
C67798279,['G', 'G', 'O', 'G', 'G', 'G']
C44929021,['G', 'O', 'G', 'G', 'G']
C62038760,['G', 'G', 'G', 'G', 'G', 'G', 'G']
C04945415,['G', 'G', 'G', 'G']
310,['G', 'G', 'O']
C49235773,['G', 'G', 'G', 'O']
C43565711,['G', 'O', 'O', 'G', 'G']
C36155851,['O', 'G', 'G', 'O', 'G']
C69675862,['G', 'G', 'G']
C06495801,['G', 'G', 'G', 'G', 'G', 'O']
C37464953,['G', 'G', 'G', 'G']
C54054964,['O', 'G', 'G']
C64682025,['G', 'G', 'G', 'G', 'O', 'G', 'O']
C71661541,['G', 'G', 'G', 'G', 'G', 'O']
C62453589,['G', 'G', 'G', 'O', 'G', 'O', 'O', 'G']
C63856581,['G', 'G', 'G', 'G', 'G', 'G']
C63235551,['G', 'G', 'G', 'G', 'G', 'O']
C65046356,['G', 'G', 'G', 'G', 'G', 'O']
C28380068,['O', 'G', 'G']
C09324533,['G', 'G', 'G', 'G', 'O']
105,['G', 'G', 'G', 'G']
C20574766,['G', 'G', 'G', 'O', 'G']
C17088295,['G', 'G', 'G', 'G', 'O']
C06272719,['G', 'G', 'G']
C69838031,['G', 'G', 'G', 'O', 'G', 'O']
C44344380,['G', 'G', 'G', 'G']
C04943016,['G', 'O', 'G', 'G']
C26473550,['G', 'G', 'G', 'O', 'O', 'G', 'G']
C44926261,['G', 'G', 'G', 'G', 'G']
C62117868,['G', 'G', 'O']
C25445312,['O', 'G', 'G', 'G', 'O', 'G', 'G']
C13382189,['O', 'G', 'G', 'O']
C36164108,['G', 'G', 'G', 'O']
C49398945,['O', 'G', 'O']
C72035793,['O', 'G', 'G', 'G', 'G']
C20372917,['O', 'G', 'O', 'O']
C41291510,['G', 'G', 'G', 'G', 'O']
C36973147,['G', 'G', 'O', 'G', 'O']
C65046862,['G', 'G', 'G', 'G', 'G', 'O']
C04802052,['O', 'G', 'G', 'G', 'O', 'G', 'O']
C67336342,['G', 'G', 'G', 'G', 'G']
C16976570,['G', 'G', 'G', 'G']
C00126603,['O', 'G', 'O']
C20278427,['O', 'G', 'O']
C20594647,['G', 'O', 'G', 'O']
C06622497,['G', 'G', 'G', 'O']
C61174106,['G', 'G', 'O', 'O']
C17209249,['O', 'G', 'G', 'G']
C58984111,['O', 'G', 'G', 'O', 'O', 'G', 'O']
C44345694,['G', 'G', 'G', 'G', 'G']
C64354793,['G', 'O', 'O', 'G']
C38058285,['G', 'G', 'G', 'G', 'O']
C49751555,['G', 'G', 'O']
C64611769,['G', 'G', 'O', 'O']
C59249695,['O', 'G', 'G', 'G', 'G', 'O']
C12428479,['O', 'O']
C00113488,['G', 'G', 'O', 'G', 'O']
C43700667,['O', 'G', 'O']
111,['G', 'G', 'G', 'G', 'G']
C71561640,['G', 'G', 'O']
C59247911,['G', 'O', 'G', 'G', 'O', 'G', 'O']
C40581496,['O', 'O', 'O']
C69903081,['G', 'G', 'G', 'G', 'G']
C67028990,['G', 'G', 'O', 'G', 'O', 'G', 'G', 'O']
C01237102,['G', 'G', 'O']
C36154135,['O', 'G', 'O']
C43571947,['G', 'G', 'G', 'G', 'G']
C49590499,['G', 'G', 'G', 'G', 'O', 'G', 'O', 'O']
C52541970,['G', 'G', 'G', 'O', 'G', 'G']
C02567072,['G', 'G', 'O', 'G', 'G']
C04863518,['G', 'G', 'G', 'O', 'G', 'O']
C36948388,['G', 'G', 'O', 'G', 'G']
C20395861,['O', 'G', 'G', 'O', 'O']
C36238813,['G', 'O', 'O', 'O']
C61406974,['G', 'G', 'G', 'O', 'G', 'G']
C55607206,['G', 'O', 'G', 'G', 'O']
C48529077,['O', 'O', 'G']
C50196538,['O', 'G', 'G', 'G', 'G', 'O']
113,['O', 'G', 'G', 'G', 'G']
C36238783,['O', 'O', 'G', 'O']
C49548780,['O', 'G', 'G', 'O']
C62842132,['G', 'G', 'O', 'G']
C71592610,['O', 'O', 'G', 'G']
C38030094,['G', 'G', 'G', 'G', 'G', 'G']
C13837528,['G', 'G', 'G', 'G']
C01249678,['G', 'G', 'G']
C62926389,['G', 'O', 'O', 'O', 'G']
C55606787,['G', 'G', 'O', 'G', 'O']
C05649476,['G', 'G', 'G']
C48620897,['G', 'G', 'G']
C26473480,['G', 'G', 'G', 'G', 'O', 'G', 'G']
C43751384,['G', 'G', 'G']
C65043611,['G', 'O', 'G', 'G', 'G', 'O']
C68574043,['O', 'G']
C09089674,['G', 'G', 'G']
C04770141,['G', 'O', 'O', 'G']
C71475051,['G', 'G', 'G', 'G']
C01271244,['G', 'G', 'G', 'O']
C20396045,['O', 'G', 'G', 'G', 'G', 'G', 'G', 'G']
116,['G', 'G', 'G', 'G', 'G']
C58037237,['O', 'G', 'O']
C61591357,['O', 'G']
C47436205,['O', 'O', 'O', 'G']
C28284629,['O', 'G', 'G']
C58037345,['O', 'O', 'G', 'O']
C62843559,['G', 'G', 'G', 'O', 'G']
C49162425,['G', 'G', 'G', 'G', 'O']
C05894181,['G', 'G', 'G']
C36884130,['G', 'O', 'O', 'G', 'O', 'G']
C06058019,['G', 'G', 'O']
C58510858,['G', 'G', 'G', 'O']
C06056335,['O', 'G', 'G']
C60212533,['G', 'O', 'O', 'G', 'O', 'G', 'O']
C15009406,['G', 'G', 'O', 'O']
C50290453,['G', 'G', 'O', 'G']
C64682273,['O', 'G', 'G', 'G', 'O', 'G', 'G', 'G', 'O']
C04249958,['G', 'O', 'G']
C37368377,['G', 'O', 'G', 'G']
C40009750,['G', 'O', 'O']
C06233010,['G', 'G', 'G', 'G']
C62716729,['G', 'O']
C70652541,['O', 'G', 'G', 'O']
C35739677,['G', 'G']
C70731051,['G', 'G', 'G', 'G', 'O', 'G']
C62875853,['G', 'O', 'G', 'G', 'G']
C20158895,['G']
C61171318,['G', 'G', 'O']
C67078669,['G', 'G', 'G', 'O', 'G', 'G', 'G']
C64697587,['O', 'G', 'O']
C20156394,['O', 'O', 'G', 'G', 'O']
104,['G', 'G', 'G', 'G', 'G']
C48529643,['G', 'O', 'G']
C39780366,['G', 'G', 'G', 'O', 'G', 'O']
C62847374,['G', 'G', 'O', 'G', 'G', 'G']
C08333398,['G', 'G', 'G', 'G', 'G']
C47293046,['G', 'G', 'G', 'G']
C68336451,['G', 'O', 'O', 'G', 'G', 'O', 'G', 'G']
C42471760,['O', 'O', 'O']
C36885735,['O', 'G', 'O', 'O', 'O']
C70116571,['G', 'G', 'O', 'G']
C42413465,['G', 'O', 'G', 'O']
C65650536,['O', 'G', 'G', 'G', 'G', 'G', 'G', 'G']
C57833494,['G', 'G']
C65651155,['G', 'G', 'G', 'O']
C29352785,['G', 'O', 'G', 'G', 'O', 'G']
C71475055,['G', 'O', 'G']
C69055083,['G', 'G', 'G', 'G', 'O']
C67525387,['G', 'G', 'G', 'G', 'O', 'O', 'G']
C49591834,['G', 'O', 'G', 'O']
C55607234,['G', 'G', 'O', 'O', 'G', 'O']
C25515442,['G', 'O', 'G', 'G', 'O', 'O', 'G', 'G']
C12176818,['G', 'G']
C65650520,['O', 'G', 'G', 'G']
C62720545,['G', 'G']
C09781168,['G', 'G', 'G', 'G', 'G', 'G', 'G']
C43700653,['G', 'G', 'O']
C67028991,['G', 'G', 'G', 'G', 'O', 'O', 'G', 'O']
C63235998,['G', 'G', 'G', 'G', 'G', 'G']
C35686179,['G', 'G', 'G']
C70223241,['O', 'O', 'G', 'G', 'O']
C41921110,['G', 'G', 'O']
C62960248,['G', 'O', 'G', 'G', 'O']
C70581079,['G', 'O', 'O', 'G']
C06603184,['G', 'G', 'G']
C45173894,['G', 'G', 'G']
C51329715,['G', 'G', 'G', 'G']
C36723579,['G', 'G', 'G', 'G', 'G']
C49627935,['O', 'O', 'O', 'G', 'G']
C68179332,['G', 'G', 'G', 'G', 'O']
C57843700,['G', 'O', 'O', 'G']
C05019195,['G', 'G', 'O', 'G']
C68412926,['G', 'O', 'G', 'G', 'G', 'O']
308,['O', 'O']
C57751132,['G', 'G', 'G', 'O', 'G', 'G']
C69508969,['G', 'O']
C67071872,['G', 'G', 'O', 'G', 'G', 'G', 'G', 'O']
C16777412,['G', 'G', 'G', 'G', 'O', 'G', 'G', 'O']
C22262147,['G', 'G', 'G', 'G', 'G']
C37457584,['G', 'G', 'O', 'G', 'G']
C70617914,['G', 'G']
C55606791,['G', 'G', 'G', 'G', 'O']
C03188134,['O', 'O', 'G', 'G']
C56253911,['G', 'O', 'G', 'G']
C50682438,['G', 'O', 'G', 'G', 'G']
C71121726,['O', 'G', 'O', 'G']
C44380184,['O', 'O', 'G', 'G']
C37675830,['G', 'G', 'G', 'O']
C54216444,['G', 'O', 'G', 'G', 'O', 'G']
C20271830,['G', 'O', 'G', 'O']
C71664074,['G', 'G', 'G', 'G', 'G', 'O']
C55607568,['G', 'G', 'G', 'G', 'O']
C34988221,['G', 'G', 'O', 'G', 'O', 'G', 'G']
C68239323,['G', 'G', 'G', 'G']
C44612384,['G', 'O', 'G', 'G', 'G']
C55659848,['G', 'G', 'G', 'O', 'G', 'G', 'O']
C40819650,['G', 'G', 'G', 'G']
C40734133,['G', 'O', 'G', 'G']
C09089950,['G', 'G', 'G', 'G']
C45005236,['G', 'G', 'G', 'G', 'G']
C08730241,['G', 'O', 'G', 'G']
C65650543,['G', 'G', 'G', 'G', 'O', 'G', 'G', 'G']
C71958252,['O', 'O', 'O', 'G']
C32687743,['O', 'O', 'G']
C54768658,['G', 'O', 'O']
C37689568,['G', 'G', 'G', 'O']
C55607108,['G', 'G', 'G', 'O']
C69582423,['G', 'G', 'G', 'O']
C41055909,['G', 'G', 'O', 'G']
C20332355,['G', 'G', 'G', 'O', 'G']
C50290341,['G', 'G', 'O', 'G']
C35587859,['O', 'O', 'O']
C09059513,['O', 'O', 'O', 'G']
C61684500,['G', 'G', 'G', 'G']
C49593849,['O', 'G', 'O', 'G', 'G', 'G']
C20372732,['O', 'G', 'G']
C51037092,['G', 'G', 'G', 'G', 'O']
C00124470,['G', 'G']
C67028492,['G', 'G', 'G', 'G', 'G', 'G', 'O']
C50892388,['G', 'O', 'G', 'G']
C62845049,['G', 'G', 'G', 'O', 'G']
C20027204,['O', 'O', 'G']
C12323752,['O', 'O', 'G', 'G', 'O']
C71165866,['G', 'G', 'G', 'G', 'G']
C63865049,['G', 'O', 'G', 'G', 'G']
C41249981,['G', 'G', 'G', 'G']
C07344259,['G', 'O', 'G', 'G', 'G']
C57989863,['G', 'G', 'G', 'G', 'O']
C15050272,['G', 'O', 'G', 'G', 'O', 'G', 'O']
C62925577,['G', 'G', 'G', 'O', 'O', 'G']
C37675834,['G', 'G', 'G', 'O']
C48529044,['G', 'G', 'G']
C71591808,['G', 'O', 'O', 'G', 'O']
C71473608,['G', 'G', 'O']
C20472681,['G', 'G', 'G', 'G', 'G', 'O']
C57743017,['G', 'G', 'O', 'G', 'G']
C71716847,['G', 'O', 'G', 'O', 'O', 'O']
C61825694,['G', 'G', 'G', 'G', 'O']
C01031044,['G', 'O']
C58037792,['O', 'G', 'G', 'O', 'G', 'G']
C66589273,['O', 'G', 'G', 'G', 'G', 'G', 'G']
C54051634,['G', 'G', 'G', 'O']
C25502726,['G', 'O', 'G', 'G', 'O']
C13095882,['G', 'G', 'G', 'O', 'G', 'G', 'G', 'G']
C18191943,['G', 'G', 'G', 'O']
C65651272,['O', 'G', 'G', 'G', 'O']
C57115908,['G', 'G', 'G', 'G', 'G']
C62920022,['G', 'G', 'G', 'G', 'O']
C04244998,['G', 'O', 'G', 'O', 'G']
C62914401,['G', 'G', 'G', 'G']
C62922194,['G', 'G', 'O', 'O']
C37589669,['G', 'G', 'G', 'G', 'O', 'G']
C13122841,['G', 'O', 'O', 'G', 'G', 'O']
C28568139,['O', 'G', 'O', 'G', 'G', 'G']
C00100913,['G', 'G', 'G', 'G', 'O', 'O']
C62847382,['G', 'G', 'O', 'G', 'G', 'O']
C54473746,['G', 'O', 'O']
C67244673,['G', 'G', 'O', 'G', 'G', 'O']
C61374472,['G', 'G', 'G', 'G']
C44926579,['G', 'G', 'G', 'G']
C02537008,['O', 'G']
C52542037,['G', 'G', 'G', 'O', 'G', 'O']
C50290339,['G', 'G', 'G', 'G']
C71676167,['G', 'G', 'G', 'O', 'G']
C62923309,['G', 'G', 'G', 'G', 'G']
C64681883,['G', 'O', 'O', 'G', 'G', 'O']
C72027179,['G', 'G', 'G', 'O']
C61685184,['G', 'G', 'G', 'G']
C61178621,['G', 'G', 'G', 'G', 'O', 'G']
C62765086,['G', 'G', 'G', 'G', 'O']
C05465784,['G']
C55606843,['G', 'G', 'G', 'O', 'O', 'G', 'G']
C12821426,['G']
C58037026,['O', 'G', 'G']
C23141138,['G', 'O']
C71474371,['O', 'G']
C36154092,['G', 'O', 'G', 'O']
C00969372,['G', 'G', 'O', 'G', 'O']
C37429662,['G', 'G', 'G', 'O']
C41631356,['G', 'G', 'O', 'G', 'G', 'G']
C65341679,['G', 'G', 'G']
C71676166,['G', 'G', 'G', 'G', 'G']
C67956246,['G', 'G', 'G', 'O', 'G', 'G']
202,['G', 'G', 'O', 'O', 'G']
C19506390,['G', 'O', 'O']
C37586298,['G', 'G', 'O', 'G', 'G']
C29835058,['G', 'G', 'G']
C62935701,['G', 'G', 'O', 'O', 'G']
C49859693,['G', 'G', 'G', 'O', 'O', 'G', 'O']
C62835458,['G', 'G', 'G', 'G', 'O']
C62914417,['G', 'G', 'G', 'G']
C08684181,['G', 'G', 'G']
C21952411,['O', 'G', 'O']
C59544411,['G', 'O', 'O', 'G']
C26241622,['G', 'G', 'G', 'G', 'G', 'O', 'O']
C49593788,['G', 'G', 'G', 'G', 'G']
C65651049,['G', 'G', 'G', 'O', 'G']
C51286571,['G', 'G', 'G']
C71474555,['G', 'G']
C18124909,['G', 'G', 'G', 'O']
C54294623,['G', 'O', 'G', 'O']
102,['O', 'G', 'G', 'G', 'G']
C69182133,['O', 'G', 'G']
C71649694,['G', 'G', 'G']
C41233717,['G', 'O']
C62913628,['G', 'G', 'G']
205,['G', 'G', 'O', 'G']
C62873493,['G', 'O', 'G', 'G', 'O']
C38581417,['G', 'G', 'O', 'G', 'G', 'O', 'G']
C71676160,['G', 'O', 'G']
C32598071,['G', 'G', 'G', 'G', 'O']
C62871924,['G', 'G', 'G', 'G', 'O', 'G']
C24717941,['G', 'G', 'O']
C43413961,['G', 'G', 'O', 'G']
C20372868,['O', 'O', 'G', 'O']
C28856141,['G', 'G', 'G', 'G', 'O', 'G']
117,['G', 'G', 'G', 'G', 'O']
C48988185,['O', 'O', 'G', 'G', 'O', 'O']
C32916600,['G', 'G', 'G', 'G', 'G', 'G']
C48416362,['G', 'G', 'G', 'G']
C37454492,['O', 'G', 'G', 'O', 'O']
C71474663,['G', 'G', 'G', 'G']
C69285558,['G', 'G', 'G', 'O', 'G', 'O']
C20368953,['G', 'G', 'G', 'O']
C68122689,['G', 'G', 'O', 'G', 'G']
C49236468,['G', 'G', 'G']
C00120763,['G']
C59366811,['G', 'O', 'G', 'G', 'G', 'O']
C17074530,['O', 'G', 'O', 'G']
C51290067,['G', 'G', 'G', 'G']
C71574579,['O', 'G', 'G', 'G', 'O']
C05444066,['O', 'G', 'G', 'O']
C35321263,['O', 'G', 'G', 'G', 'G']
C70308742,['G', 'G', 'O', 'G', 'G', 'G']
C63276403,['G', 'G', 'G', 'O', 'G']
C08962155,['G', 'G', 'G', 'O']
C71661428,['G', 'G', 'G', 'G', 'O']
C60775683,['O', 'G', 'G', 'G']
C28681879,['G', 'O', 'G']
C49020674,['G', 'G', 'G']
C68336511,['O', 'G', 'G', 'G', 'O', 'G', 'O']
C20245430,['G', 'G', 'G', 'G', 'O']
C49591564,['G', 'G', 'O', 'G', 'G', 'G']
C67798477,['G', 'G', 'G', 'G', 'G', 'G']
C19909725,['G', 'O']
C49045454,['O', 'G', 'G', 'G']
C71289392,['G', 'G', 'G', 'G', 'G', 'O']
C19481534,['G', 'G', 'O']
C49175419,['O', 'O', 'O']
C61149940,['G', 'G', 'G', 'G']
C71445252,['G', 'G', 'G', 'O', 'G']
C20214720,['G', 'O', 'O']
C37464682,['G', 'G', 'G', 'G', 'G', 'G']
C55607559,['G', 'G', 'G', 'O']
C68574376,['G', 'O']
C70428165,['G', 'G', 'G']
C49627990,['G', 'G', 'G', 'G', 'O']
C37517988,['G', 'G', 'O', 'O']
C68038727,['O', 'G', 'G', 'G', 'O']
C65489961,['G', 'G', 'G', 'O', 'G', 'G', 'O']
C70522944,['G', 'G', 'G', 'G', 'O']
C08973489,['G', 'G', 'O', 'G']
C62279787,['G', 'O', 'G', 'G', 'G', 'G', 'G']
C41461113,['G', 'G', 'G', 'G']
C62183479,['G', 'O', 'G']
C19594105,['G', 'G', 'G', 'G']
C55660236,['O', 'G', 'G', 'G', 'G']
C41607017,['G', 'O', 'O', 'G', 'G', 'G']
C05237816,['G', 'G', 'G', 'G', 'O']
C37655700,['O', 'G', 'G', 'O']
C62869418,['G', 'G', 'G']
C62742045,['G', 'O', 'O', 'G', 'O', 'G', 'G']
C21573424,['G', 'G', 'G', 'G', 'O']
C36127378,['O', 'O', 'G', 'O']
C69774359,['G', 'G', 'G']
C26473590,['G', 'G', 'O', 'O', 'G', 'G']
C50289443,['G', 'G', 'G', 'G', 'G']
C49581316,['O']
C04218938,['G', 'G']
C62873077,['G', 'G', 'O', 'G', 'G']
C50039879,['G', 'G', 'O', 'G', 'G']
C15961955,['G', 'O', 'O']
C61890187,['G', 'G', 'G', 'G']
C05677612,['G', 'G', 'G', 'G', 'G']
C62914625,['G', 'G', 'O', 'G']
C26473437,['G', 'G', 'O', 'O', 'G', 'G']
C04398438,['O', 'G', 'O', 'G', 'G']
C21729489,['G', 'G', 'O', 'G', 'G', 'G', 'G', 'O']
C42655713,['O', 'G', 'G', 'O', 'G']
C44731074,['G', 'G']
C12139692,['O', 'O']
210,['G', 'G', 'O', 'G', 'G']
C54473742,['G', 'G', 'O']
C41986153,['G', 'G', 'G', 'G']
C38020341,['G', 'G', 'G', 'O', 'G', 'G', 'G']
C71777422,['G']
C62914191,['G', 'G', 'G', 'G']
C70766793,['G', 'G', 'O']
C34445516,['O']
C17992321,['O', 'G', 'G']
C41474998,['G', 'G', 'G', 'G', 'G']
C55608982,['G', 'O', 'O', 'G', 'O']
C51394322,['O', 'G', 'G', 'O']
C20251510,['G', 'O', 'O', 'O']
C69987329,['O', 'O', 'G', 'G', 'O']
C71981079,['G', 'O']
C13302512,['G', 'G', 'G']
C20245636,['G', 'G', 'G']
C54294311,['O', 'G', 'G', 'O']
C62870128,['G', 'G', 'G', 'O', 'G']
C19996759,['G', 'O']
C29864392,['O', 'G', 'G', 'G', 'G']
120,['G', 'O', 'G', 'G', 'G']
C62926553,['G', 'G', 'G', 'G', 'G', 'G']
C57307439,['G', 'G', 'O']
C71023433,['G']
C15980332,['O', 'G', 'G']
C34761946,['G', 'O', 'O', 'G', 'G', 'G', 'O']
C50521182,['O', 'O', 'G', 'G', 'G']
C51062416,['G', 'G', 'G', 'O', 'O']
C04784407,['O']
C71601993,['G', 'O', 'O', 'G']
C71601456,['O', 'G', 'G', 'O']
C41669538,['O', 'G', 'G']
C71474604,['G', 'G', 'G']
C08117302,['O', 'G', 'O']
C39886744,['G', 'G', 'G']
C05375296,['O', 'G', 'G', 'O', 'O']
C38020683,['G', 'G', 'G', 'G', 'G', 'G']
C57332305,['G', 'G', 'O', 'O', 'G', 'G']
C07699123,['O', 'G', 'G', 'G']
C68765313,['G', 'G', 'G', 'G', 'G']
C36275513,['G', 'O']
C15879923,['G', 'G', 'O', 'G', 'G', 'G']
C06762016,['G', 'G', 'O']
C69135537,['G', 'G', 'G']
C29355680,['G', 'O', 'O', 'G', 'O', 'G', 'G']
C07942386,['G', 'G', 'G', 'O', 'G']
206,['G', 'G', 'G', 'G']
C18056948,['O', 'G', 'G', 'G']
C18096939,['G', 'O', 'G']
C56253880,['G', 'G', 'G', 'G', 'G']
C06493998,['G']
C57735716,['G', 'G', 'O', 'G', 'G', 'O']
C02506823,['O', 'O']
C55608493,['O', 'G', 'O']
C36198604,['G', 'G', 'O', 'G', 'G']
C06557481,['-']
C44628918,['G', 'O', 'G', 'O', 'O', 'O']
C71474974,['O', 'G', 'G']
C65046653,['G', 'G', 'G', 'O']
C43704551,['G', 'G', 'O', 'G', 'O']
C70713045,['G', 'G', 'G', 'G']
C62912998,['G', 'G', 'G']
C18061542,['G', 'G', 'O', 'G']
C59588999,['G', 'G', 'G', 'G']
C51813383,['G']
C41682853,['O', 'O', 'O', 'O']
C62873696,['G', 'G', 'O', 'G', 'G']
C32501662,['G', 'O', 'O']
201,['G', 'G', 'O', 'G', 'G']
C49593396,['G', 'G', 'G', 'G', 'G', 'G']
C05869063,['G', 'O', 'O']
C55607112,['G', 'G', 'G', 'G']
C55606872,['G', 'G', 'G', 'G', 'O']
C42870523,['G', 'G', 'G', 'G', 'G', 'G', 'O']
C71483631,['G', 'G', 'G', 'O']
C13126571,['O']
C06804535,['G', 'O', 'G', 'G']
C62847447,['G', 'G', 'O', 'G', 'G', 'G']
C11758879,['G', 'O', 'G']
C71591673,['O', 'O', 'G']
C37454620,['G', 'G', 'O', 'O']
C70833365,['G', 'O', 'G']
C21303651,['O']
C62182623,['O', 'O', 'G']
C70378757,['G', 'G', 'G', 'G']
C13638055,['O', 'G', 'G', 'G']
C71289372,['-']
C19118846,['G', 'G', 'G']
C12343678,['G', 'G', 'G', 'G']
C20263713,['G', 'G', 'G', 'G', 'O', 'G']
C36621475,['G', 'G', 'G', 'G', 'G', 'O']
C41037562,['G', 'G', 'G', 'G', 'G']
C62869708,['G', 'G', 'G', 'O']
C48620721,['G', 'G', 'G', 'G']
C65651145,['O', 'G', 'G', 'G', 'G']
C37737399,['O', 'O']
C20610094,['G', 'G', 'O', 'G', 'G', 'G', 'G']
C09506832,['G', 'G', 'G', 'G']
C71475083,['G']
C70415722,['G', 'G', 'G', 'G', 'G']
C36927218,['G']
C13130670,['G', 'O', 'O', 'G', 'G']
C05651590,['G', 'G']
C71475064,['O', 'O', 'G', 'G', 'G']
C28568148,['O', 'G', 'G', 'G', 'G', 'G']
C62869709,['G', 'G', 'G', 'G']
C39733109,['O', 'G', 'G', 'G', 'O']
C43587065,['G', 'G', 'O', 'G', 'G', 'O']
C44124445,['O', 'O', 'G', 'G', 'G', 'G', 'G']
C09295529,['O', 'G', 'G']
C49594121,['O', 'G', 'G', 'O']
C71470149,['G', 'G', 'G']
C66640015,['G', 'O', 'G', 'G', 'G']
C49016277,['G', 'O', 'G', 'G', 'O']
C71594662,['G', 'G', 'O', 'O', 'O']
C70479885,['G', 'G', 'G', 'O']
C06161182,['O', 'O']
C09187207,['G', 'G', 'G', 'G']
C05112639,['G', 'G']
C33948376,['G', 'G']
C00124493,['G', 'G', 'G']
C11340818,['G', 'G', 'G', 'G', 'G', 'G']
C20395842,['O', 'G', 'G', 'O', 'G']
C71210555,['G', 'G', 'O', 'G']
C41911960,['G', 'G']
C41633532,['G', 'G', 'G', 'O']
C36923106,['O', 'G', 'G', 'G']
C59329790,['O', 'O']
C41633209,['G', 'G', 'G', 'G', 'G']
C05921439,['G', 'G', 'G', 'G']
C70833363,['G', 'O', 'G']
C70442755,['O', 'G', 'O']
C05155093,['O', 'G', 'G', 'G']
C37414545,['O', 'G', 'G', 'G']
C49045292,['O', 'O', 'G']
C62926555,['G', 'G', 'G', 'G', 'G', 'G']
C54634285,['G', 'G', 'G', 'G']
C51631260,['G', 'G', 'O', 'G']
C52542060,['G', 'G', 'G', 'G', 'G']
C25540680,['G', 'G', 'G', 'O', 'O', 'G']
C35682025,['O', 'O', 'G']
C31849686,['G', 'O', 'O', 'G', 'O', 'G']
C59391068,['G']
C01041959,['G']
C40579373,['G', 'G', 'G', 'G', 'G', 'O', 'G', 'O']
C49099221,['G', 'G', 'O']
C20166093,['G', 'G', 'G', 'O']
C41018358,['G', 'G', 'O', 'G', 'G', 'G', 'G', 'G']
320,['O', 'G']
C37657019,['G', 'G', 'G', 'G', 'O']
C69548761,['G', 'G']
C13256011,['G', 'G', 'G', 'O']
C64681821,['O', 'G', 'O', 'G', 'O', 'G', 'O']
C66639645,['G', 'G', 'G', 'G', 'G', 'G']
C62934028,['G', 'G', 'O']
C47361256,['G', 'G', 'G']
C19823969,['O', 'G', 'G', 'G', 'G', 'G']
C71474668,['G', 'G', 'G', 'G', 'G']
C65650980,['O', 'G', 'G', 'G', 'O']
C37174364,['G', 'O', 'G', 'O']
C71181695,['G', 'O', 'O', 'G']
C08198668,['G', 'G', 'O']
C20581416,['G', 'G', 'O']
C62494952,['G', 'G', 'O']
C16995921,['G', 'G', 'G', 'G', 'G']
C70538205,['G', 'G', 'O', 'G', 'O', 'G']
C71474625,['G']
C42165178,['G', 'O', 'G', 'G', 'O']
C42542265,['G', 'G', 'G']
C44628502,['G', 'O', 'G', 'O', 'O']
C45135860,['G', 'G', 'G', 'O']
C40567714,['O', 'G']
C08716762,['G', 'O']
208,['G', 'G', 'G', 'G', 'O', 'G']
C69547925,['G', 'G', 'G', 'O', 'O']
C65658656,['G', 'G', 'G', 'O', 'G', 'G']
C37624532,['G', 'G', 'G']
C03846316,['G', 'O', 'G']
C61881077,['O', 'O']
C35016063,['G']
C25630619,['O', 'G']
C30930829,['G', 'O', 'G']
C37437159,['G', 'O', 'O']
C24631369,['G', 'O', 'G', 'G', 'G', 'G']
C08112225,['G', 'O', 'G']
C67279299,['G', 'G', 'O', 'G', 'O']
C57574899,['G', 'O', 'G', 'G']
301,['O', 'G']
C57744415,['G', 'G', 'G', 'G']
C39936307,['G', 'G', 'G', 'G', 'G', 'G']
C05348639,['G', 'G', 'G']
C71181696,['G', 'O', 'G', 'G']
C45796224,['G']
C43413947,['G', 'G', 'G', 'O']
C55607151,['G', 'G', 'G', 'O']
C08829969,['G', 'G', 'G', 'G', 'O']
C50290939,['G', 'G', 'G', 'G']
C37429663,['G', 'G', 'G', 'O']
C39962420,['G', 'G', 'G', 'G']
C69701096,['G', 'O', 'O', 'G']
C62923022,['G', 'G', 'G', 'G', 'G', 'G']
C61889923,['G', 'G', 'G', 'G']
C36975679,['O', 'O', 'O']
C67774090,['G', 'G', 'O', 'G']
C02570016,['G', 'G']
C71650462,['G', 'G', 'G', 'G', 'O']
C05999572,['G', 'G', 'G', 'O', 'G']
C13861566,['G', 'G', 'G', 'O', 'G', 'G', 'G']
C71323550,['O', 'G', 'G', 'G', 'G', 'G']
C28273857,['G', 'O', 'G', 'G']
C55606615,['G', 'O', 'G', 'G', 'O']
C71470977,['G', 'O', 'G', 'G', 'G', 'O', 'O']
C69481438,['O', 'G', 'G']
C61937237,['O', 'G', 'O', 'G', 'O']
C37552353,['G', 'G', 'G']
C61890108,['G', 'G', 'G', 'G']
C50289586,['G', 'G', 'G', 'G', 'G']
C55660245,['G', 'G', 'G']
C67432055,['G', 'O', 'G', 'G', 'G']
C36904759,['G', 'G', 'G', 'O']
C49034779,['G', 'G', 'G', 'G', 'G', 'O', 'G']
108,['G', 'G', 'G', 'G']
322,['G', 'G', 'G']
C37690919,['G', 'G', 'O', 'O']
C62933227,['G', 'G', 'G', 'G', 'G']
C06762018,['G', 'G', 'G']
C49590201,['O']
C39252566,['G', 'O', 'G', 'G', 'G', 'G']
C20188785,['G', 'G', 'G', 'G']
C69549958,['G', 'G', 'G', 'G', 'G', 'G']
C54400082,['G', 'O', 'G', 'G', 'G']
C71474583,['G']
C19921010,['O', 'G', 'G', 'G']
C33251523,['G', 'G', 'G', 'G', 'G', 'O']
C62923848,['G', 'G', 'G']
C69144942,['G', 'G', 'G']
C61827041,['G', 'G', 'O', 'O', 'G', 'O']
C62913025,['G', 'O', 'G']
C67175946,['G']
C39238120,['G']
C31933808,['G', 'O', 'O', 'G', 'G', 'G']
C41602804,['G', 'G', 'G', 'O', 'O']
C21686214,['G', 'G', 'O', 'G', 'O', 'O']
C48539352,['G', 'G', 'O', 'G', 'G']
C05399469,['G', 'O', 'G']
C37259107,['G', 'G', 'G', 'O', 'O']
C03995507,['G', 'G', 'O']
C59165662,['O', 'O', 'G', 'G']
303,['G', 'G']
C71731987,['G', 'G', 'O', 'G', 'G', 'G', 'O', 'G', 'O']
C19091264,['G', 'O']
C28680991,['O', 'O', 'G']
C61863677,['G', 'G', 'G', 'G']
C44383519,['G', 'G', 'G']
C66407761,['G', 'G', 'O']
C41607068,['O', 'G', 'G', 'O']
C04552279,['G']
C71196540,['G', 'G', 'G']
C50292303,['G', 'G', 'O']
C70184268,['G', 'G', 'G', 'O']
C70841874,['G', 'G', 'G', 'G', 'G']
C48996699,['O', 'O', 'G', 'O', 'O']
C43587279,['G', 'O', 'G', 'G', 'G', 'O']
C49629097,['G', 'G', 'G', 'G', 'O']
C04827240,['O']
C08782285,['O', 'G', 'G']
C53746612,['G', 'G', 'G']
C16046165,['G']
C56214123,['G', 'G', 'O']
C55329915,['G', 'G', 'G', 'O', 'G']
C49627689,['G', 'G', 'G', 'O']
C48568467,['G', 'G', 'G', 'G', 'G', 'G', 'G']
C50921509,['G', 'O', 'G', 'G', 'O']
C54303042,['G', 'G', 'G', 'O', 'G', 'O']
C50291837,['G', 'G', 'G', 'G', 'G', 'G']
C52249137,['G', 'G', 'O', 'G', 'G']
C62875134,['G', 'G', 'G', 'O', 'G']
C50289582,['G', 'G', 'G', 'G', 'G']
C15685009,['G', 'G', 'O', 'G']
C05635455,['G', 'O']
C04969657,['G', 'G', 'G', 'G', 'O', 'G', 'G']
C00039840,['-']
C06382536,['O', 'G', 'G']
C32604565,['O', 'G', 'G', 'G', 'O']
C48527972,['G', 'O', 'G']
C21730122,['G', 'G']
C26505690,['G', 'G', 'O']
C18166850,['O', 'G', 'G', 'G']
C20089055,['G', 'G', 'O', 'O']
C49474284,['-']
C54768649,['G', 'G', 'G', 'G']
C57933783,['G', 'G', 'O']
C13943547,['G', 'G']
C05343048,['G', 'G', 'O', 'G']
C36176209,['G', 'G', 'G', 'O']
C01562353,['G']
C54293974,['G', 'G', 'G', 'O']
C40529672,['O', 'G', 'O', 'G', 'G']
307,['G', 'O', 'G']
C64681572,['G', 'G', 'G', 'G', 'G', 'O', 'G', 'G', 'O']
C61824672,['G', 'G', 'G', 'O']
C37743309,['G', 'G', 'G', 'O']
C29006775,['G', 'G', 'G', 'G', 'O']
C63520984,['G', 'G', 'G', 'G', 'G']
C01682689,['G', 'G', 'G', 'O']
C42144196,['G', 'G', 'G', 'O']
C61219441,['G', 'G', 'G', 'G', 'O', 'G', 'O']
C69906530,['G', 'G', 'G', 'G']
C61094439,['G', 'G', 'G', 'G']
212,['G', 'G', 'G', 'O', 'G', 'G']
C50921335,['G', 'G', 'G', 'G', 'O']
C20156331,['G', 'G', 'O']
C71602075,['G', 'O', 'O', 'G', 'O']
C20375887,['G', 'G', 'G', 'G', 'O', 'O']
C31849600,['G', 'G', 'G', 'O', 'O']
C71211930,['G', 'G', 'G']
C06562374,['G', 'G']
C09593433,['G', 'G', 'G', 'O']
C50222205,['G', 'G']
C38980295,['G', 'O', 'O']
C55280314,['G', 'O', 'O', 'G']
C57531406,['G', 'G', 'G', 'G', 'G']
C08021125,['G', 'G', 'G']
C24101098,['G', 'G', 'G', 'G', 'O']
C62872514,['G', 'G', 'G', 'G', 'O', 'G']
C15924556,['G', 'G', 'G']
C05226028,['-']
C39771564,['G', 'G', 'G']
C19915384,['G', 'G', 'O', 'O']
C02009531,['O', 'G', 'G', 'G', 'G', 'O']
C50919143,['G', 'O', 'O', 'O']
C50420395,['G', 'G']
C70555997,['O', 'G', 'G']
C06101589,['G', 'G', 'G', 'O', 'G']
C01530958,['G', 'G', 'G', 'G']
C18195680,['G', 'G', 'G', 'O']
C71474623,['G']
C36550943,['G', 'G', 'O', 'O', 'O']
C71591764,['O', 'G', 'G', 'O', 'G', 'O']
C62868273,['G', 'G', 'O', 'G']
C52634907,['G']
C41886149,['G', 'G']
107,['G', 'G', 'G', 'G']
C68297271,['O', 'G', 'G', 'G', 'G']
C36975181,['O', 'O', 'G', 'G', 'G']
C19842982,['G']
C67423681,['G', 'O', 'G', 'O', 'O']
C66406275,['G', 'G', 'G', 'O', 'G']
C16899462,['G', 'G', 'G', 'G', 'O', 'G']
C62343654,['G', 'G', 'G', 'G', 'G', 'G']
C54295146,['G', 'G', 'G', 'O']
C50290527,['G', 'G', 'G']
C62872340,['G', 'G', 'G', 'G', 'O', 'G']
C62912611,['G', 'O', 'G']
C71574584,['O', 'G', 'G', 'O', 'G']
C12429170,['G', 'G', 'O', 'O']
C26252164,['G', 'G', 'G', 'O']
C35287930,['G', 'G', 'G']
C37834682,['O', 'O', 'G', 'G', 'G']
C59198144,['G', 'G', 'O']
C71470112,['G', 'G', 'G']
C62875838,['G', 'G', 'G']
C50271397,['O', 'O', 'G']
C39124019,['-']
C36748156,['G', 'G', 'G', 'G', 'G', 'G', 'O']
C19980172,['O', 'G', 'O', 'G', 'O']
C26765007,['G', 'G', 'G']
C13124695,['O', 'O', 'G']
C39113249,['-']
C19955076,['G', 'O', 'O', 'O']
C67348972,['O', 'G', 'G', 'O']
C01651508,['O', 'O']
C01689964,['G']
C71974107,['G', 'G', 'G', 'G', 'G']
C40530395,['G', 'O', 'G', 'O']
C37657769,['G', 'G', 'G']
C37410352,['G', 'G', 'G', 'O']
C63608148,['O']
319,['G']
C61937638,['G', 'O', 'G', 'G', 'O']
C00107886,['G']
C20130191,['G', 'G', 'G']
C68301457,['G', 'G', 'O', 'G']
C64681819,['G', 'O', 'G', 'G', 'G', 'O']
C71474790,['G', 'G', 'G']
C63217337,['G', 'O', 'O', 'O']
C44804355,['G', 'G', 'O', 'O']
C29004429,['G', 'G', 'O', 'G', 'G', 'G', 'O']
C70602579,['G', 'G', 'G']
C62922342,['G', 'G', 'G', 'O', 'O']
C04244831,['G', 'G']
C64025793,['G', 'G', 'G', 'G']
C62912706,['G', 'G', 'G']
C09234786,['G', 'O', 'G']
C63533458,['O', 'G', 'G', 'G', 'G', 'G', 'G']
C62872598,['G', 'G', 'G']
C69997180,['G', 'G', 'G', 'G']
C70079697,['G', 'G', 'G', 'G', 'G', 'O', 'G']
C71474889,['O', 'G', 'O']
C12407461,['O', 'G', 'G', 'G']
C59475166,['G', 'G', 'G']
C40166096,['-']
C01593028,['G', 'O', 'G']
C37438288,['O', 'G', 'G', 'O', 'G']
C49049147,['O', 'G', 'G', 'G']
C16954338,['O', 'O']
C06759289,['G', 'G', 'G', 'G', 'G']
C49474480,['O', 'O', 'O', 'G']
C45920360,['O', 'O', 'G', 'O']
C05765543,['O', 'G', 'G', 'G', 'G', 'O']
C59255212,['G', 'G', 'G', 'G', 'G']
C58282207,['O', 'G', 'O']
C49549851,['G', 'G', 'G']
C15953406,['G']
C06473542,['G', 'O', 'O']
C49474272,['G']
C24830297,['G', 'G', 'G', 'O', 'O', 'G']
C37629953,['G', 'G']
C44450606,['O', 'O']
C62869721,['G', 'G', 'G', 'G']
C44612703,['G', 'O', 'G', 'G', 'G', 'G']
C59426731,['G', 'G', 'O']
C69742907,['G', 'G', 'O']
C17968156,['G', 'G']
C63767041,['G', 'G', 'O', 'G', 'G']
C71624653,['G', 'G', 'G']
C71727713,['O', 'O', 'O', 'G', 'O', 'O']
C71475073,['G']
C71773912,['G']
C04945409,['G', 'G']
C61659519,['G', 'G', 'G', 'G', 'G']
C42435093,['G', 'O', 'O', 'O']
C36646400,['G', 'G', 'G', 'G', 'G']
C62761742,['G', 'G', 'G', 'O']
C20816492,['G', 'O', 'G', 'G']
C70883649,['G', 'G', 'G']
C03181814,['G', 'G', 'O', 'G']
C40531533,['O', 'G', 'G', 'O', 'G']
C29772887,['O', 'G', 'G', 'G', 'G']
C31509647,['O', 'O', 'O', 'G', 'O']
C71675398,['G', 'G', 'G']
C61370269,['G', 'G', 'G', 'O', 'G', 'O']
C19791580,['G', 'G', 'G', 'G', 'G', 'G', 'G']
C08994324,['G', 'G', 'G']
C61121364,['G', 'G', 'G', 'G', 'G', 'O', 'O']
C19265400,['G', 'G']
C37430134,['O', 'G', 'O']
C42144547,['G', 'G', 'G', 'O']
C40910536,['G', 'G', 'G', 'G']
C09010348,['G', 'G', 'O', 'G']
C43509152,['G', 'G', 'G', 'G']
C62868172,['G', 'G', 'O', 'G']
C08618899,['G', 'G', 'G', 'G', 'G', 'O']
C57719684,['G', 'G', 'G', 'O', 'G', 'O']
C43428719,['G', 'O', 'G', 'G', 'O']
C26440976,['G', 'G', 'G']
C71319934,['O', 'G', 'G', 'O', 'G', 'O']
C04247798,['G', 'G', 'G', 'G', 'O', 'O']
C71591680,['O', 'G', 'G', 'O', 'G']
211,['G', 'G', 'O', 'G', 'G']
C57531408,['G', 'G', 'G', 'G', 'G']
C36878413,['G', 'G', 'G', 'O']
C39899630,['G', 'G']
C22892157,['O', 'G', 'G', 'G', 'G']
C68586829,['G', 'G', 'O', 'G', 'O']
C62963140,['O', 'G']
C52140728,['G', 'G', 'O', 'G']
203,['G', 'G', 'O', 'G', 'G']
C39886265,['G', 'G', 'O', 'G']
C48519188,['G', 'G', 'G', 'G', 'G']
C62874389,['G', 'G', 'G', 'O', 'O']
C65764053,['G', 'O', 'O']
C55663712,['G', 'O', 'O', 'G', 'G']
C06413535,['G', 'G']
C37437725,['G', 'G', 'O', 'O']
C01650665,['G', 'G', 'G']
C06266051,['G', 'G', 'G']
C05728478,['G', 'O']
C04218506,['G']
C13805857,['G', 'G', 'G', 'G']
C17173835,['O', 'O', 'G']
C45216063,['O', 'G', 'G', 'G']
C13647098,['G', 'G', 'O', 'G', 'G']
C65763334,['G', 'G', 'O', 'O']
C48996796,['G', 'O', 'G', 'O', 'G', 'O']
C39323466,['G', 'O', 'G', 'G']
C54294314,['O', 'G', 'G', 'O']
C67528616,['G', 'G', 'G', 'G', 'O', 'G']
C02535178,['G', 'G']
C42144379,['G', 'G', 'G', 'O']
C71165198,['G', 'G', 'G', 'G', 'G']
C50931084,['O', 'O', 'G', 'G', 'O']
C71475117,['O']
C03569159,['G', 'G', 'O', 'O']
C58433390,['G', 'G', 'G']
C71474431,['O', 'G', 'G']
C49542451,['O']
C01430505,['G']
C71284933,['O', 'O', 'G', 'G', 'G', 'O']
C57432914,['G', 'G', 'G']
C08619782,['G']
C20853884,['G', 'G']
C69903165,['G', 'G', 'G', 'G', 'G', 'G']
C41240008,['G', 'G', 'O', 'G']
C42445047,['O', 'O', 'O']
C62868244,['G', 'O', 'O', 'G']
C49036842,['G', 'G', 'G', 'G', 'G', 'O', 'G']
C62846166,['G', 'G', 'O', 'G']
C55660226,['G', 'G', 'G']
C20156337,['G', 'G', 'G']
C49033427,['O', 'G', 'O']
C45465453,['G', 'O', 'G', 'G']
C41548888,['O', 'G', 'G', 'G']
C48518215,['O', 'G', 'O', 'G', 'O']
C62936599,['G', 'G', 'G', 'O']
C19921242,['G', 'O', 'O', 'G']
C49474200,['-']
C58899722,['G', 'G', 'O', 'G', 'G', 'O', 'O']
C63147808,['G', 'G', 'G', 'O', 'G', 'O']
C01790350,['G', 'G', 'O', 'G', 'O']
C70522942,['G', 'O', 'G', 'G', 'O']
C12428717,['G', 'G', 'O']
C18122022,['G', 'G', 'O', 'G', 'G', 'G']
C57838558,['O', 'O', 'G', 'O']
C57843387,['G', 'O', 'G', 'O', 'G']
C62869605,['G', 'G', 'O', 'G', 'G']
C19798169,['G']
C00381248,['G']
C20436913,['G', 'G']
C39886267,['G', 'O', 'G']
C41991709,['G', 'G', 'G']
213,['G', 'G', 'O', 'G', 'G']
C35015891,['G']
C36904760,['G', 'G', 'G', 'O']
C70617727,['G', 'G', 'G', 'G']
C42144840,['G', 'G', 'G', 'G', 'O', 'O']
C02506549,['G', 'O']
C70534200,['G', 'G', 'O', 'G', 'G', 'O']
C20676296,['O', 'G']
C37454746,['O', 'O', 'O']
C42466780,['O', 'O', 'G', 'O', 'O']
C49235742,['O', 'G', 'G', 'O']
C19644164,['G', 'G']
C09560722,['O', 'G', 'G', 'G', 'G']
C55607333,['G', 'G', 'G', 'G', 'G']
C40542912,['G', 'G', 'O']
C36533646,['-']
C41357770,['O', 'G']
C20615720,['G', 'O', 'O', 'G']
317,['G', 'G']
C06073484,['G']
C22746480,['G', 'O', 'G', 'G']
C59479257,['G']
C64804058,['G', 'G', 'O', 'G', 'G']
C19445507,['G', 'G', 'G', 'G', 'G', 'G']
C43692406,['G', 'O', 'G', 'G']
C05732762,['G', 'O', 'O']
C71774087,['G', 'G', 'O']
C62921493,['G', 'G', 'G', 'O', 'G', 'G']
C21953365,['G']
C21954270,['G']
C02170203,['G', 'O', 'G']
121,['G', 'G', 'G', 'G', 'O']
C71475129,['-']
C36125912,['G', 'G', 'G']
C11890672,['O', 'G', 'G']
C66736539,['G', 'G', 'G', 'G']
C31162492,['G']
C19359254,['G', 'O', 'G', 'G', 'G', 'G']
314,['G']
C57478258,['G', 'G', 'G', 'G', 'G']
C26438794,['G', 'G']
C32787114,['G', 'G', 'O', 'G', 'G']
C44926190,['G', 'G', 'G', 'G']
C52005052,['G', 'G', 'G', 'G']
C69488975,['G', 'O', 'G']
C13121825,['G', 'G', 'O']
C43511239,['O', 'O', 'G', 'G']
C71795530,['O', 'O', 'G', 'G', 'G', 'O']
C59302957,['G', 'G', 'G', 'G', 'O', 'G']
C49110088,['G', 'O', 'G', 'G', 'G', 'G', 'O']
C61833019,['G', 'G', 'O', 'G', 'G', 'G', 'O']
C41034819,['G', 'G', 'G']
C54557025,['G', 'G', 'G', 'G']
C50928566,['G', 'O', 'O', 'G', 'G', 'O']
C57849360,['G', 'O', 'O', 'G', 'G']
C66507689,['O', 'G', 'G', 'G', 'G', 'G']
C01239139,['-']
C02504004,['G', 'G', 'O', 'G']
C43702824,['G', 'G', 'O', 'O']
C39280606,['-']
C28295098,['G', 'G', 'G', 'O', 'G']
C28965010,['G', 'O', 'O']
C19268850,['G', 'O', 'O']
C49717143,['G', 'G', 'G', 'O', 'G', 'O']
C65754568,['G', 'G', 'G', 'G']
C40547185,['G', 'G', 'O', 'G', 'G', 'G', 'G']
C05638545,['G', 'G', 'G', 'O']
C69550299,['G', 'O', 'G', 'G', 'G', 'G']
C68702469,['G', 'G', 'O', 'G', 'G']
C62842782,['G', 'O', 'O']
C39749820,['G', 'G', 'O']
C57637390,['G', 'G', 'G']
C62766436,['G', 'G', 'G', 'G']
313,['G', 'G']
C06763485,['G', 'G']
C08914142,['G']
C05596032,['G', 'G']
C62963087,['G', 'O']
C20156371,['G', 'G', 'O']
C06764614,['O', 'G', 'G', 'G', 'G', 'O']
C45138855,['G', 'G', 'G', 'G', 'G']
C61150967,['O', 'G', 'O', 'G', 'O']
C06589343,['G', 'G', 'G', 'O']
C71947451,['G', 'G', 'O', 'G', 'G', 'O']
C58037544,['G', 'G', 'O', 'G', 'G']
C69682980,['G', 'G', 'O', 'O']
C19412157,['G', 'G', 'G', 'G', 'O']
C08626636,['-']
C67006034,['G', 'G', 'G', 'O', 'G', 'G']
C01752254,['G', 'G', 'G', 'G', 'G']
C58432857,['G', 'G', 'G', 'G', 'O', 'G']
C04649831,['G', 'G', 'G', 'G']
C39029597,['G', 'O', 'O']
C62343652,['G', 'G', 'G', 'G', 'G', 'G']
C36154058,['G', 'G', 'G', 'G', 'O']
C11981692,['O', 'G']
C62716726,['O', 'G']
C62220505,['G', 'G', 'G', 'G', 'G']
C62933431,['G', 'G', 'G', 'G', 'G']
C20245432,['G', 'G', 'G']
C71470108,['G', 'O', 'G']
C49827970,['G', 'G', 'G', 'G']
C16857803,['O']
C18145522,['O', 'G', 'G', 'G', 'G']
C59135790,['G', 'G']
C61459953,['G', 'G', 'G', 'G', 'G', 'G']
C40561762,['G', 'O', 'G', 'G', 'G', 'O']
C05156435,['G', 'G', 'O', 'O', 'O', 'O']
C62754113,['G', 'G', 'G']
C71237147,['G', 'G']
C40176322,['O', 'G']
C59249858,['G', 'G', 'G', 'G', 'G']
C61878107,['G', 'G', 'G', 'G', 'G', 'G', 'G']
C66255047,['G', 'G', 'G']
C26831660,['G', 'G', 'O', 'O']
C39591598,['G', 'O', 'G', 'G']
C61840796,['G', 'G', 'G', 'G']
C45929952,['G', 'G']
C71474977,['O']
C57534217,['G', 'G', 'G', 'G', 'G']
C37251804,['G', 'G', 'G', 'O']
C23041822,['G', 'G', 'G', 'G', 'O', 'G']
C71234659,['G', 'G', 'G', 'G', 'G', 'G', 'G']
C71722172,['G', 'O', 'G', 'G', 'G', 'G', 'G', 'O']
C17878675,['G', 'G', 'G', 'G', 'G', 'O', 'G']
C15013810,['G', 'G', 'G']
C21287922,['G', 'O', 'G']
C24926908,['G']
C64786761,['G', 'G', 'G']
C66637053,['G', 'O', 'O', 'G', 'G']
C68702499,['G', 'G', 'G', 'G']
C71081887,['G', 'G', 'G', 'G', 'G']
C66778867,['G', 'G', 'G', 'G', 'G', 'G']
C18127213,['-']
C40579450,['G', 'O', 'O', 'O']
C13124087,['G', 'G']
C19946661,['G', 'G']
C12250588,['-']
C71723437,['G', 'G', 'G', 'G', 'G', 'O', 'G', 'G']
C33116426,['G', 'G', 'G', 'O', 'O']
C62915591,['G', 'G', 'G', 'G', 'G']
C71474389,['O', 'O', 'G', 'G', 'G', 'G']
C70767044,['G', 'G', 'G']
C69980138,['O', 'O', 'G']
C49754942,['O', 'G', 'G', 'G', 'O', 'G', 'O']
C09046189,['G', 'G']
C65880106,['O', 'O', 'G', 'G']
C35733485,['O', 'G', 'G', 'O', 'G', 'G']
C52248988,['G', 'O']
C01532301,['G', 'G']
C20374570,['G', 'O', 'O', 'O', 'O']
C41632971,['G', 'G', 'G', 'G', 'G', 'G']
C69899329,['G', 'O', 'G']
C40035155,['G']
C42137510,['G', 'G', 'O', 'G', 'G', 'G']
C35426209,['O', 'G', 'G']
C62842886,['G', 'O', 'G', 'G']
C42448799,['G', 'O', 'G', 'O', 'G']
C71766673,['O']
C71741698,['G', 'O', 'G', 'G', 'G', 'G', 'O']
C45836899,['G', 'G', 'G', 'G', 'O']
C61983883,['G', 'G', 'G', 'O']
C42276466,['O', 'O', 'G', 'G', 'G']
C05080516,['G']
C18219999,['O', 'G', 'G', 'G']
C32604563,['O', 'G', 'G', 'G', 'O']
C12506010,['G', 'G', 'G']
C41125469,['G', 'G', 'G', 'G']
C67433312,['G', 'O', 'O', 'G', 'G', 'G', 'G']
C71601996,['G', 'O', 'O', 'G', 'G']
C50364645,['G', 'O', 'G', 'O']
C17326685,['-']
C43013335,['G', 'G', 'O', 'O', 'O', 'G']
C55608932,['G', 'G', 'G', 'G']
C48733940,['G', 'G', 'G', 'O']
C37552662,['G', 'G', 'G', 'G']
C69980199,['O', 'O', 'G']
C70422690,['G', 'G', 'G', 'G']
C33155138,['G']
C05753705,['G', 'G', 'O', 'O']
C13147143,['G', 'G', 'G', 'O']
C61221348,['G', 'G', 'G', 'G', 'O', 'O', 'O']
C09808867,['G', 'G', 'O', 'G', 'G']
C57347460,['G', 'G', 'G']
C17112200,['G', 'G', 'G', 'G']
C35409733,['G', 'O', 'G', 'G', 'G']
C57478221,['G', 'G', 'G']
C20218304,['G', 'G', 'G', 'G', 'G', 'G']
C69401891,['G', 'G', 'O']
C04878981,['O', 'O', 'G']
C05488223,['G', 'G', 'G', 'G', 'O', 'G']
C71577553,['O', 'G', 'O']
C62936602,['G', 'G', 'O', 'O']
C05959428,['O', 'O', 'G', 'G', 'G', 'O', 'G']
C20344738,['G', 'G', 'G', 'G']
C04337607,['G', 'G', 'G', 'G']
C43298369,['G', 'G']
C62983678,['G', 'G', 'O', 'O']
C41034278,['G', 'G', 'G', 'G']
C13693216,['G', 'O', 'G']
C50959044,['O', 'O', 'O']
C58186023,['G', 'G', 'G', 'O']
312,['G', 'G']
C44726362,['G', 'G', 'O']
C04785749,['-']
C13597953,['-']
C72042008,['G', 'O', 'G', 'G', 'G']
C70269418,['G', 'G', 'O', 'G', 'O']
C44264492,['O', 'O']
C61413588,['G', 'G', 'G', 'O', 'G']
C16994650,['G', 'G']
C06040009,['G', 'G', 'O']
C62843343,['G', 'G', 'O', 'G', 'O', 'G']
C37657226,['G', 'O', 'G']
C04292270,['O', 'G', 'G', 'G', 'O']
C01700068,['G', 'O']
C62842911,['G', 'G']
C66254636,['G', 'G', 'G', 'G', 'O']
114,['G', 'G', 'G', 'O', 'O']
C66520034,['G', 'G', 'G', 'O']
C39886262,['G', 'O', 'G']
C68723684,['G', 'O', 'G', 'G', 'G']
C48695609,['G', 'G', 'G', 'G']
C56081777,['G', 'G', 'G', 'O', 'O']
C36969293,['G', 'G', 'G', 'G']
C33464603,['G', 'G']
C45814453,['-']
C48486869,['G', 'G', 'G']
C04127821,['G', 'O']
C28963343,['G', 'O', 'O']
C35355097,['G', 'G']
C44496871,['G']
C61589234,['O']
C11919853,['G']
C63851958,['G', 'G', 'G', 'G', 'O', 'G']
C39369094,['O', 'G', 'G', 'O', 'G']
C09017955,['O', 'G', 'G', 'O', 'G', 'G']
C68610301,['G', 'G', 'G', 'G', 'G']
C55129272,['G', 'G']
C49988002,['G', 'O', 'G', 'O']
C32772009,['G', 'G', 'G', 'O', 'G', 'G', 'O']
C66638449,['G', 'G', 'G', 'G', 'G']
C65056889,['G', 'G', 'G']
C12255046,['G', 'O', 'G', 'G', 'G', 'O']
C12567555,['G', 'G', 'O', 'G', 'G']
C64681640,['G', 'G', 'G', 'G', 'G', 'G']
C17878987,['G', 'G', 'G']
C06177565,['G', 'G', 'G', 'G', 'G']
C13523790,['-']
C71475009,['G', 'G', 'O', 'G', 'G']
C15777321,['O', 'G', 'G', 'G', 'G', 'G', 'G']
C69500708,['G']
C35053062,['G', 'O', 'G', 'G']
C20548167,['O']
C66002695,['G', 'G', 'G', 'O']
C05211034,['G', 'O', 'G', 'G', 'G', 'G']
C28864608,['O', 'G', 'G', 'G']
C35409708,['G', 'O', 'G', 'G', 'G']
C63767072,['G', 'G', 'G', 'G', 'G']
C02251343,['G', 'G', 'G', 'G', 'O']
C04730747,['-']
C25445279,['G', 'G', 'O', 'G', 'G', 'G', 'O', 'G']
C62917167,['G', 'G', 'O', 'O']
C62845140,['G', 'G', 'G', 'G', 'G']
C08251247,['-']
C31849768,['G', 'O', 'G']
C67051175,['G', 'G', 'G', 'G', 'O']
C26331092,['G', 'O', 'G', 'G', 'O', 'G']
C03869855,['G', 'G']
C28164987,['G', 'G', 'G', 'O']
C06974354,['G', 'G', 'G', 'G', 'G', 'G']
C03849667,['G', 'G', 'O', 'O']
C05677224,['G', 'G', 'G', 'O', 'G', 'O', 'G']
C54931842,['O', 'G']
C59135701,['G', 'G']
C00073054,['G']
C61515458,['G', 'G']
C16400294,['G', 'G', 'G']
C16852865,['G', 'O', 'G']
C12955965,['O', 'O', 'O', 'G', 'G', 'O']
C40483277,['G', 'O', 'G', 'G']
C67517949,['G', 'G', 'G', 'G', 'O']
C62616438,['O', 'G', 'G', 'G']
C48996328,['G', 'O', 'O', 'O']
C71474439,['G', 'G']
C43696047,['G', 'G', 'O', 'G']
C48872467,['G', 'O', 'G', 'G']
C70835970,['-']
C70430454,['G', 'G', 'G']
C16928381,['G', 'G', 'G', 'O', 'G', 'G']
C13517490,['G', 'G', 'O', 'G', 'G', 'G']
C16976576,['G', 'G', 'G', 'G']
C69554597,['G', 'G', 'O', 'G', 'G']
C40524149,['O', 'O', 'O']
C66626180,['O', 'O', 'G', 'G']
C28682870,['G', 'O', 'G']
C04697065,['G', 'O', 'G', 'G', 'G', 'G', 'G', 'G']
C25044391,['O', 'G', 'O', 'G']
C08626847,['G', 'O']
C32787072,['G', 'O', 'O', 'O']
C28965441,['G', 'O', 'G', 'G']
C20156357,['G', 'G', 'G', 'G', 'O']
C71101672,['G', 'G']
C66339779,['-']
C04436256,['G', 'G', 'G', 'G']
C49569665,['G']
C64070615,['O', 'G', 'G']
C16669626,['O']
C22016501,['G', 'G', 'O']
C49042290,['G', 'G', 'G', 'G', 'G']
C72032338,['G', 'G', 'G', 'G', 'G']
C58386988,['G', 'G', 'O']
C39949016,['G', 'G', 'G', 'G', 'G', 'O', 'O']
C69974861,['G', 'G', 'G', 'G', 'O']
C58035967,['G', 'G']
C62265664,['G', 'G', 'G', 'G', 'G', 'O']
C69633587,['G', 'G', 'G', 'G', 'G', 'G']
C03122416,['G', 'G', 'G', 'G', 'G', 'G', 'G']
C05282749,['G']
C28681289,['G', 'G', 'O', 'G']
C42715293,['G', 'G', 'G', 'G', 'O']
C01599195,['-']
C38187263,['G', 'O', 'G', 'G', 'G']
C09088490,['G', 'G', 'G', 'O', 'G']
C70416995,['G', 'G', 'G']
C71606243,['-']
C67119097,['G', 'G', 'G', 'O', 'G', 'G', 'G']
C63647905,['O', 'O', 'G', 'O']
C26423248,['-']
C71975674,['G', 'G', 'G']
C58425195,['G', 'G', 'G', 'G']
C08742368,['G', 'G']
C13598464,['G', 'G', 'O']
C18283361,['G', 'G', 'G', 'G']
304,['G', 'O', 'O']
C62845336,['G', 'G', 'O', 'G']
C21531497,['O', 'G', 'G', 'G', 'G']
C64218986,['G']
C53855587,['G', 'G', 'G', 'G', 'G']
C40733712,['G', 'G']
C62876490,['G', 'G', 'G', 'G']
C67341866,['G', 'G', 'G', 'G']
C71222188,['G', 'O', 'G', 'G', 'G']
C37631013,['O']
C37657300,['G', 'G', 'O', 'G']
C70127829,['G', 'O', 'G', 'G']
C62912557,['G', 'O', 'G']
C37510680,['G', 'G', 'G', 'G', 'G']
C44924326,['G', 'G', 'G', 'G']
C16853093,['G', 'G', 'G', 'O', 'G']
C05238341,['O', 'G', 'G', 'G', 'G']
C70419275,['G', 'G', 'G', 'G']
C06847545,['G', 'G', 'G', 'G']
C05512168,['G', 'G', 'G', 'G']
C20394359,['O']
C71759635,['O', 'G', 'O', 'G']
C70953363,['G', 'G', 'G', 'G', 'O']
C67890593,['O', 'G', 'G', 'G', 'G']
C66887340,['G', 'G', 'G', 'O', 'G']
C44713547,['-']
C70118183,['G', 'G', 'O', 'G', 'G']
C00091681,['G', 'G', 'G']
C61721807,['G', 'G', 'O', 'O']
C67594451,['G', 'G', 'G', 'G', 'G']
C41034053,['G', 'G', 'G', 'G', 'G']
C45655737,['G', 'G', 'G', 'G']
C70127712,['G', 'G', 'G', 'G', 'G']
C58285425,['G', 'G', 'G', 'O']
C06045573,['G', 'G', 'G']
C01530702,['O', 'G', 'G', 'G', 'G', 'O']
C39334766,['O']
C36736238,['G', 'G', 'G']
C19886021,['G', 'G', 'G']
C13567271,['G', 'G', 'G', 'O', 'G', 'G']
C71475015,['G', 'G', 'G', 'O', 'O', 'G']
C57980363,['G', 'G', 'G', 'G', 'G', 'O', 'G', 'O']
C22002367,['-']
C43569657,['G', 'G']
C49181670,['G']
C32818921,['G', 'G', 'G', 'G']
C22591123,['G']
C35279647,['G']
C67488856,['G', 'G', 'G', 'O', 'O', 'G']
C63216506,['G', 'G', 'G', 'G', 'G', 'G', 'G', 'G']
C69548061,['G', 'G', 'G', 'G', 'O']
C22358546,['G', 'G', 'G', 'G', 'G']
C66736420,['O', 'G', 'G']
C36639390,['G', 'G', 'G', 'O']
C36974332,['O', 'G', 'G', 'G', 'G']
C46756806,['O', 'O', 'O']
C54768481,['G', 'O', 'G', 'G']
C18141618,['G', 'G', 'G']
C49593466,['G', 'G', 'G', 'O', 'G']
C20295302,['O', 'G', 'G']
C58551860,['G', 'G', 'G', 'O', 'G']
C00249507,['G', 'G', 'G']
C16275651,['G', 'G', 'G']
C08687018,['G', 'O', 'O', 'O']
C65691514,['O', 'G', 'O', 'G']
C69271964,['G', 'G', 'G', 'G']
C37128358,['G', 'G', 'O', 'G']
C71979813,['G', 'G', 'O', 'O']
C20064359,['G', 'O', 'G']
C19771144,['G', 'G', 'G', 'G']
C57267344,['G', 'G', 'G', 'G', 'G']
C66737894,['O', 'G', 'G', 'G', 'G', 'G']
C13548668,['G', 'G']
C69971460,['G', 'G', 'O', 'G', 'G']
C62323613,['G', 'G', 'G']
C65336480,['-']
C63476482,['G', 'G', 'G', 'G', 'G']
C36089901,['G', 'G', 'G']
C71618814,['G', 'G', 'G', 'G', 'G', 'G', 'G', 'G', 'G']
C04641258,['G', 'G', 'G', 'G', 'O', 'O']
C34988707,['G', 'G', 'O', 'O']
C70430209,['G', 'G', 'G', 'O', 'G']
C37328638,['O', 'O', 'G', 'G', 'O']
C59165885,['G', 'G', 'O', 'G']
C15942099,['G', 'G', 'G', 'G']
C67937491,['G', 'G', 'G', 'O']
C41602802,['G', 'G', 'G', 'G']
C63959615,['O', 'G', 'G', 'O']
C22067305,['-']
C35626086,['G', 'G', 'G', 'O']
C36736357,['G', 'G', 'G']
C19209585,['G', 'G', 'G', 'G']
C44929037,['G', 'G', 'O']
C12841401,['G', 'G', 'G', 'G']
C28683336,['G', 'O', 'G', 'G']
C38098664,['G', 'G', 'G', 'G', 'G', 'G']
C43683180,['O', 'G', 'G']
C17920592,['O', 'O']
C71572664,['G', 'G', 'G', 'O']
C41601460,['G', 'G', 'G', 'G']
C50199382,['G', 'G', 'G', 'O']
C00406524,['O']
C45192436,['G', 'G', 'G', 'G']
C51070982,['G', 'G', 'O', 'O']
C52126710,['O']
C69271386,['G', 'G', 'G']
C14375747,['G', 'O', 'G', 'G', 'G', 'G']
C49741493,['G', 'G', 'G']
C53372027,['G', 'O', 'G', 'G', 'G', 'G']
C20523641,['G', 'G', 'G', 'G', 'G', 'G', 'G']
C66002707,['G', 'G', 'G', 'G']
C62493672,['G', 'G', 'G', 'O', 'G']
C08116584,['O', 'G', 'G']
C71475807,['O']
C50103126,['G', 'O', 'O']
C68949934,['O', 'O', 'G', 'G']
C63213787,['G', 'G', 'G', 'G', 'O']
C07601230,['G', 'G', 'G']
C43479560,['O', 'G', 'G', 'O']
C57362714,['G', 'O', 'G', 'G']
C58218958,['G', 'G', 'G', 'G', 'O']
C71722040,['G', 'G', 'G', 'G', 'G', 'O', 'G', 'O']
C47963451,['O', 'G', 'G', 'G', 'G']
C31215031,['G', 'G', 'G', 'G']
C19205478,['G', 'G', 'G', 'G', 'O']
C71261269,['G', 'O', 'O']
C37330906,['O', 'G', 'G', 'O']
C37571705,['G', 'O']
C00295961,['G', 'G']
C58332804,['O', 'O', 'G']
C39591478,['G', 'O', 'G']
C65108024,['O', 'O', 'G']
C29546673,['G', 'G']
C70881175,['G', 'G', 'G', 'G', 'G']
C53039963,['O', 'G', 'G']
C03357035,['G', 'G', 'O', 'G', 'G']
C33587257,['G', 'G', 'G', 'G', 'O', 'G']
C37859188,['G', 'G', 'G']
C66255711,['O', 'G', 'G', 'G']
302,['G', 'G', 'G', 'G', 'O']
C52845824,['G', 'G', 'O', 'O']
C62936255,['G', 'G', 'G']
C37154404,['G', 'G']
C64693634,['G', 'G', 'G']
C34926350,['O', 'O', 'G', 'O']
C42583530,['G', 'O', 'G', 'G']
C49913910,['G', 'G', 'G', 'G']
C44926888,['G', 'G', 'G']
C64858385,['G']
C68416151,['G', 'G', 'G', 'O']
C49236165,['G', 'G', 'O']
C64031925,['G', 'G', 'O', 'O']
C37862215,['G', 'O', 'G', 'G', 'G']
C59335969,['O', 'G', 'G']
C16980693,['G', 'O']
C35610669,['G', 'G', 'G', 'G', 'O']
C59109319,['G', 'G', 'G', 'G']
C04649735,['G', 'G', 'G', 'G', 'G', 'O']
C21215012,['G', 'O']
C41730959,['G', 'G', 'O']
C16162835,['G', 'O', 'G']
C69052793,['G', 'G', 'G']
C70127720,['G', 'G', 'G', 'G', 'O']
C48794375,['O', 'G', 'G', 'G', 'O']
C19933063,['G', 'G', 'G']
C40290664,['G', 'G', 'G']
C69948985,['G', 'G', 'G']
C22147591,['G', 'G', 'G', 'G']
C26482180,['O', 'G', 'G']
C51002199,['O', 'G']
C52266783,['G', 'G']
C44490973,['G', 'G', 'G', 'G', 'G', 'G']
C18178002,['G', 'G', 'O', 'O', 'G', 'G']
C70703883,['G', 'G', 'G', 'G']
C49569663,['G']
C70801340,['G', 'G']
C04816181,['G']
C37577510,['O', 'G', 'G']
C42514979,['G', 'G', 'G', 'G', 'G']
C06282400,['G', 'G']
C12921808,['G', 'O', 'G']
C05931279,['G', 'O', 'G']
C43705044,['G', 'O']
C08112206,['G', 'G', 'G', 'G']
C44813136,['G', 'O']
C12653123,['O', 'O', 'O']
C44264609,['O']
C06863423,['G', 'O']
C21300171,['G']
C37839400,['O', 'G', 'G', 'G', 'O']
C70332899,['O', 'G', 'G', 'G']
C65453809,['G', 'G', 'G']
C04784653,['G', 'G', 'G', 'G', 'G', 'G', 'G']
C37866091,['G', 'G', 'G', 'G', 'G', 'G', 'G']
C29855410,['O', 'G', 'G']
C62756832,['G', 'G', 'O']
C19685055,['-']
C37342112,['G', 'G', 'O']
C70617755,['G', 'O', 'G', 'G']
C67050018,['G', 'G', 'G', 'O', 'O']
C36633799,['G', 'O', 'O']
C71221720,['G', 'G']
C69899369,['G', 'G', 'O']
C69987121,['G', 'G', 'G', 'O', 'G']
C50370490,['G', 'G', 'G', 'O', 'G', 'G']
C19772486,['G']
C67050634,['G', 'G', 'G', 'G', 'O', 'O', 'G']
C43130488,['G', 'G']
C61569560,['G', 'G']
C44931991,['G', 'G']
C00053472,['G', 'O']
C38052640,['G', 'G', 'G', 'G']
C36240751,['G', 'O', 'G']
C61275974,['G', 'O', 'G']
C71474677,['G', 'G', 'G', 'O']
C05480409,['O', 'O', 'O', 'O']
C67937428,['O', 'G', 'G', 'G']
C32386397,['G', 'G', 'G', 'O']
C62748414,['G', 'G', 'G']
C41731222,['G', 'G', 'G', 'G']
C71524552,['G', 'G', 'O']
C05625994,['G', 'G', 'O', 'O', 'G']
C52254375,['O', 'G', 'G', 'G', 'G']
C37243318,['G', 'G', 'G', 'G']
C66730346,['G', 'G', 'G', 'G', 'G', 'G']
C62124032,['O', 'G', 'G', 'G']
C36288312,['G', 'G', 'O']
C71757471,['G', 'O']
C68918089,['G', 'G', 'G', 'G']
C70372502,['G', 'O', 'G', 'G']
C48775413,['G', 'G', 'G', 'G']
C71475814,['G', 'O']
C49575329,['G', 'G', 'G', 'G']
C70704062,['G', 'G', 'G', 'G']
C21013559,['G', 'G']
C45220738,['O', 'G', 'G', 'O']
C19702731,['G']
C04831683,['G']
C26560642,['G', 'G', 'G', 'O', 'O']
C37515543,['G', 'G', 'G']
C45168180,['G', 'G', 'O', 'G', 'G']
C48809868,['G', 'O', 'O']
C42396541,['G', 'G', 'G']
C40176456,['-']
C16991417,['G']
C37760757,['O', 'O']
C23828993,['O', 'G', 'G', 'G', 'G']
C41721189,['G', 'O', 'O', 'G']
C42356623,['O', 'G', 'G']
C41628417,['G', 'O', 'G', 'O', 'G', 'O']
C40375919,['O', 'O', 'O']
C62056131,['G', 'G', 'G']
C12973661,['G', 'G', 'G', 'G', 'G', 'O']
C49450185,['G', 'G', 'G', 'G', 'O', 'G', 'O']
C18140608,['G', 'G', 'G']
C40217101,['G', 'G', 'G']
C16957149,['G', 'G', 'G', 'G']
C40166094,['G', 'G', 'G']
C08927444,['O', 'G']
C67028690,['G', 'G', 'G', 'G', 'G']
C13597626,['G', 'G', 'G']
C27028316,['G', 'G', 'G']
C70618199,['G', 'G', 'O']
C57348184,['G', 'G']
C67767693,['G', 'G', 'G', 'G', 'O']
C37190308,['G', 'G', 'O']
C62844062,['G', 'G', 'G', 'G']
C62720549,['G', 'G']
C20342447,['G', 'O', 'G', 'G', 'G']
C40258948,['G', 'G']
C68452665,['G', 'G', 'O', 'O', 'G', 'G']
C69505048,['G', 'G']
C02752852,['G', 'G', 'G', 'G', 'G', 'G', 'G']
C54157707,['G', 'G', 'G', 'G']
C11889511,['G', 'O', 'G', 'G']
C16768626,['G', 'G']
C37921092,['O', 'G', 'G', 'G']
C16769712,['G', 'G']
C69505042,['G', 'G']
C29835006,['G', 'G', 'O']
C70618112,['G', 'G', 'G', 'O']
C49831728,['G', 'G', 'G']
C62875752,['G', 'G', 'G', 'G']
C63155822,['G', 'G', 'G', 'G']
C03106116,['G', 'G', 'G', 'G']
C70681329,['G', 'G']
C38933492,['G', 'O', 'G']
C42491519,['G', 'G', 'O', 'G']
C54930868,['-']
C55476340,['G', 'O', 'G', 'G', 'G']
C20589943,['G', 'G', 'G', 'G']
C71975690,['G', 'G', 'G']
C19937370,['G', 'G', 'G', 'G']
C42853045,['G', 'G', 'O', 'G']
C52813773,['G', 'O']
C42279128,['O', 'G', 'G']
C66737210,['G', 'G', 'O']
C54303598,['G', 'G', 'O', 'G', 'O']
C44926420,['G', 'G', 'G', 'G']
C49423677,['G', 'G', 'G', 'O']
C30725265,['G', 'G', 'G', 'G']
C06796039,['G']
C71791652,['O', 'O', 'G', 'G', 'O']
C05730880,['G', 'G', 'G', 'G']
C66206491,['G', 'G', 'O', 'O', 'O']
C41040738,['G']
C41583535,['G', 'G']
C49836344,['G', 'G', 'O']
C70508204,['G', 'G', 'G']
C37395041,['O', 'G', 'G', 'G']
C08112212,['O', 'O', 'G', 'G']
C39094417,['G', 'G', 'O']
C16382917,['G', 'G']
C50391462,['G', 'G', 'G', 'O']
C65046359,['O', 'G', 'G', 'G', 'O', 'G']
C22113149,['G']
C05732688,['G', 'G', 'G', 'G']
C31255721,['G', 'G', 'G']
C24964626,['G', 'G', 'O', 'G', 'G', 'G']
C43214965,['O', 'O']
C62666114,['G', 'G']
C66442839,['G', 'G', 'G', 'G', 'O']
C66402572,['G', 'G', 'G', 'G']
C63513820,['G', 'G', 'G']
C08020694,['G', 'G']
C42164619,['O', 'O', 'G', 'O']
C71869385,['G', 'G']
C70704053,['G', 'O', 'G', 'G']
C05267219,['G', 'G', 'G', 'G']
C41283967,['G', 'O', 'O', 'G', 'G']
C37191919,['G', 'G', 'O']
C33352977,['O', 'O']
C20254716,['O', 'G', 'O']
C62124233,['G', 'G', 'G', 'O']
C63749024,['G', 'G', 'G', 'G', 'G']
C45918964,['G', 'G', 'G']
C49446457,['G', 'G', 'G', 'O', 'G', 'O']
C40581564,['O', 'O', 'O']
C03871852,['G', 'G']
C53856419,['O', 'O', 'G', 'G']
C65116335,['G', 'O', 'G', 'G', 'G', 'G', 'G']
C64681631,['G', 'G', 'G', 'G', 'G', 'G', 'G', 'G', 'G']
C49474190,['G']
C32795995,['G', 'O', 'G']
C53993787,['G']
C68588087,['G', 'G', 'G', 'O', 'G', 'G', 'O']
C20233592,['G', 'G']
C71757457,['G', 'O']
C57010110,['G', 'G', 'G', 'G', 'O']
C18029761,['O', 'O', 'G']
C16928391,['G', 'G', 'G', 'O', 'G', 'G']
C09483035,['G', 'G', 'G', 'G']
C49184570,['G', 'G', 'G']
C16778834,['O', 'G']
C49831732,['G', 'G', 'O']
C41038179,['G', 'G', 'G']
C66504060,['O', 'G', 'G', 'G', 'G']
C65764054,['G', 'G', 'G']
C49836788,['G', 'G', 'G', 'O']
C19800208,['G', 'G', 'G', 'G', 'O']
C54931059,['G']
C17988985,['G', 'G']
C08112057,['G', 'G', 'G', 'G']
C04874867,['G', 'G', 'G', 'G', 'G', 'O']
C49448483,['O', 'G', 'G', 'O', 'G', 'O']
C39579331,['G', 'G', 'O', 'G']
C40259039,['G', 'G']
C36164606,['O', 'O']
C16609775,['-']
C34156899,['G', 'G', 'G', 'G', 'G']
C65314490,['O']
C37474211,['G', 'G', 'G', 'G', 'G']
C63766871,['G', 'G']
C42444770,['O', 'G', 'G']
C53108014,['G', 'G', 'G', 'G']
C68427313,['G', 'G', 'O', 'O', 'G']
C69548537,['G', 'G']
C70618381,['G', 'G', 'O', 'O', 'O']
C35201112,['O', 'G', 'O', 'G', 'G']
C58303475,['G', 'G', 'G', 'G', 'G']
C16853113,['G', 'G', 'G', 'O', 'G']
C62870295,['G', 'G', 'O', 'G']
C25984416,['G', 'G']
C19921476,['O', 'O', 'G']
C38007139,['G', 'G', 'G', 'G']
C33724503,['G', 'O', 'G', 'O', 'O']
C12364126,['G', 'G']
C04978975,['G', 'G', 'G']
C61149672,['G', 'G', 'G', 'G', 'O']
C71550294,['G', 'O', 'G']
C70064716,['G', 'G', 'O', 'G']
C62936265,['G', 'G', 'G']
C49474187,['G', 'G', 'G']
C20390511,['G', 'O']
C18164784,['G', 'G']
C71404973,['G', 'O', 'G', 'G', 'G', 'O']
C66397636,['G', 'G', 'G', 'G']
C16928301,['G', 'G', 'G', 'G', 'G', 'G', 'G']
C68949791,['G', 'O', 'G', 'G']
C37896715,['G', 'G', 'G']
C44817507,['G', 'G']
C44351820,['O', 'O', 'O']
C71602122,['G', 'O', 'O', 'G', 'O']
C39302923,['G']
C37748988,['G', 'G', 'G', 'G']
C06416969,['G', 'G', 'G', 'G', 'O']
C70355538,['G', 'G', 'G', 'G']
C53109001,['G', 'G', 'G', 'O']
C06519447,['G', 'O', 'G', 'G']
C03873646,['G', 'G', 'G']
C18189761,['G', 'O', 'G', 'G']
C40545413,['G', 'O', 'G']
C55303393,['G', 'G']
C52305882,['G', 'G']
C50330349,['G', 'G', 'G', 'G']
C70618090,['G', 'G', 'G', 'G']
C54930973,['-']
C35132872,['G', 'G', 'G', 'G']
C52178276,['G', 'O', 'G']
C49277952,['O', 'G', 'O', 'G']
C20375295,['G', 'G', 'G']
C69539638,['G', 'O', 'G', 'G']
C70119349,['G', 'G', 'O']
C06092220,['G']
C37359416,['G', 'O', 'G']
C34581412,['-']
C43674164,['O', 'G']
C41628674,['G', 'G']
C40259081,['G', 'G']
C70801477,['O']
C71467882,['G', 'G']
C61482071,['O', 'G', 'G', 'G']
C04149778,['G', 'G', 'G', 'G']
C04206588,['O', 'G', 'G']
C19885521,['G', 'G', 'G', 'G', 'G']
C35500733,['G', 'G', 'G']
C71474796,['G', 'G']
C71664960,['O', 'G', 'G', 'G', 'O']
C62963196,['G', 'G', 'O', 'O']
C62720958,['G', 'G', 'G']
C19837149,['G', 'G', 'G', 'G', 'G']
C37023691,['G']
C50439492,['G', 'G', 'G', 'G']
C66640811,['O', 'G', 'G', 'O', 'G']
C04629171,['O']
C13526749,['G', 'O', 'O', 'O', 'O', 'G']
C71467887,['G', 'G']
C54128923,['O', 'G', 'G', 'O', 'G']
C71474785,['G', 'G', 'G', 'G', 'G', 'G']
C63952338,['O', 'G', 'G', 'O']
C42356263,['G', 'G']
C26507492,['-']
C51347864,['G', 'G', 'G', 'G', 'G']
C71612422,['G', 'O', 'G', 'O']
C35695260,['O', 'G', 'G']
C01728517,['G', 'G', 'O', 'G']
C65355706,['G']
C50392659,['G', 'G', 'G', 'G']
C70131456,['G', 'G', 'G']
C41628770,['G']
C28760463,['O', 'G']
C13479816,['G', 'G']
C40259009,['G', 'G', 'G']
C53850749,['G']
C61988495,['O', 'G']
C48941524,['G', 'G', 'G', 'G', 'G']
C40488325,['O', 'O']
C41039281,['O', 'O']
C33334161,['G', 'G', 'G']
C36865407,['O', 'G']
C36890169,['G', 'G', 'O', 'O', 'O', 'O']
C41600921,['O']
C50889724,['G', 'G', 'G', 'G', 'O']
C70132066,['G', 'G', 'G']
C13480371,['G']
C49512110,['G', 'G', 'G', 'O']
C65762906,['G', 'G', 'G', 'G']
C62750047,['G', 'O', 'O']
C31163688,['G']
C65427994,['O', 'G', 'G']
C66646276,['G', 'G', 'G', 'G', 'G']
C43460814,['G', 'G', 'G', 'O']
C37491034,['G', 'G']
C69548232,['O']
C21802344,['G', 'G', 'O', 'G', 'G']
C69949399,['G', 'G', 'G']
C40906154,['G', 'O', 'G', 'G']
C71773815,['G', 'G']
C19836520,['O', 'G', 'G']
C58356795,['G', 'G', 'G', 'G']
C41519628,['G', 'G']
C19266475,['G']
C41665048,['O', 'G', 'G']
C00153553,['O', 'G']
C05693118,['G', 'G', 'G']
C71621468,['O', 'G', 'G']
C02039440,['G', 'O']
C69947966,['G', 'G']
C12584577,['G', 'G']
C04809359,['G', 'G', 'G', 'G', 'G', 'G', 'G']
C42175662,['O']
C50703915,['O', 'G']
C48585183,['G', 'G', 'G', 'G']
C59208672,['G', 'G']
C37070726,['G', 'O', 'O', 'G']
C65344515,['G']
C71602104,['O', 'O', 'G', 'O']
C19874341,['-']
C68757009,['G', 'G', 'G', 'G']
C33939015,['O', 'G', 'O', 'O']
C17838160,['G', 'G', 'G', 'G', 'O']
C57256244,['G', 'G', 'G', 'G']
C48628234,['O']
C34668946,['O', 'G', 'G', 'G']
C30730397,['G']
C71475774,['G', 'G']
C40217736,['G', 'O', 'G']
C40293782,['O', 'O']
C08769510,['G', 'G', 'G']
C34263571,['G', 'G']
C20527142,['O', 'O', 'G']
C70965346,['G', 'G', 'G', 'O']
C71617754,['G', 'O']
C68880138,['O', 'O', 'G', 'G']
C48104823,['G', 'G', 'G']
C49450205,['G', 'O', 'G', 'G']
C49235509,['G', 'G', 'G', 'G', 'O']
C42351280,['G']
C71467902,['G', 'G']
C49558893,['G', 'G', 'G']
C61591519,['G']
C05588163,['-']
C39922504,['G', 'G', 'O', 'G']
C59228531,['G', 'G', 'G', 'G']
C65372877,['G', 'G', 'O', 'G', 'G', 'G']
C21985804,['O', 'G']
C08830348,['G']
C20583359,['G']
C42319167,['O', 'G', 'G', 'G']
C58007344,['O']
C05925899,['G']
C71757462,['G', 'O']
C05117309,['O']
C61591301,['O', 'G']
C37388784,['G', 'G', 'G']
C19913879,['G', 'G', 'G']
C53720869,['G', 'G']
C65428055,['G', 'G']
C09340495,['G', 'G', 'G', 'G', 'G']
C13579578,['-']
C36288322,['G', 'G', 'O']
C70119616,['G', 'O', 'G', 'G', 'G', 'G']
C21189983,['O', 'G', 'G']
C57544366,['G', 'G', 'G', 'G']
C48889295,['G', 'G', 'G']
C16957825,['-']
C04812753,['G', 'G', 'G', 'G']
C52250184,['G', 'G', 'G', 'G']
C71559800,['G', 'G', 'G', 'G']
C37578221,['G', 'G', 'O']
C35359686,['-']
C21596355,['G', 'G', 'G', 'G', 'O']
C43113815,['G', 'O', 'G', 'G']
C69591183,['G', 'G', 'G', 'G', 'G', 'O']
C42424353,['O', 'G', 'G']
C37404928,['G', 'G']
C00002070,['-']
C22135293,['G', 'G']
C63473443,['G', 'G', 'O']
C38596623,['G', 'O', 'G', 'G', 'O']
C60392897,['G']
C19690527,['G']
C71757611,['G', 'G', 'O']
C37405181,['-']
C04311295,['G']
C67997163,['G', 'G', 'O', 'G']
C44559932,['G', 'G']
C70251249,['G', 'O', 'G', 'G']
C11565189,['G', 'G', 'G', 'G']
C70247189,['G', 'G', 'G', 'G']
C20849544,['G', 'G']
C70819542,['G']
C46085530,['O', 'O']
C59270615,['G', 'G', 'G']
C71519308,['G', 'G']
C70227460,['G', 'G', 'G', 'G']
C44496437,['G']
C62089378,['G', 'G', 'G']
C03850283,['G', 'G', 'G', 'O', 'G', 'O', 'O']
C19844626,['G', 'G', 'G', 'G', 'G']
C00057523,['G']
C06094144,['-']
C66398917,['G', 'G', 'G', 'O']
C35686963,['O', 'G', 'G', 'G', 'O']
C06907269,['G', 'G']
C42249690,['G', 'O', 'O']
C36533270,['-']
C71767520,['G', 'O', 'G', 'G', 'O']
C52292858,['G']
C17533368,['G', 'G', 'G', 'G']
C52306977,['G', 'G', 'G']
C14827650,['-']
C55162020,['G', 'G', 'G', 'G', 'G', 'G']
C45956406,['-']
C65339029,['G']
C70617833,['G', 'O', 'O', 'G']
C35500757,['G', 'G', 'G']
C70509002,['G', 'O', 'G']
C01661259,['G']
C37742056,['G', 'G', 'G']
C71757469,['G', 'O']
C66323443,['-']
C00127782,['G', 'G', 'G']
C04550238,['O', 'G', 'O', 'G']
C06184937,['G', 'O']
C03160614,['G']
C70064651,['O', 'G', 'G', 'O']
C35570374,['G']
C69459083,['G', 'G', 'O', 'O', 'G']
C49814172,['G', 'G', 'G']
C27644884,['O', 'G', 'G', 'G']
C37437074,['G']
C09130395,['G', 'O', 'G', 'G']
C17950920,['G', 'G']
C71757460,['G', 'O']
C42013436,['G', 'O']
C36047656,['G']
C71873583,['G']
C49806549,['O']
C04878318,['-']
C57218752,['-']
C01086073,['O']
C70675991,['G', 'G']
C70833041,['G', 'G']
C42351346,['G']
C66492873,['G', 'G', 'G', 'O', 'G']
C65344544,['G', 'O']
C20335506,['G', 'G', 'G', 'G', 'G']
C71310089,['G', 'G', 'G']
C68938421,['G', 'G']
C44483660,['G', 'G', 'G', 'G', 'O']
C61218352,['G', 'G', 'G', 'G', 'O', 'O', 'O']
C40547811,['G', 'G', 'O', 'G', 'G', 'O']
C42572192,['G', 'G', 'G']
C43352279,['G', 'G', 'G', 'G']
C71559583,['G']
C01890728,['G', 'G', 'G', 'G', 'G', 'O', 'G', 'G']
C71343899,['G', 'G', 'G', 'O']
C32914668,['-']
C35381912,['G', 'G']
C40483461,['O', 'O', 'O', 'G', 'O']
C42900440,['G', 'G', 'G', 'O']
C54370013,['G', 'G', 'G']
C35221981,['G', 'G', 'O', 'O']
C49660525,['G']
C69487821,['G', 'O']
C63110904,['-']
C70568619,['G', 'G', 'G', 'G']
C58306235,['G', 'G', 'G', 'G', 'G']
C34079371,['G']
C02383087,['G', 'G']
C66354266,['-']
C63964562,['G', 'G', 'G', 'O']
C16158677,['G']
C55161009,['-']
C35221982,['G', 'G', 'G', 'O']
C70054920,['-']
C65339532,['G', 'G']
C38864543,['G']
C10109689,['G', 'G', 'G', 'G', 'O']
C39189859,['-']
C37336027,['G', 'G', 'G', 'O', 'O']
C04802634,['G', 'G']
C04095849,['-']
C44123869,['O']
C37839498,['O', 'G', 'G', 'G', 'G']
C10109690,['G', 'G', 'G', 'O']
C52634798,['O']
C19851744,['G', 'G']
C03876706,['-']
C71736987,['G', 'O', 'G', 'G', 'G', 'G', 'O', 'G']
C71757652,['G', 'G', 'O']
C04362873,['G', 'G']
C37246166,['G', 'G']
C36924417,['G', 'G', 'G']
C62745014,['G', 'G', 'G', 'O']
C32500915,['G', 'O']
C71756408,['G', 'G', 'O']
C42974608,['G', 'G', 'G', 'G']
C13678569,['G', 'G', 'G', 'G', 'G']
C61173070,['O', 'G', 'G', 'G']
C32627807,['-']
C36269550,['O']
C37585162,['G', 'O', 'G', 'G', 'O', 'O', 'G']
