CHEMBL1213911,['G', 'G', 'O', 'G', 'G']
CHEMBL598394,['O', 'G', 'G', 'G']
C00194255,['G', 'G', 'O']
C37318416,['O', 'O', 'O', 'G']
C21517740,['G', 'O', 'O', 'G']
CHEMBL1213968,['G', 'G', 'O', 'G', 'G']
C00810628,['G', 'O', 'G']
C64874884,['G', 'G', 'G', 'O', 'O']
C02546529,['O', 'G', 'G']
C40477100,['G', 'G', 'G']
C00544011,['O', 'G']
C14183283,['G', 'G', 'O', 'G']
C06284065,['G', 'G', 'G']
C07637130,['G', 'G', 'G', 'O']
CHEMBL45069,['G', 'G', 'G', 'G', 'G', 'O']
C32401168,['G', 'G', 'G', 'G']
C07729538,['O', 'G', 'G', 'G']
C37215754,['O', 'G', 'G', 'O']
C37124064,['G', 'O', 'O']
C62702412,['O', 'G', 'G', 'O']
C32173385,['O', 'G', 'G', 'G']
C66260453,['G', 'G', 'G', 'G']
C59518489,['O', 'O', 'G']
C10845956,['G', 'G', 'G', 'O']
C49963602,['G', 'G', 'G', 'G']
CHEMBL16541,['O', 'G', 'G', 'G', 'G', 'G']
C01085078,['G', 'G', 'G', 'O', 'G', 'O']
C48399124,['O', 'G', 'G']
C51717899,['G', 'O', 'O', 'O', 'O']
C36966982,['G', 'G', 'G', 'O']
C37205574,['O', 'G', 'O']
C37019670,['G', 'G', 'O', 'O']
C63461708,['G', 'G', 'G', 'O', 'O', 'G']
C37188489,['G', 'G', 'O']
C05427475,['G', 'G', 'G']
C44978507,['G', 'O', 'O', 'O']
C37060844,['G', 'G', 'O', 'O']
C52060940,['G', 'O', 'G']
C49858656,['O', 'G', 'O']
C36138689,['G', 'G', 'G', 'G']
C40887118,['G', 'G', 'O']
C40887127,['G', 'G', 'G']
C51510728,['G', 'G', 'G', 'G', 'G', 'G']
C38532591,['G', 'G', 'G', 'O']
C39956729,['G', 'G', 'G', 'O']
C62702161,['G', 'G', 'O', 'O']
C49334708,['G', 'G', 'G', 'O']
C55963263,['O', 'G', 'G', 'G', 'G']
C61096734,['G', 'G', 'G']
C14901970,['O', 'G', 'G', 'G']
C61747138,['G', 'G', 'G', 'G', 'G']
C40571529,['G', 'O', 'G']
C37715877,['G', 'G']
C54109590,['G', 'O']
C35648670,['G', 'G', 'O', 'O', 'G']
C61122098,['O', 'O', 'G']
C37104405,['G', 'G', 'O', 'O', 'G']
C37201794,['G', 'O', 'G', 'O']
C04866640,['G']
C48589154,['G', 'G', 'G', 'G', 'G']
C60205625,['G', 'O', 'G', 'G']
C59508300,['O', 'O']
CHEMBL466872,['G', 'G']
C62801829,['G', 'G', 'G']
C20368555,['O', 'O']
C42142718,['G', 'G', 'G']
C61115804,['G', 'G', 'G', 'G']
C50454776,['G', 'O', 'G']
C19922403,['G', 'G', 'O']
C39143213,['O', 'G', 'O']
C48833931,['G', 'G', 'G', 'G', 'G']
C00220632,['G', 'O', 'O', 'G']
C51849249,['G', 'O']
C00478650,['G', 'O', 'G']
C19471570,['G', 'G']
C44983133,['G', 'G']
C02455788,['G']
C36971423,['G', 'G', 'G', 'O']
C04487444,['G']
C40765508,['G', 'G', 'G', 'G']
CHEMBL276076,['G', 'G', 'O']
C54462914,['G', 'G', 'O', 'G']
CHEMBL16530,['O', 'G', 'G', 'G', 'G', 'G']
CHEMBL450239,['G', 'G']
C38925398,['G', 'G', 'O', 'G']
C14083075,['G', 'G', 'O', 'G']
CHEMBL598393,['G', 'G', 'O', 'O', 'O']
C37904415,['G', 'G', 'G', 'G', 'O', 'G']
C63533623,['G', 'G', 'O', 'G', 'G']
C41494862,['O', 'G']
C37715896,['G', 'G']
C28010509,['G', 'G', 'G', 'G']
C36106174,['G', 'G', 'O', 'O', 'G', 'G']
C20245744,['G', 'G', 'O']
CHEMBL1213718,['O', 'O', 'G', 'G']
C20396398,['O', 'G', 'G']
CHEMBL447043,['G', 'G', 'O']
CHEMBL240143,['O', 'G']
C62007185,['G', 'G', 'O', 'G', 'G']
C36964010,['O', 'O', 'O']
C49686438,['G', 'O', 'G']
C35343886,['G', 'O']
C08382156,['G', 'G']
C34930753,['O', 'G', 'G']
C44114814,['G', 'O', 'G', 'O']
C42582329,['G', 'G']
C13864406,['G', 'G', 'G', 'G', 'O']
C00145431,['G', 'G', 'G']
C63044060,['G', 'G', 'G', 'G']
C64874883,['G', 'O', 'O', 'O']
C40714042,['G', 'G', 'G']
C08429053,['G', 'G', 'G']
C20898858,['O', 'G', 'G', 'O', 'G']
C44825072,['G', 'G', 'G', 'G', 'G']
C04232295,['G', 'O']
C48706436,['G', 'G', 'G', 'G']
C32853597,['G', 'G', 'O', 'G']
C36972985,['G', 'O', 'O']
C67008963,['G', 'G', 'O']
C05016828,['G', 'G', 'O']
C48139572,['G', 'G', 'O', 'G']
CHEMBL1213777,['G', 'G', 'O', 'G', 'G', 'G']
C20187388,['G', 'O', 'O', 'G']
C59514009,['O', 'O']
C49130215,['G', 'G', 'G', 'G']
C19804456,['G', 'O']
C37204182,['G', 'O', 'G', 'G']
C57354380,['G', 'G', 'G', 'G']
C15050054,['G', 'G', 'O', 'G', 'G', 'G']
C48631141,['O', 'G']
C37185623,['G', 'O', 'G']
C45794687,['G', 'G', 'G', 'G']
C01687021,['G']
C20471973,['G', 'O']
C00496194,['G', 'G']
C00416836,['G', 'G', 'G', 'G']
C05777443,['G', 'G', 'O', 'G']
C59165582,['G', 'G', 'G', 'O']
C59519234,['O', 'O']
C40727107,['O', 'G']
C41631942,['O', 'G', 'O', 'O']
C03474783,['G', 'G', 'G', 'G']
C37328547,['O', 'G', 'O']
C41367593,['G', 'O', 'O']
C37562687,['G', 'G', 'O', 'G']
C67653533,['O', 'O', 'G', 'O', 'G']
C40273210,['G', 'G', 'G']
C00397948,['O', 'G', 'G', 'G']
C37797211,['G', 'O', 'G']
C08709981,['G', 'G', 'G', 'G', 'G']
C62821370,['O', 'G', 'O', 'G', 'O']
C40496498,['G', 'O', 'G', 'G', 'G']
CHEMBL198810,['G', 'G', 'G']
C08138088,['G', 'G', 'G']
C37981674,['G', 'G']
C50911483,['O', 'G', 'O']
C19992334,['G', 'G', 'G', 'G']
C37981634,['G', 'G']
CHEMBL472080,['G', 'G', 'G']
C37772959,['O', 'G']
C48695379,['G', 'O', 'G']
C48560608,['G', 'G', 'G']
C38074902,['G', 'G']
C34937588,['G', 'G', 'O', 'G']
C04981816,['O', 'G', 'G']
C41479858,['G', 'O']
C62793286,['G', 'G']
C43472797,['G', 'G', 'G']
C52224411,['G', 'O', 'G']
C19804508,['G', 'O']
C38117847,['O', 'G', 'O']
C67372137,['G', 'O', 'G']
C36902194,['O', 'O', 'G']
C37070243,['O', 'O', 'G']
C38579842,['G', 'O', 'O']
C61682512,['G', 'O', 'G', 'G']
C20075162,['O', 'G', 'O']
C00052702,['G', 'G']
C22956179,['G', 'O', 'G', 'O']
C36939236,['G', 'G']
C04936376,['O', 'G', 'G', 'G', 'G', 'G', 'G']
C40712215,['O', 'O']
C36749117,['O', 'O', 'G']
C48391468,['O', 'G', 'G']
CHEMBL464799,['O', 'G', 'G', 'G']
C54770416,['O', 'O', 'G']
C09603011,['G', 'G', 'G', 'O']
C62152878,['G']
C11317098,['G', 'G', 'G']
C54077713,['G', 'O', 'O', 'O']
C37069966,['G', 'G', 'O']
C52178126,['O', 'G', 'O', 'G']
C62432812,['G', 'O', 'G']
C12659305,['O', 'G', 'O']
C16124430,['G', 'G']
C37301583,['G', 'G', 'O']
C09651746,['O', 'G', 'G']
C49509796,['G', 'G', 'G', 'G', 'G', 'O']
C12287988,['G', 'G', 'O', 'G']
C40516071,['G', 'O']
C49877041,['G', 'G', 'G', 'G', 'G']
C67348454,['G', 'G', 'O', 'O', 'G']
C37365646,['G', 'G', 'G', 'G']
C08923400,['G', 'G']
C61683701,['G', 'G', 'G']
C63047037,['O', 'O', 'G']
C39370770,['G', 'G', 'G']
C37103689,['G', 'O', 'G']
C40269295,['G', 'G']
C61095054,['-']
C37785302,['G', 'G', 'G']
C42109306,['G', 'O']
C58367148,['G', 'G', 'G', 'O']
C43472791,['G', 'G', 'G']
C37465733,['G', 'G', 'G']
C37935482,['O', 'G', 'G']
C43322768,['O', 'G']
C42577918,['O', 'G']
CHEMBL145330,['G', 'G', 'G', 'G']
C35678714,['O', 'G', 'G', 'G']
C37886063,['G', 'G', 'G', 'G']
C03243867,['G', 'G', 'G', 'O', 'G']
C55214709,['G']
C47682094,['G']
C44383724,['G', 'G', 'G', 'G', 'G']
C23374669,['G', 'G', 'G']
C37328385,['O', 'O', 'G']
C54459037,['O', 'G', 'O']
C61514887,['G', 'O', 'G']
C36901872,['O', 'O', 'O']
C37187207,['G', 'G', 'O']
C17195847,['O', 'O']
C61850358,['O', 'G', 'G']
C37388841,['G', 'G', 'G', 'O', 'O']
C57654330,['G', 'G', 'O', 'G', 'G']
C08701962,['G', 'G']
C31561599,['G', 'G', 'G', 'G']
C35431368,['G', 'G', 'G', 'G']
C63045110,['G', 'G', 'G', 'G', 'G']
C35345842,['G', 'O']
C00506725,['G', 'G', 'G']
C62148595,['G', 'G', 'G', 'G']
C39159745,['G', 'G', 'O', 'G', 'G']
C08156665,['G', 'G', 'O']
C45920738,['G']
C41103714,['G', 'O', 'G', 'G']
C66796769,['G', 'O', 'O']
C52305444,['O', 'G']
C16159611,['G', 'O']
C54788454,['G', 'G', 'O']
C67120329,['G', 'O', 'G']
C51331072,['G', 'G']
C62138092,['G', 'G', 'G']
C49468764,['G']
C41872884,['O', 'G', 'G']
C08883348,['G', 'G', 'O', 'G', 'G', 'G']
C44494480,['G', 'G', 'G']
C36866938,['G', 'G', 'G']
C03574756,['G', 'G', 'G', 'G', 'G']
C00987241,['G', 'G', 'G']
C44809369,['G', 'G', 'G', 'G', 'G']
C67651305,['G', 'O', 'G', 'O']
C52835711,['G', 'O']
C59518968,['O', 'O']
C20305730,['O', 'O']
C00542907,['G', 'O', 'O']
C65341382,['G', 'G']
C19804496,['O', 'G']
C63146649,['G', 'O', 'O']
C34978434,['O', 'G', 'G']
CHEMBL161907,['O', 'O', 'G', 'G']
C08114158,['G', 'G', 'G', 'G', 'G']
C41057732,['G', 'G']
C59640062,['G', 'G', 'O', 'G', 'O']
C22161151,['G', 'O', 'G']
C35343658,['G', 'O']
C37778324,['G', 'G', 'G']
C46484836,['G', 'O', 'O']
C37562395,['G', 'G', 'O', 'G']
C37104170,['G', 'G', 'G']
C37135706,['G', 'G', 'G', 'G', 'G']
C62726168,['O', 'G', 'G', 'O', 'G']
C42074900,['O', 'O']
C20092987,['G', 'O', 'G']
C36903602,['O', 'G']
C30548555,['O', 'G', 'G', 'O']
C47243521,['G', 'G', 'G', 'G']
C50471351,['G', 'G']
C37688425,['G', 'G', 'O', 'O', 'G']
C36953955,['G', 'O', 'O']
C62352660,['G', 'O']
C40265597,['O', 'G', 'G']
C59378671,['G', 'O']
C36982604,['G', 'G', 'G', 'G']
C00117598,['G', 'G', 'O']
C62829749,['G', 'O', 'G', 'G']
C04999758,['G', 'O', 'G', 'G', 'G']
C42822388,['G', 'G', 'O', 'G']
C39778805,['G', 'G', 'G', 'O']
C48334656,['O', 'G', 'G', 'G', 'G']
C19432029,['O', 'G']
C39959697,['O', 'G']
C37187208,['G', 'O', 'O']
C35057325,['G', 'O']
C45888617,['G']
C34652202,['G', 'O']
C20296633,['G', 'G']
C04290383,['G', 'G', 'G', 'O']
C42143778,['G', 'G']
C61519387,['G', 'G', 'G', 'G', 'O']
C03366880,['G', 'G', 'G', 'G', 'G']
C45365619,['G', 'G', 'G', 'G']
C06668355,['G']
C06700459,['G', 'G', 'G', 'G', 'G']
C03263113,['O', 'G', 'G']
C00401142,['G', 'G']
C61122136,['O', 'O']
C48544192,['G', 'G']
C43569391,['G', 'G']
C58610102,['G', 'O', 'O']
C63063252,['G', 'O']
C53158845,['O', 'G', 'G']
C48601459,['G', 'G', 'G', 'G', 'O']
C65355944,['G', 'G', 'G']
C61094949,['O', 'G']
C52755970,['O', 'G', 'G']
C19913632,['G', 'O', 'G']
C62709116,['O', 'G', 'G', 'G']
C49738796,['O', 'O', 'G']
C24045326,['G', 'G', 'G']
C38079164,['G', 'G', 'G']
C40455937,['G', 'O']
C37862466,['O', 'G', 'G', 'G', 'G']
C08730563,['G', 'G']
C52018085,['O', 'G']
C62792766,['G', 'G', 'O', 'G']
C41204235,['G', 'G', 'O', 'O', 'O']
C02038700,['G', 'G', 'G', 'O']
C42143880,['O', 'G']
C07005691,['G', 'G', 'G', 'G']
C50869897,['G']
C48837443,['G', 'O']
C20046781,['G', 'O', 'G']
C40539533,['-']
C62606463,['G', 'O', 'G', 'O']
C03181113,['O', 'G', 'O']
C35150864,['O', 'O', 'O']
C05517434,['G', 'O', 'O', 'G']
C44978859,['G', 'G']
C35728316,['G']
C12779808,['O', 'G', 'O', 'G', 'G']
C53164101,['G', 'O', 'G', 'G']
C36152725,['G', 'G']
C38040204,['G', 'G']
C00073544,['O', 'O']
C50837434,['G', 'O', 'G', 'G', 'G']
C37757279,['G', 'G']
C42404137,['O']
C37022620,['G', 'G']
C15540038,['G', 'G', 'G']
C02526222,['G']
C49414793,['G', 'G', 'G', 'G', 'G', 'G', 'G']
C50101699,['G', 'G']
C52756480,['O', 'G', 'G']
C50267467,['O', 'O', 'G']
C41020502,['G', 'O', 'O']
C12139153,['-']
C45745700,['G', 'G', 'G', 'G']
C66811086,['G', 'G', 'O', 'G']
C36882121,['G']
C39987685,['G', 'G', 'O', 'O']
C62452190,['G', 'G', 'G', 'G', 'O']
C44825080,['G', 'G', 'G', 'G', 'G']
C48441356,['G', 'G', 'G', 'O', 'G']
C57345662,['G', 'G', 'G']
C24968017,['G', 'G', 'G', 'G', 'G']
C37562848,['G', 'G', 'G', 'O', 'G']
C55341903,['G']
C35412226,['G']
CHEMBL174289,['O', 'G', 'G', 'O']
C37194790,['G', 'O', 'G', 'O']
C07983509,['G', 'G']
C43538468,['G', 'O']
C61515254,['G', 'G', 'O']
C45028343,['G']
C34955953,['O', 'O', 'G']
C42581119,['G', 'G', 'G']
C59519027,['O', 'O']
C67371793,['G', 'G', 'O']
C20353478,['G']
C03287462,['G', 'G', 'G', 'O', 'G']
C63134497,['O', 'G', 'G', 'G']
C42414844,['G', 'G']
C51728425,['G', 'G']
C49120613,['G', 'O', 'O', 'G']
C65341314,['G', 'G']
C61362942,['G', 'G', 'G', 'G', 'G']
C36698678,['G', 'G', 'G']
C06033062,['G', 'G', 'G', 'G', 'G']
C20476443,['G', 'O']
C02581911,['O', 'G', 'G']
C31991021,['G']
C61844578,['G', 'O']
C43537413,['G', 'O']
C23142996,['G', 'G', 'G', 'G', 'G']
C66330175,['G', 'O', 'O', 'O', 'G', 'G', 'G']
C48526372,['G', 'G', 'O']
C62996858,['O', 'O']
CHEMBL348961,['G', 'G', 'G', 'G']
C04106811,['G']
C45920010,['G']
C45957885,['G']
C43537179,['G', 'O']
C19431842,['G', 'G']
C61122106,['O', 'O']
C12359192,['O']
C06889235,['G', 'G', 'G', 'G']
C00499664,['O', 'O', 'G']
CHEMBL597373,['O', 'G', 'G', 'O']
C41386619,['G', 'O', 'O', 'G', 'O']
C39570019,['G']
C44181244,['G', 'G', 'G']
C52225069,['G', 'O', 'G']
C57343540,['G', 'G', 'G', 'G']
C38053198,['G']
C16919237,['O', 'G', 'G']
C37550321,['G', 'G', 'O', 'G']
C04343307,['G']
C37947748,['G']
C21623524,['G', 'G', 'O', 'G', 'G']
C08764193,['O', 'G']
CHEMBL464798,['G', 'G', 'G']
C01646568,['O']
C49828101,['G', 'G', 'G']
C03204583,['G']
C62365486,['G', 'G']
C41225839,['O', 'G']
C01418793,['O']
C02566333,['G']
C07725934,['G', 'G', 'G', 'G']
C48841945,['G', 'G', 'O']
C54758572,['G', 'O', 'G']
C49129774,['G', 'G', 'G', 'O']
C54107473,['G', 'G', 'G']
C40269291,['G', 'G']
C37036935,['O', 'G', 'O']
C07212834,['G']
C39320314,['G']
C43537446,['O', 'G']
C41045508,['G', 'G', 'G']
C61875314,['G', 'O']
C43679516,['G', 'G', 'G', 'O']
C35454325,['G', 'G']
C61812330,['G', 'O', 'O']
C41057073,['O', 'G']
C04341627,['G', 'G']
C40693319,['O', 'G', 'G', 'G', 'G']
C61626643,['G', 'G']
C61848845,['G', 'O', 'O']
C62431834,['O', 'G', 'G']
C62152487,['G']
C49781049,['G', 'G', 'G']
C61122460,['G', 'G']
C11633317,['G']
C49146690,['G', 'G', 'G', 'G']
C39575980,['O', 'G']
C00109225,['G', 'O']
C16855753,['G', 'O']
CHEMBL1213841,['G', 'G', 'O', 'G']
C61629881,['O', 'G']
C04352506,['G', 'O', 'G']
CHEMBL414637,['G', 'G', 'G', 'G']
C05669802,['G', 'O', 'G']
C43680015,['G', 'G', 'G', 'G']
C28093070,['G', 'O']
C16951633,['-']
C42143749,['G', 'O']
C40570707,['G', 'G', 'O', 'G']
C65356661,['G']
C31054890,['G', 'G', 'G']
C46703245,['G']
C62354581,['G', 'O']
C65149560,['G', 'O', 'G']
C37132320,['O', 'O', 'O']
C33426849,['G', 'G']
C20518181,['G', 'G', 'G', 'G', 'G']
C16090196,['G', 'G', 'G', 'O']
C61669677,['G', 'G']
C43537443,['G', 'O']
C43387452,['G', 'G']
C40712422,['G', 'G']
C49812206,['G']
C41596236,['G', 'G']
C00135672,['G', 'O', 'G']
CHEMBL276915,['O']
C38719546,['G', 'O', 'G', 'O', 'G']
C49422762,['G', 'G', 'O', 'G', 'G', 'O', 'G']
C03524009,['G', 'G', 'G']
C40261230,['G', 'G']
C36973113,['O', 'G']
C36164778,['O']
C01873858,['G']
C37010440,['G', 'G', 'G', 'G', 'O']
C07573058,['G', 'G', 'G', 'G', 'G', 'G', 'G']
C02182621,['G', 'G', 'G']
C54159642,['G', 'G', 'G', 'G']
C62529521,['O']
CHEMBL130217,['G']
C52212897,['G']
C20358035,['G']
C40232772,['G', 'G', 'G', 'G']
C35379483,['O', 'G']
C08921705,['G', 'G', 'G', 'G']
C19913292,['G', 'G']
C43168699,['G', 'G']
C51361763,['G', 'O', 'G']
C07550303,['G', 'O', 'G', 'G']
C54964330,['G', 'G', 'G', 'G', 'G']
C19845636,['G', 'O']
C06774401,['G', 'G', 'G']
C02802739,['G', 'O']
C58394206,['G', 'G', 'G', 'G']
C02142244,['G', 'G', 'G']
C13534843,['G', 'G', 'O']
C48356854,['G']
C60370849,['G', 'O', 'G']
C01573712,['G', 'G', 'O', 'G']
C34926743,['G', 'G']
C19772638,['-']
C45237531,['G', 'G', 'G', 'O']
C65339116,['G']
C63862018,['O', 'G']
C15442795,['-']
C52226840,['G', 'O', 'O', 'G']
C39119782,['-']
C41160980,['G', 'G']
C08199421,['O', 'O', 'G']
C62774221,['G', 'G', 'G', 'G', 'G']
C35737588,['G', 'G', 'G']
C40262036,['G', 'G']
C09238605,['G', 'G', 'G']
C42404826,['G', 'O']
C37981612,['G', 'G']
C51607614,['G', 'O', 'G']
C09239546,['G', 'G']
C35333561,['G', 'G', 'O']
C66255930,['G', 'G']
C37299547,['O', 'G', 'G', 'G']
C36291657,['O']
C40996716,['G', 'O', 'G', 'G']
C37194550,['O', 'G']
C06184794,['G', 'O', 'G']
C03704165,['G']
C49814193,['G', 'G', 'G']
C66845015,['G', 'O', 'O', 'G', 'G']
C41045528,['G']
C06796656,['G', 'G']
C12370208,['G', 'O']
C50711317,['G', 'O', 'G', 'G']
C41653414,['G', 'G']
C36205367,['O', 'G']
C57306056,['G', 'O', 'G', 'G', 'G']
CHEMBL295093,['G', 'G']
C49582011,['-']
C43542940,['G', 'G', 'G']
C63078325,['G', 'G', 'G']
C61362604,['G', 'G', 'G', 'G']
C37205801,['O', 'G']
C15443756,['-']
C55170252,['G']
C43699319,['G', 'G', 'G', 'O']
C20222246,['G', 'G', 'O']
C51121687,['G', 'O', 'O', 'G', 'G', 'G']
C40996605,['G', 'G', 'O', 'G']
C61277454,['G', 'O']
C56065510,['G', 'G', 'G', 'G']
C61496448,['G', 'G', 'G']
C20296639,['G', 'G']
C61099787,['G', 'O']
C55161685,['-']
C00169281,['G']
C00970399,['-']
C42864668,['G', 'G', 'G']
C37694612,['G', 'G', 'G']
C15165264,['O', 'G']
C36161042,['G', 'G']
C67372305,['G', 'O', 'G']
C48630728,['G', 'G']
C47097006,['G', 'O', 'G', 'G', 'O', 'G', 'O']
C51722605,['G', 'G']
C36195311,['G', 'G', 'G', 'G', 'O']
C59138670,['O', 'O', 'G']
C44030013,['G', 'G', 'G', 'G']
C54740639,['G', 'G', 'O', 'G']
C36138752,['G', 'G', 'O']
C36379638,['G']
C67497297,['O', 'G', 'G', 'G', 'O']
C40275669,['G', 'G']
C10237809,['G', 'O', 'G', 'G']
C62144817,['G', 'G', 'G', 'O']
C25255627,['G', 'G', 'G']
C15444565,['-']
C39065544,['O']
C37676290,['G', 'O', 'G']
C20257396,['O', 'O']
CHEMBL374335,['G', 'G', 'O', 'G']
C39514900,['O', 'O', 'G']
C13679476,['G']
C37909290,['G', 'O', 'O']
C22453439,['G', 'G', 'G']
C35342358,['G']
C20043783,['G', 'G', 'G', 'O', 'G']
C41645282,['G', 'G', 'O', 'G', 'G']
C50839181,['G', 'G', 'G', 'G', 'G']
C37393219,['G', 'O', 'G']
C20351601,['G', 'O', 'G']
C39053114,['G']
C51282884,['G', 'O']
C07334391,['G', 'G', 'G']
C37312948,['O', 'G', 'G', 'O']
C47411551,['O', 'G', 'G', 'G']
C43666735,['G', 'G']
C49662130,['O', 'G', 'O', 'O']
C44742644,['G', 'G', 'G']
C37317248,['O', 'G']
C40909038,['O', 'G', 'G']
C37690021,['O', 'G']
C01394171,['G', 'G', 'G', 'G']
C22011405,['-']
C37775018,['G', 'G', 'G']
C64240576,['G', 'G', 'G', 'G']
C52831124,['G', 'G', 'G']
C41045428,['G', 'O', 'G']
C19804528,['G', 'O']
C62789951,['G']
C41462332,['G', 'G', 'G', 'G', 'O']
C38053526,['G']
C41324724,['G']
C05538852,['O', 'G', 'G', 'G', 'O']
C51172880,['G', 'G']
C57796849,['O', 'O']
C50863850,['G', 'G', 'G']
C53067519,['G']
C47558620,['O', 'G', 'O']
C44396049,['G', 'G', 'G']
C54823637,['G', 'G', 'G']
C37938837,['G', 'G', 'G']
C40010031,['G', 'G', 'G', 'G', 'O']
C50978196,['G', 'G', 'G']
C55200334,['G', 'O']
C37077758,['G', 'O', 'G']
C50456040,['G', 'O', 'G']
C37613725,['G', 'O', 'G', 'G', 'O']
C08755368,['G', 'G', 'G']
C43321919,['-']
C03141236,['G']
C36954100,['O', 'O', 'G']
C48766151,['O', 'G', 'G', 'G', 'O']
C61146940,['G', 'G']
C44186493,['G', 'G', 'G']
C61121081,['G', 'G', 'G']
C42586476,['G', 'G', 'G']
C40714038,['G', 'G']
C53010481,['G', 'G', 'G', 'G']
C50865462,['G', 'G']
C63046140,['G', 'O', 'G', 'G']
C27835969,['G', 'O', 'O', 'G']
CHEMBL18101,['G', 'O', 'G', 'O', 'O', 'G', 'G']
C51886378,['G', 'G']
C37182212,['G', 'G', 'G']
C49671166,['G', 'G', 'O', 'G']
C43895752,['G', 'G', 'O', 'G']
C40230272,['O', 'O', 'G']
C43522439,['G']
C15748130,['G', 'G', 'G', 'O']
C02731325,['G', 'G', 'O', 'G']
C01841073,['-']
C41241886,['G', 'G', 'G', 'G']
C67650811,['G', 'O', 'O']
C62523430,['-']
C34444790,['O', 'O']
C48484438,['G', 'G', 'G', 'G', 'O']
C48631186,['G', 'O']
C03676490,['-']
C41048920,['G']
C54862870,['O']
C00125272,['O', 'G']
C37182507,['G', 'G', 'G']
C65632840,['O', 'G']
C38073536,['G', 'G']
C37169429,['G']
C60549304,['G', 'O', 'G', 'G']
C44713334,['-']
C04086207,['G']
C16253518,['G', 'G', 'O', 'G', 'G', 'G']
C44184802,['O']
C59833052,['O', 'O', 'G']
C50866836,['G', 'G']
C36678396,['G', 'G', 'G']
C01398855,['G', 'O', 'G', 'G']
C37654059,['O', 'G']
C48622787,['G', 'G', 'G']
C50327247,['G', 'G', 'O']
C35321809,['G', 'G', 'G', 'G', 'G']
C61589777,['G']
C51885389,['G', 'O', 'G']
C03460991,['G', 'G', 'G']
C37677497,['G', 'G']
C65149654,['G', 'G']
C48630109,['G', 'G']
CHEMBL275970,['G', 'G']
C36884862,['G', 'G', 'O']
C44986378,['O', 'G', 'G', 'G']
C61659240,['G', 'G', 'G']
C63117005,['G', 'G']
C38537693,['G', 'G']
C41216991,['G', 'G', 'G']
C00430278,['G', 'G', 'O']
C38581567,['G', 'G', 'G', 'G', 'G', 'G', 'G']
C61799868,['G', 'G', 'G', 'G']
C49821171,['G', 'G']
C36960427,['G', 'G']
C32383468,['G', 'G', 'G', 'G', 'G']
C54715747,['G', 'G', 'G', 'O', 'G']
C00108580,['G', 'G', 'G', 'G']
C11727476,['G']
C49611240,['G', 'O', 'G', 'G']
C13144803,['G', 'G', 'G']
C21990998,['-']
C19869043,['G', 'G']
C54823303,['G', 'G']
C01665381,['-']
C41160940,['O', 'G']
C01859280,['G']
C62989375,['G', 'G', 'O']
C57518294,['G', 'O', 'O']
C44712843,['-']
C28199996,['G', 'G']
C54910416,['O', 'G']
C01669665,['-']
C01433120,['G', 'G']
C32151310,['G', 'G', 'O', 'G', 'G']
C42288420,['G', 'G', 'G']
C43646460,['O', 'G', 'G', 'G', 'G']
C63100570,['G', 'G', 'G']
C20039981,['O', 'O', 'G']
C52066065,['-']
C63058538,['G', 'G']
C52813826,['G', 'G']
C43513243,['G', 'G']
C01760436,['O']
C00116711,['-']
C62611102,['G', 'G']
C41278065,['G', 'G', 'G', 'G']
C36275529,['G', 'G', 'G']
C00103038,['O', 'O']
C01766288,['-']
CHEMBL269074,['-']
C62242267,['G', 'G']
C37169420,['G', 'G']
C39119024,['-']
C37487072,['O', 'G', 'G']
C36056173,['-']
C00199813,['G', 'G', 'G', 'G', 'G', 'G', 'G']
C34087503,['O']
C45237357,['-']
C40422311,['O']
C21018563,['G', 'O', 'G', 'O']
C38074757,['G', 'G', 'O']
C35135117,['G', 'G', 'O']
C20021630,['G', 'G', 'G', 'O', 'G']
C54830010,['O', 'G', 'G']
C55644875,['G', 'G', 'O', 'G', 'O', 'G']
CHEMBL6857,['-']
C57593017,['O', 'O']
C10106342,['G', 'G']
C52297979,['G', 'G']
C38040427,['G', 'G', 'G']
C00374614,['O', 'G']
C54936267,['G', 'G', 'G']
C62451846,['G', 'G', 'G', 'G']
C01506760,['G', 'G']
C50972368,['G', 'G']
C62331411,['G', 'G']
C51663201,['G', 'G', 'G']
C36964411,['G']
C62533304,['G']
C37404585,['G', 'G']
C36162061,['G', 'G']
C62830807,['G', 'G', 'G']
C37194158,['O', 'G', 'G', 'G', 'O']
C49456168,['G']
C02383338,['G', 'G']
C50972370,['G', 'G']
C52814464,['O', 'G']
C49808684,['G', 'G']
C37879490,['G', 'O', 'O', 'G']
C37995910,['G', 'O']
C25503347,['-']
C45237120,['O']
C37939712,['G', 'G', 'G', 'G', 'G']
C44700141,['G']
C16605384,['O', 'G', 'G', 'O']
C37170580,['G', 'O', 'G', 'G']
C22332867,['G', 'G']
C39956007,['G']
C62539078,['G']
C02571692,['-']
C37883239,['G', 'G', 'G', 'G']
C43374266,['G', 'G', 'G', 'G']
C62726238,['O', 'G', 'G', 'G', 'O']
C53708408,['G', 'G', 'G', 'G', 'G']
C40261607,['G', 'G', 'G']
C44572603,['G', 'O', 'G']
C41218507,['G', 'O', 'G']
C42394967,['G', 'G', 'G']
C39948464,['G', 'G', 'G']
C08337131,['O', 'O', 'G']
C13563737,['O', 'G', 'G']
C35287138,['G', 'G', 'G']
C19845681,['G', 'O']
C42268486,['G', 'G']
C38040122,['O']
C44125138,['G', 'G', 'O']
C40275578,['G', 'G', 'O']
C35269839,['-']
C63075969,['G', 'G']
C62360535,['G', 'G', 'G']
C00392459,['-']
C51755130,['G', 'G']
C12370880,['O']
C49964492,['G', 'G', 'O', 'G', 'G']
C05759388,['-']
C36667376,['G', 'G']
C24053203,['G', 'G']
C63104642,['G', 'G', 'G']
CHEMBL404505,['G']
C65403246,['G', 'G', 'G']
C62498564,['-']
C54159182,['G', 'G']
C00084940,['-']
C44119959,['G']
C58480354,['-']
C44264409,['G']
C37147327,['G']
C39956891,['O', 'G']
C63008714,['O']
C50046504,['O', 'G', 'G']
C47218736,['G', 'G', 'G', 'G']
C37908123,['O', 'G', 'G']
C37351076,['G', 'G', 'G', 'O', 'O']
C00160127,['O']
C35294780,['O', 'G']
C13862244,['O', 'O']
C57514847,['G', 'G']
C36820397,['O', 'G', 'G']
C20605069,['O', 'O']
C04760467,['O', 'G']
C02034059,['G']
C07136434,['G', 'G', 'O', 'G']
C64435809,['O', 'G']
C43667894,['G', 'G', 'G']
C08197143,['G', 'G', 'G']
C50963679,['G', 'G', 'O']
C26894786,['-']
C39568866,['G']
C45628686,['G', 'G', 'G', 'G']
C41650936,['G', 'G', 'G']
C30875283,['G', 'G']
C55267140,['G', 'G', 'G', 'G', 'G']
C52859114,['G', 'G']
C20252533,['G', 'G', 'G']
C41060182,['G', 'G']
C44122083,['G']
C51960278,['G', 'G', 'G', 'G']
C59520040,['-']
C39115274,['G', 'G']
C39064891,['G']
C02454690,['G']
C62534058,['O', 'G']
C19413267,['G', 'G']
C53044855,['G', 'G', 'O']
C37312945,['G', 'O', 'G', 'O']
C67650851,['O', 'G']
C02032280,['-']
C58855282,['G', 'G', 'G', 'O', 'O']
C19869410,['-']
C51153070,['G', 'G', 'G']
C37628268,['G', 'G', 'G', 'G']
C11601799,['G', 'G', 'G']
C22003908,['G', 'G', 'G', 'G']
C40885167,['O', 'O']
C50268946,['O', 'G', 'O', 'O']
CHEMBL406861,['G', 'O', 'G', 'G']
C36756535,['G', 'G']
C19779317,['O', 'O']
C41368935,['O', 'O', 'G', 'O', 'G']
C11823125,['G', 'G']
C13323043,['G', 'O', 'G', 'G']
C41204331,['G', 'G', 'G', 'O']
C37690977,['G', 'G', 'G']
C54346598,['G', 'G']
C19929999,['G', 'G', 'G']
C65356815,['-']
C57518038,['G', 'G']
C62778963,['G', 'G']
C50863846,['G', 'G', 'G']
C43665605,['G', 'G']
C66402238,['G', 'O', 'G', 'G', 'G', 'G']
C01639920,['G', 'G']
CHEMBL7002,['G', 'G', 'G', 'G', 'G']
C19875174,['G']
C36242366,['O', 'G', 'O']
C20208379,['O', 'G', 'G', 'G']
C06608380,['G', 'G', 'G']
C36286054,['G']
C25371413,['G', 'G', 'O']
C37828750,['G', 'G', 'G', 'G', 'O']
C16090211,['G', 'G', 'G', 'G']
C40269737,['G', 'G', 'G']
C06826252,['G', 'G', 'G', 'G', 'O', 'G']
C14067097,['G', 'G', 'G', 'G']
C44363683,['G', 'G', 'O', 'G', 'G', 'G']
C67358009,['G', 'O', 'G', 'O', 'G']
C62498575,['-']
C00137431,['O', 'G', 'G', 'O']
C19887471,['G', 'G', 'G']
C63046321,['G', 'G', 'G']
C57498298,['G']
C01665841,['G', 'G', 'G', 'G']
C53167947,['O']
C00081475,['G', 'G', 'O']
C16857576,['G', 'G', 'G']
C39094503,['-']
C52924214,['G', 'G', 'G']
C53708044,['G', 'G', 'G', 'G']
C19616304,['-']
C39490710,['G', 'G', 'O', 'G']
C11606135,['G', 'G', 'G', 'G']
C60539475,['G', 'G', 'O', 'O', 'G', 'G', 'O']
C35294271,['G', 'G', 'O']
C06910759,['G', 'G', 'O', 'O', 'G', 'G']
C08614784,['-']
C62230031,['O', 'G', 'G']
C48603500,['G', 'G', 'G']
C43569028,['G', 'G']
CHEMBL601205,['G']
C40230155,['G', 'O', 'G', 'O']
C34937138,['G', 'O']
C54489023,['G', 'G', 'G']
C62702824,['G', 'G', 'G', 'O']
C43298919,['G']
C47150681,['G', 'G', 'G', 'G', 'O']
C50329080,['G', 'O']
C61121012,['G', 'G', 'G', 'G']
C20313787,['G']
C54241028,['G', 'G', 'G', 'O', 'G']
C50842369,['G']
C55334751,['O', 'G', 'O']
C00348248,['G']
C19504069,['G', 'G', 'G']
C41166506,['G', 'G', 'G']
C39059205,['-']
C36916195,['G', 'G']
C45216593,['G', 'G', 'G', 'G', 'G']
C42592006,['G', 'G', 'G']
C39132857,['G']
C50593908,['G']
C40882975,['G', 'G', 'O']
C35737808,['G', 'G', 'G']
C20256769,['O']
C35880360,['G', 'G']
C43658023,['G', 'G', 'G', 'G']
C62524795,['-']
C02575160,['O', 'O']
C43299609,['G', 'G', 'G']
C45891453,['G', 'G', 'G', 'G']
C61099977,['G', 'G', 'O']
C00084214,['-']
C50868407,['-']
C49913680,['G', 'G', 'G']
C37605950,['G', 'O']
C44181476,['G', 'G']
C51815922,['O', 'G', 'G', 'O']
C05224054,['O']
C01682788,['-']
C42335401,['-']
C37738384,['O', 'G', 'G', 'G']
C38097862,['G', 'G', 'O']
C61416777,['G', 'G']
C50325738,['G']
C40261316,['G', 'G']
C17286763,['-']
C35321926,['G', 'G', 'G', 'G']
C23420948,['G', 'G', 'G', 'G', 'G']
C48577049,['G', 'G', 'G', 'O', 'G', 'G']
C62529155,['G']
C51699018,['G', 'O']
C26512644,['G']
C40514179,['G', 'O', 'O', 'G', 'O', 'G']
C00105049,['G']
C41166113,['G', 'G', 'G', 'G']
C04291310,['G']
C09220788,['G']
C57877172,['G', 'G', 'G']
C19674919,['G', 'G', 'G', 'G']
C00109585,['G']
C37124107,['G', 'G', 'O']
C04086362,['G', 'G', 'O', 'O', 'O']
C34069152,['O', 'O']
C44154232,['-']
C36922560,['G', 'G', 'G']
C62395975,['G', 'O', 'O']
CHEMBL298006,['O', 'G', 'G']
C41770590,['O', 'G', 'G', 'G']
C20011467,['G', 'G', 'G', 'O']
CHEMBL92401,['O', 'G', 'G', 'G']
C00295489,['O', 'G', 'O']
C54159442,['G', 'G', 'G']
C05541664,['-']
C43656267,['G', 'G', 'G', 'G']
C02780204,['G', 'G', 'G', 'G', 'O']
C43444142,['O', 'O', 'G', 'G']
C40217281,['G', 'G']
C61518724,['G', 'G', 'G', 'G', 'O']
C04262096,['G']
C08729604,['G', 'G', 'G']
C24205037,['G', 'O']
C44230688,['G', 'G']
C57931770,['G']
C09927349,['G', 'O', 'G', 'O']
C06766529,['G', 'O', 'G', 'G', 'G']
C62536436,['-']
C04691790,['G', 'O']
C62537256,['G']
C43667349,['G']
CHEMBL552680,['O']
CHEMBL597372,['G', 'G', 'O', 'O', 'O']
C01581331,['-']
C02041562,['O']
C50425008,['G', 'G', 'G', 'O']
C39136014,['-']
C12769382,['G', 'G']
C38044513,['G', 'G', 'G', 'G']
C37687802,['O', 'O', 'G']
C35763898,['G', 'G', 'O']
C62152923,['-']
C39111538,['G']
C39123811,['G', 'G']
C14248896,['O', 'O', 'G']
C67046576,['G', 'G', 'G', 'O']
C49057534,['G', 'G', 'O']
C62800379,['G', 'G']
C19275589,['O']
C13222459,['-']
C39103124,['G']
C41644977,['G', 'G', 'G', 'G', 'G']
C61847313,['O', 'G']
CHEMBL10316,['G']
C38007946,['G', 'G', 'G']
C40545714,['G', 'G']
C00967484,['G', 'O', 'G']
C40236163,['G', 'G']
C38540659,['O']
C33638481,['-']
C54497164,['G', 'O', 'G']
C65358556,['G', 'G', 'G', 'O', 'G', 'G']
C40887051,['G', 'G', 'G']
C01848629,['G', 'G']
C39059089,['G']
C66297962,['G', 'O', 'G', 'G', 'G']
C40278950,['G', 'G', 'G', 'G']
C49576460,['G', 'G']
C43467688,['G', 'G']
C42865888,['G', 'G', 'G']
C50564062,['O']
C35295466,['G', 'O']
CHEMBL269073,['G']
C39111502,['-']
C14984902,['-']
C62778737,['G', 'G']
C11680546,['G', 'G', 'G']
C39294537,['G', 'G']
C39115551,['G', 'G', 'G']
C50329352,['G', 'G']
C62830765,['G', 'G', 'G', 'G', 'G']
C00126630,['G']
C62535060,['-']
C44977537,['G', 'O']
C40245152,['G', 'O']
C12865709,['G', 'G', 'G', 'G']
C45958252,['G', 'G', 'G', 'G', 'G']
C07666242,['G', 'O', 'G']
C39118688,['G', 'G']
C19845558,['O', 'G']
C36153606,['G']
C01394113,['O']
C26439165,['-']
C37787370,['O', 'G', 'G', 'G']
C62668341,['G', 'G', 'G']
C61365276,['G', 'O']
C51925450,['G']
C39730414,['G', 'G', 'G', 'G', 'G', 'G']
CHEMBL14210,['G', 'G', 'G']
C42118723,['G', 'G', 'G', 'G', 'G', 'G']
C24517570,['O', 'O', 'G', 'G']
C39506095,['-']
C14242766,['G', 'G', 'O', 'G']
C44595048,['O', 'G', 'G', 'G', 'G']
C04949407,['G', 'G', 'O', 'O', 'G']
C48675064,['G', 'G', 'G', 'G', 'G']
C45630262,['G', 'G', 'G', 'G']
C00376533,['G', 'G']
C00713272,['-']
C49952630,['G', 'G', 'G', 'O']
C62835788,['G', 'G', 'O', 'G', 'G']
CHEMBL267399,['-']
C37491075,['G', 'G']
C54829277,['G', 'G']
C39111501,['-']
C43304945,['G', 'G']
C52297920,['G', 'G']
C19883017,['G', 'G', 'G', 'G']
C61706247,['O', 'G', 'O']
C37180219,['O', 'G', 'G', 'G']
C39108900,['O']
C03163550,['G', 'G']
C38595219,['-']
C47965636,['G', 'G', 'O', 'G']
C41062363,['G', 'G']
C17174848,['-']
C23862348,['G', 'G', 'G']
CHEMBL274029,['G']
C24814945,['O', 'G', 'O', 'G', 'G']
C00387975,['O', 'O']
C06187759,['-']
C19783085,['G', 'G', 'O', 'G', 'G']
C48606346,['G', 'O']
C20177777,['G', 'G']
C40727664,['G', 'G']
C37353542,['G', 'G', 'G', 'G', 'G', 'G']
C62554375,['G', 'G', 'O', 'G', 'G', 'O']
C32011825,['G', 'G', 'G', 'G', 'G']
C38127546,['G', 'G', 'G']
C57709557,['G', 'O', 'G', 'G']
C24052754,['O', 'O']
C37555674,['G', 'G', 'G', 'G']
C62820678,['O', 'O']
CHEMBL488074,['G', 'G', 'G']
C19994001,['G', 'O', 'O', 'G']
C05227625,['G']
C50870362,['G']
C35603980,['G', 'O', 'G', 'G', 'G']
C52884612,['G', 'G']
C00967258,['-']
C32863645,['G', 'O', 'G']
C36683565,['G']
C02530824,['G', 'G', 'G']
C14588476,['G', 'G']
C44180519,['G']
C20217319,['G', 'G']
C01813573,['G', 'G', 'G', 'G', 'O']
C52902753,['G', 'O', 'G', 'G']
C41043376,['O']
C37429385,['G', 'G']
C00393016,['-']
C19882970,['G', 'G', 'G', 'O']
C51169371,['O', 'O']
C55303383,['G', 'G']
C24206125,['-']
C67172321,['O']
C34939711,['O']
C54714648,['G', 'G', 'O', 'G', 'G', 'G']
C34516209,['G']
C44257473,['G']
C51665439,['G', 'G', 'G']
C54715749,['G', 'G', 'G', 'O', 'G']
C39058744,['G', 'G']
C36916526,['G', 'G']
C62520026,['-']
C43560457,['G', 'G', 'O']
C08376656,['G']
C51960369,['G', 'G', 'G', 'G']
C58140929,['G', 'O', 'G', 'G']
C41204076,['G', 'G', 'O', 'O', 'G']
C41702166,['-']
C37745303,['G', 'G']
C49546584,['G', 'G', 'G']
C39113900,['-']
C50618533,['G', 'G', 'G']
C50227575,['G', 'G']
C48570569,['O']
C32009342,['G']
C23426254,['G', 'G']
C04729628,['O']
C51887778,['G', 'G', 'G']
C40537997,['-']
C37203291,['G', 'G', 'O']
C62801472,['G', 'G', 'G', 'G']
C40275130,['G', 'G', 'G', 'G']
C08725237,['G', 'G']
C63074223,['G', 'G']
C61862819,['O', 'G', 'G']
C62186359,['G', 'G', 'O', 'O', 'G']
C39051127,['-']
C67172153,['G', 'G']
C03224412,['O', 'G', 'G', 'G']
C61894976,['O', 'O', 'O']
C58854160,['G', 'G', 'G', 'O', 'O']
C37910035,['O']
C49811563,['G', 'G', 'G']
C14588461,['G']
C40883655,['G', 'G', 'G']
C38008685,['G', 'G', 'G', 'G']
C42404503,['G', 'G']
C50870194,['-']
C00171184,['G', 'G', 'G']
C34353676,['G']
C42135591,['G', 'G', 'G']
C67340278,['-']
C49715778,['G', 'O']
C00115185,['G', 'G', 'G']
C36458681,['G']
C62053820,['G', 'G']
C39094999,['-']
C52924179,['G', 'G', 'G', 'G']
C41204406,['G', 'G', 'G', 'G']
C39943561,['-']
C39581673,['G', 'G', 'O', 'O']
C38063620,['G', 'G']
C58377898,['G', 'G', 'G', 'G', 'G']
C62667734,['G', 'G']
C20507691,['G', 'G', 'G', 'G']
C20187914,['G', 'G', 'G', 'G', 'G']
C00039631,['G']
C58250268,['G', 'G', 'G', 'G', 'G']
C04344897,['G', 'G', 'G']
C42769726,['G', 'G', 'G', 'O']
C36928912,['G']
C62991471,['O']
C19470008,['G', 'O', 'G']
C40227773,['G', 'G']
C63042985,['G', 'G', 'G']
C36939173,['G']
C36870636,['G']
C42547457,['G', 'G', 'G', 'G']
C28199997,['G', 'G']
C39051729,['-']
C00162922,['G', 'G', 'G']
C00041544,['G', 'G']
C40883840,['G', 'G', 'O']
C41049505,['G', 'G', 'G']
C37883292,['G', 'G']
C00500117,['G', 'G', 'G', 'G', 'O']
C42591967,['O', 'G']
C42134473,['O', 'G']
C37470677,['-']
C39504963,['-']
C43679213,['O', 'G']
C36936002,['G']
C37939765,['O', 'G', 'G']
C65339337,['G']
C00085147,['G', 'G']
C22011278,['G', 'G']
C05455208,['G']
C44154579,['-']
C66568692,['O', 'G', 'G', 'G', 'G']
C22047360,['G', 'G', 'G']
C42444424,['G']
C04277339,['G']
C16546085,['-']
C42432325,['O', 'G', 'G']
C36252091,['G']
C54931925,['G', 'G', 'G']
C36820360,['O', 'G', 'G']
C53750802,['G', 'G', 'G', 'O']
C56412344,['G', 'G', 'O', 'G', 'O', 'G']
C51331240,['G', 'G', 'G']
C37852607,['G', 'G', 'G', 'G', 'G', 'G']
C60285916,['G', 'O']
C54792963,['G', 'O']
C20354408,['O']
C43539806,['G', 'G', 'G']
C66773346,['G', 'G', 'G', 'G', 'G']
C55003540,['G', 'O']
C65692066,['G', 'G', 'G', 'G']
C59933135,['O', 'G', 'G', 'G', 'G', 'G']
C61856583,['G', 'G']
C50103541,['G', 'O']
C61319817,['O', 'G', 'G', 'G', 'G']
C36437674,['G', 'G']
C04252973,['O', 'G', 'G', 'G']
C32108944,['G']
C48608176,['G', 'O', 'G']
C43498282,['O', 'G', 'G']
C65356250,['-']
C32158517,['G', 'O', 'O', 'O']
C39077586,['G']
C14588477,['G', 'G']
C41062364,['G', 'G']
C52884133,['O', 'G']
C01602040,['-']
C39134821,['O', 'O']
C39059368,['-']
C51815845,['G', 'G', 'G', 'G']
C61708337,['G', 'G']
C00442781,['G', 'G']
C42196428,['G']
C52269855,['G', 'G']
C39112420,['G']
C43666185,['G', 'G']
C61920852,['O', 'G']
C43759751,['G']
C01642199,['-']
C41136358,['G', 'G', 'O', 'G', 'G', 'G', 'G']
C62950840,['G', 'G']
C37468655,['G', 'G', 'G']
C54822725,['G', 'G', 'G']
C03426065,['G', 'G', 'G', 'G', 'G', 'G']
C52278882,['G', 'G', 'G']
C52276860,['G', 'G', 'G', 'G', 'G', 'G']
C39087437,['G', 'G']
C41542219,['G', 'G', 'O', 'G', 'O']
C01614439,['G', 'G']
C50869140,['G']
C22137058,['G', 'O', 'G', 'G']
C62334493,['G', 'G']
C44043015,['G', 'G', 'G', 'G']
C39088420,['G']
CHEMBL258420,['G', 'G', 'G']
C37560880,['G', 'G', 'O']
C52275561,['G', 'G', 'G']
C51663679,['G', 'G', 'O']
C50909968,['G', 'G']
C23069244,['G']
C41059861,['G', 'G']
C50103500,['G', 'G']
C39079526,['G', 'G']
C39506303,['O', 'G']
C50113537,['G', 'O', 'G']
C52313019,['G', 'G']
C05134470,['G']
C35287156,['G', 'G', 'G']
C19507139,['G', 'O', 'O']
C52288057,['O', 'G', 'G']
C57340637,['O', 'O']
C32142164,['-']
C37630993,['-']
C26545981,['G', 'G']
C49916350,['G', 'G', 'G', 'G', 'G', 'G']
C26647687,['O']
C13476782,['-']
C07699209,['G', 'G', 'O', 'G', 'G']
C04803997,['G', 'G']
C51927921,['G']
C05816960,['O', 'G', 'O']
C49396070,['O', 'G', 'O', 'G', 'O']
C39073629,['-']
C39103095,['G']
C12336608,['G']
C37738473,['G', 'G', 'G', 'G']
C11631971,['G']
C37863250,['G', 'G', 'G', 'G', 'G', 'G']
C54469010,['G', 'G', 'G', 'G', 'G']
C01728293,['G', 'O']
C49531278,['G', 'G', 'G', 'O', 'G']
CHEMBL607864,['G', 'G', 'O', 'G', 'G']
C04134977,['O']
C04195713,['G', 'O', 'O', 'G', 'G', 'G', 'G']
C37646240,['G', 'G', 'G', 'G', 'G']
C63818284,['G', 'G', 'G', 'G', 'G', 'G']
C40283269,['O', 'G']
C20475323,['G', 'G']
C20586405,['G']
C08180202,['O', 'G']
C36986579,['G', 'G', 'G', 'O']
C43640607,['G', 'G', 'G', 'G']
C40494223,['G', 'G', 'G', 'O']
C19930105,['G', 'G']
CHEMBL266221,['-']
C59319594,['O', 'G', 'O', 'G', 'G', 'G']
C65531134,['G']
C02806439,['O', 'G']
C43762116,['G', 'G', 'G']
C48628741,['O', 'G', 'G', 'G']
C08737763,['-']
C34187025,['-']
C50103542,['G', 'O']
C52154501,['G', 'G', 'G', 'G']
C44980703,['G', 'G']
C19783819,['G', 'G', 'G', 'O', 'G']
C22921651,['-']
C01084563,['G', 'G']
C50267075,['G', 'G', 'O']
C39079237,['G']
C38611995,['-']
C41092971,['O', 'G', 'G']
C36796692,['O', 'G']
C57836408,['O', 'O', 'G', 'G']
C43665447,['G', 'G']
C41059897,['G', 'G']
C37927287,['G', 'G', 'G', 'G', 'G']
C43496175,['O', 'G']
C50267118,['G', 'G', 'G', 'G']
C05092749,['G']
C19091170,['G', 'G', 'G']
C36901786,['G', 'G', 'O']
CHEMBL269538,['G']
C04384226,['G']
C37252803,['G', 'G', 'O']
C42728978,['G', 'G']
C52275172,['G', 'G', 'G']
C15445921,['-']
C62711492,['G', 'G', 'G', 'G']
C39053174,['-']
C62989678,['G']
C37999817,['O', 'G', 'G', 'G', 'G']
C00410372,['G', 'G', 'O', 'G', 'G', 'G', 'G']
C35655188,['G', 'G', 'G']
C40118348,['-']
C01754581,['G']
C16159532,['G']
C45366190,['G', 'G', 'G', 'G', 'O']
C44125005,['G', 'G']
C42546876,['G', 'G', 'O']
C48963035,['G', 'G', 'O']
C53336247,['G', 'G']
C01727902,['-']
C42543901,['G', 'G']
C36163655,['G', 'G', 'G']
C35653453,['G', 'O']
C17217400,['-']
C08709379,['G', 'G', 'G', 'G', 'G']
C00225043,['G']
C44383651,['G', 'G', 'O', 'G']
C39215827,['G']
C35677562,['G', 'G', 'G', 'O', 'O']
C53707650,['G', 'G', 'G']
C20208019,['G', 'G', 'G', 'G']
C61591321,['G']
C26377357,['G', 'O']
C43666484,['G', 'G', 'G']
C60716232,['G', 'G', 'G']
C43763191,['-']
C39078819,['-']
C34108091,['-']
C52224619,['G', 'O', 'O']
C19635461,['G', 'G', 'G', 'G']
C20376694,['G', 'G', 'G']
C41206417,['G', 'G', 'G', 'G', 'G']
C40886406,['G', 'G', 'O']
C39450331,['-']
C67647355,['G', 'G', 'G', 'G', 'G', 'O', 'O', 'G']
C13118929,['-']
C37901966,['G']
C15021660,['G']
C19707527,['G', 'O', 'G']
C19876381,['O', 'G', 'G']
C49716755,['G', 'G', 'G']
C00410309,['G', 'G']
C42546425,['G', 'G', 'G']
C51883980,['G', 'O', 'G']
C39114264,['G', 'O']
C35287151,['G', 'G']
C54822655,['G', 'O']
C29210935,['-']
C53298054,['O']
C50267074,['O', 'G', 'O']
C37755849,['G', 'G', 'G', 'G']
C20035915,['G', 'G', 'G', 'G']
C39134061,['G']
C52173792,['G', 'G', 'G', 'G']
C61989378,['G', 'G', 'G', 'G', 'G']
C41213148,['G', 'O', 'O', 'G']
C15781144,['-']
C50845336,['G', 'G']
C43461728,['G']
C57218448,['G']
C51042472,['O', 'O']
C50972614,['O', 'G', 'G']
C53780111,['G', 'O', 'G']
C51887733,['G', 'G', 'G']
C43497256,['G', 'G', 'G']
C63067781,['G', 'O']
C53203451,['G', 'G', 'G', 'G', 'G']
C54433294,['G', 'G']
C02510903,['-']
C20223266,['G', 'G', 'G', 'G']
C38124744,['G', 'G']
C62830810,['G', 'G', 'G', 'G']
C53204336,['G', 'G']
C50267121,['G', 'G', 'G', 'O']
C01764697,['G', 'O']
C43569623,['G', 'G']
C31455621,['G', 'G', 'G', 'G']
C41289527,['G', 'O']
C53779977,['G', 'G', 'G', 'G', 'G']
C38046431,['G', 'O', 'O', 'G']
C47913074,['G']
C39505167,['O', 'G']
C37624721,['-']
C54822679,['G', 'G']
C54472726,['G', 'G', 'G', 'G', 'G']
C62521336,['-']
C51887289,['O', 'G', 'G']
C52224639,['G', 'G', 'O']
C65356344,['G', 'O']
C35252200,['G', 'G', 'O', 'G']
C53783780,['G', 'G', 'G', 'G']
C41059616,['G']
C01725253,['G', 'G', 'O']
C54556909,['G', 'G', 'G', 'G']
C52811975,['G', 'G']
C66638207,['G', 'G', 'G', 'O', 'G']
C62990302,['G', 'G']
C57127433,['G', 'O', 'O', 'O']
C39132654,['-']
C05104868,['-']
C34961311,['G', 'G', 'G', 'G', 'O']
C21071211,['G', 'G', 'G', 'O']
C49102740,['G', 'G', 'O', 'G', 'G', 'G']
C49813157,['G']
C42451427,['G', 'G']
C62990972,['G', 'G']
C44481727,['G', 'G', 'G']
C50158165,['G', 'G', 'O', 'G']
C43720529,['G', 'G', 'G', 'O', 'G', 'G']
C48816742,['G', 'O']
C05500372,['-']
C19783413,['G', 'G', 'G', 'G']
C39116096,['G', 'G', 'G']
C52836092,['G', 'G']
C20084377,['G', 'G', 'G']
C61441529,['G', 'G']
C54591046,['G', 'G', 'G', 'G']
C34448161,['G']
C40887157,['G', 'G', 'G', 'G']
C54497038,['G', 'O']
C01561902,['G', 'G', 'G', 'G']
C03732274,['G', 'G']
C36916313,['G', 'G']
C05410329,['-']
C63038809,['G', 'O', 'G', 'G']
C52632419,['G', 'O', 'G', 'G', 'G']
C37242338,['G', 'G', 'G', 'G']
C41644954,['G', 'O', 'G', 'G']
C29468496,['G', 'O', 'G', 'G', 'G', 'G']
C51849027,['G', 'G']
C55031154,['G', 'G', 'G', 'G']
C54291055,['O', 'G', 'G']
C52177107,['G']
C41262821,['G', 'G']
C61640745,['G', 'G', 'G']
C33487167,['G']
C50338976,['G', 'G', 'G']
C39132651,['-']
C43471847,['O', 'G', 'G']
C30750766,['O', 'G', 'G']
C20257431,['G', 'G']
C37755924,['G', 'G', 'G']
C43539844,['G', 'G', 'G']
C28649463,['G', 'G']
C62721965,['O', 'O']
C63075199,['-']
C59924882,['G', 'G']
C02144805,['-']
C14593153,['G', 'G']
C39105492,['G', 'G']
C19473169,['G', 'G']
CHEMBL39537,['-']
C39094879,['-']
C37946906,['G', 'G', 'G', 'O']
C66055363,['G']
C40926242,['G', 'G', 'G']
C19881175,['G', 'G', 'G', 'G']
C41289522,['G', 'O']
C58826191,['G', 'G']
C11727759,['G']
C39134120,['-']
C50563103,['G', 'O']
C62520767,['O', 'G']
C54218754,['G', 'G']
C39133876,['-']
C52170925,['G', 'G', 'G', 'G', 'G']
C39506111,['G', 'G']
C62941347,['G', 'G']
C08294415,['O', 'O', 'G', 'O', 'G', 'G']
C50520591,['G', 'G', 'G', 'G']
C48286639,['G', 'G', 'G', 'O', 'G']
C01492250,['O']
C05688339,['G', 'G']
C35080300,['O']
C62990519,['O']
C42545483,['G', 'G']
C15515754,['G']
C54591498,['G', 'G', 'G', 'O']
C44322562,['G', 'G', 'G', 'G', 'G']
C53818489,['G', 'G', 'G']
C44043853,['G', 'G']
C03735117,['G']
C42925221,['O', 'G', 'G', 'G']
C52275025,['G', 'G', 'G']
C61522192,['G', 'G', 'G', 'O']
C62152580,['G', 'G']
C54826397,['G', 'G']
C15767220,['-']
C34140511,['G', 'G']
C62779164,['G', 'G']
C63411431,['G', 'G']
C52813841,['G', 'O']
C37471886,['G', 'G', 'O']
C02019563,['-']
C39523339,['G', 'G']
C28866014,['G']
C04721135,['O', 'G']
C39080313,['G']
C45136713,['G']
C53297947,['O']
C39077667,['-']
C42544037,['G', 'G', 'G']
C01718557,['O', 'G']
C38043876,['G', 'G', 'G', 'G']
C20317268,['O']
C40216326,['O', 'G', 'G']
C42398449,['G', 'G', 'G']
C35428601,['G', 'G', 'G']
C55343146,['G']
C01581211,['-']
C00033631,['O']
C01562888,['-']
C65387372,['G', 'G', 'O', 'G', 'G']
C62990303,['O', 'G']
C39113987,['G', 'G', 'G', 'G']
C37241988,['G', 'O']
C41114438,['O', 'G', 'G']
C05306055,['-']
C52270039,['G', 'G', 'G', 'G']
C54768778,['G', 'G', 'O']
C62450891,['G', 'G', 'G', 'G']
C63772263,['G']
C41051488,['G', 'G', 'G', 'O']
C48088413,['G', 'G', 'G', 'G']
C43220628,['O', 'G']
C62716654,['G']
C35239386,['G', 'G']
C62097619,['G', 'G', 'G', 'G']
C37737943,['G', 'G', 'G']
C19479334,['G', 'G']
