CHEMBL160038,['G', 'G', 'G', 'G']
CHEMBL1091982,['G', 'G', 'G', 'G', 'G', 'G', 'O', 'G']
CHEMBL355017,['G']
CHEMBL168276,['G', 'G']
CHEMBL169926,['G', 'G', 'G', 'G']
CHEMBL169891,['G']
CHEMBL169033,['G', 'G']
C35442235,['G', 'G', 'G', 'G', 'G']
CHEMBL1244,['G', 'G']
CHEMBL350927,['G', 'G', 'G', 'G']
C13346784,['G', 'O', 'G', 'G', 'G', 'G', 'G', 'G', 'G', 'G']
CHEMBL355402,['O', 'G']
C20878964,['G', 'O', 'O', 'O', 'O', 'O', 'G', 'G']
C00778710,['G', 'G', 'G', 'G', 'O', 'G', 'G']
C40684724,['G', 'O', 'G', 'G', 'G', 'G', 'G']
C61564887,['G', 'O', 'O', 'G']
C39722778,['G', 'G', 'G', 'G', 'G', 'O', 'G']
C13211073,['O', 'O', 'G', 'O', 'O', 'G']
C40613349,['G', 'O', 'G', 'O', 'G', 'G']
C51749553,['G', 'G', 'O', 'O']
C00047312,['G', 'G', 'O']
C40612822,['O', 'G', 'O', 'G', 'G']
C05626426,['G', 'O', 'G', 'G']
C04344965,['G', 'O', 'G', 'O', 'G']
C62960148,['G', 'O', 'G', 'G', 'O']
C13355585,['O', 'G', 'O', 'G', 'G', 'G']
C04718528,['G', 'G', 'O', 'G']
C13363497,['G', 'G', 'G', 'G', 'G', 'G', 'G']
C00036753,['G', 'G', 'G', 'O', 'G', 'G']
CHEMBL353012,['G', 'G', 'O', 'G', 'O']
C33011494,['G', 'G', 'G']
CHEMBL1089504,['G', 'O', 'G']
CHEMBL8649,['G', 'G', 'G', 'G', 'G', 'G', 'G']
C13350534,['G', 'G', 'G', 'G', 'G', 'G', 'G']
C15786594,['G', 'G', 'G', 'O', 'G', 'G', 'O', 'G']
CHEMBL953,['G', 'G', 'O', 'G', 'G', 'O']
CHEMBL168389,['O', 'G', 'G', 'O']
C65348897,['G', 'O', 'G']
C61119612,['G', 'G', 'O', 'G', 'G']
C13355220,['G', 'G', 'G', 'G', 'G', 'G', 'G', 'G']
C28381498,['G', 'G', 'G', 'G', 'G', 'G']
C51750050,['G', 'O', 'G', 'G', 'O']
C13218646,['G', 'G', 'G', 'G', 'G', 'G']
C13270273,['G', 'G', 'O', 'G', 'G', 'O', 'G']
C66111319,['G', 'O', 'G', 'G']
C62828835,['O', 'O', 'G', 'G']
C40577398,['G', 'G', 'G', 'G', 'G', 'G']
C61881294,['O', 'G', 'G', 'G']
C40604407,['G', 'G', 'O', 'O', 'G']
CHEMBL169465,['G']
C20588428,['G', 'G', 'G', 'O', 'G', 'G']
C40572012,['G', 'G', 'G', 'O', 'G']
C62136656,['O', 'G', 'G', 'O', 'O']
C02705114,['G', 'G', 'G', 'G']
C19504821,['O', 'G', 'G', 'G']
CHEMBL1089503,['G', 'G']
C35287484,['G', 'G', 'G', 'G']
CHEMBL265218,['G', 'G', 'G', 'O']
C09306033,['G', 'G', 'G', 'G', 'O', 'G', 'G', 'G', 'O', 'G']
C19826889,['G', 'G', 'G', 'G', 'O']
C61563753,['G', 'G', 'O', 'G']
C13266368,['G', 'G', 'O', 'G', 'G', 'G', 'G', 'G']
C19504823,['O', 'G', 'G', 'G']
C20303769,['G', 'G', 'G', 'G', 'G']
C13077393,['G', 'G', 'G', 'G', 'G', 'O']
C62136378,['G', 'O', 'G', 'G', 'O']
C40538521,['G', 'G']
C27519211,['G', 'O', 'G', 'G']
C62136713,['G', 'G', 'G', 'G', 'O']
CHEMBL167172,['G', 'G', 'G']
C33932553,['O', 'G', 'G', 'G', 'O']
C62135235,['G', 'G', 'G', 'G', 'G', 'O']
C13452374,['G', 'G', 'G', 'G', 'G', 'G', 'G', 'G', 'G']
C52142871,['G', 'G', 'G']
C52296233,['G', 'G', 'O', 'G', 'G', 'O']
C34778793,['G', 'G', 'G', 'G', 'G', 'G', 'G']
C12879820,['G', 'O', 'O']
C40888650,['G', 'O', 'G', 'G', 'G', 'G', 'G', 'G']
C62136023,['G', 'G', 'O', 'G', 'G', 'O']
C04543154,['G', 'G', 'G', 'G']
C62136540,['G', 'O', 'G', 'G', 'O']
C13077673,['O', 'G', 'G', 'G', 'G']
C13077814,['O', 'G', 'G', 'G', 'G', 'G']
C13394189,['G', 'G', 'O', 'G', 'G']
C01442820,['G', 'G']
C05625938,['G', 'G', 'G']
C49526965,['G', 'G', 'G', 'G']
C13077776,['O', 'G', 'G', 'G', 'G', 'G']
C26482313,['O', 'G', 'G']
C61564789,['O', 'G', 'G', 'O', 'O', 'G']
C49125791,['G', 'G', 'O', 'G']
C50927518,['G', 'G', 'O', 'G', 'G', 'O']
C20318329,['G', 'G', 'O', 'G']
C36795563,['G', 'G', 'G', 'G', 'O', 'G', 'G', 'O']
C62757308,['G', 'O']
C62134970,['G', 'O', 'G', 'G']
C42584166,['G', 'G', 'G', 'G']
C49526953,['G', 'G', 'G', 'G']
C40576155,['G', 'G', 'G', 'G', 'G', 'G']
C37742213,['G', 'G', 'G', 'G', 'O', 'O']
C62135229,['G', 'G', 'G', 'O']
C40684927,['O', 'O', 'G', 'G', 'G', 'G', 'G']
C63374418,['G', 'G', 'O', 'G']
CHEMBL167055,['O', 'G', 'G', 'O']
CHEMBL170549,['G', 'G']
C13052486,['G', 'G', 'G', 'O', 'G', 'G', 'G', 'G']
C13077677,['O', 'G', 'G', 'G', 'G']
C62117221,['G', 'G', 'O']
C22158235,['G', 'G', 'G', 'G']
C43707023,['G', 'G', 'G', 'O', 'O']
C62136413,['G', 'G', 'G', 'G', 'G', 'G', 'G', 'O']
C37297100,['G', 'G', 'O', 'O']
C13060319,['G', 'G', 'G', 'G', 'G', 'G', 'G', 'G']
C49527384,['G', 'G', 'G', 'O', 'G', 'O']
C20615023,['G', 'G', 'G', 'G', 'G', 'G']
C50930956,['G', 'G', 'O', 'G', 'G', 'O']
C26548034,['G', 'G', 'O', 'G']
C13077273,['O', 'G', 'G', 'G', 'G', 'G']
C43707320,['G', 'G', 'G', 'G', 'O', 'O']
C36360805,['O', 'G', 'O', 'G', 'O', 'G']
C39117866,['O']
C06474002,['O']
C66134112,['G', 'G', 'O', 'G', 'G']
C32302958,['-']
C62943179,['G', 'G', 'G', 'G', 'G']
C61592003,['G', 'G', 'G', 'G', 'G']
C00160673,['O']
C10296102,['G', 'G', 'G']
C55313764,['G', 'G', 'G', 'O', 'G']
C42397221,['G', 'G', 'O', 'O', 'O']
C19981335,['G', 'G', 'G', 'G', 'O', 'O']
C06786188,['G', 'G', 'G', 'G']
C43369992,['G', 'G', 'O', 'O']
C34566998,['G', 'O', 'G']
C35096283,['G', 'O', 'G', 'G', 'G']
C26422162,['O', 'G']
C26443394,['G']
C62136224,['G', 'O', 'O', 'O', 'O']
C40495075,['G', 'G', 'G', 'O', 'O']
C22607779,['G', 'O', 'O', 'G', 'O', 'G']
C36756822,['G', 'G', 'G', 'G']
C57952447,['O']
C66587734,['G', 'G', 'G']
C19638961,['G', 'G', 'O', 'G', 'G']
C62268173,['G', 'G', 'G']
C00979420,['G', 'G', 'O', 'G']
C62134685,['O', 'G', 'G', 'G', 'O']
C62135677,['G', 'G', 'O']
C11804376,['-']
C62134747,['G', 'G', 'G', 'G', 'O']
C67540515,['G', 'G', 'O', 'G']
C32099067,['G', 'G', 'G', 'G', 'O']
C26506723,['-']
C13353568,['G', 'G', 'G', 'O', 'G', 'G', 'G', 'G']
C19981741,['G', 'G', 'O', 'O']
C35425206,['G', 'G', 'G', 'G', 'G']
C13110826,['G']
C37102107,['G', 'G', 'O', 'G']
C37788903,['G', 'G', 'G', 'G', 'O']
C41289783,['G', 'G', 'O', 'G', 'G', 'O', 'O']
C07344346,['O', 'G', 'O']
C37913549,['G', 'G', 'G', 'G']
C42434266,['G', 'O', 'G', 'O']
C19872424,['O', 'O', 'G', 'G']
C26443445,['G']
C01022131,['G']
C62220687,['G', 'G', 'O', 'G', 'G', 'G', 'G', 'G', 'G']
C18199669,['G', 'G']
C67125875,['G', 'O', 'G', 'G', 'G', 'O']
C62933277,['G', 'G', 'G', 'G', 'G', 'G']
C12374474,['O', 'O']
C20306995,['G', 'G', 'G', 'G']
C13275307,['G', 'G', 'G', 'G', 'G', 'G', 'O', 'G']
C52296239,['G', 'G', 'O', 'G', 'G', 'O']
C60122315,['O']
C05484088,['G', 'O', 'O']
C15080588,['G', 'G']
C16776872,['-']
C37655477,['G', 'G', 'O']
C42320343,['G', 'G', 'G']
C62750032,['O', 'G']
C39124547,['O']
C54599852,['G', 'G']
C00288910,['G', 'G', 'G', 'G', 'G']
C38818985,['G', 'G', 'O']
C04249909,['G', 'G', 'O', 'G', 'G', 'G']
C02039263,['G']
C13346287,['G', 'O', 'O', 'O', 'G', 'G', 'G']
C62826466,['G', 'G', 'G', 'O', 'G']
C52209153,['G', 'G', 'G', 'O']
C61591752,['G', 'G', 'O', 'G', 'G']
C39794002,['G', 'G', 'G', 'O', 'G', 'O', 'G']
C19853627,['G', 'G', 'G', 'G']
C52258129,['O', 'G']
C49012548,['G', 'G', 'G', 'G']
C13303561,['G', 'G', 'O', 'G', 'O', 'G']
C00131354,['O']
C00157499,['G']
C39789524,['G', 'G', 'O', 'G']
C40659857,['O', 'G', 'G', 'G']
C44928794,['G', 'G', 'G', 'O']
C44510383,['G', 'G', 'G', 'G']
C48858617,['O', 'G', 'O', 'O']
C42176961,['G', 'G', 'O', 'O']
C44881738,['G']
C54188874,['G', 'G']
C36778173,['G', 'G']
C66741202,['G', 'G']
C45946192,['G', 'G', 'G', 'O']
C54524139,['O', 'G', 'G', 'O', 'O']
C13044497,['G', 'G', 'G', 'G', 'G', 'G', 'G', 'G', 'G', 'G']
C05641864,['O']
C61957860,['G', 'O', 'G']
C62398439,['O', 'G', 'G']
C50566905,['O', 'G', 'G', 'O', 'G']
C61709452,['O', 'G', 'G']
C41599828,['G', 'G', 'O', 'G', 'O']
C06250133,['O', 'G', 'G']
C23872779,['G', 'G', 'G', 'G', 'G', 'G']
C13418212,['G', 'G', 'G', 'G', 'G', 'G']
C15021048,['G', 'G']
C42870632,['G', 'O', 'G', 'G', 'G', 'O']
C36227087,['G', 'O', 'G', 'G']
C35734739,['G', 'G', 'G', 'G', 'G']
C39224453,['G', 'O', 'G', 'G']
C42240049,['G', 'G', 'G', 'G']
C50545402,['O', 'O', 'G', 'G']
C49441851,['G', 'O', 'G', 'G']
C48732910,['G', 'G', 'G']
C61844998,['G', 'G', 'G']
C45648492,['G', 'O', 'G', 'G', 'G', 'G', 'O']
C49123893,['G', 'G', 'G', 'G', 'G', 'O']
C05583015,['G']
C13394271,['G', 'G', 'G', 'G', 'G']
C62136474,['G', 'G', 'G', 'G', 'O']
C40458215,['G', 'G', 'G', 'G', 'G', 'O']
C01647263,['O', 'G']
C61486893,['O', 'O', 'G', 'G']
C42582660,['G', 'G', 'G', 'G']
C15732572,['G', 'O', 'G', 'G', 'G', 'G', 'O']
C43828367,['-']
C45688876,['G', 'G', 'G', 'G', 'G', 'G', 'G']
C39459895,['G']
C09041660,['O', 'G', 'O']
C19936245,['G', 'G']
C66134732,['G', 'G', 'G', 'G', 'G']
C62135308,['O', 'O', 'O']
C19981621,['G', 'G', 'G', 'G', 'O', 'O']
C60244160,['G', 'G', 'G', 'G', 'G', 'G', 'G']
C37794449,['G', 'O', 'G', 'G', 'O']
C50930138,['O', 'G', 'G', 'O', 'G', 'G', 'G']
C61448755,['G', 'O']
C60059172,['G', 'O', 'G', 'O']
C65362322,['G', 'O', 'G', 'G']
C44319947,['G', 'G', 'O', 'G', 'G', 'G', 'G']
C40448472,['-']
C02990683,['G', 'G', 'G', 'G', 'G']
C44428260,['G', 'G', 'O', 'G', 'G', 'O']
C45139096,['G', 'G', 'O', 'O']
C52258982,['G', 'O', 'G']
C02584328,['G']
C24272801,['G', 'G', 'O', 'O', 'G', 'G', 'G']
C42165024,['G', 'G', 'O', 'G', 'O']
C00124410,['G', 'O']
C06556522,['G']
C34448790,['G']
C06062900,['O', 'G']
C39410165,['G', 'O', 'G']
C63374423,['G', 'G', 'G', 'G']
C51170657,['G', 'G']
C20216652,['G', 'G', 'O', 'G']
C62136541,['G', 'O', 'G', 'G', 'O']
CHEMBL167054,['O', 'G', 'G']
C13049482,['G', 'G', 'G', 'G', 'G', 'G', 'G', 'G', 'G']
C13245443,['G', 'O', 'G', 'O', 'G', 'G', 'G', 'G', 'O']
C37461034,['G', 'O', 'G', 'O']
C49534005,['G', 'O', 'O']
C36948373,['G', 'G', 'O', 'O']
C19580896,['G', 'G', 'G', 'G', 'G', 'G']
C44930306,['G', 'G', 'G', 'G', 'G']
C11905852,['G', 'O', 'O']
C37102033,['G', 'O', 'O', 'G']
C62134870,['G', 'G', 'G', 'G', 'O']
C50222482,['G', 'G', 'G']
C45823874,['O']
C49252926,['G', 'O', 'G']
C50711909,['G', 'G', 'O', 'O']
C49864835,['G', 'G', 'G', 'O', 'G', 'G']
C62827646,['G', 'G', 'G', 'G', 'G']
C33413642,['G', 'G', 'O', 'G']
C06482356,['G', 'G', 'O']
C37516650,['O', 'G', 'G', 'G', 'O']
C49543226,['G', 'G', 'G', 'G', 'G', 'G']
C44933014,['G', 'G', 'G', 'O']
C67235281,['G', 'O', 'G', 'G', 'G', 'G', 'G', 'G', 'G', 'G', 'G']
C40620878,['O', 'O', 'G', 'G', 'O']
C66623338,['G', 'G', 'O', 'G', 'G', 'G']
C00814806,['G', 'G', 'G', 'G', 'O', 'G']
C13346832,['G', 'G', 'G', 'G']
C18046806,['G']
C37516684,['O', 'O', 'O']
C19872471,['G', 'O', 'O', 'G']
C61935120,['G', 'G', 'G', 'G', 'G']
C54524199,['G', 'O', 'G', 'G', 'O', 'O']
C37461294,['G', 'G', 'G', 'G', 'O']
C59435193,['G', 'G', 'G', 'O']
C62136026,['G', 'G', 'O', 'G', 'G', 'O']
C05197306,['G', 'G', 'G']
C57314574,['G', 'G', 'O', 'G', 'O']
C61705710,['G', 'G', 'G']
C63215569,['G', 'G', 'G', 'G', 'G']
C37296838,['O', 'O', 'O', 'O']
C44712650,['G']
C64890991,['G', 'O', 'G', 'G', 'G', 'G']
C36625066,['G']
C05019339,['G', 'G', 'G']
C47292149,['G', 'G', 'G']
C12341766,['G', 'O']
C36393853,['G', 'G', 'G', 'O']
C62135285,['O', 'G', 'G', 'G', 'O']
C62922083,['G', 'G', 'G', 'G', 'G', 'G']
C62826496,['G', 'G', 'G', 'O', 'G']
C61591283,['G']
C12842182,['O', 'G', 'O', 'G', 'G', 'G']
C40539342,['G', 'G']
C63216373,['G', 'G', 'G', 'G', 'G', 'G']
C29339578,['G']
C50215365,['G', 'G', 'G', 'G', 'G', 'G', 'G']
C58035989,['G', 'G', 'G']
C37629955,['G', 'G']
C33286441,['G', 'G', 'G']
C55856208,['G', 'O', 'G', 'G', 'G', 'G', 'G', 'G']
C11801067,['O', 'G', 'G', 'G', 'G', 'G', 'G']
C13346012,['G', 'O', 'G', 'O', 'G', 'G']
C63048877,['G', 'G', 'G']
C62136481,['G', 'G', 'G', 'G', 'O']
C42816202,['G', 'G', 'G', 'G', 'O']
C37795235,['G', 'G', 'G', 'G', 'G']
C37866856,['G', 'G', 'G']
C00351357,['G', 'G', 'G']
C44376284,['G', 'O', 'O']
C20581732,['G', 'G']
C26575932,['G', 'G', 'G', 'G', 'G']
C67652106,['O', 'G', 'O']
C36366037,['G', 'G', 'G']
C61591125,['G']
C03946747,['G', 'O', 'O']
C37102184,['G', 'G', 'O', 'G']
C13285290,['O', 'O', 'G']
C39113078,['G', 'G', 'G']
C21948876,['O']
C45946438,['G', 'G', 'G', 'G', 'G', 'G']
C29680281,['G', 'O', 'G', 'O', 'G', 'G', 'G']
C50223729,['G', 'O', 'G']
C19093798,['O', 'G', 'G']
C12112599,['O', 'G', 'G']
C42375785,['G', 'G', 'G', 'G', 'O']
C36965141,['G', 'G', 'G', 'G', 'G', 'O', 'G', 'G', 'O']
C20253617,['O', 'G', 'G', 'G']
C39291617,['G']
C54530349,['G', 'G', 'G', 'G']
C00377213,['G', 'O']
C50711883,['G', 'O', 'O']
C40648338,['G', 'O', 'G', 'G', 'O']
C37867189,['G', 'G', 'G', 'O', 'G']
C01385570,['G', 'G', 'O']
C17376063,['G']
C50214375,['G', 'G', 'G', 'G', 'G', 'G', 'G']
C37102043,['G', 'G', 'G', 'G']
C45928501,['G', 'O', 'G', 'G']
C19428842,['G', 'G', 'O']
C12545661,['G', 'G', 'G', 'G', 'G']
C51073152,['G', 'G', 'G', 'G', 'G']
C12521197,['G', 'G', 'G', 'O', 'G', 'G']
C42397206,['G', 'O', 'O', 'O', 'O']
C40621380,['G', 'O', 'G', 'G', 'O']
C36243878,['O', 'G']
C13261281,['G', 'G', 'G', 'G', 'G', 'G']
C20395971,['G', 'G', 'G', 'G', 'G', 'O']
C09447957,['G', 'G', 'G', 'G', 'G', 'G', 'G']
C61121396,['G', 'O', 'G', 'O']
C41062976,['O', 'G', 'O']
C00291926,['G', 'G', 'O', 'G', 'G']
C44241576,['O']
C37102141,['G', 'G', 'O', 'G']
CHEMBL166486,['G', 'G']
C36724222,['G', 'G', 'G', 'O', 'G', 'G']
C36155875,['O', 'G', 'G', 'G', 'G', 'G']
C22506840,['G', 'G', 'G', 'G', 'O', 'G', 'O', 'O']
C39463854,['G', 'G']
C41629145,['O', 'G', 'G', 'G']
C06044697,['G', 'G', 'O', 'G', 'G', 'G', 'G']
C49934299,['G', 'G', 'O']
C20827823,['G', 'G', 'O']
C22112198,['G', 'G', 'G']
C49043273,['G', 'G', 'G', 'G', 'O']
C62295507,['G', 'G', 'G']
C04897340,['G', 'G', 'G']
C37312900,['G', 'G', 'G', 'G']
C15423866,['O']
C58836868,['G', 'G', 'G', 'G', 'O']
C43705680,['G', 'G', 'G', 'O', 'O']
C62135602,['O', 'O', 'G', 'G', 'O', 'O']
C49425835,['O', 'G', 'G', 'O', 'G', 'G', 'G', 'G']
C37605858,['G', 'O', 'O', 'G']
C02685054,['G', 'G', 'G', 'G', 'G', 'G']
C06783100,['G', 'G', 'G', 'G']
C49252929,['G', 'G', 'G']
C51721368,['G', 'O', 'O', 'O']
C13261250,['G', 'G', 'G', 'G', 'G', 'G']
C06322637,['G', 'O']
C62767291,['G', 'O', 'O']
C63822377,['G', 'G', 'G', 'O', 'G', 'G']
C13526453,['G', 'O']
C35734149,['O', 'G', 'G', 'O', 'O']
C35320671,['G', 'G', 'G']
C50919458,['G', 'O']
C02827029,['G']
C24966762,['G', 'G', 'G', 'G', 'G']
C62767214,['G', 'G', 'O', 'O']
C04987582,['G', 'G', 'G', 'O']
C03888563,['G', 'G']
C18222203,['G', 'G']
C13945119,['G', 'G', 'G', 'G']
C58236673,['G', 'G', 'G', 'O', 'G', 'O', 'G', 'G', 'G']
C13416488,['G', 'G', 'O', 'G', 'G', 'G', 'G', 'G']
C35684765,['G', 'G', 'G', 'G', 'G', 'G']
C62117575,['G', 'G', 'G', 'O']
C62954602,['G', 'G', 'G']
C11802314,['G']
C62220667,['G', 'G', 'G', 'G']
C13171872,['G', 'G', 'G', 'G', 'G', 'G', 'G']
C23872839,['G', 'G']
C54401758,['G', 'G', 'G', 'G', 'G', 'G']
C05936189,['O']
CHEMBL355736,['G', 'G']
C54967334,['-']
C23628280,['G', 'G', 'G', 'G', 'G', 'G']
C02386598,['G', 'G', 'G', 'G', 'O']
C06331631,['G', 'G', 'G', 'G', 'G', 'G', 'G']
C37326221,['G', 'G', 'G', 'O']
C42145113,['O', 'G', 'O', 'G', 'O']
C58291451,['G', 'G', 'G', 'O', 'G', 'G', 'O', 'O', 'G']
C63831543,['G', 'O']
C13942883,['G', 'O', 'O', 'O']
C62922039,['G', 'G', 'G', 'G', 'G']
C37200954,['O', 'O', 'G']
C47705926,['G', 'G', 'G', 'G', 'G', 'G', 'G']
C37913510,['G', 'O', 'O', 'O']
C37312913,['G', 'G', 'G', 'G']
C44926178,['G', 'G', 'G']
C66740086,['G', 'O']
C60362172,['G', 'G', 'O', 'G', 'G']
C40286337,['G', 'G', 'G']
C02034665,['-']
C54081385,['G', 'G', 'G', 'O']
C50268780,['G', 'G', 'O', 'O']
C67609662,['O', 'G', 'G', 'G', 'G', 'G', 'G']
C37257369,['G', 'O', 'O']
C33324858,['G', 'G', 'G', 'G', 'G', 'O']
C62427620,['G', 'G']
C58283812,['G', 'G', 'G', 'G', 'G', 'G', 'G']
C20217005,['G', 'O']
C44925360,['G', 'G', 'G', 'G']
C48988639,['G', 'G', 'O', 'O', 'G', 'O']
C61117856,['G', 'G', 'G', 'G']
C37731898,['G', 'G', 'G', 'G']
C66249268,['G', 'G', 'G', 'G', 'G', 'G', 'G']
C44225444,['O']
C44886231,['G', 'G', 'G', 'O', 'G', 'G']
C41460630,['G', 'G', 'G']
C31664662,['G', 'G', 'G', 'G', 'G', 'G', 'G']
C08652229,['-']
C61591593,['O']
C45648704,['O', 'O', 'G', 'G', 'G']
C28911227,['G', 'G', 'G', 'G', 'O', 'G']
C66496921,['G', 'G', 'O']
C67163678,['G', 'G', 'G', 'G', 'G', 'G', 'O', 'G', 'G', 'G']
C44298682,['G', 'G', 'G', 'G', 'G', 'O', 'G', 'G', 'G']
C35732605,['O', 'G', 'O']
C00124803,['G', 'G']
C31854575,['G', 'O', 'O']
C06318946,['G', 'G', 'O', 'G', 'G', 'G', 'G']
C48250670,['O', 'G', 'G', 'G', 'G']
C06192179,['O', 'O']
C04126356,['G', 'O', 'O', 'G']
C19435244,['O', 'G', 'O']
C37015509,['G', 'O', 'O', 'G']
C19981918,['O', 'O', 'G', 'O', 'G', 'O']
C39232840,['O', 'G', 'G', 'O', 'G', 'G', 'O', 'G']
C51393977,['O', 'G', 'G', 'O']
C05214525,['O', 'G', 'G', 'G']
C22145936,['G', 'O']
C36948313,['G']
C62117335,['G', 'G', 'O', 'O']
C60380407,['G', 'G', 'G', 'G', 'G', 'G']
C44927378,['G', 'G', 'G', 'O']
C38056575,['G', 'G', 'G']
C50922848,['G', 'G', 'O', 'G', 'G', 'O']
C39111540,['G']
C04336053,['G', 'O']
C37675557,['G', 'G', 'G', 'O', 'G']
C12930003,['G', 'G', 'G', 'G', 'G', 'G', 'G', 'G']
C44883917,['G', 'G', 'O']
C36153671,['G', 'O', 'G']
C65323233,['G', 'G', 'O', 'G', 'G', 'G', 'G']
C56926423,['G', 'G', 'G', 'G', 'G', 'O', 'G']
C37675531,['G', 'G', 'G', 'G']
C62778751,['G', 'G']
C05480490,['G', 'G', 'G', 'G', 'G', 'O']
C44923505,['G', 'G', 'G', 'G']
C54336370,['G', 'O', 'O', 'G', 'O']
C19676532,['O', 'O', 'G']
C06398432,['G', 'O', 'O', 'G']
C05825346,['-']
C05144190,['G', 'G', 'G', 'G', 'O', 'O']
C12391741,['G', 'O', 'G']
C49542704,['G', 'G', 'G', 'O', 'G']
C66890202,['G', 'G', 'G', 'G', 'O', 'G', 'G', 'G', 'G']
C37472033,['G', 'G', 'O']
C36972795,['O', 'O', 'O', 'O']
C23471085,['G', 'O', 'G', 'G', 'G', 'G', 'O']
C45139830,['O', 'G', 'G', 'O', 'O']
C40495076,['G', 'G', 'G', 'O', 'O']
C21038733,['G', 'G', 'G', 'G', 'G', 'G', 'G']
C37979833,['G', 'G', 'G', 'O', 'G', 'O']
C08591125,['G', 'G', 'G', 'G', 'G']
C12569685,['G', 'O', 'O', 'O']
C54963756,['G', 'G', 'O']
C05445966,['-']
C19676552,['G', 'G', 'G', 'O', 'G']
C37593644,['-']
C06493716,['-']
C40824438,['G', 'O', 'G', 'G']
C32196280,['O', 'O', 'O', 'G', 'G']
C37516685,['G', 'G', 'O']
C12734975,['G', 'G', 'G', 'G', 'O']
C19732284,['G', 'G', 'G']
C28005310,['-']
C65607430,['G', 'G']
C44928179,['G', 'G', 'G', 'O']
C37037604,['G', 'G', 'O']
C51750648,['O', 'G']
C61608428,['G', 'G', 'G', 'G']
C44926180,['G', 'G', 'G']
C41719459,['G', 'G']
C36757332,['G', 'G', 'G', 'G', 'G']
C56214202,['G', 'G', 'G', 'O']
C13682445,['G', 'G', 'G']
C44373475,['G', 'G', 'O']
C44123372,['G', 'G', 'G', 'G']
C62801248,['G', 'G', 'G', 'G']
C44975804,['O', 'O', 'G', 'O', 'G']
C03231436,['G', 'G', 'G', 'G']
C12202346,['O', 'G']
C53170279,['O', 'G']
C62601024,['G', 'O', 'G', 'G']
C39099494,['G', 'G']
C13462742,['G', 'G', 'G', 'G', 'G', 'G', 'G', 'O', 'G']
C39112418,['G', 'G']
C65339616,['G', 'G', 'G']
C16755300,['G', 'O']
C39737227,['G', 'G', 'O', 'G']
C00392567,['O']
C12370259,['O']
C26516494,['G']
C04992710,['O', 'G', 'O']
C13421177,['G', 'G', 'G', 'G', 'G', 'G', 'O']
C63885030,['G', 'G', 'G', 'G']
C44930788,['O', 'G', 'G', 'G']
C38541329,['G', 'G', 'G']
C12006411,['G', 'O', 'G', 'G', 'G', 'G']
C40449407,['G', 'O']
C34425157,['G', 'G']
C58825237,['G']
C15052247,['G', 'O', 'O', 'G', 'G', 'G']
C39081253,['G']
C36724237,['G', 'O', 'O']
C52276731,['G', 'G', 'O', 'O']
C02585659,['G', 'G', 'O']
C13424584,['G', 'G', 'G', 'G', 'G']
C28943770,['G', 'G', 'G', 'G', 'O', 'O']
C37162552,['G', 'G', 'O', 'O', 'G']
C58745444,['G', 'O', 'G', 'G', 'G']
C22779295,['G', 'G', 'O', 'G', 'G']
C09016074,['G', 'O', 'G', 'G', 'G', 'G', 'G', 'G']
C36896457,['O', 'G', 'G']
C43600612,['O', 'G']
C16137750,['G', 'O']
C53751268,['G', 'G']
C37655679,['G', 'G', 'O', 'O']
C61721519,['O', 'O', 'G', 'O']
C44930889,['O', 'G', 'G', 'O']
C45007974,['G', 'G', 'G', 'O', 'G']
C01676146,['G', 'G', 'G', 'G', 'G', 'O', 'G']
C09453800,['O', 'G', 'G', 'G', 'G', 'G', 'G']
C37100073,['G', 'G', 'G', 'O']
C18554479,['-']
C15130573,['O', 'G', 'O', 'G', 'G', 'G']
C62674066,['G', 'O', 'O', 'G', 'G', 'G']
C19753951,['-']
C62767292,['G', 'O', 'O']
C37404786,['G', 'G', 'O', 'G']
C12237596,['G', 'G', 'G', 'G', 'G', 'G']
C63215423,['G', 'G', 'G', 'G']
C41414336,['G', 'G', 'O', 'G']
C20028352,['O', 'G', 'O']
C50564175,['O', 'G', 'G']
C13202084,['G', 'G', 'G', 'G', 'G', 'G', 'G', 'G']
C13617629,['G', 'O', 'G', 'O', 'G', 'G']
C41602680,['G', 'G', 'O', 'G', 'G', 'O']
C31775928,['O', 'O']
C40175740,['G', 'O']
C36286136,['G']
C61844881,['G', 'G', 'G']
C17031558,['O', 'G', 'G', 'G']
C39317022,['G']
C61844890,['G', 'G', 'G']
C09510864,['G', 'G', 'G', 'G', 'G', 'G']
C59385684,['O', 'G', 'G', 'G', 'G', 'G']
C26899391,['O']
C20267461,['G', 'G', 'O']
C42041174,['G', 'O']
C44926370,['G', 'G', 'G', 'G', 'G']
C12650263,['G', 'G', 'O', 'G', 'G']
C37784105,['G', 'O', 'G', 'O']
C19926313,['G', 'O', 'O', 'G', 'G', 'G', 'G']
C61195743,['O', 'G', 'G', 'O', 'G', 'G', 'G', 'G']
C11990992,['G', 'G']
C36126090,['G', 'G', 'G', 'G', 'G', 'G']
C36396954,['G', 'G', 'G']
C48462398,['G', 'G', 'G', 'G']
C19093593,['G', 'O']
C16808507,['O', 'G', 'G']
C15879926,['G', 'O', 'G', 'G']
C00171486,['-']
C40512146,['G', 'G', 'G', 'G']
C65798143,['O', 'G', 'G', 'G', 'G']
C44930708,['G', 'G', 'G', 'G']
C66193635,['G', 'G', 'G', 'G', 'G', 'O', 'G', 'G', 'G']
C12127488,['G', 'G', 'O', 'O', 'G']
C41602533,['G', 'O', 'G', 'G', 'G', 'O']
C49548390,['G', 'G', 'G', 'G', 'G', 'O', 'O']
C49542701,['G', 'O', 'G', 'O', 'G']
C67141553,['G', 'G', 'G', 'G', 'O']
C34796707,['G', 'G', 'G', 'G', 'G', 'G']
C44930500,['G', 'G', 'G', 'G', 'G', 'G']
C62933504,['G', 'G', 'G', 'G', 'G']
C62163162,['G', 'G', 'G', 'G', 'G', 'G', 'G']
C66465040,['G', 'O', 'G', 'G', 'G']
C00120906,['G']
C42360767,['O', 'G', 'G', 'G', 'O']
C42016390,['G', 'O']
C44902370,['G', 'G', 'G']
C66906239,['G', 'G', 'G', 'O', 'G']
C01060039,['G', 'G', 'G', 'G', 'G', 'G']
C62913218,['G', 'G', 'G']
C40683499,['G', 'G', 'G']
C09477430,['G', 'G', 'G', 'O']
C39979539,['G', 'G', 'G', 'G']
C13316840,['G', 'G', 'G', 'G', 'G', 'G', 'G', 'G']
C37637861,['G', 'G', 'G', 'O', 'O']
C16904727,['G', 'O', 'O']
C66722887,['G', 'G', 'G', 'G', 'G', 'G', 'G', 'G']
C67141567,['G', 'G', 'G', 'G', 'G']
C16011986,['G', 'G', 'G']
C32558251,['G', 'G']
C51604474,['G', 'G', 'O']
C50363345,['G', 'O', 'G', 'G', 'G']
C19981601,['G', 'G', 'O', 'O']
C60374645,['O', 'O', 'G']
C13363097,['G', 'G', 'G']
C08017823,['G']
C54810927,['G', 'G', 'G', 'G', 'G', 'O']
C44887850,['G', 'G', 'G', 'G']
C42027845,['O', 'G']
C65360405,['G', 'G', 'G', 'G', 'G', 'G', 'G']
C44926565,['G', 'G', 'G', 'G']
C08962172,['G', 'G', 'G', 'G']
C55163430,['G', 'G', 'G']
C01732851,['G', 'O', 'G', 'G']
C62719097,['G', 'G', 'G', 'G', 'G', 'G']
C20159035,['G']
C08198064,['G', 'O']
C47963366,['O', 'G', 'G', 'G']
C06471652,['G', 'G', 'G']
C42107648,['G', 'G', 'G', 'G', 'G', 'G', 'G']
C09490751,['G', 'G', 'O', 'G', 'G', 'O', 'G']
C49036519,['G', 'O', 'G', 'G', 'G', 'G', 'O']
C38058495,['O', 'G', 'G', 'G', 'G']
C09356668,['G', 'O', 'G', 'O', 'G', 'G']
C55163398,['G', 'G', 'G']
C05125979,['G', 'G']
C08914044,['-']
C41107180,['O', 'G', 'G', 'G', 'G']
C40535436,['G', 'G', 'G', 'G', 'G', 'G', 'G']
C52205073,['G', 'G', 'G']
C13942869,['G', 'G', 'O', 'G']
C61843596,['G', 'G', 'G']
C66470142,['G', 'G', 'G', 'G', 'G', 'G', 'G', 'G']
C45918794,['G', 'O', 'G', 'G']
C58097586,['G', 'G', 'G', 'G', 'O', 'G', 'G', 'G', 'G']
C08393155,['G', 'G', 'G', 'O', 'O']
C59488552,['G', 'G', 'G', 'O']
C41528942,['G', 'G', 'G', 'G', 'G']
C66272769,['G', 'G', 'O', 'G', 'G', 'G', 'G', 'G']
C62923028,['O', 'G', 'G', 'G', 'O', 'G']
C37433173,['G', 'O', 'O']
C19329294,['-']
C03149788,['O', 'G', 'G']
C22144511,['G', 'G', 'G']
C16904446,['G', 'O', 'O', 'G']
C33464463,['G']
C16957869,['-']
C61593603,['G', 'G', 'G', 'G', 'G']
C40516632,['G', 'G']
C01679582,['G', 'O']
C40659840,['G', 'G', 'G']
C43704196,['O', 'G']
C33117803,['O', 'G', 'G', 'G', 'G', 'O']
C50290820,['G', 'O', 'O', 'G']
C41687992,['G', 'G', 'G']
C40456345,['G', 'G', 'G']
C13268563,['O', 'G', 'O', 'O', 'O', 'O']
C35686402,['G', 'O']
C08100998,['G']
C04065411,['G', 'G', 'G', 'G', 'G']
C09110702,['G', 'G', 'G']
C50670812,['G', 'G', 'G', 'G']
C42542234,['G', 'G', 'G']
C54490825,['G', 'G', 'G', 'G', 'G']
C40456213,['O', 'G']
C53146481,['O']
C37915285,['G', 'O', 'G', 'G', 'G', 'G']
C36499782,['G', 'G', 'G', 'G', 'G', 'G', 'G', 'O', 'G', 'G']
C43705991,['G', 'G', 'G', 'O', 'O']
C54408072,['O', 'O', 'G', 'G', 'G', 'G', 'G', 'G']
C66229673,['G', 'G', 'G', 'G', 'O', 'O', 'G', 'G']
C28629341,['G', 'G', 'O', 'G', 'O', 'O']
C20441132,['G', 'G', 'O', 'G', 'G', 'O', 'G', 'G']
C05540609,['-']
C12702805,['G', 'G', 'G', 'G', 'G', 'G', 'G', 'G']
C40998687,['G', 'G', 'O', 'G', 'G']
C59015189,['G', 'O', 'G', 'G', 'G']
C05074157,['G', 'G', 'G', 'G', 'G', 'G', 'G']
C04896683,['O']
C65119376,['G', 'G', 'G', 'G', 'G']
C01720887,['G', 'G', 'G', 'G']
C41594499,['G', 'G', 'G', 'G']
C62715249,['G']
C43669815,['G', 'G', 'O', 'G']
C13197068,['G', 'O', 'G', 'G', 'G', 'G', 'G']
C15015334,['G', 'O', 'O']
C20636039,['G', 'G', 'G']
C00032668,['-']
C30587663,['O', 'O', 'G']
C20327774,['O', 'G', 'O']
C37404557,['G', 'O', 'G', 'G']
C55163693,['G', 'G', 'G']
C11991410,['O', 'O', 'G', 'O']
C42040305,['G']
C65778239,['G', 'O', 'O', 'G', 'O', 'G', 'G', 'O', 'G']
C58051197,['G', 'G', 'G', 'O']
C13011618,['O', 'O', 'G', 'G', 'G', 'O']
C40603955,['G', 'G', 'G', 'G', 'O']
C02616824,['G', 'O', 'G', 'G', 'G', 'G']
C51749649,['O', 'O', 'O', 'G']
C32919434,['G']
C16955880,['G', 'G', 'G', 'G', 'G', 'O', 'O']
C37907897,['G', 'G', 'O', 'G']
C13154840,['G', 'G', 'G']
C43575600,['G', 'O']
C52267410,['G', 'G', 'G']
C20252594,['G', 'G', 'G']
C39952862,['G', 'O']
C36125534,['G']
C09592675,['-']
C59565112,['G', 'G', 'G', 'G', 'G', 'G', 'G']
C62339459,['G']
C37834891,['G', 'O', 'G', 'O']
C19300946,['G', 'G', 'O']
CHEMBL63052,['G', 'G', 'O', 'G', 'G', 'G', 'G', 'G']
C44924684,['G', 'G', 'G', 'G']
C66231236,['G', 'G', 'G', 'G', 'G', 'G', 'G', 'G']
C07357383,['O', 'G', 'G', 'G']
C09187448,['G', 'G', 'O', 'G', 'G', 'G', 'G', 'G', 'G']
C43570262,['G']
C41598361,['G', 'G', 'G', 'O', 'O']
C40588335,['O', 'O', 'G', 'O', 'O']
C50421873,['O', 'G']
C44925515,['G', 'G', 'G', 'O']
C66746794,['G', 'G', 'G', 'G', 'G', 'G']
C06063601,['G', 'G', 'G', 'G', 'G', 'G', 'G']
C44296228,['G', 'G', 'G', 'G', 'G', 'O', 'G', 'G', 'G']
C27018287,['G', 'O', 'G', 'O']
C50289586,['G', 'G', 'G', 'G', 'G']
C05843534,['-']
C00516640,['G', 'G', 'G', 'G', 'G', 'G']
C40174561,['G', 'O', 'G', 'O', 'G']
C21099729,['G', 'G', 'G', 'O', 'G', 'G', 'G']
C62939466,['G', 'G', 'G']
C45957069,['G', 'G', 'O']
C63111218,['G', 'G', 'G', 'G', 'G', 'G', 'G']
C50416977,['G', 'G', 'O']
C13345419,['G', 'G', 'G', 'G', 'G']
C51749058,['O', 'G', 'G', 'G', 'O']
C48419216,['G', 'G', 'G', 'G', 'G', 'G', 'G', 'G']
C44344130,['G', 'G', 'G', 'O', 'G']
C59186827,['G', 'G']
C39124663,['O']
C42521999,['O', 'G', 'G', 'G']
C02732259,['O', 'G']
C00195104,['G', 'G']
C41977018,['G', 'G', 'G', 'O']
C66603773,['G', 'G', 'G', 'G', 'G', 'O']
C63763449,['G', 'G', 'G', 'G', 'O', 'O']
C58342142,['G', 'G', 'G']
C67294329,['G', 'O', 'O', 'G', 'G', 'G', 'G']
C43669664,['G', 'G', 'G', 'G']
C18142378,['G']
C39361952,['O', 'G', 'G', 'G', 'G', 'G', 'O']
C40629719,['G', 'G', 'O', 'G', 'O', 'G']
C39459896,['G']
C66782277,['O', 'G', 'G', 'G', 'G', 'G', 'O']
C09360014,['G', 'G', 'G', 'G', 'G']
C58452637,['O', 'O']
C39559312,['O', 'O', 'G', 'G', 'G', 'G']
C40688378,['G', 'O', 'O', 'G']
C34974610,['G']
C04786354,['-']
C29047708,['G', 'O', 'G', 'O']
C15424553,['G', 'G']
C38032961,['O', 'G']
C06761104,['G', 'O', 'G', 'O']
C66373027,['G', 'G', 'G', 'G', 'G', 'G', 'G']
C41020608,['G', 'O', 'G', 'G', 'G', 'G', 'G']
C41602670,['O', 'G', 'G']
C20192259,['G', 'G']
C12849736,['G', 'G', 'G', 'O', 'O', 'G', 'G']
C05928498,['O']
C34734487,['O', 'O', 'G']
C39306414,['G', 'G', 'G', 'G']
C19789406,['O', 'G', 'G']
C44924374,['G', 'G', 'G', 'O']
C50567780,['O', 'O', 'O', 'G']
C40375858,['G', 'O', 'O']
C19936239,['G', 'G']
C16948747,['O', 'G', 'G']
C50309026,['G', 'O']
C06742039,['O', 'G', 'G', 'O']
C04451200,['-']
C40588696,['G', 'O', 'G', 'O', 'G']
C18195434,['G']
C06787533,['G', 'G', 'G', 'G', 'G', 'G', 'G', 'G']
C61628193,['G', 'G', 'G']
C40731359,['G']
C00265986,['G', 'G', 'G', 'G', 'O']
C43978720,['G', 'G', 'O', 'G', 'G', 'G', 'G', 'G', 'G']
C41608126,['G', 'G', 'G', 'G', 'G', 'O', 'G', 'G']
C37171486,['O', 'O', 'G', 'G', 'G']
C54403784,['G', 'G', 'G', 'G', 'G']
C04871752,['O', 'G', 'O', 'G', 'G', 'G', 'G']
C39949030,['G', 'G', 'O', 'G']
C37064008,['G', 'G', 'G']
C43670641,['G', 'G', 'G']
C39066746,['O']
C05310518,['G', 'O', 'G', 'G', 'G', 'G', 'G']
C36714296,['O', 'G', 'G', 'G', 'O']
C40456180,['O', 'G']
C00565664,['G', 'G']
C35321437,['G', 'O', 'G', 'G', 'G']
C48303649,['G', 'G', 'G', 'G', 'G', 'G', 'G']
C62926331,['G', 'G', 'O', 'O']
C40456295,['O', 'G']
C36129774,['G', 'G', 'G', 'G', 'G', 'G']
CHEMBL168451,['G', 'G', 'G']
C09208062,['G', 'O', 'G', 'O', 'G']
C59377089,['G', 'G', 'G', 'G', 'G', 'G', 'O']
C62715506,['G']
C22202314,['G']
C36530216,['G', 'G', 'G', 'G', 'G', 'G', 'G', 'G']
C63795944,['G', 'G']
C34832591,['G', 'G', 'O', 'G', 'G', 'G']
C40827955,['G', 'G', 'G', 'G']
C48563203,['O', 'G', 'G', 'O']
C54431152,['G', 'G', 'O', 'O']
C23143162,['G', 'O', 'O', 'G', 'G']
C45950275,['G', 'O']
C35019241,['G', 'G', 'G', 'O']
C04139498,['O', 'O', 'G']
C64653023,['G', 'G', 'G', 'G', 'G', 'G', 'G']
C33324859,['G', 'G', 'G', 'G', 'G', 'G']
C41541524,['G']
C19936263,['G', 'G']
C32330340,['G', 'O', 'G', 'O']
C54859520,['G', 'G', 'G']
C40830531,['G', 'G', 'G', 'O', 'G', 'G']
C62933329,['G', 'G', 'G', 'G', 'O', 'O']
C31858805,['G', 'O', 'O']
C50394708,['G', 'O', 'G', 'G']
C03843156,['G', 'O', 'G']
C32196273,['G', 'G', 'G']
C38011943,['G', 'G', 'G', 'G']
C12428528,['G']
C62279707,['O', 'G', 'G', 'G', 'G']
C39065785,['O']
C40564875,['G', 'G', 'G', 'G', 'O', 'O', 'G']
C64891220,['G', 'G', 'G', 'G']
C00051307,['G', 'O']
C35347218,['G', 'O', 'G']
C51749462,['O', 'G', 'O', 'G', 'O']
C59435233,['G', 'G', 'G', 'O', 'G', 'G', 'G', 'G']
C20204697,['O', 'G']
C54432667,['G', 'O']
C32914738,['-']
C05681738,['G', 'G', 'G', 'G', 'G', 'G', 'G', 'G']
C20896812,['G', 'G', 'G']
C13790883,['O', 'G', 'G', 'O', 'G']
C04774475,['G', 'O', 'O', 'G', 'G', 'G', 'G']
C22143762,['G', 'O']
C39052945,['O']
C58912045,['G', 'G', 'G', 'G', 'G', 'G']
C40604461,['G', 'O', 'G', 'G', 'G', 'O']
C40801842,['G', 'G', 'G', 'G']
C15080245,['G', 'G', 'G', 'G', 'G']
C04592779,['G', 'G', 'G', 'G', 'O']
C22204914,['G', 'G', 'O', 'G', 'G']
C37037695,['G', 'G', 'O']
C43438429,['G', 'G', 'G', 'G', 'G', 'G', 'G', 'G', 'O']
C21264822,['G', 'O', 'G', 'G', 'G']
C36157279,['G', 'O']
C12428233,['-']
C45090277,['G', 'G', 'G', 'O', 'G', 'G']
C07872845,['O', 'G', 'G', 'G', 'G', 'O', 'G']
C67049856,['G', 'G', 'G', 'O', 'G', 'G', 'G', 'G']
C50567682,['O', 'G', 'O', 'G', 'O']
C16756408,['G', 'G', 'G', 'G', 'G', 'G']
C39111963,['-']
C03126171,['G', 'O', 'G', 'O', 'G']
C44925851,['G', 'G', 'G', 'G']
C19798943,['G', 'O', 'G', 'G']
C35026964,['G', 'G', 'O', 'O', 'G', 'G', 'G', 'G']
C37754623,['G', 'O']
C40373021,['O', 'O', 'G']
C61147900,['G', 'G', 'G', 'G']
C43314082,['-']
C31721313,['G', 'G', 'G', 'G', 'G', 'G']
C20077639,['G']
C36888870,['G', 'O']
C40619265,['O', 'O', 'G', 'O', 'O', 'O', 'G']
C43670461,['G', 'G', 'G']
C22503882,['G']
C62675055,['G', 'O', 'G', 'G', 'G', 'G']
C40396668,['G']
C05118765,['G', 'G']
C43408323,['G', 'O', 'O']
C42016071,['G', 'O', 'G']
C09494371,['G', 'G', 'O', 'G', 'G']
C14944044,['O', 'G', 'G', 'G', 'G', 'G']
C09340997,['G']
C52841137,['G', 'G', 'G', 'G']
C40327446,['G', 'G', 'O']
C38990087,['G', 'G', 'O', 'G', 'G', 'O']
C59384770,['O', 'G', 'G', 'G', 'O', 'G', 'G']
C20327742,['G', 'G', 'O']
C35584481,['G', 'G', 'G', 'G', 'G']
C44749440,['O', 'G', 'G']
C20281634,['G']
C35587879,['G', 'G']
C20857069,['O', 'G', 'G']
C66555199,['G', 'O', 'G', 'G', 'G', 'G', 'G', 'G']
C42041140,['G', 'G', 'G', 'O']
C15047556,['G', 'G', 'G', 'G', 'G', 'G', 'G', 'G', 'O', 'G']
C59039692,['G', 'G', 'O', 'O', 'G', 'O', 'G']
C37687709,['G', 'O', 'G', 'G']
C41863657,['G']
C34079257,['G']
C11567534,['G', 'G', 'G']
C30802553,['O', 'G', 'G', 'G', 'G']
C44120859,['G', 'G', 'G', 'O', 'G']
C50417146,['G', 'O', 'G']
C50377020,['G', 'G', 'G']
C62777874,['G', 'G']
C64111079,['G', 'G', 'G', 'O']
C25703808,['G', 'G', 'G', 'G', 'G', 'G', 'G']
C40999315,['G', 'G', 'G']
C50817313,['G', 'G', 'G', 'G']
C62914615,['G', 'G', 'G', 'G']
C42015204,['O', 'G']
C52756642,['G', 'G', 'G']
C41144165,['G', 'O', 'G']
C50709157,['G', 'G', 'G', 'G']
C36275809,['O', 'G', 'G']
C65575875,['G', 'G', 'G', 'G']
C07601148,['G', 'O', 'G', 'G']
C41050741,['G']
C00340214,['-']
C50396699,['G', 'G', 'G']
C03186510,['G', 'G']
C04601507,['G', 'G', 'O', 'O', 'G']
C50817529,['G', 'G', 'G']
C13022066,['O', 'G', 'G', 'G', 'G', 'G']
C54304241,['G', 'O', 'G', 'O', 'G', 'O']
C50407493,['G', 'G', 'G', 'G', 'G', 'O', 'O']
C39391074,['O', 'G', 'O']
C52923555,['G', 'G', 'O']
C17665405,['G', 'G', 'G', 'G', 'G']
C61593182,['G', 'G', 'G']
C44749485,['O', 'G']
C05003905,['O', 'G', 'G', 'G']
C48688137,['G', 'O', 'G', 'G']
C62762447,['O']
C37696950,['G', 'G', 'G']
C07942704,['G', 'G', 'G', 'G', 'G']
C36734309,['G', 'G', 'G', 'G']
C43575811,['O', 'G']
C09014064,['G', 'G']
C16514168,['G', 'O']
C63050426,['G', 'G', 'G']
C44244789,['G', 'G', 'G', 'G']
C04867216,['G', 'G', 'G']
C42027311,['O', 'G', 'G']
C57531594,['G', 'O', 'G']
C05520868,['G', 'O']
C50634018,['G', 'G', 'G']
C00390271,['G']
C40998559,['G', 'O', 'O']
C54729925,['G', 'O', 'O', 'G', 'G', 'G', 'G']
C40909392,['G', 'G', 'G', 'O', 'G']
C29138339,['G', 'O', 'G', 'G', 'G']
C49457628,['G', 'G', 'G', 'G']
C50291505,['G', 'G', 'G', 'G']
C20588333,['G', 'G', 'G', 'G']
C18200779,['G', 'G']
C48701945,['G', 'G', 'G', 'O']
C05886381,['O', 'O']
C40760692,['G', 'G', 'G', 'G']
C41026153,['O', 'O', 'G', 'G', 'G', 'G']
C53751338,['G', 'G']
C42014730,['G', 'O', 'G']
C66570982,['G', 'G', 'G', 'G', 'G', 'G', 'G', 'G']
C64358541,['G', 'G', 'G', 'G', 'G', 'G', 'G']
C23141172,['G', 'O', 'O', 'O']
C09867175,['G', 'G', 'G', 'G', 'G', 'G']
C20588321,['G', 'G', 'G', 'G']
C00056862,['-']
C08581302,['-']
C52008369,['O', 'G', 'G', 'G']
C66131262,['O', 'G']
C19425714,['G', 'G', 'O', 'O']
C13316821,['G', 'G', 'G', 'G', 'G', 'G', 'G']
C61680650,['G']
C41894605,['G', 'G', 'G']
C00530188,['G', 'G']
C36901360,['O', 'O', 'G']
C53047793,['O', 'O', 'G', 'O', 'G']
C62770623,['G', 'G', 'G', 'O', 'G']
C05613162,['G', 'G', 'G']
C19799077,['O', 'O', 'O']
C43670303,['G', 'G']
C42040462,['G']
C05335445,['G', 'G', 'O', 'G', 'G', 'G']
C01681000,['-']
C67284188,['G', 'G', 'G', 'G', 'G', 'O', 'G', 'G']
C58357024,['G', 'G', 'G', 'G', 'G', 'G', 'O']
C20412971,['G']
C66730111,['G', 'G', 'G', 'G', 'G', 'G', 'G']
C48398240,['G', 'O', 'G', 'O', 'G']
C16973469,['G']
C62525084,['G', 'G', 'G', 'G', 'G', 'G', 'O', 'O', 'G']
C54431242,['G', 'G', 'O']
C59356316,['O', 'G']
C40724504,['G', 'O', 'O']
C41224020,['G', 'G', 'O', 'G', 'G']
C61685336,['G', 'G', 'G', 'G']
C34333905,['-']
C61590958,['G', 'O']
C42014593,['G', 'O', 'G']
C40120771,['G', 'G', 'G', 'G', 'G', 'G', 'G']
C42014059,['G', 'G', 'G']
C37461788,['O', 'G', 'G', 'G']
C05664842,['-']
C14985944,['-']
C62521608,['-']
C66811116,['G', 'O', 'O']
C49236252,['G', 'G', 'G', 'O']
C07883042,['G', 'G', 'G', 'G', 'O', 'G', 'G', 'G', 'G']
C12008077,['G', 'G', 'G', 'O', 'G', 'G', 'G']
C40174465,['G', 'G', 'O', 'G', 'G', 'G']
C18195144,['G', 'G', 'G', 'O']
C59897081,['G', 'G', 'G', 'O']
C61596053,['G', 'G', 'G', 'G']
C59369848,['G', 'G', 'G', 'G', 'G', 'G']
C39217857,['G', 'O', 'G', 'G', 'G']
C51358905,['G', 'G', 'O', 'G']
C20736212,['G', 'G', 'O', 'O', 'G']
C39795121,['O', 'O', 'G']
C09109489,['G', 'G', 'O', 'G', 'G', 'G']
C42041283,['G']
C39361523,['G', 'G', 'G', 'O', 'G', 'G', 'G', 'O']
C67298389,['G', 'G', 'G', 'G', 'G', 'G']
C48333143,['G', 'O', 'G', 'G', 'G']
C01418499,['O']
C35590362,['G', 'O', 'G']
C60941491,['O', 'G', 'O', 'G']
C09362823,['G', 'G', 'G', 'G', 'G', 'G']
C64891069,['G', 'G', 'G']
C06265385,['G', 'G', 'G', 'G', 'G']
C61148338,['G', 'G']
C45236423,['G']
C21930438,['G', 'G', 'G', 'O', 'G']
C62273141,['O', 'G', 'O', 'G']
C62876802,['G', 'G', 'G', 'O', 'G']
C19842982,['G']
C36135846,['G', 'G', 'G', 'G', 'G', 'G']
C39468998,['O', 'G', 'G']
C44976792,['G', 'O', 'G', 'G']
C41226197,['-']
C37730978,['G', 'O']
C09018060,['G', 'G', 'O', 'O', 'G', 'G', 'G']
C36774777,['G', 'G', 'G', 'G', 'G', 'O', 'O']
C50634314,['G', 'G', 'G']
C61981598,['G', 'G', 'O', 'G']
C36135849,['G', 'G', 'G', 'G', 'O', 'G']
C57454655,['G', 'G', 'G', 'G', 'G']
CHEMBL64275,['G', 'G', 'G', 'G']
C42417702,['G']
C00282621,['G', 'G', 'G']
C50309017,['G', 'O']
C04147643,['G', 'G', 'G']
C44016639,['G', 'G', 'G', 'G', 'G', 'G']
C05095310,['G', 'G', 'G', 'O', 'G', 'G', 'G']
C12556526,['O', 'O']
C47509653,['G', 'O', 'G']
C37486255,['G', 'G', 'G', 'G', 'G']
C09059994,['G', 'G', 'G', 'G', 'G', 'G', 'G']
C13196921,['O', 'G', 'G', 'G', 'O', 'G', 'G', 'G', 'O']
C49470154,['G', 'G', 'G', 'G', 'G']
C50196835,['G', 'G', 'G', 'O', 'G', 'O', 'G']
C04342584,['O']
C49053703,['G', 'O', 'O', 'G', 'G', 'G']
C44749463,['O', 'G', 'G', 'G']
C44888853,['G', 'G', 'G', 'G']
C37227661,['G', 'G', 'G', 'G']
C62925203,['G', 'G', 'G', 'G', 'G', 'G', 'G']
C47931914,['G', 'G', 'G', 'G']
C10049325,['G', 'G', 'O', 'G']
C56055422,['G', 'G', 'G', 'G', 'G']
C16194421,['G', 'G', 'G']
C06499031,['O', 'G', 'G']
C39066724,['O', 'G']
C39979886,['G', 'O']
C40628532,['G', 'O', 'G', 'O', 'G']
C59882340,['G', 'G', 'G', 'G', 'G']
C45005513,['O', 'G']
C49642403,['G', 'G', 'G', 'G']
C25045078,['G', 'G', 'G', 'G', 'G', 'G', 'G', 'G', 'G']
C47383441,['G', 'G', 'G', 'G']
C26515756,['G']
C52831808,['O', 'G']
C60363912,['G', 'G', 'O', 'G']
C40397105,['O', 'G']
C36829051,['G', 'G', 'G', 'G']
C27569553,['G', 'G']
C62934784,['G', 'G', 'O', 'G', 'G', 'G']
C66768015,['G', 'G', 'G', 'G']
C09289998,['G']
C06046371,['G', 'G', 'G', 'G', 'G', 'G']
C39066590,['O']
C44830632,['-']
C48133022,['O', 'G', 'G', 'G', 'G', 'G']
C30802559,['G', 'G', 'G', 'G', 'G']
C62320570,['G']
C15209965,['G', 'O', 'G', 'G', 'O', 'G']
C07111849,['O', 'G', 'G', 'G', 'O', 'O']
C38321950,['G', 'G', 'G', 'G', 'O']
C20911705,['G', 'G', 'O', 'G', 'G', 'G', 'G', 'G', 'O']
C19333021,['G']
C47871342,['G', 'G', 'G', 'G', 'O']
C62826164,['G', 'G', 'G', 'O']
C41121323,['G', 'G']
C49410717,['G', 'O', 'G', 'G', 'G', 'G']
C42157885,['G', 'G', 'G', 'G', 'G', 'G']
C39115781,['-']
C50056309,['G', 'G', 'G', 'G', 'G', 'G', 'G']
C04973644,['O']
C48554352,['G', 'G', 'G', 'G', 'G', 'G']
C16886473,['-']
C62220666,['G', 'G', 'O']
C14144991,['G', 'G', 'G', 'G', 'G', 'O', 'G', 'G']
C08647793,['-']
C40661063,['G', 'G', 'G', 'G', 'O', 'G']
C63992656,['G', 'G', 'G', 'G', 'G', 'G']
C04353519,['G', 'G', 'G']
C06748590,['G', 'O', 'G', 'G', 'O', 'G', 'G', 'G']
C19869334,['G', 'O']
C06336826,['G', 'O', 'G', 'G', 'O']
C60934590,['G', 'G']
C54302380,['G', 'G', 'O', 'G', 'O']
C42381237,['O', 'G', 'G', 'G', 'O']
C04371785,['O', 'G', 'G']
C48981026,['G']
C39869818,['G', 'G', 'O', 'O', 'G']
C29433793,['O', 'G', 'G', 'G', 'O', 'O', 'G']
C51858533,['O', 'G', 'G', 'G']
C00586855,['O', 'G', 'G', 'G', 'G', 'G']
C36937238,['O']
C06329708,['O', 'G', 'G', 'G', 'G']
C26580746,['G', 'G', 'G']
C14482748,['G', 'G', 'G', 'G', 'G', 'G', 'G']
C43347363,['G', 'G', 'G', 'G', 'G']
C40397067,['G']
C16283909,['O', 'G', 'G']
C40130059,['G', 'G', 'G', 'O', 'O', 'O', 'G']
C20385380,['G', 'G', 'O']
C09363660,['G', 'G', 'O', 'G', 'G']
C53198182,['G', 'G', 'G', 'G']
C21986575,['G', 'G', 'O', 'O']
C10273117,['G', 'G', 'G', 'G', 'O', 'O']
C37830054,['G', 'O', 'G', 'G', 'O']
C04596890,['G', 'G', 'G', 'G', 'O']
C05955817,['O', 'G', 'G']
C64069987,['G', 'O']
C43396310,['O', 'O', 'G']
C44804355,['G', 'G', 'O', 'O']
C09190482,['G', 'G', 'O', 'G', 'G', 'G', 'G', 'G', 'G']
C08783466,['G', 'G', 'O']
C49811679,['G']
C57936420,['G']
C62317777,['G', 'G', 'G', 'G', 'G']
C40389039,['O', 'O', 'G', 'G', 'G']
C63212312,['O', 'G', 'G', 'G', 'G', 'G', 'G', 'G']
C64372549,['G', 'G', 'G', 'G', 'G', 'O']
C50029368,['G', 'G', 'O', 'G']
C43593101,['G', 'G', 'O']
C40548558,['G', 'G', 'G', 'O', 'G', 'O']
C06493748,['O', 'G', 'O']
C40572870,['G', 'O', 'G', 'O', 'G', 'O']
C67133735,['G', 'G', 'G', 'G', 'G']
C40733118,['G', 'O', 'G']
C48543823,['G', 'O']
C64350389,['G', 'G', 'G', 'G', 'G', 'G', 'G', 'G', 'G', 'G']
C43414060,['G', 'O', 'G', 'G', 'G', 'O', 'G', 'G', 'O']
C48560552,['G', 'G', 'G', 'G', 'O']
C11947936,['G', 'G', 'G', 'O']
C40612946,['G', 'G', 'O', 'G', 'G', 'G']
C09059805,['O', 'G', 'G', 'G', 'G']
C05555625,['-']
C60442622,['O', 'O', 'G', 'G', 'O']
C10262108,['G', 'G', 'G', 'O', 'G', 'G']
C39891627,['G', 'G', 'G', 'G']
C65430013,['G', 'G', 'G', 'O']
C38037145,['O', 'G', 'G', 'O']
C64438382,['G', 'G', 'G', 'G']
C52840106,['G', 'G']
C58914337,['G', 'G', 'G', 'G', 'G', 'G', 'G', 'G']
C66308382,['G', 'G', 'G', 'O', 'G', 'G', 'G', 'G']
C35682772,['G', 'G', 'O', 'G', 'G', 'G', 'G', 'G']
C13127449,['G', 'G']
C35610909,['O', 'G', 'G', 'G', 'G']
C08685617,['G', 'O', 'O', 'O', 'G']
C08116729,['G', 'O', 'G']
C45637707,['G', 'G', 'G', 'O', 'G', 'G', 'G']
C62939377,['O']
C40516964,['O']
C22751443,['G', 'O', 'G', 'O']
C63813210,['O', 'G', 'G', 'G', 'O', 'O', 'G']
C40713651,['O', 'O']
C08216011,['G', 'G', 'G']
C33501219,['G', 'O', 'G']
C54304667,['G', 'G', 'G', 'O', 'G', 'O']
C27194043,['-']
C36828917,['G', 'G', 'G']
C67141909,['G', 'G', 'G', 'G', 'O', 'G', 'G', 'G', 'G']
C37652796,['O', 'G', 'O']
C05664484,['G', 'G', 'G', 'G', 'G', 'G', 'G', 'G', 'G', 'G']
C54309351,['G', 'O', 'O', 'G', 'G']
C52798227,['O', 'G', 'O', 'G', 'G']
C48518477,['G', 'G', 'G']
C13278957,['O', 'G', 'G', 'G', 'G', 'G']
C43593830,['G', 'O', 'G']
C40449399,['G', 'O']
C40313788,['G', 'G', 'G']
C39955342,['G', 'G']
C09274044,['O', 'G']
C63074626,['O', 'G']
C42814276,['O', 'O', 'G']
C20292875,['G', 'G', 'G', 'G', 'G', 'G', 'G', 'G', 'G']
C39104693,['G', 'G']
C09442036,['G', 'O', 'O', 'G', 'G', 'O', 'G']
C16887343,['G', 'O']
C39113171,['O']
C43438427,['G', 'G', 'G', 'G', 'G', 'G', 'G', 'G', 'O']
C38905222,['G', 'G', 'G', 'G', 'G', 'G', 'G']
C04704220,['G', 'G', 'G', 'G', 'G', 'O']
C40648199,['G', 'O', 'G', 'G', 'G', 'O']
C12523203,['G', 'G', 'G', 'G', 'G', 'G']
C04705342,['O', 'G', 'G', 'G', 'G', 'G']
C64347271,['G', 'G', 'O', 'G']
C20832925,['G', 'O', 'G', 'O', 'G', 'O', 'G']
C26258188,['O', 'G', 'G', 'O']
C62873248,['G', 'G', 'G']
C09522436,['G', 'G', 'G', 'G', 'G', 'G', 'G']
C59227591,['O', 'G', 'G', 'G']
C50930492,['G', 'G', 'G', 'G', 'O', 'G', 'G', 'O']
C39968193,['O', 'O', 'G', 'G', 'G', 'G']
C22130276,['G']
C00267775,['G']
C05175400,['-']
C21873470,['G', 'O', 'G', 'G', 'G', 'G']
C16677904,['G']
C39982667,['G', 'G', 'O', 'G']
C49672120,['G', 'O', 'O', 'O']
C40533762,['G', 'G', 'G', 'G', 'G', 'O']
C40661064,['G', 'G', 'G', 'G', 'O', 'G']
C40598934,['G', 'O', 'O', 'G', 'O', 'O']
C53200615,['G', 'G']
C37744612,['G', 'G', 'G']
C61542263,['G', 'G', 'G']
C13022241,['G', 'G', 'G', 'G', 'G', 'G']
C65344655,['G', 'G']
C40586828,['G', 'G', 'O', 'G', 'O', 'O', 'G']
C03628332,['-']
C54302393,['G', 'O', 'G', 'O']
C08754413,['-']
C40396947,['G', 'G', 'G']
C17056419,['G', 'G', 'O']
C48518472,['G', 'G', 'G']
C41074008,['G', 'O', 'G', 'G', 'G', 'G', 'G', 'O']
C41665361,['G']
C39094993,['-']
C42014202,['G', 'G', 'G']
C01588460,['G', 'G', 'G']
C63105146,['G', 'G']
C25265127,['G', 'G']
C65552468,['G', 'G', 'O', 'O', 'G']
C39059635,['-']
C12321813,['G', 'G', 'O']
C39955355,['G', 'G', 'G']
C62280044,['G', 'O', 'G', 'O', 'G']
C05631116,['-']
C62720549,['G', 'G']
C04518797,['G', 'G', 'G']
C42013918,['O', 'G']
C02409193,['G', 'G', 'G']
C11947920,['G', 'G', 'G', 'O']
C12547868,['G', 'O', 'O']
C05805401,['G', 'G', 'G', 'G', 'O', 'G', 'G', 'G', 'G']
C13009613,['G', 'O', 'G', 'G', 'G', 'G']
C55072701,['G', 'G', 'G']
C13811584,['G']
C40725755,['G', 'G', 'G', 'O']
C37370056,['G', 'O']
C54768462,['G', 'G', 'O', 'G', 'G']
C51241386,['O', 'G', 'G', 'O', 'G', 'G']
C04601462,['G', 'G', 'G', 'G', 'G', 'G']
C62326138,['O', 'G', 'G', 'G']
C62317845,['G', 'G', 'G', 'G']
C36733862,['G', 'G', 'G', 'O']
C25227586,['G', 'G', 'G', 'G', 'G']
C37909109,['G', 'G', 'G']
C19462213,['G', 'G', 'G']
C01674214,['-']
C08616113,['G']
C40531983,['O', 'G', 'O', 'G', 'G', 'O']
C20528013,['G', 'G', 'G', 'G', 'G', 'G', 'G', 'G', 'G', 'G', 'G']
C39248330,['G', 'O']
C39053704,['G']
C00178333,['G', 'G', 'G', 'G', 'G']
C08994842,['G', 'G']
C44713401,['G']
C54335507,['O', 'G', 'O', 'G', 'O']
C55330357,['O']
C62924451,['G', 'G', 'G', 'G', 'G']
C64310786,['O', 'G', 'G', 'G']
C36924592,['G', 'G', 'G', 'G']
C38033904,['G', 'O']
C44725627,['O', 'G', 'G', 'G']
C01498369,['G', 'O', 'G', 'O', 'G', 'G']
C12469142,['G', 'G']
C07002611,['O', 'G', 'G', 'G', 'G']
C20918067,['G', 'G', 'G', 'G', 'G', 'G', 'O', 'G', 'G']
C06740383,['G', 'G', 'G', 'G', 'O']
C43375779,['G', 'G', 'G', 'G']
C40732906,['O', 'O', 'G', 'G']
C59879139,['G', 'O', 'G', 'G', 'G', 'G', 'G', 'G', 'G', 'G']
C54360543,['G', 'G', 'G', 'G', 'G', 'G']
C40826003,['G', 'G', 'G', 'G']
C35675998,['G', 'G']
C62301416,['G', 'G', 'G', 'G', 'G']
C00865844,['G', 'G', 'G', 'G', 'O', 'G']
C01002697,['G', 'O', 'G', 'G']
C50214739,['G', 'G', 'G', 'G', 'G', 'G', 'G']
C21083013,['O', 'G', 'G', 'G', 'G']
C66172276,['G', 'G', 'G', 'G', 'G', 'G', 'G']
C32596977,['G', 'G', 'G', 'G', 'G']
C32859467,['O', 'G', 'G', 'G', 'G', 'G', 'G', 'G']
C36788138,['G', 'G', 'O', 'G', 'G', 'G', 'G']
C50376995,['G', 'G', 'O']
C04359708,['O', 'O']
C40436297,['O', 'O', 'G', 'O']
C21166523,['O', 'O']
C42782694,['G', 'G', 'G', 'G', 'O', 'G']
C67655098,['G', 'G']
C60346734,['G', 'G', 'G', 'G', 'G']
C40703974,['G', 'O', 'G']
C61099874,['O', 'G']
C32603970,['G', 'O', 'G', 'G', 'G', 'G']
C50669567,['G', 'O', 'O']
C18222735,['O', 'O', 'G']
C41606983,['G', 'G', 'G', 'G', 'G', 'G']
C38029640,['G', 'G', 'G', 'O', 'G']
C33298739,['G', 'G', 'G', 'G', 'G', 'G']
C18128341,['O', 'O']
C52003586,['O', 'O', 'G', 'G']
C11495032,['G', 'G', 'O', 'G', 'G', 'G']
C39933258,['G', 'G', 'G', 'G', 'G', 'G', 'G', 'O']
C64790832,['G', 'G', 'O', 'G']
C48374159,['G', 'G', 'O', 'O']
C40781501,['G', 'O', 'G']
C08839424,['G', 'G', 'G', 'G', 'O', 'G']
C12463192,['G', 'G']
C19519822,['O', 'G', 'G', 'G']
C51653787,['G', 'G', 'G', 'G', 'G']
C61823668,['G', 'G', 'O', 'G', 'O']
C21079037,['G', 'G', 'O', 'O', 'G', 'G']
C01376514,['O', 'G', 'G', 'G']
C36946937,['G', 'G', 'G', 'G', 'G']
C02043262,['G']
C19944944,['G', 'O', 'G']
C67261543,['G', 'O', 'G', 'O', 'O']
C39237540,['O', 'G']
C38700929,['G']
C51751670,['G', 'G', 'G']
C67125873,['O', 'O', 'G', 'G', 'O', 'G']
C40731515,['G', 'O', 'G']
C17252399,['G', 'G', 'O', 'G', 'G']
C02538763,['G']
C17283846,['-']
C52290917,['G', 'O', 'G']
C17378537,['G', 'G']
C20479518,['G', 'O', 'O']
C26512680,['O']
C40587166,['G', 'O', 'O', 'G', 'G', 'O', 'G', 'G']
C61361132,['G', 'O', 'G']
C20842975,['G', 'G', 'G']
C21039643,['G', 'G', 'O', 'G', 'G', 'G']
C62933385,['G', 'G', 'G', 'G', 'G', 'G', 'O', 'G', 'G']
C10072817,['G', 'O', 'O', 'G', 'G', 'G', 'G']
C36357388,['G', 'O', 'G']
C56229259,['O', 'G', 'G', 'G', 'G', 'O']
C49094963,['G', 'G', 'G', 'O', 'G']
C22720695,['G', 'G', 'G', 'G', 'G', 'G']
C19865317,['G', 'O']
C21981962,['G']
C31891195,['-']
C45528936,['G', 'G', 'G']
C13566307,['G', 'G', 'G', 'G', 'G']
C37014749,['G', 'O', 'G', 'O']
C13616843,['O', 'G', 'G']
C29020250,['G', 'G', 'G', 'G', 'G']
C39482551,['G', 'G', 'O', 'G', 'G', 'G', 'G', 'G']
C50363087,['G', 'G', 'G', 'O']
C41979332,['O', 'G', 'G']
C19798661,['O', 'O']
C61844686,['G', 'G', 'O']
C57036076,['G', 'G', 'G', 'G']
C04457944,['O', 'G']
C38828176,['O', 'G', 'G', 'O']
C38744516,['G', 'O', 'G', 'G', 'G', 'G', 'G', 'G']
C04625517,['G', 'G', 'G']
C15289310,['G', 'G', 'G', 'G', 'G', 'G', 'G', 'O', 'G', 'O']
C20011802,['G', 'O', 'O']
C05037776,['G', 'G', 'G']
C09239839,['G', 'O', 'G', 'O', 'O', 'G', 'G']
C40733115,['G', 'O', 'G']
C65394058,['G', 'G']
C40448438,['G']
C00006896,['G', 'G']
C04207269,['O']
C04054540,['G', 'O', 'G', 'G']
C59829920,['G', 'G', 'G', 'O', 'G', 'O', 'G', 'G', 'G', 'G', 'G']
C40529136,['O', 'G', 'O', 'G', 'G']
C44019792,['G', 'O', 'O']
C37744528,['G', 'G', 'G']
C50309501,['G', 'G']
C66661397,['G', 'G', 'G', 'O', 'G', 'G', 'G', 'O', 'G']
C62925469,['G', 'G', 'O', 'G', 'G', 'G', 'G', 'G']
C62933514,['G', 'G', 'G', 'O', 'G']
C65055617,['G', 'G', 'G', 'G', 'O', 'G', 'G']
C60441813,['O', 'G', 'G', 'G', 'G']
C12534238,['O', 'G', 'O', 'G']
C50638320,['G', 'G', 'G', 'G']
C02526925,['G']
C04287998,['O', 'O', 'G', 'G', 'G', 'G', 'G', 'O', 'O']
C09694615,['G', 'G', 'O', 'G', 'G']
C55176452,['G', 'O']
C38752008,['G', 'G', 'G', 'O']
C64069986,['O', 'G']
C62947261,['G', 'G']
C45894964,['G', 'O']
C00203919,['G', 'G', 'G', 'G', 'G']
C49474069,['G']
C36283994,['G', 'G', 'G', 'G']
C09647830,['G', 'G', 'O', 'O', 'G', 'G']
C04085887,['G']
C61370618,['G', 'G', 'G', 'O', 'G', 'O']
C37657956,['G', 'G']
C50056962,['G', 'G', 'G', 'G', 'G', 'G', 'G', 'G', 'G']
C06678605,['G']
C40529165,['G', 'O', 'G', 'G', 'O']
C61957897,['G', 'G']
C66571208,['O', 'G', 'G', 'G', 'G', 'O', 'G']
C12651733,['G', 'O', 'G']
C62922141,['G', 'G', 'O', 'G', 'G']
C61835997,['G', 'G', 'O', 'G', 'G', 'O']
C19272409,['O']
C51331050,['G', 'G']
C21928767,['O', 'O', 'G', 'O']
C40596558,['G', 'G', 'G', 'O', 'G']
C62238167,['O', 'G']
C39088934,['G']
C43600939,['G', 'G']
C63216211,['G', 'G']
C04945255,['G', 'O', 'G', 'O']
C42187674,['G', 'G']
C36394825,['G', 'G', 'G', 'G']
C13415063,['G', 'G', 'G', 'G', 'G', 'O', 'G', 'O']
C00031258,['G', 'G']
C37987060,['G', 'O', 'G']
C26693175,['O', 'G']
C13252397,['G', 'G', 'G', 'O']
C42525804,['G', 'G', 'G', 'G']
C37730115,['O', 'O']
C62520215,['-']
C23636423,['G', 'G', 'G', 'G', 'G', 'G', 'G', 'G']
C63952352,['G', 'G', 'G', 'G']
C11034591,['G', 'O']
C48391131,['G', 'G', 'G', 'O']
C49376335,['O', 'G', 'G', 'G', 'G', 'G', 'G']
C58572943,['G', 'G', 'G', 'G', 'G', 'G']
C64369653,['G', 'O']
C32609995,['G', 'G', 'G', 'G', 'G', 'O']
C39049884,['-']
C67442013,['G', 'G', 'G', 'G', 'G', 'G', 'G', 'O', 'O']
C61364289,['G', 'G']
C62764739,['G', 'G', 'O', 'G', 'G']
C51032772,['G', 'G', 'G', 'G', 'G', 'G', 'O', 'G']
C67049820,['G', 'G', 'G', 'G']
C33276182,['G', 'G', 'G', 'G', 'G', 'G', 'G']
C35675245,['G', 'O', 'G']
C61674805,['O', 'O', 'O']
C40604151,['G', 'G', 'G', 'G', 'O']
C50634827,['G', 'G', 'G']
C37064191,['G', 'G', 'G', 'G']
C39715419,['G', 'G', 'G', 'G', 'G']
C34500249,['-']
C41886374,['G', 'G', 'G']
C24879455,['G', 'G', 'G', 'O', 'G', 'G', 'G']
C67182373,['G', 'G', 'G', 'G']
C62674854,['G', 'G', 'G', 'O', 'G', 'O', 'O']
C64368163,['G', 'G', 'G']
C40494196,['G', 'O', 'G']
C41633094,['G', 'G', 'G', 'G', 'O', 'O']
C49234447,['G', 'G', 'O']
C49034809,['G', 'O', 'G', 'G']
C34768657,['G', 'G', 'G', 'G', 'G', 'G', 'O']
C09421196,['G', 'G', 'G', 'G', 'O', 'G']
C04384322,['G', 'G', 'O', 'G']
C61590987,['O', 'G']
C66589217,['O', 'G', 'G', 'G', 'G', 'O', 'G']
C42870584,['G', 'O', 'G', 'G', 'O']
C40648204,['G', 'O', 'G', 'G', 'O', 'G', 'G']
C35015744,['G']
C20920614,['G', 'G', 'O', 'G', 'O', 'G', 'O', 'G', 'G']
C40529820,['G', 'G', 'G', 'G', 'O', 'O']
C40922238,['O', 'G', 'G', 'G', 'G', 'G']
C40759402,['G', 'G', 'G', 'G', 'G', 'O', 'O', 'G']
C08548730,['-']
C17120823,['G', 'O', 'G', 'O', 'G', 'G']
C39296660,['-']
C61844843,['G', 'G', 'G']
C13123915,['G', 'G']
C08624392,['G', 'G', 'G', 'G', 'G', 'G', 'O']
C67263745,['G', 'G', 'O', 'O']
C17749503,['G', 'G', 'G', 'G']
C40595722,['G', 'G', 'O', 'G']
C18175756,['G']
C48493273,['O', 'G', 'G', 'G', 'G', 'G', 'G', 'G', 'G']
C50289621,['G', 'G', 'G', 'G', 'G']
C36829172,['G', 'G', 'G']
C06507742,['G', 'G', 'G', 'O', 'G', 'G', 'G']
C06269057,['G', 'G', 'G', 'G', 'G', 'G', 'G', 'G']
C61606431,['G', 'G', 'O', 'G']
C62842739,['G', 'O', 'G', 'G', 'G']
C20715018,['G', 'G', 'G', 'G']
C32511761,['O', 'G']
C04611287,['G', 'G', 'O']
C52291204,['G', 'G', 'O']
C52634848,['G', 'G', 'O', 'G', 'G', 'G', 'O']
C32712984,['G', 'G', 'G', 'G', 'G', 'G']
C25808019,['G', 'G', 'G', 'G', 'G', 'G', 'G']
C63259582,['G', 'G', 'G', 'O', 'G', 'G', 'G', 'G', 'G']
C62874618,['G', 'O']
C57554170,['G', 'G', 'G', 'G', 'G', 'G', 'G']
C01472204,['G', 'G']
C49229354,['G', 'G', 'G', 'G', 'G', 'G', 'G', 'G', 'O']
C47544891,['G', 'G', 'G', 'G', 'O', 'G', 'O', 'G']
C54336140,['G', 'O', 'O', 'G', 'G', 'G']
C20432240,['G', 'G', 'G', 'G']
C00186982,['G']
C58003429,['G', 'G', 'G', 'O']
C00862802,['G', 'G', 'G', 'G']
C61593128,['G', 'G', 'G', 'G']
C60372316,['G', 'O', 'G', 'G', 'G']
C40454055,['G']
C39113062,['G']
C57330263,['G', 'G', 'G', 'G']
C64870116,['G', 'O', 'G', 'O', 'G']
C14609180,['G', 'O', 'O', 'G']
C19259042,['G', 'G']
C37360821,['G', 'O', 'O', 'G']
C37191681,['O', 'G', 'G', 'G']
C56334161,['O', 'G', 'G', 'O', 'G', 'G', 'G']
C67621309,['G', 'G', 'G', 'G', 'O', 'G', 'G']
C12408401,['G']
C38056451,['G', 'G', 'G']
C50929591,['G', 'G', 'G', 'G', 'O', 'G', 'G', 'O']
C03903759,['G', 'G', 'G', 'G', 'O', 'G']
C42461709,['G']
C40732081,['O', 'G', 'G']
C36288775,['G', 'G', 'G', 'G']
C31705845,['G', 'O', 'G', 'G', 'G']
C03298893,['G', 'G', 'G', 'G', 'G', 'G']
C02961203,['G', 'G', 'G', 'O', 'G']
C41894631,['G', 'G', 'G']
C13115228,['G']
C13131500,['G', 'G', 'G']
C20285171,['G', 'O', 'G', 'G', 'G']
C41719429,['G', 'G']
C42870582,['G', 'G', 'G', 'G', 'O']
C36378053,['G', 'O', 'G']
C35660445,['G', 'G', 'O', 'G']
C41528722,['G', 'G', 'G']
C00177136,['G', 'G']
C51698799,['G', 'G', 'G']
C63952335,['G', 'O']
C62875072,['G', 'G', 'G']
C47845085,['O']
C40544155,['G', 'G', 'O', 'G']
C19458136,['G', 'G', 'G', 'G', 'G', 'G']
C62100574,['O', 'G', 'O']
C42692465,['G', 'O', 'G', 'G', 'G', 'O', 'G', 'O']
C00530189,['G', 'G']
C19851836,['-']
C62364771,['G']
C01622179,['G', 'O']
C65183179,['G', 'O', 'G']
C11854499,['G', 'G', 'G', 'G', 'G', 'O']
C37191810,['O', 'G', 'G']
C19702396,['G', 'G', 'G', 'G']
C67556751,['G', 'G', 'G', 'G', 'O', 'G', 'G', 'G']
C44020154,['G', 'O', 'G', 'G']
C02576099,['G']
C56229462,['G', 'G', 'G', 'G', 'G', 'G', 'G']
C65055213,['O', 'G', 'G', 'G', 'G', 'G', 'G']
C50630602,['G', 'G', 'G', 'O']
C40590418,['O', 'O', 'G', 'O', 'G', 'G']
C41910104,['G', 'G']
C06007540,['O', 'G', 'G', 'G']
C02538071,['G', 'G']
C09010316,['O', 'O', 'G']
C01301980,['G', 'G', 'G']
C34542071,['-']
C02442243,['O']
C19204529,['G']
C58213569,['O', 'G', 'G', 'O', 'G', 'G', 'G']
C42303431,['G', 'G', 'G']
C55150211,['G', 'G', 'G', 'O', 'G', 'G', 'O']
C13009572,['O', 'G', 'G', 'G', 'O', 'G']
C50439753,['G', 'G']
C62094578,['G', 'G', 'G', 'G', 'G', 'G', 'G', 'G']
C44022816,['G', 'G', 'O']
C05131536,['O', 'G', 'G', 'G', 'G', 'G', 'G', 'G', 'G']
C50867479,['G']
C61680672,['G']
C54404948,['G', 'G', 'O']
C24965642,['G', 'G', 'G', 'O', 'O']
C21059700,['O', 'G']
C17311341,['-']
C03468489,['O', 'O', 'G', 'G', 'G', 'G', 'G', 'O', 'O']
C08839753,['G', 'G', 'G', 'G', 'G', 'G', 'G', 'G']
C62365338,['G', 'G']
C00058032,['G', 'G']
C66664623,['G', 'G', 'G', 'O', 'G', 'G']
C52428406,['G', 'G', 'G', 'O', 'G']
C41067676,['G', 'G', 'O']
C05310082,['G', 'G', 'G', 'O', 'O', 'G']
C59795311,['G', 'G', 'G']
C41634391,['O', 'G', 'G']
C62934568,['G', 'G', 'G', 'O', 'G']
C08703369,['G']
C28875494,['G', 'G', 'O']
C49717353,['G', 'O', 'G', 'O', 'G']
C31841302,['O', 'G', 'O']
C40828343,['G', 'G', 'G']
C49513730,['O', 'G', 'G', 'G']
C19771841,['O', 'G']
C60017159,['G', 'G', 'G', 'G', 'O', 'G']
C40581974,['G', 'O', 'G', 'G', 'G', 'O']
C34497598,['O']
C48426361,['G', 'G', 'G', 'G', 'G', 'G', 'G', 'G']
C39622530,['G', 'G', 'G', 'G', 'O', 'G', 'G', 'G', 'G', 'G']
C50289702,['O', 'O', 'O', 'O']
C19442198,['O', 'G', 'G', 'O']
C39054029,['G']
C62775234,['G', 'G', 'G', 'G']
C36749439,['G']
C09044005,['G', 'G', 'G', 'G', 'G', 'G']
C57394711,['G', 'G', 'G', 'O', 'G', 'G', 'O']
C00370153,['G', 'G', 'G']
C65410826,['O', 'G', 'O', 'G', 'G', 'G', 'G', 'G']
C25463254,['G', 'O', 'G', 'G', 'G', 'G', 'G', 'G']
C52811989,['G', 'G']
C40571896,['O', 'O']
C44458022,['G', 'G', 'G', 'G', 'G', 'G', 'O', 'G', 'G']
C31810583,['G', 'G']
C03464814,['O', 'G', 'G', 'G']
C63372296,['G', 'G', 'O', 'G']
C63216259,['G', 'O', 'G']
C51902240,['G', 'G', 'G', 'O', 'G', 'G', 'G', 'G', 'G']
C01051215,['G', 'G', 'G', 'G']
C41691232,['O', 'G', 'G']
C32565518,['O', 'O', 'G']
C53169911,['G', 'G']
C51172197,['G', 'G']
C13131876,['G', 'G', 'G']
C11889281,['G', 'O', 'G', 'G', 'G']
C37180884,['G', 'G', 'G']
C40725652,['O', 'O', 'G']
C32689358,['O', 'G', 'G', 'O', 'O', 'G']
C39214748,['G', 'G']
C21327907,['G', 'G', 'G', 'G', 'G', 'G', 'O', 'G', 'G', 'G']
C40531618,['O', 'G', 'G', 'G', 'O']
C08995858,['G']
C63148691,['O', 'O']
C36734348,['G', 'G', 'G', 'O']
C41897685,['G', 'G', 'G']
C40597546,['O', 'O', 'G', 'O', 'G']
C35074029,['O', 'G', 'O']
C42587516,['G', 'O']
C00500182,['G', 'G']
C48630573,['G']
C41528523,['G', 'G']
C40582956,['G', 'O', 'G', 'G', 'G', 'G']
C54404843,['G']
C53624281,['G', 'G', 'G']
C54107744,['O', 'G', 'G']
C40552466,['G', 'O', 'G', 'G', 'O']
C64101776,['G', 'O', 'G', 'G', 'G']
C59913301,['G', 'G', 'G', 'G', 'G', 'G', 'G', 'G', 'G', 'G']
C62273203,['G', 'G', 'G', 'G', 'G']
C39894831,['G', 'G', 'G', 'O']
C32558252,['G', 'G']
C13686427,['O']
C59913304,['G', 'G', 'G', 'G', 'G', 'G', 'G', 'G', 'G', 'G']
C12727264,['O', 'G', 'G']
C08829171,['G']
C38079661,['O', 'O', 'G', 'O', 'G', 'G']
C19929960,['G', 'G']
C41992171,['G', 'O', 'O', 'G']
C54309392,['O', 'G', 'G', 'G', 'O']
C40585600,['G', 'O', 'G', 'O', 'G', 'O']
C51604209,['G', 'O']
C35611224,['O', 'G', 'G', 'G', 'G']
C01816352,['G', 'G', 'O', 'G', 'O', 'O', 'G']
C63079352,['O', 'O']
C63868450,['G', 'G']
C38012190,['G', 'O', 'G', 'G']
C37052747,['O', 'G', 'G']
C00400269,['G']
C04298949,['O', 'O']
C36328987,['G', 'G', 'G', 'G']
C35135616,['O', 'G', 'O', 'G']
C38519886,['G', 'G', 'G', 'G']
C66702774,['G', 'G', 'G', 'O', 'G', 'G', 'G', 'G']
C00522081,['G']
C44019164,['O', 'O', 'O']
C01681003,['-']
C40577836,['O', 'G', 'G', 'G', 'O']
C46977905,['G', 'O', 'G', 'G', 'O', 'G', 'G', 'G']
C39243012,['O', 'G', 'G', 'G']
C36585102,['G', 'G', 'G', 'G', 'G', 'G', 'O', 'G']
C62873085,['G', 'G', 'G', 'O', 'G']
C40533761,['G', 'G', 'G', 'G', 'O', 'O']
C40516400,['G']
C50670815,['O', 'G', 'G', 'O']
C05586902,['G', 'G']
C48105100,['G', 'G', 'G', 'G']
C42768959,['G']
C45010888,['O', 'O']
C31966013,['O', 'G', 'O', 'G', 'O', 'G', 'O']
C20679524,['G', 'O']
C67654385,['G', 'O', 'O', 'G']
C40728610,['G']
C35284712,['G', 'G', 'G', 'G']
C19869320,['G', 'G']
C39970549,['G', 'G', 'G', 'O', 'G', 'G', 'G', 'G', 'G', 'G']
C09329207,['G', 'G', 'O', 'O', 'G', 'G']
C38617775,['O', 'O', 'G']
C10864562,['G', 'G', 'G']
C03706073,['O']
C20209339,['G', 'G', 'G', 'O']
C38636074,['G']
C05182317,['G', 'G', 'G', 'G']
C49765293,['O', 'G', 'O']
C61673126,['G', 'O']
C38053140,['O', 'G', 'G']
C40731883,['G', 'O', 'G']
C13111406,['G', 'G', 'G']
C40648009,['G', 'O', 'G', 'O', 'G']
C67551096,['O', 'G', 'G', 'G', 'G', 'G']
C00100738,['O', 'G', 'G', 'G', 'O']
C41992016,['G', 'G', 'G']
C00156546,['G', 'G', 'G', 'O', 'O']
C02750644,['O', 'G', 'O']
C50006899,['G', 'G', 'G', 'G']
C02535113,['O', 'G']
C13131687,['G', 'G']
C37796179,['O', 'G', 'G', 'G', 'O']
C40537433,['G', 'G', 'G', 'G', 'O', 'O']
C61937593,['G', 'G', 'O', 'G', 'G', 'O']
C37795346,['G', 'G', 'G', 'G', 'G', 'O']
C38033778,['O', 'G', 'G']
C48979417,['G', 'G', 'G', 'G', 'G', 'G', 'O']
C20561486,['O', 'O', 'G']
C50039598,['O', 'G']
C52306525,['G', 'G', 'G']
C20330434,['G', 'G']
C63458700,['G', 'O', 'O']
C50375488,['G', 'G', 'G', 'G', 'G']
C40455888,['G']
C40645525,['G', 'G', 'O', 'G', 'O', 'G']
C61684653,['G', 'G', 'G', 'G']
C09335574,['G', 'G', 'G', 'G', 'G', 'O']
C08598922,['O', 'O', 'O']
C62846161,['G', 'G', 'O', 'G', 'G']
C50567665,['O', 'G', 'G', 'G', 'O']
C35562361,['O', 'O', 'G']
C35287811,['G', 'G', 'G', 'G', 'G']
C52901499,['G', 'G']
C35324287,['G', 'G', 'O']
C33813076,['G', 'G', 'G', 'O']
C42041124,['G', 'G', 'G', 'O']
C13127005,['O', 'G', 'G', 'G', 'O', 'G']
C49150046,['G', 'G', 'O']
C20578953,['G', 'G']
C21013143,['G', 'G']
C01626913,['G', 'O', 'O', 'O']
C41391358,['G', 'G']
C42014856,['O', 'G']
C36984679,['G', 'G']
C62719351,['G', 'O']
C54433216,['G', 'G', 'O']
C06587378,['G', 'G', 'G', 'G', 'G', 'O']
C55169485,['G', 'G']
C61536950,['G', 'G', 'G', 'G', 'G']
C04353725,['G', 'G']
C53995175,['G', 'G']
C13121479,['G', 'G', 'G', 'O', 'O']
C33464675,['G']
C14983250,['G']
C67647333,['G', 'G', 'G', 'G', 'G', 'O', 'G', 'G', 'O']
C45817670,['G']
C63216048,['G']
C40684178,['G', 'O', 'O', 'O']
C16957755,['O']
C41991663,['G', 'G', 'G', 'G', 'G', 'G']
C14093605,['G', 'O', 'G', 'G', 'G']
C38145202,['O', 'G', 'G', 'G']
C62934623,['G', 'G', 'G', 'G', 'G', 'G', 'O', 'G']
C61537443,['G', 'G', 'O', 'G']
C37539110,['G', 'G', 'G', 'G', 'G']
C05024269,['G', 'O']
C04877548,['G', 'G', 'G', 'G', 'O', 'G', 'G']
C63079320,['O', 'G']
C40823421,['O', 'G', 'G', 'G', 'O', 'G', 'G']
C53751385,['G', 'G', 'G']
C35696823,['G', 'G']
C38670416,['G', 'G', 'G', 'O', 'G', 'G']
C65408586,['G', 'O', 'O', 'G', 'O', 'O']
C62843171,['G', 'G', 'G', 'O', 'G']
C50376269,['G', 'G', 'G', 'O', 'O']
C40524518,['O', 'G', 'G', 'G', 'O']
C51652109,['O', 'G', 'G', 'G', 'G']
C50637637,['O', 'G', 'G']
C62317803,['O', 'G', 'G', 'G']
C44968016,['G', 'G', 'O', 'G', 'G']
C37494211,['O', 'O', 'G', 'G', 'O']
C61939818,['G', 'G', 'O']
C43665713,['G', 'G', 'O']
C62701773,['O']
C02424773,['G', 'G', 'G', 'G', 'O', 'G', 'G']
C44617612,['G', 'O', 'G', 'O', 'G', 'G']
C49564093,['G', 'G', 'O']
C15081501,['G', 'G', 'G']
C50817519,['G', 'G']
C41019973,['G', 'O', 'O']
C41982391,['G', 'G', 'O']
C62875963,['G', 'G', 'G', 'G', 'G', 'O', 'G']
C62843034,['G', 'O', 'G']
C43977971,['G', 'G', 'O', 'G', 'O', 'G', 'G']
C41104957,['O', 'O', 'O', 'G']
C67261538,['G', 'O', 'G', 'G', 'G']
C49671976,['G', 'O', 'G']
C20149782,['G', 'G']
C67173050,['G']
C39325258,['O', 'O']
C37730079,['G']
C20333760,['G', 'G', 'G', 'G']
C35133733,['G', 'G', 'G']
C20318271,['G', 'G']
C48584694,['G', 'G', 'G', 'G', 'G', 'G', 'G', 'G']
C06313100,['O', 'G', 'G', 'G', 'G', 'G', 'G', 'G']
C20567600,['O', 'G']
C62251184,['G', 'G', 'G', 'G', 'O', 'G']
C50811394,['O', 'G', 'O']
C05068013,['O', 'G']
C37348374,['G', 'G']
C50364410,['G', 'O', 'G', 'G', 'O']
C19260218,['G']
C59520217,['O', 'O', 'G', 'O', 'G', 'G', 'O']
C40714289,['O', 'O', 'O']
C41528147,['G', 'G']
C52901267,['G', 'O']
C00337087,['-']
C48798711,['G', 'G', 'O', 'G', 'G']
C62933105,['G', 'G', 'G', 'G', 'G', 'G']
C22623430,['G', 'G', 'G', 'G', 'G', 'G', 'O', 'G', 'G', 'G', 'G']
C15975171,['G', 'G', 'G']
C04124132,['G', 'G', 'G', 'G', 'O']
C16700354,['G', 'G', 'O', 'G']
C14182256,['G', 'G', 'G', 'G', 'O']
C13464927,['G', 'O', 'G', 'G', 'G', 'G', 'O']
C36379868,['G', 'G', 'G']
C17245024,['O', 'G', 'G', 'G']
C37010281,['O', 'G', 'O', 'G']
C66887431,['G', 'G', 'G', 'G', 'G', 'G', 'G', 'G']
C24745586,['G', 'G', 'O', 'O', 'O', 'G', 'G']
C37348385,['O', 'G']
C49095882,['G', 'G']
C13549225,['G', 'O', 'O', 'O', 'G', 'G']
C40931443,['G', 'G', 'G']
C35453040,['G', 'G', 'G', 'O', 'G', 'G', 'G']
C00166119,['G']
C51036991,['G', 'G', 'G']
C38752877,['O', 'G', 'G', 'G', 'G', 'G']
C65607602,['G', 'G', 'G', 'G', 'G', 'G', 'G', 'G']
C40726913,['G', 'O', 'G', 'O']
C38653386,['G', 'G', 'G', 'G', 'O']
C05208248,['-']
C50635548,['O', 'G', 'G', 'G', 'G']
C57779035,['O', 'G', 'O', 'O', 'G']
C45631596,['O', 'O', 'G', 'O']
C05237721,['O', 'G', 'O']
C62935737,['G', 'G', 'G', 'G', 'G', 'G', 'G']
C41982329,['G', 'G', 'O']
C36288777,['G', 'G', 'G', 'G']
C20159407,['G', 'G', 'G', 'G', 'O', 'G', 'G', 'O']
C55334094,['G', 'G']
C40795986,['G', 'O', 'G', 'G', 'G']
C32541087,['G', 'O', 'O', 'G']
C65335471,['G']
C39089941,['G']
C61678813,['G', 'G', 'G', 'O', 'G']
C54473731,['G', 'G', 'O']
C05925899,['G']
C01685073,['G', 'G']
C59019679,['O', 'G', 'O', 'G', 'G']
C41894669,['G', 'G', 'G']
C62609470,['O', 'G']
C45236701,['G']
C63856665,['G', 'O', 'O', 'G', 'G']
C35482738,['G', 'G', 'G', 'G', 'O', 'O', 'G', 'G', 'G']
C41991961,['G', 'G', 'G', 'G']
C04127869,['G', 'G', 'G', 'G', 'G']
C56372804,['G', 'G', 'G', 'G', 'G', 'G', 'G']
C44458561,['G', 'G', 'G', 'O', 'G', 'G']
C32596961,['G', 'G', 'G', 'G']
C66673276,['O', 'O', 'O', 'G', 'G', 'G']
C66975494,['G', 'G', 'G', 'O', 'G', 'G', 'O', 'G']
C55637756,['G', 'G', 'G', 'G', 'G', 'O']
C54404742,['G']
C49672013,['G', 'O', 'G']
C03563747,['O', 'G', 'G', 'G']
C36288704,['G', 'G', 'G', 'G']
C48608080,['O', 'G', 'G', 'G', 'G']
C45895002,['G', 'G', 'G']
C11755792,['G', 'G', 'O']
C35453034,['G', 'G', 'G', 'G', 'G', 'G', 'G']
C09186336,['O', 'G', 'O', 'G']
C63079794,['G', 'G', 'G', 'O']
C32189614,['-']
C50049207,['G', 'G', 'G', 'G', 'G', 'G', 'O', 'G']
C50818515,['G', 'G', 'G']
C04515151,['G', 'G', 'G', 'O']
C41982371,['G', 'G', 'G', 'O']
C40448360,['-']
C62367276,['G', 'G', 'G']
C42356313,['G', 'G', 'G']
C64588773,['O', 'O', 'O', 'G', 'G', 'G']
C40552458,['O', 'G', 'G', 'G']
C39962589,['G', 'G', 'G', 'G']
C12427759,['-']
C67124733,['G', 'G', 'G', 'G', 'O', 'O']
C45523283,['G', 'G', 'G', 'G', 'O', 'G', 'G', 'G', 'G']
C04203920,['O']
C65185138,['G', 'G', 'G']
C40813787,['G', 'G', 'O', 'G', 'G', 'G', 'G']
C20472043,['G', 'G', 'O']
C50833284,['G', 'G', 'G']
C20830707,['G', 'G', 'O', 'G', 'O']
C37452642,['O', 'O', 'O']
C48424888,['O', 'G', 'O', 'G']
C42405836,['G', 'O', 'O', 'G']
C67535820,['G', 'G', 'G', 'O', 'G', 'G']
C38342433,['G', 'G']
C13190570,['G', 'O', 'G', 'G', 'O']
C50633229,['G', 'G', 'G', 'G']
C36736284,['G', 'G', 'G']
C00124865,['G', 'O', 'O']
C09015231,['G', 'G']
C12552001,['G', 'G', 'G']
C41527943,['G', 'G']
C42026214,['G', 'O']
C11947533,['O']
C43041100,['G', 'G', 'G', 'O']
C51652154,['G', 'G', 'G', 'G', 'G']
C31809574,['O']
C41976980,['G', 'O', 'O', 'O']
C41977097,['O', 'G', 'G']
C37348372,['G', 'G']
C40724251,['O', 'O']
C62847132,['G', 'G', 'O', 'G', 'G', 'G', 'G']
C42472040,['G', 'O', 'G', 'G', 'G', 'O']
C49671790,['G', 'G']
C16363251,['O', 'O']
C40577541,['G', 'G', 'G', 'G', 'O', 'G', 'G']
C20414122,['G', 'O', 'O', 'G', 'G', 'G']
C36938314,['G']
C50695038,['O', 'G', 'G', 'G']
C61629829,['O', 'G']
C39931903,['G', 'G']
C26512281,['G', 'G', 'G']
C61589937,['G', 'G', 'G']
C01718953,['-']
C11855024,['G', 'G', 'O', 'G', 'O', 'G']
C54696994,['G', 'O']
C40261336,['G', 'G', 'G']
C42449448,['G', 'G', 'G']
C61859806,['G']
C61836210,['O', 'G', 'O', 'O', 'G', 'G', 'G', 'O']
C02409534,['G', 'G', 'G', 'G', 'O', 'G', 'G', 'O']
C42009871,['G', 'G', 'O', 'G']
C48645349,['G', 'G', 'O', 'G', 'G']
C61606602,['G', 'G', 'G', 'G']
C54335470,['O', 'G', 'O', 'G', 'O']
C54335960,['G', 'O', 'G', 'O', 'G', 'O']
C62926499,['G', 'G', 'O', 'G', 'G', 'G', 'O']
C00403451,['G']
C39757279,['O']
C45511965,['G', 'G', 'G', 'G', 'G', 'G', 'G', 'G', 'G']
C19950351,['G', 'G', 'G']
C62868180,['G', 'G', 'G']
C36252061,['O', 'G']
C49251276,['G', 'G', 'O', 'G', 'G', 'O', 'O', 'G', 'G']
C02239879,['G', 'G', 'G']
C39112091,['G']
C00039246,['G', 'G', 'G', 'G']
C40605319,['G', 'O', 'G', 'O', 'O']
C41991842,['G', 'G', 'G', 'G']
C06870193,['O', 'G', 'G', 'G', 'O']
C52855669,['G', 'O']
C07240544,['G', 'G', 'G', 'G', 'G', 'G']
C29351969,['G', 'G', 'G', 'O', 'G', 'G', 'G', 'O']
C12959227,['O']
C51168814,['G', 'G', 'O']
C15774985,['O', 'O', 'G', 'G', 'G', 'G']
C17076775,['O', 'G', 'G', 'G']
C61221372,['G', 'G']
C20921560,['G', 'G', 'G', 'G', 'G', 'O', 'G', 'O', 'G', 'G']
C61515084,['G', 'O', 'G']
C48482574,['G', 'G', 'O', 'G', 'G']
C41894762,['G', 'G']
C62947303,['G', 'G']
C05615905,['O']
C31775940,['G', 'G']
C35135615,['O', 'G', 'O', 'O']
C36288940,['O', 'G', 'G']
C35736016,['O', 'G']
C62846571,['G', 'G', 'G', 'O', 'G', 'O', 'O']
C22422060,['G', 'G', 'G', 'O', 'G', 'O']
C61859586,['G', 'G', 'O']
C41062622,['G']
C52884079,['G', 'G']
C50558531,['G', 'G', 'G', 'G', 'G', 'G', 'G', 'G', 'G', 'G', 'O']
C02506770,['G']
C50521064,['G', 'G', 'G']
C00407762,['G', 'G']
C50866622,['G', 'O', 'O', 'G']
C40455728,['G', 'O', 'O']
C08782881,['-']
C00040012,['G']
C06590804,['G', 'G', 'O', 'G', 'O']
C63216244,['G', 'O', 'G']
C20217007,['G', 'O']
C32587196,['O', 'G']
C44298519,['G', 'G', 'O', 'G', 'G', 'G', 'G']
C52855844,['G']
C00550622,['G', 'G', 'G', 'G']
C20410430,['G', 'G']
C09597700,['G', 'G', 'G', 'G', 'O']
C36050815,['G', 'G', 'O', 'G', 'G', 'G', 'G']
C36893203,['O']
C45331611,['G', 'G', 'G', 'G', 'G', 'G', 'O', 'O']
C36288939,['G', 'G', 'O']
C20830614,['G', 'G', 'G', 'O', 'G', 'O']
C50290818,['O', 'O', 'G', 'G']
C08778831,['G', 'G']
C00998432,['G', 'G', 'G', 'G', 'G', 'O']
C35831942,['G', 'G', 'O', 'G', 'G', 'G', 'G', 'G', 'G']
C63393455,['-']
C61752303,['G', 'G']
C05898078,['G', 'G', 'G', 'O']
C37559299,['O', 'O', 'G']
C61824178,['G', 'G']
C51169260,['O']
C50567661,['O', 'G', 'G', 'G', 'O']
C13116304,['O', 'O']
C44121475,['G']
C31165268,['G', 'G', 'G', 'G']
C54335932,['G', 'O', 'O', 'G', 'G', 'G', 'G', 'G']
C40725742,['O', 'O']
C51730476,['O']
C41976746,['O', 'G', 'G']
C35578254,['G', 'O', 'G', 'G']
C44298077,['G', 'G', 'G', 'G', 'G', 'O', 'G', 'G', 'G', 'G']
C12381465,['G', 'G', 'G', 'O']
C62846106,['G', 'G', 'O', 'G', 'G', 'G']
C37744618,['G', 'G', 'G', 'G']
C62843112,['G', 'G', 'G', 'G', 'O', 'G']
C40516695,['G']
C44020688,['G', 'G', 'G', 'G', 'G', 'G']
C57546917,['G', 'G', 'G', 'G', 'O']
C03875734,['O']
C19320596,['G', 'G', 'G', 'G']
C50852130,['G', 'O']
C32673529,['G', 'G', 'G', 'G', 'G', 'O']
C08296831,['G', 'G', 'G', 'G', 'O', 'G', 'O']
C04704601,['G', 'G']
C02396330,['G', 'G', 'G', 'G', 'G', 'O']
C38653375,['G', 'G', 'G', 'G', 'G']
C40689392,['G', 'O', 'O']
C36762175,['G', 'G', 'G', 'G']
C39315011,['G']
C45047399,['G', 'O', 'G', 'O', 'G', 'G', 'O', 'G']
C54335429,['G', 'O', 'O', 'G', 'O', 'G', 'G']
C02740600,['G', 'G', 'G', 'O']
C39450990,['G', 'G']
C32920066,['G']
C62847428,['G', 'G', 'G', 'O', 'G', 'G']
C39119209,['G']
C62875449,['G', 'G', 'G', 'O', 'O', 'O', 'G']
C36748900,['O']
C39750023,['G', 'G', 'G', 'G', 'G']
C62843816,['G', 'G', 'G', 'O', 'G']
C37054032,['G', 'G', 'G']
C36322953,['G', 'O']
C05309795,['G', 'O', 'G', 'G']
C04009926,['G']
C36938324,['G', 'O']
C36050609,['O', 'G', 'O', 'G', 'G', 'G', 'G', 'G', 'G', 'G']
C13335664,['O', 'G', 'O', 'G', 'G', 'G', 'G', 'G', 'O']
C50650327,['G', 'G', 'G']
C13021208,['O', 'G', 'O', 'G', 'G', 'G', 'G', 'G', 'G']
C00100046,['G']
C06813969,['G', 'G']
C41897850,['G', 'G', 'G']
C04114866,['G', 'G', 'G', 'G']
C18032486,['O', 'G', 'G']
C39793544,['G', 'G']
C38140752,['G', 'G', 'G', 'G', 'G']
C41161408,['G', 'G']
C44263827,['G', 'O']
C50921900,['G', 'G', 'G', 'G', 'G']
C16695113,['G', 'G', 'G', 'G', 'G', 'O', 'O']
C61769939,['G', 'O']
C43542255,['G', 'G', 'G', 'G', 'G']
C54054512,['O', 'G', 'G', 'G']
C41894597,['G', 'G']
C35342473,['O', 'G']
C37832934,['G', 'G', 'O', 'G', 'O']
C54433104,['G', 'G', 'G']
C52175891,['G']
C41992115,['G', 'G', 'O', 'G']
C62846472,['G', 'G', 'O', 'G', 'G']
C36912388,['G']
C25695801,['G']
C44225157,['G', 'G', 'O']
C34976282,['-']
C62273062,['G', 'O', 'G', 'O', 'G']
C65398257,['G', 'G']
C62846690,['G', 'G', 'O', 'G', 'G', 'G', 'G']
C06389565,['G', 'G', 'O', 'G']
C42461737,['O']
C05614127,['G']
C34959029,['O']
C02437089,['G', 'O', 'O', 'G', 'G']
C61833120,['G', 'G', 'G', 'G', 'G', 'G', 'G', 'G', 'G', 'O']
C40535135,['G', 'G', 'G', 'G', 'O', 'O']
C62843109,['G', 'O', 'G', 'G', 'G']
C40455868,['O']
C13181502,['G', 'G', 'O', 'G', 'G', 'G']
C33926172,['G', 'G']
C03067459,['G', 'G', 'G', 'O']
C63216232,['G', 'G']
C62922487,['G', 'G', 'O', 'G', 'G']
C50649409,['G', 'G', 'G', 'G']
C04391444,['G', 'G']
C11569816,['O', 'O', 'G', 'G']
C49960753,['G']
C41898658,['G', 'G', 'G', 'G']
C09301992,['G', 'G', 'G', 'G', 'G']
C52208420,['O', 'G', 'G', 'G']
C06624274,['G', 'G', 'G', 'G', 'O', 'G', 'G', 'G']
C66584426,['G', 'G', 'G', 'O', 'O', 'G']
C40730696,['G', 'O']
C37415147,['G', 'G', 'G', 'G', 'G', 'O']
C06755042,['-']
C54728345,['O', 'G', 'G', 'G']
C21511165,['G', 'G', 'G']
C36748918,['O']
C42010617,['O', 'G', 'G']
C38193000,['G', 'O', 'G']
C19787259,['G']
C62367180,['G', 'G']
C66623622,['G', 'G', 'O', 'G', 'G', 'G']
C59502865,['O', 'G', 'O', 'G']
C18197399,['G']
C01665160,['G']
C11757157,['G', 'G']
C32102536,['G']
C62273027,['O', 'G', 'G', 'G']
C50349887,['G', 'G']
C48520706,['G', 'G', 'O', 'G', 'G', 'G', 'G']
C62842644,['G', 'O', 'G', 'G']
C29010792,['G', 'G', 'G', 'O', 'G', 'G']
C66580705,['G', 'G', 'O', 'G', 'G', 'G']
C04202811,['G']
C49543570,['G', 'G', 'G', 'O']
C20250422,['G', 'O', 'G', 'G']
C40734182,['G', 'G', 'G']
C43219724,['O', 'G', 'G', 'O']
C63390417,['-']
C67303866,['G', 'G', 'O', 'G', 'G', 'G', 'G']
C18193625,['G', 'G']
C52213462,['O', 'O', 'G', 'G']
C20285427,['O', 'O', 'G']
C43219702,['O', 'G', 'G', 'G']
C50929914,['G', 'G', 'G', 'G', 'G', 'O', 'G', 'G', 'O']
C40455742,['G', 'O', 'O']
C02362229,['G', 'G', 'G']
C50649229,['G', 'G', 'G']
C49135501,['O', 'G', 'G', 'G', 'G']
C41909681,['G', 'G']
C62842683,['G', 'G', 'G', 'O', 'G']
C59041298,['G', 'G']
C37375588,['G', 'G', 'G']
C39109053,['G', 'G']
C62873417,['O', 'G', 'O', 'G']
C52344940,['G', 'G', 'G', 'G', 'G', 'G']
C05909982,['G', 'G', 'G', 'O']
C61685365,['O', 'G', 'G', 'G']
C43560058,['G']
C29753741,['G']
C41976756,['G', 'G', 'G']
C00076634,['G', 'G']
C19936352,['G']
C05045421,['G', 'O']
C53496532,['G', 'G', 'G', 'G', 'G', 'O']
C36678399,['G', 'G', 'G', 'O']
C41976982,['G', 'G', 'G', 'G', 'O']
C40552461,['O', 'G', 'G', 'G', 'O']
C51000229,['G', 'O', 'G', 'G']
C44021984,['G']
C19899281,['O', 'O']
C02525162,['G']
C43283812,['O', 'G', 'G', 'O']
C51296797,['G', 'O']
C20218178,['O', 'G', 'G', 'O', 'G', 'O']
C62844818,['G', 'G', 'O', 'G']
C01674773,['G']
C43736745,['-']
C17221859,['G', 'G', 'G', 'G']
C13136075,['G', 'O']
C12357879,['-']
C48326923,['G', 'G']
C49776812,['G', 'G', 'G']
C37066319,['O', 'G']
C66509104,['G', 'G', 'G', 'G', 'G', 'O', 'G']
C44122144,['G']
C61827524,['G', 'G', 'G', 'G', 'O']
C06813645,['G']
C19094096,['G', 'G', 'O']
C39334384,['G', 'G']
C62871914,['G', 'G', 'O', 'G', 'G']
C35390227,['G', 'G', 'G', 'O', 'G']
C54433147,['O', 'G', 'G']
C40532744,['O', 'G', 'G', 'G', 'O']
C01728096,['G', 'G', 'O', 'G']
C37795342,['O', 'G', 'G', 'O']
C00492541,['G']
C61833089,['G', 'G', 'G', 'G', 'G', 'G', 'G', 'G', 'G', 'O']
C37883293,['G', 'G']
C55650569,['O', 'G', 'G', 'G', 'G']
C61887219,['G', 'G', 'G', 'O']
C33276056,['O', 'G', 'G']
C38478013,['G']
C20395966,['O', 'G', 'G', 'G']
C50649220,['G', 'G', 'G', 'G']
C41906032,['G', 'G']
C44593359,['G', 'G', 'G', 'G', 'O', 'O']
C37080618,['G', 'O', 'G', 'O']
C36050680,['G', 'G', 'G', 'O', 'O', 'O', 'G']
C47837025,['G', 'G', 'O', 'G', 'G', 'G']
C61832813,['G', 'G', 'G', 'G', 'G', 'O', 'O', 'O']
C50534936,['G', 'G', 'G', 'G', 'G']
C41894627,['O', 'O', 'G']
C60280664,['G', 'O', 'O']
C52213198,['O', 'O', 'G', 'G']
C54068110,['O', 'G', 'O', 'G', 'G', 'G']
C41634365,['O', 'O', 'G', 'G']
C33961116,['G', 'G', 'G']
C43251260,['G', 'G', 'G', 'G']
C35693913,['G', 'G', 'G', 'G', 'G', 'G', 'G']
C35542184,['G', 'O']
C35600193,['G', 'O', 'O']
C40369809,['O', 'G', 'G', 'G']
C54335825,['O', 'G', 'O', 'G', 'O']
C61916721,['G']
C51000700,['G', 'G', 'O', 'G']
C01202654,['G', 'G', 'G']
C09423906,['G', 'G']
C40455604,['G', 'G', 'O']
C39058995,['-']
C49084777,['G', 'G', 'G', 'O']
C54336272,['O', 'G', 'O', 'G', 'O']
C33912948,['G', 'G', 'G', 'G', 'G', 'G', 'O']
C33786222,['G', 'G', 'G']
C49135471,['G', 'G', 'G', 'G', 'G', 'G', 'G', 'G']
C04027078,['G', 'O', 'G', 'O', 'G', 'G']
C55083772,['G', 'G', 'O', 'G', 'G', 'G', 'O']
C51002275,['G', 'G', 'O']
C08733481,['O']
C63147912,['G', 'G', 'G', 'O', 'O', 'G', 'O']
C36283798,['O']
C43539322,['G', 'O', 'G']
C61832737,['G', 'G', 'G', 'G', 'G', 'G', 'G', 'G', 'O']
C42522754,['O', 'G', 'G', 'G']
C41976937,['G', 'G', 'G']
C08416684,['G', 'G', 'O', 'G']
C40603949,['O', 'G', 'G', 'O', 'G']
C01706735,['-']
C50986530,['G', 'O', 'G']
C34788540,['G']
C01610471,['O']
C61173213,['G', 'G', 'G', 'O', 'G', 'O']
C01714746,['G', 'G']
C50995735,['G', 'G', 'O', 'G']
C63637707,['G', 'G', 'G']
C42009995,['G', 'G', 'G']
C62842696,['G', 'O', 'G', 'G']
C52344434,['G', 'G', 'G', 'G', 'G', 'G', 'G', 'O']
C50988160,['O', 'G', 'G']
C57354439,['-']
C62872996,['G', 'O', 'G', 'G']
C40560231,['G', 'O', 'O', 'G', 'G']
C39710169,['G', 'O']
C49123499,['G', 'G', 'G', 'O', 'O']
C00242545,['G']
C37795343,['G', 'G', 'G', 'O']
C42582744,['G', 'G', 'G', 'G', 'O', 'G']
C35390500,['G', 'O', 'G', 'G', 'G']
C44509541,['G', 'G', 'G']
C06490175,['O', 'G', 'G', 'G', 'G', 'G', 'G', 'O']
C40523777,['G', 'G', 'G', 'O', 'O']
C42869587,['G', 'G', 'G', 'G', 'G', 'G', 'G']
C50566900,['O', 'G', 'G', 'O', 'G', 'O']
C13299486,['G', 'G', 'G', 'G', 'G']
C36895488,['G']
C34923778,['G', 'G', 'O', 'G', 'G', 'G', 'G']
C40528457,['G', 'G', 'G', 'O', 'O']
C04775712,['G', 'G']
C41634466,['G', 'G', 'G']
C50122445,['O', 'G']
C06046659,['G', 'G', 'G', 'O']
C18130036,['G', 'O']
C40579439,['G', 'O', 'G', 'G', 'G', 'O']
C40590033,['G', 'O', 'G', 'G', 'G']
C35512766,['O', 'G', 'G']
C54052971,['O', 'G', 'G', 'G', 'G']
C12401849,['G']
C05224647,['-']
C54335455,['O', 'G', 'G', 'G', 'O']
C00160438,['G', 'G', 'G']
C40458231,['G', 'G', 'O', 'G', 'G']
C35600069,['G', 'G', 'G']
C44783440,['G', 'G', 'O']
C13333732,['O', 'G', 'O', 'G', 'O', 'G', 'G', 'G', 'G']
C42010499,['G', 'G', 'G', 'O']
C19152733,['O', 'G', 'G', 'G']
C42240563,['G', 'G']
C39939038,['O', 'O']
C42707885,['G', 'O', 'O', 'O', 'G', 'O']
C39054044,['G']
C17968243,['G', 'G']
C61937425,['O', 'G', 'G', 'G', 'O']
C04336998,['-']
C54336085,['O', 'G', 'G', 'G', 'O']
C11920662,['G', 'O', 'G']
C54633698,['G', 'G', 'G']
C39559738,['G', 'G', 'O', 'G', 'G']
C62875166,['G', 'G', 'G', 'G', 'O', 'G']
C54634073,['G', 'G', 'G']
C40531533,['O', 'G', 'G', 'O', 'G']
C35777126,['G', 'G', 'O']
C15224047,['G', 'O', 'G', 'G', 'G', 'G']
C49452755,['G']
C50197004,['G', 'G', 'G', 'G', 'G', 'G', 'O']
C03357003,['G', 'G', 'O', 'G', 'G']
C12437047,['-']
C40532745,['G', 'G', 'G', 'G', 'O']
C52275764,['G', 'G', 'O', 'G', 'G']
C54054348,['O', 'G', 'O', 'G', 'G']
C62868207,['O', 'G', 'G']
C45047405,['G', 'G', 'O', 'O']
C44593119,['O', 'O', 'G', 'G', 'O']
C52275766,['G', 'G', 'O', 'G', 'G']
C51002158,['G', 'O', 'G']
C40577741,['O', 'G', 'G', 'G', 'O', 'G']
C01679080,['G', 'G', 'G', 'O']
C05383801,['O', 'G', 'O', 'G', 'G', 'O']
C50196532,['O', 'G', 'G', 'G', 'G', 'O']
C42351345,['G']
C32771613,['O', 'G', 'G', 'G', 'G', 'G', 'G']
C50196786,['G', 'G', 'G', 'G', 'G', 'G', 'G', 'O']
C49473997,['G', 'G']
C54068941,['G', 'G', 'G', 'O', 'G', 'O']
C57347457,['G', 'G', 'G']
C44628350,['G', 'O', 'G', 'G', 'G', 'G']
C50916581,['O', 'O', 'O']
C55482509,['G', 'G']
C62873781,['G', 'G', 'G', 'O', 'O', 'O', 'G', 'G']
C57930221,['G', 'G', 'O']
C61214770,['G', 'G', 'O', 'G', 'O', 'G', 'G', 'G']
C19949746,['O', 'G', 'O']
C51749742,['O', 'G', 'G', 'O', 'G']
C05936217,['G', 'G', 'G', 'O']
C41918387,['G', 'G', 'G']
C16921196,['G', 'G']
C40604470,['G', 'O', 'G', 'G', 'O', 'G']
C41037988,['G', 'G', 'G', 'G']
C11919769,['G', 'G', 'O']
C40530766,['O', 'G', 'G', 'G', 'O']
C42496087,['G', 'O', 'G', 'G', 'G', 'O']
