C39556205,['G', 'G', 'G', 'G', 'G']
C39448830,['G', 'G', 'G', 'O']
C16543275,['G', 'G', 'G', 'G', 'O', 'O', 'G']
C09793244,['G', 'G', 'G', 'G', 'G', 'G', 'O', 'G']
C07779407,['G', 'O', 'G', 'G', 'G', 'O']
CHEMBL514730,['G', 'O', 'G', 'G', 'G']
C58994093,['G', 'G', 'G', 'G', 'G', 'G', 'G']
C02721183,['G', 'O', 'G', 'G', 'G', 'G', 'G', 'G']
C16791780,['O', 'G', 'G', 'G', 'G', 'G']
C11164438,['G', 'O', 'G', 'G', 'O', 'G']
C09111510,['O', 'G', 'O', 'G', 'G']
C01868524,['G', 'G', 'G', 'G']
C40761127,['G', 'O', 'O', 'G']
C00948685,['O', 'O', 'O']
C11424803,['G', 'G', 'G', 'G', 'O', 'G']
C24778438,['G', 'O', 'G', 'O', 'G', 'G']
C14472872,['G', 'G']
C14200485,['G', 'G', 'G', 'G', 'G', 'O']
C20913188,['G', 'O', 'G', 'O', 'G', 'O']
CHEMBL258502,['G', 'G', 'G', 'G', 'G', 'G', 'G', 'G', 'O', 'G']
C12653479,['G', 'G', 'G', 'G', 'O']
C05309618,['G', 'G', 'G', 'G', 'G']
C59941825,['G', 'G', 'G', 'G', 'G', 'G']
C39237527,['G', 'O']
C40783376,['G', 'G', 'O', 'G', 'G', 'G']
C15731820,['G', 'G', 'G', 'O']
C40684898,['O', 'O', 'O', 'G']
C13040825,['G', 'G', 'G', 'O', 'G', 'G']
C45942219,['G', 'G', 'G', 'G', 'O', 'G']
C08713778,['G', 'G', 'G', 'O', 'G', 'G']
C21373752,['G', 'G', 'G', 'G']
C32386853,['O', 'G', 'O', 'G', 'O']
CHEMBL1224524,['G', 'G']
C16698839,['G', 'G', 'G', 'G', 'G', 'G', 'G']
C10785104,['O', 'O', 'G', 'G', 'G', 'G', 'G', 'G', 'G']
C15678651,['G', 'G', 'G', 'G', 'O', 'G', 'G', 'G']
C20907934,['G', 'O', 'G', 'O', 'G', 'G', 'G', 'G']
C59833327,['G', 'G', 'G', 'O']
C20588850,['G', 'G', 'G', 'G', 'G', 'G', 'G']
C39949602,['G', 'G', 'G', 'G', 'G', 'G', 'O', 'G', 'G']
C65085534,['O', 'O', 'G', 'O', 'G']
C15094180,['G', 'G', 'G', 'G', 'O']
C23478468,['O', 'G', 'G', 'G', 'G']
C39584166,['O', 'G', 'G', 'G', 'O']
C38556318,['O', 'G', 'G', 'G', 'G', 'G']
C01032270,['G', 'G', 'G', 'O']
C38556316,['O', 'G', 'O', 'G', 'G', 'G']
C03435388,['G', 'G', 'G', 'G', 'G', 'O', 'G']
CHEMBL375955,['O', 'O', 'O', 'G', 'G', 'O']
C08483650,['O', 'G', 'G', 'G', 'G', 'G', 'G', 'G']
CHEMBL1085745,['O', 'G', 'G', 'G', 'G', 'G']
C21077228,['G', 'O', 'G', 'O', 'G', 'G', 'G', 'G']
C35909935,['G', 'G', 'G', 'G', 'G', 'G', 'O']
C01414998,['G', 'O', 'G', 'G', 'G', 'G']
C05059574,['G', 'O', 'G', 'G']
C18245974,['G', 'G', 'O', 'O']
C02399409,['G', 'G', 'O']
C10253876,['O', 'G', 'G', 'G']
C67367142,['O', 'G', 'G', 'G', 'O']
C16845765,['O', 'G', 'G', 'G', 'G']
C64871090,['G', 'G', 'G', 'G']
C67209371,['G', 'G', 'G', 'G', 'G', 'G']
CHEMBL1085746,['G', 'O', 'G', 'O', 'G', 'G']
C38486623,['G', 'G', 'G', 'O']
C10060680,['G', 'G', 'G', 'O', 'G', 'G']
C04106590,['G', 'G', 'G', 'G']
C59831669,['G', 'G', 'G', 'G', 'G', 'O', 'G', 'G', 'G', 'G']
C59310863,['G', 'O', 'O', 'O', 'G', 'G', 'G', 'G']
C49663314,['G', 'G', 'G', 'G', 'G', 'G']
C09518020,['G', 'G', 'G', 'O', 'G', 'G', 'O', 'O']
C03234874,['G', 'O', 'G', 'G', 'G']
CHEMBL218068,['O', 'G', 'G', 'G', 'G', 'G', 'G']
C66447142,['G', 'G', 'O', 'G']
C24225406,['G', 'G', 'G', 'G', 'G', 'G', 'G']
C10030370,['G', 'G', 'O', 'O', 'G']
C66569511,['G', 'G', 'G', 'G', 'G', 'O', 'G']
C08325697,['O', 'O', 'O', 'G']
C04435955,['G', 'G', 'G']
C39955081,['G', 'G']
C57024342,['O', 'G', 'G', 'G', 'O', 'O']
C06782724,['G', 'G', 'G']
C25680332,['G', 'G', 'G', 'G', 'G', 'G', 'G', 'G', 'G', 'G']
C03520005,['G', 'G', 'G', 'G', 'G']
C39016440,['G', 'G', 'O', 'G', 'G', 'O']
C07619731,['G', 'G', 'G', 'G', 'G', 'G']
C10629389,['G', 'G', 'O', 'O', 'O', 'G', 'G', 'G']
C14111361,['O', 'G', 'O', 'O', 'G', 'G', 'O', 'G', 'G']
C19352594,['G', 'G', 'G', 'O', 'G', 'G']
C00499311,['G', 'G']
C64871170,['G', 'G', 'G', 'G']
C16955942,['O', 'O', 'O', 'G']
C06133501,['G', 'G', 'O']
C22831423,['G', 'G', 'G', 'O']
C13963001,['G', 'G', 'G', 'O', 'G']
C39361672,['G', 'G', 'G', 'G', 'G', 'G', 'G']
C60578026,['G', 'G', 'G', 'G']
C05483191,['G', 'G', 'G', 'G', 'G']
C09716690,['O', 'O', 'G', 'G', 'G']
C36704850,['G', 'G', 'G', 'G']
C65802549,['G', 'G', 'O', 'G', 'O', 'O']
C10157159,['G', 'G']
C64703225,['G', 'O', 'G', 'G', 'G', 'O', 'O']
C20830454,['O', 'G', 'O', 'O', 'G']
C07459125,['G', 'G', 'O', 'G', 'G']
C10316641,['G', 'G', 'G', 'G', 'G', 'G', 'O', 'G']
C00939247,['G', 'G', 'G', 'G']
C05310817,['G', 'O', 'O', 'G']
C64392539,['G', 'G', 'G', 'G', 'G', 'G']
C00995506,['G', 'O', 'G', 'G']
C36327773,['G', 'G', 'O']
C38999599,['G', 'G', 'G', 'G', 'G']
C20807129,['G', 'G', 'O', 'G', 'G', 'G', 'G', 'O']
C15684592,['G', 'G', 'G', 'O', 'G', 'O', 'G', 'G', 'G']
C16027183,['G', 'G', 'G', 'G', 'G']
CHEMBL458566,['G', 'G', 'G']
C04991044,['G', 'O', 'G']
C04308746,['G', 'G', 'G']
C51040221,['G', 'G', 'G']
C02458752,['G', 'G', 'G', 'G', 'G']
C19223869,['O', 'O', 'O', 'G', 'O', 'G', 'G', 'G']
C49528735,['G', 'G', 'G', 'G', 'G']
C64002922,['G', 'G', 'G', 'G', 'G', 'G']
C40784575,['G', 'G', 'G', 'O', 'G', 'G']
C32758099,['G', 'G', 'G', 'G']
C09484282,['O', 'O', 'G', 'O']
C02346662,['G', 'G', 'G', 'O', 'G']
C50359553,['G', 'G', 'O']
C04131709,['G', 'G']
C59168521,['G', 'G', 'G']
C20730127,['G', 'O', 'G']
C22209178,['G', 'G', 'G', 'G', 'G', 'G', 'G', 'O']
C05595262,['G', 'O', 'G']
CHEMBL456432,['G', 'G', 'G', 'G']
C49471147,['G', 'G', 'O', 'O']
C25683454,['G', 'G', 'G', 'G', 'G', 'G', 'G']
CHEMBL358880,['G', 'G', 'O', 'O', 'G']
C32667744,['G', 'G', 'G', 'G', 'O', 'O']
C32493136,['G', 'G', 'O', 'G', 'G']
C19741028,['G', 'O', 'G', 'G', 'G', 'G', 'G', 'G', 'G']
C66540302,['G', 'G', 'O', 'O', 'G', 'G', 'G', 'G']
C61405615,['O', 'G', 'G']
C03128123,['G', 'O', 'G', 'O', 'O', 'G']
C40119204,['G', 'G', 'G', 'G', 'G']
C60347057,['G', 'G', 'G', 'O', 'G']
C15674130,['O', 'G', 'G', 'G']
C36277405,['G', 'O']
C53517391,['G', 'G', 'G', 'O', 'G', 'G', 'G', 'G']
C32609630,['G', 'G', 'G', 'G']
C55501876,['G', 'G', 'G']
C10384409,['G', 'G', 'G', 'G', 'G', 'G', 'O', 'G']
C59855074,['G', 'G', 'G', 'G', 'G', 'G', 'G', 'G', 'G', 'G']
C66938211,['G', 'G', 'G', 'O']
C04147760,['G', 'G', 'O']
C16755030,['G', 'G', 'G', 'G', 'G']
C06455144,['G', 'O', 'G']
C63271875,['G', 'G', 'G', 'G', 'G', 'G', 'G', 'O']
C23005741,['G', 'G', 'G', 'G', 'G', 'G']
C67427979,['G', 'G', 'O']
C01816467,['G', 'G', 'G', 'O', 'G', 'G', 'G', 'O', 'G']
C21108012,['G', 'G', 'G']
C53554373,['O', 'G', 'G']
C39847155,['O', 'G', 'G']
C18805075,['O', 'G', 'G', 'G', 'G', 'G', 'G']
C11093898,['G', 'G', 'G', 'G', 'G', 'G', 'G']
C37191226,['O', 'G', 'O']
C39938508,['G', 'O', 'G', 'O', 'G', 'G', 'G', 'O']
C11916612,['G', 'G', 'G', 'G', 'G', 'G', 'G']
C46567808,['G', 'G', 'O', 'G']
C39388387,['G', 'G', 'G', 'G']
C05814037,['G', 'G', 'O', 'G']
C25598927,['O', 'O', 'G']
C04168623,['O', 'G']
C01388344,['O', 'G', 'G', 'G', 'G', 'O']
C06056290,['O', 'G', 'G']
C66938681,['G', 'O', 'O', 'G']
C66348172,['G', 'O', 'O', 'O', 'G', 'G']
C63636343,['O', 'G', 'O', 'G', 'O', 'G']
C58368639,['G', 'O', 'G', 'G', 'G']
C53850685,['G', 'G', 'O']
C40274976,['G', 'G']
C21362206,['G', 'G', 'G']
C20528051,['G', 'G', 'G', 'G', 'G', 'G', 'G']
C39621135,['G', 'G', 'O', 'G', 'G', 'G']
C40802128,['G', 'G', 'O']
C07986031,['G', 'G', 'G', 'G', 'G', 'G', 'G', 'G']
C09193828,['G', 'O', 'O', 'G', 'O']
C26725631,['G', 'G', 'G', 'O']
C22618946,['G', 'G', 'G']
C37253061,['G', 'G', 'G', 'G']
C20829798,['G', 'O', 'G', 'G', 'O', 'G', 'G', 'G', 'G', 'G']
C22968440,['G', 'G', 'G', 'G', 'G']
C03283442,['O', 'G', 'G']
CHEMBL271580,['G', 'G', 'G']
CHEMBL262968,['G', 'G', 'G', 'G', 'O', 'G']
C64613524,['O', 'O', 'G']
C35728886,['G', 'G', 'O', 'G', 'G', 'G', 'G', 'G', 'G', 'G']
C40270664,['G', 'G']
C66387558,['G', 'G', 'G', 'G', 'O']
CHEMBL462513,['G', 'G']
C12071342,['O', 'G', 'G', 'G', 'G', 'G', 'G', 'G', 'G', 'G']
C06258475,['G', 'G', 'O']
C63428049,['G', 'G', 'G', 'G', 'G']
C04501011,['G', 'G', 'G', 'G', 'G']
C31620771,['G', 'O', 'G', 'O']
C21108257,['G', 'O', 'O']
C40285769,['G', 'G']
C58824499,['G', 'G', 'G']
CHEMBL115876,['G', 'G', 'G', 'G', 'O', 'G']
C04793977,['G', 'O', 'O']
C04737038,['O', 'G', 'G', 'O', 'G', 'G']
C46975531,['G', 'G', 'G', 'O', 'G', 'G']
C40784248,['G', 'G', 'G', 'O', 'G', 'G']
C12532017,['G', 'G', 'G', 'G', 'G']
C21729223,['G', 'G', 'O']
C20805790,['G', 'G', 'O', 'G', 'G', 'G', 'G', 'G']
C04455913,['G', 'O']
C00554442,['O', 'O']
C67653669,['G', 'O', 'G', 'O', 'O']
C00928209,['G', 'G', 'G', 'G']
C63744862,['G', 'G', 'G', 'O', 'G', 'G']
C31745626,['O', 'G', 'G', 'G']
C14458375,['G']
C02877557,['G', 'G', 'G', 'G']
C51635569,['G', 'G', 'O']
C37935660,['O', 'G', 'G']
C19661015,['G', 'O', 'G', 'O', 'O']
C28165962,['G', 'O']
C64137071,['G', 'G', 'O', 'G']
C36324973,['O', 'G', 'G', 'O', 'G']
C38003343,['G', 'G', 'G', 'O', 'G']
C03478118,['G', 'O', 'G', 'O', 'G', 'G']
C05741831,['G', 'G', 'G', 'G', 'G', 'G', 'G', 'G', 'G', 'G', 'G', 'G', 'G', 'G', 'G']
C03356144,['G', 'G']
C00338867,['G', 'G', 'G', 'G', 'G', 'G']
C66848210,['O', 'G', 'G', 'G']
C41481231,['O', 'O', 'G']
C03060669,['G', 'G', 'G', 'G', 'O', 'O']
C48397962,['G', 'G', 'G', 'G']
C38556367,['G', 'G', 'O', 'G', 'G', 'O']
C58385528,['G', 'O', 'G', 'G', 'G', 'O']
C34935305,['G', 'G', 'O', 'G', 'G', 'G', 'G', 'G', 'G', 'G']
C27387588,['G', 'G', 'G', 'G']
C49390273,['G', 'G', 'G', 'O', 'G']
C40273948,['G', 'G']
C09125007,['O', 'G', 'G', 'G', 'G', 'G', 'G', 'G']
C17072732,['G', 'G', 'G', 'G']
C22745873,['O', 'G', 'G', 'G', 'G']
C57931256,['G', 'O']
C19212901,['G', 'G', 'O', 'G', 'G', 'G']
C40348334,['G', 'G', 'G', 'G']
C40702425,['G', 'G', 'O', 'O', 'G']
C06701780,['G', 'G', 'G', 'G', 'G']
C04862986,['G', 'O', 'G']
C00066211,['G', 'G', 'G', 'O']
C64613501,['G', 'O', 'O']
C14210746,['G', 'G', 'G', 'G']
C11428613,['G', 'G', 'G', 'G', 'G', 'G', 'O', 'O', 'G', 'G']
C08485076,['O', 'G', 'G', 'G', 'G']
C00274183,['O', 'O', 'G']
C03461104,['G', 'O', 'G', 'O']
C37213170,['G', 'G', 'G', 'O', 'G']
C37368769,['O']
C67232093,['O', 'G', 'G', 'G', 'G', 'G', 'G']
C35344038,['G', 'O']
C48375225,['G', 'O', 'G', 'O', 'G']
C44747766,['G', 'G', 'G', 'O']
C15618822,['G', 'G', 'G', 'G']
C09197907,['O', 'G', 'G', 'O']
C23591723,['G', 'G', 'G', 'G', 'G', 'G', 'O', 'G']
C41494825,['O', 'O']
C23869676,['O', 'G', 'G', 'G', 'O']
C42817659,['O', 'G', 'G', 'G', 'G', 'G', 'O', 'G', 'O']
C19207824,['G', 'G', 'O', 'G', 'G']
C14582070,['G', 'G', 'G', 'G', 'G', 'O', 'O', 'O']
C04278496,['G', 'G', 'G', 'O']
C01468071,['O', 'O', 'G']
C37214178,['G', 'G', 'G', 'G', 'G']
C05978374,['O', 'G', 'G', 'G', 'G', 'G', 'O', 'G']
C07005547,['O', 'G', 'G', 'G', 'O']
C65195829,['O', 'O', 'O', 'G', 'G']
C36933742,['G', 'G', 'G', 'O']
C48411232,['G', 'O', 'G', 'G', 'O', 'G']
C40725346,['G', 'G', 'G', 'O', 'O']
C35054063,['G', 'G', 'G', 'G', 'G']
C25453705,['G', 'G', 'O', 'G']
C34765075,['G', 'O', 'G', 'G']
C39352800,['G', 'G', 'G', 'G']
CHEMBL466496,['G', 'G', 'G', 'G']
C16979095,['G', 'G']
C08576240,['G', 'G', 'O', 'G', 'G', 'G']
C42240061,['O', 'G', 'G']
C11696032,['G', 'G', 'G', 'G']
C11008768,['G', 'G', 'G', 'G', 'G', 'G', 'G', 'G']
C16623454,['G', 'G', 'O']
C05089479,['G', 'G', 'O', 'G', 'G', 'G']
C37062933,['G', 'G', 'G', 'G', 'G', 'G', 'G', 'G']
C04547996,['G', 'G', 'O']
C05497401,['G', 'G', 'O']
C36635849,['G', 'G', 'G']
C42399271,['O', 'G', 'O']
C04478239,['O', 'G']
C12115124,['G', 'G', 'G', 'G', 'O']
C40343146,['G', 'G', 'G']
C38564185,['G', 'G', 'G', 'G', 'G', 'G', 'G']
C08570212,['O', 'G', 'G']
C37392593,['G', 'G', 'G', 'O']
C44086211,['G', 'G', 'G', 'G', 'G', 'O']
C66263002,['G', 'G', 'G', 'O', 'G', 'G']
C15359246,['G', 'G', 'G', 'G']
C28707023,['G', 'G', 'G']
C15134051,['G', 'G', 'O']
C27991753,['G', 'G', 'G', 'G', 'O', 'G', 'G']
C10140894,['G', 'O', 'G', 'G', 'G', 'G', 'G', 'O']
C63059074,['G', 'G', 'G', 'O']
C37993163,['G', 'G', 'G', 'G']
C51755877,['G', 'G']
C04942495,['G', 'O', 'G', 'G']
C37130207,['G', 'G', 'O']
C32599473,['G', 'G', 'G', 'O']
C26769372,['G', 'G', 'G', 'G', 'O']
C31851166,['O', 'G', 'G', 'O']
C16755542,['G', 'O', 'G']
C64891277,['G', 'G', 'G', 'G']
C39356633,['G', 'G', 'O']
CHEMBL43154,['G', 'G']
C05409294,['G', 'G', 'G']
C27937064,['G', 'G', 'G', 'G', 'O']
C37229117,['G', 'G', 'G', 'G', 'G']
C49185442,['G', 'G', 'G', 'G']
C05256178,['G', 'G', 'O', 'G', 'G']
C21584412,['G', 'G', 'G', 'O', 'O', 'G', 'G', 'G', 'G', 'G']
C04783118,['O', 'G', 'G', 'G', 'O']
C63103166,['O', 'G', 'O', 'G']
C40172290,['G', 'O', 'G', 'G', 'G', 'G']
C36635811,['G', 'G', 'G']
CHEMBL397666,['G', 'G', 'G', 'G', 'O']
C43389018,['G', 'G', 'O']
C62707442,['G', 'G', 'O']
C51642702,['G', 'G', 'O', 'O', 'G', 'G', 'O', 'G']
C24464438,['G', 'G', 'G', 'G', 'G', 'G', 'G', 'O', 'O']
C56921353,['G', 'G', 'O', 'G', 'G']
C39016188,['O', 'G', 'G', 'G', 'O']
C59259996,['O', 'G']
C64662032,['O', 'G', 'O', 'O', 'G', 'G', 'G']
C32829925,['O', 'G', 'G', 'G']
C10031958,['G', 'G', 'G', 'G', 'O', 'G', 'G', 'O']
C04317755,['O', 'G', 'G', 'G']
C05935961,['G', 'O', 'G', 'G', 'G']
C58171545,['G', 'G', 'O', 'G', 'G', 'G']
C37197388,['G', 'G', 'O']
C66392543,['G', 'G', 'G', 'G']
C37882766,['G', 'G', 'G', 'G']
C05452222,['G', 'G', 'G', 'G', 'O']
C03444626,['G', 'G', 'G', 'G']
C66346595,['G', 'G', 'G', 'G']
C59961321,['G', 'G', 'G', 'G', 'G', 'G', 'G']
C06223805,['G', 'G']
C06912582,['G', 'O']
C53475939,['G', 'G', 'G', 'G']
C36219870,['O', 'O']
C39531063,['G', 'G', 'G', 'G']
C15674943,['O', 'G', 'G', 'G']
C20519807,['G', 'G', 'G', 'G', 'G', 'O']
C40261625,['G', 'G']
C47823109,['G', 'O', 'G', 'O']
C48990789,['G', 'G', 'G', 'G', 'G']
C67399629,['O', 'G', 'O', 'O', 'G']
C63529034,['G', 'G', 'O', 'G']
C66605705,['G', 'O', 'G']
C57779495,['G', 'O', 'G', 'G', 'G', 'G', 'G', 'G']
C19669789,['G', 'G', 'O']
C58172522,['G', 'G', 'G', 'G', 'G', 'G', 'G']
C01437119,['G', 'G', 'G', 'O']
C44450958,['G', 'G', 'G', 'G', 'G']
C66497841,['G', 'G', 'G', 'G', 'G', 'G']
C14034879,['G', 'G', 'G', 'G']
C08963371,['G', 'G', 'G', 'G', 'G', 'G']
C57355267,['O', 'O', 'G']
C06659521,['G', 'G', 'G', 'G']
C09866371,['G', 'O', 'G', 'O', 'G']
C36853210,['G', 'G', 'G']
C08458524,['O', 'G', 'G', 'G', 'G', 'G', 'G']
C41394576,['O', 'G', 'G', 'G']
C21233111,['O', 'G', 'G']
C13550851,['G', 'G']
C36854756,['G', 'G', 'O']
C07185649,['G', 'G', 'G', 'G', 'G', 'O']
C04468472,['G', 'G', 'G']
C19941932,['G', 'O']
C48807692,['G', 'G']
C40269648,['G', 'G', 'G', 'G']
C66410889,['G', 'G', 'O']
C00160539,['G', 'G']
C49964904,['O', 'G']
C24094175,['G', 'G', 'G', 'G']
C08292544,['O', 'G', 'G', 'G', 'O']
C44449772,['G', 'G', 'G', 'G']
C64208531,['G', 'O', 'G', 'G']
C31913852,['G', 'G', 'G']
C63887614,['O', 'G', 'G']
C03652736,['G', 'G', 'G']
C63079945,['G', 'G', 'O', 'G', 'G']
C65626254,['G', 'G', 'G', 'G', 'G', 'O']
C61694913,['G', 'G']
C38055260,['G', 'G', 'G']
C27532480,['G', 'G', 'G', 'G', 'G', 'G', 'G']
C36976415,['G', 'G', 'G']
C20653244,['G', 'G', 'O', 'O', 'G', 'G', 'G', 'G', 'G']
C19866653,['G', 'O', 'G', 'G', 'G', 'O']
C45971690,['G', 'G', 'G', 'G', 'O', 'O']
C12339053,['O', 'O', 'G', 'O']
C63002209,['G', 'O']
C38506487,['G', 'G', 'G', 'G']
C05234144,['G', 'G', 'G']
C35278774,['G', 'G', 'G']
C13137078,['O', 'O', 'G']
C37999199,['G', 'O', 'G', 'G']
C49500404,['G', 'G', 'O']
C38815264,['G', 'G']
C57343442,['G', 'O']
C43566123,['G', 'G', 'G']
C20668130,['G', 'G', 'O', 'O']
C37901582,['G', 'G', 'G', 'O', 'G', 'G', 'G', 'G']
C11073664,['G', 'G', 'G', 'O', 'G']
C45022006,['G', 'O', 'G', 'G']
C29395557,['G', 'G', 'G', 'G', 'O']
C59474851,['G', 'O', 'G', 'G', 'G', 'G', 'O', 'O']
C64089572,['G', 'O', 'G', 'O', 'G', 'O']
C06594845,['O', 'O']
C37198866,['O', 'O']
C64152348,['G', 'G', 'O', 'O']
C37422050,['G', 'O', 'G']
C65866285,['O', 'O', 'O', 'G', 'G', 'G']
C37138031,['G', 'G', 'O', 'G']
C49418394,['O', 'G', 'G', 'G']
C41471042,['O', 'O', 'G']
C40466609,['G', 'G', 'G', 'G', 'G']
C06916807,['O', 'G', 'G', 'G', 'G']
C20528182,['G', 'G', 'O', 'G', 'G', 'O', 'G', 'G']
C48501912,['O', 'G']
C48681894,['G', 'G', 'O', 'G', 'O']
C16006053,['G', 'G', 'G', 'G', 'G', 'G']
C10495873,['O', 'G', 'G', 'G']
C48796331,['O', 'G', 'G', 'G', 'G']
C09836958,['O', 'G', 'G', 'G', 'G', 'G', 'G', 'G']
C49225106,['G', 'G', 'G', 'G']
C08680572,['G', 'G', 'G', 'G', 'G', 'G', 'G']
C35418576,['G', 'O', 'G']
C63570102,['G', 'G', 'G', 'G', 'G']
C20604498,['G', 'G', 'O']
C38889285,['G', 'O', 'O', 'O', 'G', 'G']
C29200802,['G', 'G', 'G', 'G', 'O']
C35370575,['G', 'O', 'G', 'G', 'O', 'G', 'G', 'G', 'G', 'G']
C39986012,['G', 'G', 'O']
C02536555,['O', 'O', 'G']
C33381526,['G', 'G', 'G']
C05860859,['O', 'G', 'G', 'O']
C62748500,['G', 'G', 'G']
C07196309,['G', 'G', 'G', 'G']
C12533371,['G', 'O', 'G', 'G', 'G', 'G', 'G', 'G']
C06275972,['O', 'G', 'G']
C61382089,['O', 'G', 'G', 'G']
C66984402,['G', 'G', 'O', 'G', 'O']
C65593908,['G', 'O', 'G', 'G']
C51850089,['G', 'G', 'G', 'O']
C57428583,['G', 'G', 'G', 'G', 'G', 'O']
C61638765,['G', 'G']
C36993231,['O', 'G', 'O']
C00122808,['O', 'G', 'O']
C40570650,['G', 'G']
C64973309,['G', 'G', 'G', 'G', 'G', 'O', 'G', 'G', 'G', 'G']
C39744818,['G', 'O', 'G', 'G', 'G', 'O']
C00316466,['G', 'O', 'O', 'G']
C16488871,['G', 'G']
C07885115,['G', 'G', 'G']
C39834414,['G', 'G', 'G', 'G', 'G', 'O']
C65563014,['G', 'O', 'G', 'G', 'G', 'G', 'G']
C52696309,['G', 'G', 'G', 'G', 'G', 'G']
C45009375,['G', 'O', 'G']
C03646718,['G', 'G', 'O', 'G', 'G']
C65434407,['O', 'O', 'G', 'G']
C66419867,['G', 'G', 'G', 'O', 'G', 'O', 'G', 'G', 'G']
C64640010,['G', 'G', 'G', 'G', 'G']
C08844921,['G', 'O', 'G', 'G', 'G']
C40277688,['G', 'G', 'G']
C64885639,['G', 'G', 'O', 'G', 'G', 'G', 'G', 'G', 'G', 'G', 'G']
C03093756,['O', 'G', 'G', 'G', 'G']
C00234068,['G', 'O', 'O']
C14472534,['G', 'G']
C00082964,['G', 'G']
C33276561,['G', 'G', 'G', 'G', 'G']
C39981536,['G', 'G', 'G', 'G', 'O']
C54729693,['G', 'G', 'G', 'O', 'O', 'G']
C44195452,['G', 'G', 'G']
C06531224,['G', 'G', 'G', 'G']
C39922845,['O', 'O', 'G', 'G', 'G']
C39897932,['G', 'G', 'O', 'G']
C02611133,['G', 'G', 'G', 'G', 'G', 'G', 'G']
C16293530,['G', 'O', 'G', 'G']
C49065161,['G', 'O']
C06532551,['G', 'G', 'G', 'G', 'G', 'O']
C36853208,['G', 'G', 'G']
C05416495,['G', 'G', 'O']
C52226555,['G', 'G', 'O', 'O', 'G']
C60742199,['O', 'G', 'G', 'G']
C49622592,['G', 'G', 'O', 'G']
C44752412,['O', 'G', 'G', 'O', 'G', 'G', 'O']
C36624743,['O', 'G']
C39315039,['G', 'G', 'G', 'G']
C22096464,['G', 'G', 'G', 'G', 'O']
C50086341,['O', 'O', 'G', 'G', 'O', 'G']
C37402794,['G', 'G', 'G']
C36880210,['G', 'G', 'G']
C36970159,['G', 'G', 'G', 'G']
C66307891,['G', 'G', 'G', 'O', 'G', 'G', 'G', 'G', 'G']
C39313626,['G', 'G', 'O', 'G', 'G']
C06888523,['G', 'G', 'O', 'G', 'O', 'G']
C02778457,['O', 'G', 'G', 'G']
C46707005,['O', 'G', 'G', 'G', 'G']
C44028050,['G', 'G', 'G']
C63992934,['O', 'G', 'O', 'O']
C32599475,['G', 'G', 'G', 'G']
C37177206,['G', 'G', 'G', 'G']
C08645383,['G', 'G', 'G', 'O']
C65376395,['G', 'O', 'G']
C62553682,['G', 'G', 'G', 'O']
C07196304,['G', 'G', 'G', 'G']
C47007471,['G', 'G', 'G', 'G', 'G']
C24947759,['G', 'G', 'G', 'G', 'G', 'O']
C64645039,['G', 'G', 'G', 'G', 'G', 'G']
C37273168,['G', 'O', 'G']
C67126603,['G', 'G', 'G']
CHEMBL254518,['G', 'G', 'G', 'G']
C39562921,['G', 'G', 'O', 'G', 'G']
C49987590,['O', 'G', 'G']
C12548513,['G', 'G', 'G', 'O', 'G', 'G']
C40909200,['G', 'G', 'G']
C20346351,['G', 'G', 'G']
C00326083,['G', 'O', 'G', 'G', 'G', 'G']
C22531341,['G', 'G', 'O', 'G']
C37376384,['G', 'O', 'G', 'O', 'O']
C40270674,['G', 'G']
C51328331,['G', 'G', 'G', 'G', 'G']
C62497546,['O', 'G', 'G']
C06060334,['O', 'O', 'G']
C19202710,['G', 'O', 'G', 'G']
C04927635,['G', 'G', 'G', 'G']
C24985349,['G', 'G', 'G']
C16078698,['G', 'G', 'G', 'G', 'O']
C38003195,['G', 'O', 'O', 'G']
C65052850,['G', 'G', 'G', 'G', 'O', 'G']
C67305452,['G', 'G', 'G', 'G', 'G']
C07835815,['G', 'G', 'G', 'O', 'G', 'O']
C63598799,['G', 'G', 'G', 'G', 'G', 'O']
C09563414,['G', 'G', 'G', 'G', 'O', 'G', 'G']
C09902191,['G', 'G', 'O', 'O']
C05552463,['G', 'G', 'G']
C01671625,['O', 'G', 'O']
C61601735,['O', 'G', 'O', 'O', 'G', 'G']
C49301815,['G', 'G', 'G', 'G', 'G', 'G', 'G']
C61326816,['G', 'O', 'G']
C13019287,['G', 'G', 'G', 'G', 'G', 'G', 'G']
C50583707,['G', 'G', 'G', 'G', 'O']
C40261855,['G', 'G']
C62935953,['G', 'G', 'G', 'O']
C35278894,['G', 'O', 'G', 'G', 'G', 'G']
C03511803,['G', 'O', 'O', 'G', 'G', 'O', 'G', 'G']
C66106416,['O', 'O', 'G']
C63276915,['G', 'G', 'G', 'G', 'G', 'O']
C45408071,['O', 'G', 'G', 'O', 'O', 'G']
C59040492,['G', 'G', 'O', 'G', 'G', 'G', 'G', 'O', 'G', 'O']
C39325737,['G', 'O', 'O']
C44444568,['G', 'G', 'G', 'G', 'O']
C01464505,['G', 'G', 'G', 'G']
C36813969,['G', 'G']
C07987097,['G', 'G', 'G']
C02062457,['G', 'G', 'O', 'G']
C39966151,['O', 'O', 'G', 'G']
C49509300,['G', 'G', 'G', 'O', 'G', 'G']
C44986874,['O', 'G', 'G', 'O']
C66327587,['G', 'G', 'G', 'G']
C12315324,['O', 'G', 'G', 'O', 'G']
C48705642,['G', 'G', 'O']
C42489229,['G', 'G', 'O', 'G']
C09963923,['O', 'G', 'O', 'G', 'G', 'G', 'G', 'G']
C20824020,['G', 'G', 'G', 'G', 'G', 'G', 'G']
CHEMBL1210558,['G', 'G', 'G', 'G', 'G']
C63021826,['G', 'G']
C30063181,['G', 'G', 'G', 'G', 'G', 'G', 'G']
C50831430,['G', 'G', 'G', 'O']
C64029697,['G', 'G', 'G', 'G', 'G']
C22418470,['G', 'G', 'G', 'G', 'G', 'G', 'G', 'G', 'G', 'G']
C61546850,['G', 'G', 'G', 'O', 'G', 'O']
C05261095,['G', 'G', 'G']
C59391085,['G', 'G', 'G', 'G', 'G', 'G', 'G', 'O', 'G']
C37421450,['G', 'O', 'G']
C48438664,['G', 'G', 'G']
C58989610,['O', 'G', 'G', 'G', 'G', 'O', 'G', 'O', 'G']
C14473769,['G']
C13757721,['O', 'O', 'O', 'G', 'O']
C02659308,['O', 'G', 'G']
C41548270,['O', 'G', 'O', 'G']
C37939438,['O', 'G', 'G']
C58508358,['G', 'O', 'G', 'G', 'G']
C09367671,['G', 'G', 'G', 'G', 'G', 'G', 'O', 'G', 'G']
C04985297,['O', 'O', 'G', 'G']
C40281803,['G', 'G']
C55996103,['G', 'G', 'G', 'G', 'G']
C65209488,['G', 'G', 'G', 'G', 'G', 'G']
C50309411,['G', 'G']
C12567552,['G', 'G', 'G', 'G', 'G', 'G', 'O', 'G']
C09422570,['O', 'G', 'G']
CHEMBL94899,['G', 'G', 'G', 'G']
C12623550,['G', 'G', 'G', 'O', 'G', 'G']
C08747748,['O', 'G', 'G', 'O']
C40422462,['G', 'O']
C61405353,['G', 'G', 'G', 'G']
C64066640,['G', 'G', 'G', 'G', 'G', 'G', 'G', 'O']
C66466838,['G', 'G', 'G', 'G']
C35483694,['O', 'G', 'O', 'G', 'G', 'O']
C49866481,['G', 'O', 'O']
C02171449,['O', 'G', 'G']
C64554778,['G', 'G', 'G', 'O']
C65657876,['G', 'G', 'G']
C04501997,['G', 'G', 'G']
C63386281,['G', 'O', 'G', 'G']
C40023672,['G', 'O', 'O', 'G', 'G']
C04567642,['G', 'G', 'G', 'G', 'G', 'G']
C57844689,['G', 'G', 'G']
C41090117,['G', 'O', 'G']
C37444409,['G', 'O', 'G']
C13551910,['G', 'G', 'G', 'O', 'G']
C49204558,['G', 'G', 'G', 'G', 'G', 'G', 'G']
C63851902,['O', 'G', 'G', 'O', 'G']
C67445999,['G', 'G', 'G', 'G', 'O']
C21638914,['G', 'G', 'G']
C20134231,['G', 'G', 'O', 'G']
C02597499,['G', 'G', 'G', 'G']
C67654434,['G', 'G', 'G', 'G', 'O', 'G']
C09925952,['G', 'G', 'G', 'G', 'G']
C36913269,['G', 'O', 'O', 'G', 'G']
C39911920,['G', 'G', 'O', 'G', 'G']
C51261209,['G', 'O', 'O']
C38068055,['G', 'G', 'G']
C16089812,['G', 'G', 'G']
C09388960,['G', 'O', 'G', 'G', 'O']
C39484859,['G', 'G', 'G', 'G', 'G']
C16957673,['G', 'G']
C20589038,['G', 'G', 'G', 'O', 'G', 'G', 'O']
C36818636,['G', 'G', 'G', 'G', 'G', 'G', 'G']
C35412647,['O', 'G', 'G', 'G']
C36755766,['O', 'G', 'G']
C20734543,['G', 'G', 'G']
C39586117,['O', 'G', 'G', 'G']
C20935566,['G', 'G']
C39487178,['G', 'O', 'G', 'O']
C39948924,['O', 'G', 'G', 'G', 'G', 'G']
C36953711,['G', 'G', 'G', 'O', 'O']
C01461066,['O', 'G']
C00684187,['G', 'G', 'G']
C62432089,['O', 'G', 'G']
C37340123,['G', 'G', 'G', 'G']
C01363127,['G', 'G', 'G']
C15016369,['G']
C35773181,['G', 'O', 'G', 'O']
C00317422,['G', 'O']
C49526458,['G', 'G']
C07384180,['G', 'G', 'G', 'G']
C63220092,['G', 'G', 'O']
C22419223,['O', 'G', 'G', 'G', 'O', 'G', 'G', 'G', 'G']
C06548950,['G', 'G', 'G']
C67119989,['G', 'O', 'G', 'G', 'G']
C27268155,['G', 'O', 'G', 'G', 'G', 'G', 'G', 'G', 'G', 'G', 'O']
C57343165,['G', 'G', 'G']
C35476620,['G', 'O', 'G', 'O', 'O', 'G']
C32620577,['O', 'O', 'O', 'O']
C37061530,['G', 'O', 'G']
C00382793,['G', 'G', 'O', 'G', 'G']
C62744867,['G', 'G', 'G']
C37326525,['G', 'G']
C04670211,['G', 'O']
C05524804,['G', 'G', 'O']
C49426774,['G', 'G', 'O', 'G', 'G', 'G']
C55502386,['O', 'O']
C29625615,['G', 'O']
C09143559,['G', 'G', 'G', 'G', 'G', 'O']
C50640307,['G', 'G', 'O', 'O', 'G']
C32819431,['G', 'G', 'O', 'G']
C58006673,['G', 'G', 'G', 'G', 'G', 'G', 'G']
C20149597,['G', 'O', 'G', 'G', 'O']
C59946964,['G', 'G', 'O', 'G']
C41076007,['O', 'G', 'G', 'G', 'O']
C50087748,['G', 'G', 'G', 'G', 'G']
C45117497,['G', 'G', 'G', 'G']
C39771017,['G', 'G', 'O', 'O']
C01304970,['G', 'G', 'O']
C20033309,['G', 'G', 'G']
C48698229,['O', 'G', 'G', 'G', 'O']
C65330313,['G', 'G', 'G', 'G']
C39847355,['G', 'G', 'O']
C62748502,['O', 'G', 'G']
C64320552,['G', 'O', 'G', 'G', 'G', 'G', 'G', 'G']
C40467139,['G', 'G', 'O']
C05723024,['G', 'G', 'O', 'G', 'G']
C59669873,['G', 'G', 'G', 'O', 'G']
C39593313,['G', 'O', 'G']
C20351880,['G', 'G', 'G', 'G', 'G', 'G']
C10220559,['G', 'G', 'G', 'G', 'G']
C20728479,['G', 'G']
C09057940,['G', 'G', 'G']
C38575779,['G', 'G', 'O']
C24908173,['G', 'G', 'O', 'G', 'G']
C57476357,['G', 'G', 'G', 'G', 'G', 'G', 'G', 'O', 'G']
C35632539,['G', 'G', 'G']
C42190011,['G', 'G', 'G', 'G']
C62988804,['O', 'O']
C13980751,['O', 'O']
C66468904,['G', 'G', 'G', 'G']
C36852596,['G', 'G']
C59831849,['O', 'G', 'G', 'G', 'G', 'G', 'O', 'G', 'O', 'G']
C11443703,['G', 'G', 'G', 'G', 'G', 'G', 'G', 'G', 'G']
C12571282,['G', 'O', 'G', 'G', 'G', 'G', 'G', 'O', 'O', 'O']
C35516294,['G', 'G', 'G', 'G', 'O']
C59319484,['O', 'G', 'G', 'G', 'G']
C19094059,['G', 'O', 'G', 'G', 'G']
C22294960,['G', 'G', 'G', 'O', 'G']
C65230220,['G', 'G', 'O', 'G', 'G', 'O']
C35207753,['G', 'G', 'G', 'O', 'G', 'G']
C48916239,['G', 'O', 'G']
C20091346,['G', 'G', 'G']
C61702045,['G', 'G']
C63001357,['O', 'G']
C20079247,['G', 'G', 'G', 'G']
C39514887,['G', 'G', 'G', 'G', 'G', 'G', 'G', 'G']
C20766674,['G', 'G', 'G', 'G', 'G', 'G']
C44196018,['G', 'G']
C35434284,['G', 'G', 'G']
C37054114,['G', 'G', 'G', 'O']
C67282546,['G', 'O', 'G', 'G', 'G', 'G', 'G']
C50266551,['G', 'G', 'G']
C50639599,['G', 'O', 'G', 'G']
C01368153,['O', 'G', 'G', 'G', 'G', 'G']
C37313089,['G', 'G', 'G', 'G', 'G', 'G', 'G']
C48345337,['G', 'O', 'O', 'G', 'G', 'G', 'G']
C55460100,['G', 'G', 'G', 'G', 'G']
C34633338,['G', 'G', 'G', 'G']
C59875418,['G', 'G', 'G', 'G', 'O', 'G', 'G', 'G', 'G']
C42445633,['G', 'G', 'O', 'G']
C39969171,['G', 'G', 'O', 'G', 'G']
C65615033,['G', 'O', 'O', 'G']
C67654685,['G', 'O']
C22988571,['G', 'O', 'G']
C02208431,['G', 'G', 'G', 'G', 'O', 'G', 'G', 'G', 'G']
C50266806,['O', 'G', 'G', 'O']
C23584110,['G', 'O', 'G', 'G']
C27600927,['G', 'G', 'G', 'G']
C64656468,['G', 'G', 'G', 'G']
CHEMBL358216,['G', 'G', 'G', 'G', 'O']
C37828556,['G', 'O', 'G', 'O', 'O', 'G', 'G']
C06150967,['G', 'G', 'G', 'G', 'G']
C23006350,['O', 'O', 'G', 'G', 'G', 'G', 'G', 'G']
C02463869,['G', 'G', 'O']
C44766760,['G', 'G', 'G', 'G', 'G']
C54379177,['O', 'G']
C63736252,['G', 'O', 'G']
C43868557,['G', 'G', 'G', 'G', 'G']
C40214867,['G', 'G', 'G', 'O']
C41198150,['G', 'G', 'O']
C67323741,['G']
C67486390,['O', 'G', 'G']
C37804399,['G', 'G', 'G', 'G']
C39237528,['G', 'G']
C05286424,['G', 'G']
C08395380,['G', 'G', 'G']
C13466797,['O', 'G', 'O', 'G']
C00354006,['G', 'G']
C01111081,['G', 'G', 'G', 'O', 'G']
C01368141,['O', 'G', 'G', 'G', 'G', 'G']
C07575869,['G', 'G', 'O', 'G', 'G']
C65380331,['O', 'G']
C42376143,['O', 'G']
C13143005,['O', 'G', 'O', 'G']
C49146666,['G', 'G', 'G']
C37350346,['G', 'O', 'G', 'G']
C49066077,['G', 'G', 'G', 'O']
C41268537,['G', 'G', 'G']
C14473698,['G']
C08939373,['G', 'G', 'G', 'G', 'G']
C41361846,['G', 'G', 'G', 'G', 'G']
C65530892,['O', 'G', 'G', 'G', 'G', 'O']
C00566269,['G', 'G', 'G', 'G', 'G']
C64015573,['O', 'O', 'G', 'G', 'G']
C49541621,['G', 'G', 'G', 'G', 'G']
C50580372,['G', 'G', 'G']
C40909158,['G', 'G', 'G']
C49225592,['G', 'G', 'G', 'G', 'G']
C34528810,['G', 'G', 'G', 'O', 'G']
C62497587,['G', 'G', 'G']
C43303673,['G', 'G', 'G']
C66089826,['G', 'G', 'G']
C00466460,['O', 'O', 'G', 'O', 'O', 'G']
C05450600,['G', 'G', 'O', 'O', 'O']
C51178680,['O', 'G', 'G', 'G']
C03120869,['O', 'O', 'G', 'O']
C65874854,['G', 'G', 'G', 'O', 'G', 'G', 'G', 'G', 'G', 'G']
C20474906,['G', 'G', 'G']
C44687848,['G', 'G', 'G', 'O']
C64790921,['G', 'G', 'O', 'G']
C51443483,['G', 'G', 'G', 'G', 'O', 'O', 'O']
C07595590,['G', 'G', 'O', 'G']
C55360181,['O', 'G', 'G', 'G', 'O']
C61874498,['G', 'G', 'G', 'G']
C33941676,['G', 'G', 'G', 'G', 'G']
C53099957,['O', 'G']
C13568730,['G', 'G', 'G', 'G', 'G', 'G', 'O']
C61592810,['G', 'G', 'O']
C57630682,['G', 'G', 'O', 'G']
C49009403,['G', 'G', 'O']
C20088195,['G', 'G', 'O']
C49879296,['G', 'G', 'G', 'G', 'G']
C49379118,['G', 'G', 'G', 'G']
C00891986,['G']
C52156257,['G', 'G', 'G']
C63122450,['G', 'G', 'G', 'G', 'G', 'G', 'G', 'O']
C20911776,['G', 'G', 'G', 'O', 'G', 'G', 'G', 'O', 'O']
C46799337,['O', 'G', 'G']
C51886508,['G', 'G', 'G']
C16093695,['G', 'G', 'G']
C13131993,['G', 'G']
C52815151,['O', 'G', 'G']
C34899339,['G', 'G', 'G', 'O']
C48755796,['G', 'G', 'G', 'G', 'G', 'G']
C14983452,['G', 'G', 'G', 'G', 'G']
C37008509,['G', 'G', 'G', 'O']
C02308805,['G', 'G', 'G', 'G', 'O', 'G', 'G', 'G']
C40799391,['O', 'G', 'G', 'O', 'G']
C08978356,['G', 'G', 'O', 'G', 'G', 'G', 'G', 'G', 'O', 'G']
C48791992,['G', 'G', 'O', 'G', 'G', 'G']
C35631177,['O', 'G']
C04525575,['G', 'G']
C04736191,['G', 'G', 'G', 'G', 'G', 'O']
C42866768,['G', 'G', 'G']
C42520467,['G', 'G', 'G', 'O', 'O']
C32015990,['G', 'G', 'G', 'G']
C35872784,['G', 'G', 'G']
C57899515,['O', 'O', 'G', 'G', 'G', 'G']
C40276388,['G', 'G', 'G']
C31977753,['G', 'G', 'G']
C57924582,['G', 'G']
C36852598,['G', 'G']
C15674081,['G', 'G', 'G', 'G']
C61823659,['O', 'G', 'G']
C57933696,['G', 'G', 'G']
C61681749,['O', 'O', 'G']
C62675028,['G', 'G', 'G', 'G']
C67114362,['G', 'G', 'G', 'G', 'G', 'G', 'G']
C47535017,['G', 'G', 'G', 'G', 'O', 'O']
C00063950,['G', 'G']
C00347452,['O']
C45745733,['G', 'G', 'G']
CHEMBL321051,['G', 'G', 'G', 'G', 'G', 'O', 'G']
C02230810,['O', 'G', 'G']
C36277049,['G', 'G', 'G', 'G']
C11613760,['O', 'G', 'G', 'O']
C48836049,['G', 'G', 'O']
C50653080,['G', 'G', 'G', 'G']
C55266314,['O', 'G', 'O']
C42696305,['G', 'G', 'O', 'G', 'G', 'G']
C40485834,['O', 'G', 'G', 'G']
C12016009,['G', 'G', 'G', 'G', 'G', 'G', 'G']
C42592983,['G', 'G', 'G']
C49849567,['O', 'G', 'G']
C20572986,['G', 'G', 'O', 'O', 'O']
C37844079,['G', 'G', 'G', 'O', 'G']
C35358719,['G', 'G', 'G', 'G', 'G']
C03595316,['G', 'G', 'O', 'G', 'G', 'G', 'G', 'G', 'G']
C57804934,['G', 'G', 'G']
C66601966,['G', 'G', 'G', 'G', 'G', 'G', 'G', 'G']
C23157438,['G', 'O', 'G', 'G']
C35586699,['G', 'G', 'G', 'G', 'G']
C42694191,['G', 'G', 'G', 'G', 'G', 'G', 'G']
C63294014,['G', 'O', 'O', 'G', 'G', 'G']
C04513525,['G', 'O', 'G', 'G', 'G']
C63761073,['G', 'G', 'G', 'G', 'G']
C49537397,['G', 'G', 'G']
C49557832,['G', 'G', 'G']
C41472749,['G', 'G', 'G', 'G', 'O']
C32282064,['G', 'G', 'G', 'G']
C30540888,['G', 'G', 'G']
C63436765,['G', 'G', 'G', 'G', 'G', 'O']
C57600359,['G', 'O', 'O', 'G', 'G']
C54966966,['G', 'O', 'G', 'O', 'G']
C41245873,['G', 'G', 'G', 'G']
C63818234,['G', 'G', 'G', 'G', 'G', 'G', 'G', 'G', 'G']
C44718628,['G', 'O', 'G', 'O', 'G']
C44710857,['G', 'O', 'G', 'G']
C61365263,['G', 'G']
C39982127,['G', 'G', 'G', 'O', 'G', 'G', 'G']
C49204555,['G', 'G', 'G', 'G', 'G', 'G', 'G']
C32030719,['G', 'G', 'G', 'G']
C53168000,['G', 'G']
C37192027,['G', 'G', 'G', 'G']
C04739051,['G', 'O', 'G', 'O', 'G', 'G', 'G']
C40248422,['G', 'G']
C20622229,['G']
C36110721,['G', 'G', 'G', 'G', 'G', 'G']
C13045336,['G', 'G', 'G', 'G', 'G', 'G', 'G', 'G']
C12548971,['G', 'G', 'G']
C36944179,['G', 'G', 'G', 'G']
C14371851,['G', 'G', 'G', 'G', 'G', 'G', 'G']
C08848150,['G', 'G', 'G', 'G', 'G', 'G']
C43662676,['O', 'G', 'G']
C50086135,['G', 'G', 'G', 'O']
C67370016,['G', 'G', 'G', 'G']
C67446650,['G', 'G', 'O', 'G']
C40276214,['G', 'G']
C43698826,['G', 'O', 'G']
C55244264,['G', 'G', 'G', 'G', 'G']
C41640931,['G', 'O', 'O', 'G']
C09305318,['G', 'G', 'G', 'G']
C66901378,['O', 'G', 'G', 'G', 'G', 'G', 'G', 'O']
C45084233,['G', 'G', 'G']
C36079148,['O', 'G', 'O', 'G', 'O', 'G', 'G']
C51178381,['G', 'G', 'G', 'G']
C39856850,['O', 'G', 'G', 'G', 'O', 'G', 'G']
C39926621,['G', 'O', 'G', 'G']
C45089258,['O', 'O', 'G']
C00399598,['G', 'G', 'O', 'G']
C13078146,['G', 'G', 'G', 'O', 'G']
C65257748,['O', 'G', 'G', 'G']
C13184601,['G', 'G', 'G', 'G', 'G', 'G', 'G', 'O', 'G', 'G']
C43632174,['G', 'G', 'G']
C00370214,['G', 'G', 'O', 'G', 'G', 'G']
C44870514,['G', 'G', 'G', 'O']
C08201188,['G', 'G', 'O', 'G']
C36358841,['G', 'O']
C49266370,['G', 'G', 'G', 'G', 'G', 'G', 'G']
C49118513,['G', 'G', 'G']
C38132063,['G', 'G', 'G', 'G', 'O']
C05255025,['O', 'G', 'G', 'G', 'G', 'G']
C39620421,['G', 'O', 'G', 'G', 'O', 'G', 'G']
C62390408,['O', 'G', 'G']
C17210654,['G', 'O', 'O']
C64590699,['G', 'G', 'G', 'G', 'G', 'O', 'G', 'G', 'G']
C62532075,['G', 'G', 'O', 'G']
C00519060,['G', 'G', 'G', 'G', 'G', 'O']
C08326134,['G', 'G', 'G', 'G']
C11798123,['G', 'O', 'G', 'G']
C43538435,['G', 'G', 'G']
CHEMBL94459,['G', 'G', 'G', 'G']
C33427794,['G', 'G', 'G', 'G']
CHEMBL214784,['G', 'G']
C12735448,['G', 'G', 'G', 'G', 'G', 'G', 'G']
C04322765,['O', 'G']
C42893924,['G', 'G', 'G', 'G']
C54967493,['G', 'G', 'G', 'G', 'G']
C54714190,['G', 'G', 'O', 'G', 'G', 'G', 'G']
C41604264,['G', 'G', 'G', 'G', 'G', 'G']
C63515140,['G', 'G', 'G', 'G', 'G', 'G', 'G']
C10060590,['O', 'G', 'O', 'G', 'G']
C00780308,['G', 'G', 'G', 'G']
C40417590,['G', 'G', 'G', 'G']
C08995755,['O', 'G']
C50653058,['O', 'G', 'G', 'G']
C09335117,['G', 'O', 'O']
C66407357,['G', 'G', 'G', 'G', 'G']
C35275706,['G', 'G', 'G', 'G', 'G', 'O']
C11193980,['G', 'G', 'G', 'G', 'G', 'G', 'G']
C49964845,['G', 'G', 'G']
C39525837,['G', 'G']
C49970928,['G', 'G', 'G', 'G', 'G', 'G']
C21147007,['G']
C40473919,['G', 'G', 'G', 'G', 'G']
C39339255,['O', 'G', 'G']
C63041204,['G', 'G', 'G', 'G']
C20584930,['O', 'G', 'G', 'G', 'G', 'G']
C05825166,['G', 'G', 'G', 'G', 'O', 'G', 'G', 'O', 'G']
C32701803,['G', 'G', 'G', 'O']
C58873799,['G', 'G', 'O', 'G', 'O', 'G', 'G', 'G', 'G', 'G', 'O', 'G']
C63508767,['G', 'G', 'G', 'G']
C32703945,['G', 'G', 'G', 'G']
C23565606,['G', 'G', 'O', 'G', 'G', 'G', 'G', 'G']
C49542507,['O', 'O', 'G']
C07790325,['G', 'G', 'G', 'G', 'G', 'O', 'O', 'G']
C64401960,['O', 'G', 'G', 'G', 'G', 'G']
C42142558,['G', 'O', 'G', 'G', 'G']
C02533956,['O', 'G']
C39525843,['G', 'G']
C63043306,['G', 'O', 'G', 'G']
C00159652,['O', 'G', 'G']
C60321073,['G', 'O', 'G', 'O']
C37008502,['G', 'G', 'O']
C42407113,['G', 'G', 'G', 'G']
C54492521,['G', 'O', 'G', 'G', 'G', 'O', 'G', 'G']
C08789395,['G', 'G', 'G', 'G', 'G', 'G']
C05914053,['G', 'G', 'G']
C45826642,['G', 'G', 'G', 'O', 'G']
C49470490,['O', 'G', 'G', 'G', 'O']
C42784128,['G', 'G', 'G', 'G', 'O']
C08807713,['O', 'G', 'O']
C50586666,['G', 'G', 'G']
C03186511,['G', 'G']
C53163119,['O', 'G', 'G']
C40795806,['G', 'G', 'O']
C37844075,['G', 'G', 'G']
C08168477,['G', 'G']
C49542506,['O', 'G', 'G']
C06837146,['G', 'G', 'G', 'G', 'G']
C49894797,['G', 'G', 'G', 'G']
C57788010,['G', 'G', 'G']
C61673489,['G', 'G']
C49730737,['G', 'G', 'O', 'G']
C02119209,['G', 'G', 'G', 'G', 'O', 'O']
C14630549,['G', 'G']
C21998833,['G', 'O', 'O', 'G']
C40346586,['G', 'O', 'G']
C63043307,['G', 'G', 'G', 'G']
C54966950,['G', 'G', 'G', 'G', 'G']
C56092599,['G', 'G', 'O', 'G', 'G', 'G', 'G']
C38005480,['G', 'G', 'G']
C40329425,['G', 'G', 'G']
C25452688,['G', 'G', 'G', 'G']
C42269211,['G', 'G', 'O', 'G']
C48482325,['O', 'O', 'G', 'G']
C00879761,['G', 'G', 'G', 'G', 'G']
C52225193,['O', 'O']
C12328401,['G', 'G', 'G', 'G', 'O', 'G', 'G']
C03885648,['G', 'O']
C00482898,['O', 'G', 'G', 'G', 'G']
C63136792,['G', 'G', 'G', 'G', 'G', 'G', 'G']
C37879502,['G', 'G']
C37637310,['G', 'G', 'G']
C33021129,['O', 'O', 'G', 'G', 'G', 'G', 'G']
C52003756,['G', 'G', 'G']
C43532151,['G', 'G', 'G', 'G']
C60711681,['G']
C22595580,['G', 'G', 'G', 'G']
C38648107,['G', 'G', 'G', 'G']
C21628052,['G', 'G', 'G', 'G', 'O', 'G', 'G', 'G', 'O']
C37506760,['G', 'O', 'G', 'G']
C39276461,['G', 'O', 'G', 'G']
C20092066,['O', 'O', 'G']
C57500640,['G', 'O', 'O', 'G', 'G']
C06786500,['G', 'G', 'O', 'G', 'G']
C66261332,['G', 'G', 'G', 'O', 'G', 'O']
C13174062,['G', 'G', 'G', 'G', 'G', 'G', 'G', 'O', 'O']
C21763314,['G', 'G', 'O', 'G', 'G', 'G', 'G', 'G']
C36880223,['G', 'G', 'G']
C04002392,['G', 'G', 'G']
C42191330,['G', 'O', 'G']
C47834696,['G', 'G', 'G', 'G']
C62359596,['G', 'G', 'G']
C06920232,['O', 'G', 'G', 'G', 'G']
C31936006,['O', 'G', 'G', 'G', 'G', 'G']
C36366483,['G', 'O']
C11838570,['G', 'G', 'G', 'G', 'G', 'G', 'G', 'G', 'G']
C54078771,['G']
C04938590,['G', 'G', 'G']
C51176908,['G', 'G', 'G', 'G']
C49933591,['G', 'G', 'G']
C60354823,['G', 'G', 'G', 'G', 'G', 'G', 'O']
C11568968,['G', 'G', 'G', 'G']
C16933615,['G', 'G', 'O']
C37912621,['G', 'G', 'G']
C41391435,['G', 'O', 'G', 'O']
C42378515,['G', 'G', 'O', 'G']
C45173898,['G', 'O', 'G']
C01306850,['O', 'G', 'G']
C23859331,['G', 'G', 'G', 'O', 'G', 'G', 'G', 'G']
C52584910,['G', 'O', 'G', 'G', 'G']
C37296961,['O', 'O', 'G']
C35102024,['G', 'G', 'G']
C36812290,['G', 'G', 'O', 'G', 'G']
C01681920,['G', 'G', 'G', 'O']
C03648046,['G', 'G', 'G']
C37401130,['G', 'G', 'G', 'O', 'G']
C03849192,['G']
C03153250,['O', 'G', 'G']
C52154096,['G', 'G', 'G', 'G']
C42375257,['G', 'O', 'O']
C67561601,['G', 'G', 'O', 'G', 'G', 'G', 'G', 'G']
C01225833,['G', 'G', 'G']
C38057882,['G', 'G', 'G']
C04471932,['G', 'G', 'G']
C59681110,['O', 'G', 'G']
C66641248,['G', 'G', 'G', 'G', 'G', 'G']
C40523293,['G', 'G', 'O', 'G']
C49619289,['G', 'G']
C44893221,['G', 'O', 'G', 'G']
C49545691,['G', 'G', 'G', 'G']
C13122540,['G', 'G', 'G']
C40276426,['G', 'G', 'G']
C27228462,['G', 'O', 'G', 'O', 'G']
C35497958,['G', 'G', 'G']
C10678108,['G', 'G', 'G']
C33514832,['O', 'G', 'G', 'G', 'G', 'O']
C35631458,['G', 'G']
C36897606,['O', 'G']
C00387991,['G', 'G']
C45439059,['G', 'O', 'G', 'G', 'G', 'G']
C22588901,['G', 'G', 'O']
C57536231,['G', 'G', 'G']
C45648062,['G', 'G', 'G', 'G']
C28717739,['O', 'G', 'G', 'G', 'O']
C37376087,['O', 'G', 'G', 'G']
C34120435,['O', 'O']
C17337718,['G', 'G', 'G', 'G', 'G', 'O']
C65988836,['O', 'G', 'G', 'O', 'G', 'G', 'G']
C46587233,['G', 'G', 'O', 'O', 'G', 'G', 'G', 'O', 'G', 'G']
C53100215,['G', 'G', 'G']
C66899727,['G', 'G', 'G', 'G', 'G']
C12657832,['G', 'G', 'G', 'G', 'G']
C25806653,['G', 'O', 'G', 'O', 'G', 'G', 'G', 'G', 'G', 'G']
C44699188,['G', 'G', 'O', 'G', 'G', 'G', 'G']
C08600819,['G', 'G', 'G', 'G']
C44731174,['G', 'G']
C01652146,['G', 'G', 'G']
C37461846,['G', 'G', 'G', 'G']
C53066027,['G', 'G', 'G', 'G', 'G', 'G', 'G', 'G']
C49618835,['G', 'G', 'O']
C50540524,['G', 'G', 'G', 'G', 'G']
C37460341,['G', 'G', 'G', 'G', 'G']
C44662775,['G', 'G', 'G', 'G', 'G']
C16735912,['O', 'O', 'G', 'G']
C20881846,['G', 'G', 'G']
C51323466,['G', 'G', 'G', 'G', 'G']
C49340842,['G', 'G', 'G', 'G']
C52884278,['G', 'O', 'O']
C06379734,['G', 'G', 'G']
C04277310,['G']
C23027373,['G', 'G', 'G', 'G']
C41064639,['O', 'O', 'G']
C64435307,['G', 'G', 'G', 'O', 'G', 'G']
C09462154,['G', 'G', 'G', 'O', 'G']
C35187480,['G', 'G', 'O']
C52097442,['G', 'G', 'O', 'G']
C66821905,['G', 'G', 'O']
C32747680,['G', 'O', 'O', 'G']
C66833182,['G', 'O', 'G', 'G', 'G']
C20804485,['G', 'G', 'G', 'G']
C08610631,['G', 'G', 'G', 'G', 'G']
C37898594,['G', 'G', 'G', 'G']
C04917157,['G', 'O', 'G', 'G']
C62996446,['O', 'G', 'G', 'G']
C48864317,['G', 'G', 'G', 'G']
C39353253,['G', 'O', 'G', 'G']
C11000242,['G', 'G', 'G', 'G', 'G', 'G']
C44353557,['G', 'G', 'G']
C54910538,['G', 'O', 'G']
CHEMBL1222883,['G', 'G', 'O', 'G']
C49879295,['G', 'G', 'G', 'G', 'G']
C49741294,['G', 'O', 'G', 'G']
C05398018,['G', 'G', 'O', 'G']
C19518283,['O', 'G', 'G']
C44765734,['G', 'G', 'G', 'O', 'G', 'G']
C36701384,['G', 'G', 'G']
C54967170,['G', 'G', 'G', 'O', 'G']
C50308863,['G', 'O']
C58280859,['G', 'G', 'O', 'G', 'O']
C08515170,['G', 'G', 'G', 'G', 'G']
C41360076,['G', 'O', 'G', 'G']
C35286644,['O', 'O', 'G', 'G', 'G']
C65535091,['G', 'G', 'G', 'O', 'G', 'G']
C48091853,['G', 'G', 'O', 'O', 'G', 'G', 'G']
C61840691,['G', 'G', 'G', 'G', 'G']
C38008378,['G', 'G', 'G']
C36277510,['O', 'G', 'O']
C65651265,['G', 'G', 'G', 'O']
C65616605,['G', 'G', 'G', 'O', 'G', 'O']
C39006909,['G', 'G', 'O', 'O', 'G', 'G', 'G']
C13810721,['G', 'G', 'G', 'G', 'G']
C56247548,['G', 'G', 'G', 'G', 'G', 'G', 'G']
C41584034,['G', 'G', 'G', 'G', 'G', 'G']
C64974888,['G', 'G', 'G', 'O', 'O']
C05372388,['G', 'G', 'G']
C42860230,['G', 'G', 'O']
C35123707,['G', 'G', 'G', 'O', 'G']
C60011550,['G', 'G', 'G', 'G', 'G', 'G']
C35571089,['G', 'G', 'G', 'G']
C23093054,['G', 'G', 'O', 'O', 'G', 'G', 'O']
C40799388,['O', 'G', 'O', 'O', 'G']
C40172010,['G', 'G', 'G', 'G', 'G', 'O']
C06837047,['G', 'G', 'O', 'G']
C40795564,['G', 'G', 'O']
C49585428,['O', 'G', 'G']
C41361060,['G', 'G', 'G', 'G', 'G', 'G']
C37861753,['G', 'G', 'G', 'G', 'G']
C43502875,['O', 'G', 'G', 'G', 'O']
C12194282,['O', 'G', 'O', 'G', 'G']
C36964570,['G', 'G', 'G', 'G', 'O', 'G', 'G']
C38086074,['G', 'G', 'G', 'G', 'G', 'G']
C02689042,['G', 'G', 'G']
C49022088,['G', 'G', 'G', 'G', 'G']
C41251563,['O', 'G', 'G']
C67257649,['G', 'G', 'G', 'G', 'G', 'G', 'G']
C21976656,['G', 'G', 'G', 'G', 'O', 'O', 'G', 'G', 'G']
C06852866,['G', 'G', 'G', 'O', 'G']
C37784680,['G', 'G', 'G', 'O', 'G', 'G', 'G']
C48410985,['G', 'G', 'G', 'G', 'G']
C02173062,['G', 'G', 'O']
C05679301,['O', 'G', 'G']
C43537677,['G', 'G', 'G', 'O']
C23628373,['O', 'O', 'G', 'G', 'G', 'G', 'G']
C35280948,['G', 'G', 'G']
C49954434,['G', 'G', 'G', 'O', 'G', 'O']
C13108342,['O', 'O', 'G', 'G', 'G', 'G', 'G']
C20453841,['G', 'G', 'G', 'G', 'O', 'G', 'G', 'O']
C62662143,['G', 'G', 'G', 'O', 'G', 'G', 'G']
C00109566,['G']
C35634542,['G', 'G', 'G', 'G']
C54688319,['O', 'G', 'G', 'G', 'G']
C14588965,['G', 'O', 'G', 'G', 'G']
C35743400,['O', 'G', 'G', 'G', 'G', 'O']
C19839355,['O', 'G', 'G', 'G', 'G']
C40457651,['G', 'G', 'G']
C49043092,['G', 'G', 'G']
C66045841,['G', 'G', 'G', 'O', 'G']
C03894505,['O', 'O', 'G']
C51331614,['O', 'G', 'G']
C41086707,['G', 'G', 'G', 'G', 'O', 'G']
C48841060,['O', 'G', 'G', 'G', 'O']
C00052151,['O', 'G']
C39923303,['G', 'G', 'G', 'O', 'G', 'G', 'G', 'O', 'G']
C10051553,['G', 'O', 'G', 'O']
C18033619,['G', 'G', 'G', 'G']
C37322449,['O', 'G', 'G', 'G']
C15432787,['O', 'G', 'G', 'G', 'G', 'G', 'G', 'G']
C64699770,['G', 'G', 'G', 'G', 'G', 'G', 'G', 'G', 'G', 'G']
C62871977,['G', 'G', 'G', 'G']
C35218554,['G', 'G', 'O', 'G']
C19788295,['G', 'O', 'G']
C67632017,['G', 'G', 'O', 'G', 'G', 'G']
C20035815,['G', 'O', 'G']
C05149403,['G', 'G', 'G', 'G', 'G']
C04863022,['G', 'G', 'G', 'G', 'G']
C05778529,['G']
C36319648,['G', 'G', 'G']
C06258938,['G', 'G', 'G', 'O']
C40334922,['G', 'O', 'G']
C00406531,['G', 'G', 'O', 'O']
C36865176,['O', 'O', 'G']
C51893978,['G', 'G', 'O', 'G', 'G']
C65384153,['O', 'G', 'O']
C48371988,['G', 'O', 'G', 'G', 'G']
C16160842,['G', 'G', 'O']
C66699512,['G', 'G', 'G', 'G', 'G', 'G', 'G', 'O', 'G']
C54967255,['G', 'G', 'G', 'G', 'G', 'G']
C52226161,['G', 'G', 'O', 'G', 'G']
C35783090,['G', 'G', 'O']
C66287639,['G', 'G', 'G', 'O', 'G', 'O']
C23565030,['G', 'O', 'G', 'G', 'G', 'G', 'G', 'G']
C40326000,['G', 'O', 'G', 'G']
C12545807,['G', 'G', 'G', 'G', 'G', 'G']
C50951319,['G', 'G', 'O', 'G', 'G', 'G', 'O']
C06120077,['G', 'G', 'G', 'O', 'G', 'G']
C39754725,['G', 'G', 'G', 'G', 'G']
C11567843,['G', 'O', 'G']
C04515148,['G', 'G', 'G', 'O']
C42289339,['G', 'G', 'G']
C36770361,['G', 'O', 'G']
C59983561,['G', 'G', 'G', 'G', 'O', 'G']
C50869827,['G', 'G']
C34787818,['O', 'G', 'G', 'G']
C64079997,['G', 'G', 'G', 'G']
C02270680,['G', 'G', 'G']
C23580674,['G', 'G', 'G', 'O', 'G']
C41364667,['G', 'O', 'O', 'O']
C39515473,['G', 'G', 'G', 'G', 'O']
C35038234,['G', 'G', 'G', 'O', 'O', 'G', 'G', 'O', 'G', 'G']
C39143391,['G', 'O', 'G', 'G', 'G']
C49361370,['O', 'G', 'G', 'G', 'G']
C66447094,['G', 'G', 'O', 'G']
C12699224,['G', 'G', 'G', 'G', 'G', 'G', 'G']
C40435189,['G', 'G', 'G', 'G', 'G']
C08045642,['O', 'G', 'G', 'O', 'G', 'G']
C66304150,['G', 'G', 'O', 'G', 'G', 'G', 'G', 'G', 'G', 'G']
C32687789,['G', 'G', 'G', 'G', 'G', 'G', 'O', 'G']
C41709302,['G', 'G']
C53385490,['G', 'O', 'G', 'G']
C41062442,['G', 'G', 'O', 'G']
C62933098,['G', 'G', 'G', 'G', 'G', 'G']
C53780119,['G', 'G', 'G']
C03846169,['G', 'G', 'G', 'G']
C40538513,['G', 'G']
C50890914,['G', 'G', 'G', 'G']
C41360628,['G', 'O', 'G', 'G']
C44883144,['G', 'G', 'G', 'G']
C04948841,['O', 'G']
C67650554,['O', 'O', 'O', 'O', 'G', 'O']
C04938023,['G', 'G', 'G', 'G', 'G']
C16957669,['G', 'G']
C01282833,['G', 'O', 'G', 'G']
C01674952,['O', 'G']
C57490062,['G', 'G', 'G', 'G', 'G', 'G']
C37362365,['O', 'G', 'G']
C53066147,['O', 'O', 'G', 'G', 'G']
C63857144,['G', 'G']
C12389076,['G', 'G', 'G', 'G', 'G', 'G', 'G', 'O', 'G', 'G']
C50327159,['G', 'G', 'G', 'G']
C15015607,['G', 'O', 'G', 'O', 'O']
C34906464,['O', 'G', 'O']
C44228904,['G', 'G', 'O', 'O', 'G', 'O']
C37428501,['G', 'O', 'G', 'G', 'G']
C58990539,['O', 'G', 'G', 'G', 'G', 'O', 'G', 'O', 'G']
C62161385,['O', 'O', 'G', 'G', 'G']
C36805340,['G', 'G', 'O', 'G']
C01047214,['G', 'G', 'G', 'G']
C53929214,['G', 'G', 'G']
C64032624,['O', 'G']
C38560657,['G', 'G']
C37149985,['G', 'G', 'G', 'G', 'G']
C42611096,['G', 'G', 'G']
C66871281,['G', 'G', 'O', 'G', 'G', 'G']
C19871483,['O', 'G', 'G']
C63272552,['G', 'G', 'G', 'O', 'G', 'G', 'O', 'G']
C35505077,['G', 'G', 'G']
C13593830,['G', 'G', 'G', 'G', 'G', 'G']
C42118814,['G', 'G', 'G']
C36322812,['G', 'G', 'G']
C62687384,['G', 'O', 'G', 'O']
C66075577,['G', 'G']
C38632767,['G', 'G', 'G']
C05944946,['G', 'O', 'O', 'G', 'G', 'G', 'O']
C63212899,['G', 'G', 'G', 'G']
C57536656,['G', 'O', 'G', 'G', 'G', 'G']
C52232822,['G', 'G', 'O', 'G', 'G']
C06111315,['G', 'G', 'G', 'G']
C66580292,['G', 'G']
C36677191,['G', 'G', 'G']
C44830311,['G', 'G', 'G', 'G', 'G', 'G']
C01727019,['G', 'G', 'G']
C39747841,['G', 'G', 'G', 'O', 'G']
C32937617,['G', 'G', 'G', 'G', 'G']
C12856387,['O', 'O', 'G', 'G', 'G']
C61187895,['G', 'G', 'G', 'G', 'G', 'G']
C57671060,['G', 'G', 'G', 'G', 'O']
C00355637,['G', 'O', 'G']
C49593940,['O', 'G', 'G', 'G']
C04625789,['G', 'G', 'G']
C66905117,['G', 'G', 'G', 'G', 'G']
C41185367,['G', 'G']
C44228900,['G', 'G', 'O', 'G', 'G', 'G']
C45047599,['G', 'G', 'G', 'G']
C10251131,['G', 'G', 'O']
C09264959,['O', 'G', 'G', 'G']
C50977719,['G', 'G', 'G']
C57534698,['G', 'G', 'G', 'G', 'G', 'G']
C67114562,['O', 'O', 'G', 'O', 'G', 'G', 'G']
C52226160,['G', 'G', 'O', 'O', 'G']
C37747321,['G', 'G', 'G', 'G', 'G']
C39101401,['G', 'G', 'G', 'G', 'G', 'G']
C33684461,['G', 'O', 'G', 'O']
C35660210,['G', 'G', 'O']
C05591029,['G', 'G', 'G', 'G', 'G', 'O']
C44288292,['G', 'G', 'G', 'G', 'O']
C48859372,['G', 'O', 'G']
C37251838,['G', 'G', 'G', 'G']
C37146094,['G', 'G', 'G', 'G', 'G']
C58645914,['G', 'G', 'O', 'G', 'G']
C41351365,['G', 'G', 'O', 'O', 'G']
C42545788,['O', 'G', 'G']
C39100736,['G', 'G', 'O']
C14178958,['G', 'O', 'O', 'G']
C65380972,['G', 'G', 'G', 'G']
C39960407,['G', 'G', 'G']
C12560971,['G', 'O', 'G', 'G', 'G', 'G', 'G', 'G', 'G', 'G']
C38747801,['G', 'G', 'G', 'G', 'G', 'O', 'G']
C57571789,['G', 'O', 'G', 'G', 'O']
C55189756,['G', 'G', 'G', 'G']
C01681877,['G', 'G']
C42399188,['G', 'G', 'O', 'G', 'G', 'G', 'O']
C35119574,['G', 'G', 'G', 'G', 'G', 'G', 'G', 'G', 'G', 'G']
C50520489,['G', 'G', 'G', 'G']
C13341817,['G', 'G', 'G', 'G']
C32819397,['O', 'G']
C37577947,['G', 'G', 'G']
C62193655,['O', 'G', 'G', 'G', 'G']
C40672261,['G', 'G', 'G']
C20390058,['G']
C21039491,['G', 'G', 'G']
C50399634,['G', 'G', 'G', 'G', 'G', 'O', 'O']
C04849128,['G', 'G', 'G', 'G', 'G']
C38086266,['G', 'G', 'G', 'G', 'G']
C19296798,['G', 'G', 'G', 'G', 'O']
C58994447,['G', 'O', 'G', 'G', 'G']
C15730057,['G', 'G', 'G']
C34825168,['G', 'G', 'G', 'G']
C08973057,['G', 'O']
C18198580,['G', 'G', 'G', 'G', 'G', 'G']
C34996216,['G', 'G', 'G', 'G', 'G']
C49491201,['G', 'G', 'G']
C35504892,['G', 'G', 'G']
C43555476,['G', 'G', 'G', 'O']
C52154099,['G', 'G', 'G', 'G']
C43459619,['G', 'G', 'G', 'G']
C41334467,['G', 'G', 'G', 'O', 'G', 'G']
C60081864,['G', 'G', 'G', 'O', 'O', 'O', 'G', 'O', 'G']
C40931410,['G', 'G', 'G', 'G', 'G']
C50520467,['G', 'G', 'G', 'G']
C37840455,['G', 'O', 'G']
C05807892,['G', 'O', 'O']
C06606391,['G', 'G', 'G']
C11922649,['G', 'G', 'O', 'G']
C37156269,['G', 'G', 'G']
C06440731,['G', 'G', 'G', 'O']
C52264652,['G', 'G', 'O', 'G']
C37130396,['O', 'G', 'G']
C44814984,['G', 'G', 'G', 'G', 'G', 'G', 'G']
C44593529,['G', 'G']
C03855816,['G', 'G', 'G', 'G']
C01652147,['G', 'G', 'G']
C64887760,['G', 'G', 'G', 'G', 'G']
C62355725,['G', 'G', 'G', 'G', 'G']
C19963198,['G', 'G', 'G']
C41049902,['G', 'G', 'G', 'G']
C41360424,['G', 'O', 'G', 'G', 'G', 'G']
C66981699,['G', 'G', 'G', 'G', 'O']
C05334988,['G', 'G', 'G']
C11896371,['G', 'O', 'G', 'G', 'O']
C40463297,['G', 'G', 'O', 'G', 'O', 'O']
C04709747,['G', 'O']
C43428245,['G', 'O', 'O']
C35635769,['G']
C42401619,['G', 'G']
C32497066,['G', 'G', 'O', 'G', 'G', 'G']
C37575566,['G', 'G']
C62996201,['G', 'G', 'G', 'G', 'G']
C39769474,['G', 'G', 'G', 'G']
C62764990,['G', 'G', 'G', 'O', 'G']
C03882898,['G']
C12583182,['O', 'O', 'G', 'G']
C51840205,['G', 'G', 'G', 'G']
C49611763,['G', 'G', 'O']
C40222372,['G', 'G', 'G', 'G']
C51700339,['G', 'G', 'G', 'G', 'G']
C49816928,['G', 'O', 'G', 'G']
C42627312,['G', 'G', 'G', 'G', 'G']
C54036197,['G', 'G']
C21890108,['G', 'O', 'O', 'G']
C50948844,['G', 'O', 'G', 'G', 'G', 'O']
C36826283,['O', 'G', 'G']
C55329811,['G', 'G', 'G', 'G', 'G']
C63831511,['G', 'G', 'G', 'G', 'G', 'G', 'G']
C48574719,['G', 'O', 'G', 'G', 'G']
C01717287,['G', 'G', 'G', 'G', 'G', 'G']
C20593176,['O', 'G']
C39264951,['G', 'G', 'G', 'G', 'G', 'G']
C06059925,['O', 'G', 'G']
C65169372,['G', 'G', 'G', 'G', 'G', 'G']
C36201635,['G', 'G']
C24144033,['O', 'G', 'G', 'G', 'G', 'G', 'G']
C48342258,['G', 'G', 'O', 'G', 'G']
C01569331,['G', 'G', 'G', 'G', 'G']
C01704606,['G', 'O', 'G']
C60349530,['G', 'G', 'G', 'O']
C62133060,['G', 'G', 'O', 'O']
C15478794,['O', 'G', 'G', 'G', 'G', 'G', 'G', 'G', 'O']
C41649370,['O', 'G', 'G', 'G']
C00526260,['G', 'G']
C02323026,['G', 'G', 'G']
C37174801,['G', 'G', 'G']
C44687804,['G', 'G', 'G', 'O']
C37342478,['G', 'G', 'G', 'O', 'G']
C01655726,['G', 'G', 'G', 'G', 'G', 'G', 'G', 'G', 'G']
C00056999,['G', 'G', 'G']
C66419191,['G', 'O', 'G', 'O']
C12160280,['O', 'G', 'G', 'G', 'G']
C33254753,['G', 'G', 'G', 'G']
C50638008,['O', 'G', 'G']
C67114580,['G', 'G', 'O', 'G', 'G', 'G']
C67037988,['G', 'O', 'G', 'G', 'O', 'G']
C36638863,['O', 'O', 'G']
C53429407,['G', 'G', 'G', 'G', 'G', 'O']
C12844848,['G', 'G', 'G', 'G']
C09444332,['G', 'G', 'G', 'G', 'G', 'G', 'G', 'G']
C05641121,['G', 'G', 'G', 'G', 'G']
C44117887,['G']
C66786886,['O', 'G', 'G', 'O']
C55027387,['G', 'G', 'G', 'O', 'G', 'G', 'G', 'G', 'G']
C59760324,['G', 'G', 'G', 'G', 'G', 'O']
C54262993,['G', 'G', 'O', 'O']
C13509910,['G', 'G', 'G']
C31912999,['G', 'G', 'G']
C61817785,['G', 'G', 'G']
C58278183,['G', 'G', 'G', 'G', 'O', 'O']
C62352176,['G', 'G', 'G']
C05379429,['G', 'G', 'G', 'O']
C65934758,['G', 'G', 'G', 'G', 'G']
C05239923,['G', 'G', 'G', 'G', 'G', 'G']
C61840639,['G', 'G', 'G']
C09286624,['G', 'G', 'O']
C39422269,['G', 'G', 'G', 'G', 'G', 'G']
C65101070,['O', 'G', 'G', 'G', 'O', 'G', 'G']
C37152365,['G', 'G', 'G', 'G', 'G']
C17822614,['G', 'O']
C44767323,['G', 'G', 'G', 'O']
C51690401,['G', 'G', 'G', 'G']
C28818344,['G', 'G', 'O', 'G', 'G', 'O']
C37149979,['G', 'G', 'G', 'G', 'G']
C50962691,['G', 'G', 'G', 'G', 'G', 'O', 'O']
C06855573,['G', 'G', 'G', 'O', 'G']
C46129935,['G', 'G', 'G', 'G', 'O', 'G', 'O']
C13256531,['O', 'G', 'G', 'G', 'G', 'G', 'O']
C24899420,['G', 'G', 'G', 'G', 'G']
C49585439,['G', 'G', 'O']
C05394226,['G', 'G', 'G']
C37905021,['G', 'G', 'G', 'G', 'G', 'O']
C01292828,['G', 'G', 'G', 'G']
C04581104,['G', 'O', 'G', 'G']
C66273113,['G', 'G', 'O', 'O']
C53926575,['G', 'G', 'G', 'G', 'G']
C63810959,['G', 'G', 'G']
C36110707,['G', 'G', 'G', 'G', 'G', 'G']
C37152920,['G', 'G', 'G', 'G', 'G']
C41263731,['G', 'G', 'G', 'G', 'G']
C13244503,['G', 'G', 'G', 'G', 'O', 'G']
C63478783,['G', 'O', 'G', 'G', 'G']
C13947245,['G', 'G', 'G', 'G', 'G']
C63704631,['G', 'O', 'G', 'G']
C14033999,['G', 'G', 'O', 'G', 'G']
C54627141,['G', 'G', 'G']
C36928916,['G']
C12972812,['G', 'G', 'G', 'G', 'G', 'G', 'G']
C35381745,['G', 'G']
C62923243,['G', 'G', 'G', 'O', 'G']
C37926397,['G', 'G', 'G']
C04882323,['G', 'G', 'O']
C20924636,['G', 'G', 'G', 'G', 'G']
C54556964,['G', 'G', 'G', 'G']
C54026492,['G', 'O', 'G', 'G']
C41707543,['G', 'G', 'G', 'G', 'G', 'G']
C08236780,['G', 'G', 'G', 'G']
C22006438,['O', 'G', 'G', 'G', 'G']
C00091203,['-']
C65477296,['G', 'G', 'G', 'G', 'G', 'G', 'O', 'O', 'G']
C54417289,['O', 'G', 'G', 'G', 'G']
C43537675,['O', 'G', 'G', 'G']
C10059979,['G', 'G', 'G', 'G', 'G', 'G', 'G', 'O']
C49212598,['O', 'G', 'G']
C48583436,['G', 'G']
C50181104,['G', 'G', 'G', 'G', 'G']
C50327173,['G', 'G', 'G', 'G']
C67400698,['G', 'G', 'O', 'G', 'G']
C36755632,['G', 'G', 'O', 'G']
C04353972,['G', 'O', 'G']
C37574540,['G', 'G', 'G']
C01647296,['G', 'G', 'G']
C01091048,['G', 'G', 'G', 'O', 'O']
C32114628,['O', 'G', 'G', 'G', 'G']
C44854818,['G', 'G', 'O', 'G', 'G', 'O', 'G']
C00090971,['O', 'G', 'G', 'G']
C19969798,['G', 'G']
C04979913,['G', 'G']
C15424294,['G', 'G']
C66900025,['G', 'G', 'G', 'O', 'G', 'G']
C28956769,['O', 'G', 'G', 'G', 'G']
C43374159,['G', 'O', 'G', 'G']
C35357059,['G', 'G', 'G']
C01677988,['G', 'G', 'G', 'G', 'G']
C17162129,['G', 'O', 'G', 'G', 'G', 'G']
C33464404,['O', 'G', 'G', 'G']
C05374469,['G', 'G', 'O']
C59220645,['G', 'G', 'G', 'G']
C53930775,['G', 'G', 'G']
C09508290,['O', 'G', 'G', 'G', 'G', 'G', 'G', 'O', 'G']
C37406561,['G', 'O', 'G', 'G', 'G']
C53648264,['O', 'O']
C26549031,['O', 'G', 'G', 'G']
C62566799,['-']
C31817499,['G', 'G']
C66079798,['G', 'G', 'G', 'G', 'G', 'G', 'G']
C50032517,['O', 'G', 'G', 'G']
C02536483,['G']
C57381055,['O']
C06751296,['O']
C53766243,['G', 'O', 'G']
C32126947,['G', 'G', 'G', 'G', 'G']
C56978762,['G', 'G', 'G']
C41538833,['G', 'G']
C41369466,['O', 'G', 'G', 'G']
C10109422,['G', 'G', 'G', 'G', 'G']
C06119735,['G']
C27165090,['G', 'G', 'G', 'O', 'G', 'G']
C37150633,['G', 'G', 'G', 'G', 'G']
C53626416,['G', 'G', 'G', 'G', 'G']
C16920508,['G', 'O', 'G', 'G']
C51178765,['G', 'G', 'G', 'G', 'G']
C06678627,['G', 'G']
C44117715,['O']
C13516960,['G', 'G', 'G', 'G', 'G', 'G']
C55357451,['G', 'G', 'G', 'G', 'G', 'G']
C35379524,['G', 'G']
C63040902,['G', 'G', 'G']
C37510688,['G', 'G', 'O']
C37357347,['G', 'G', 'G', 'G', 'G']
C48397428,['G', 'G', 'O', 'G', 'G', 'O']
C06352188,['G', 'G', 'G']
C38000589,['G', 'G', 'G', 'O', 'G', 'G']
C03897095,['G', 'G', 'G', 'G', 'G']
C02391984,['G', 'G', 'G', 'G']
C38059129,['G', 'G', 'O', 'G']
CHEMBL215134,['G', 'G']
C36922608,['G', 'G']
C49068658,['G', 'G']
C42459634,['G', 'G', 'O', 'G', 'G']
C39119377,['G', 'G', 'G', 'G', 'G', 'G']
C36865628,['O', 'G']
C06429061,['G', 'G', 'G', 'G', 'G', 'G']
C37656066,['G', 'G', 'O', 'O']
C37322815,['G', 'G', 'G', 'G', 'G']
C65611294,['O', 'G', 'G', 'G', 'G']
C40017534,['G', 'G', 'G']
C36983928,['G', 'O', 'G']
C11975248,['G', 'G', 'G', 'G']
C52126426,['O']
C26689448,['G', 'G', 'G', 'G', 'G', 'G', 'G', 'G']
C05932558,['G', 'G', 'G', 'O']
C16991287,['O']
C36389928,['G', 'G', 'G', 'G', 'G']
C66222990,['O', 'G', 'G', 'G', 'O', 'G']
C00399110,['G', 'G', 'G']
C32633077,['G', 'G', 'G', 'G']
C54702616,['G', 'G', 'G']
C15774580,['G', 'O', 'G', 'G', 'G']
C42771386,['O', 'G', 'G', 'G', 'G']
C51179404,['G', 'G', 'G', 'G', 'G', 'G']
C66919864,['G', 'G', 'O', 'G', 'G', 'G']
C13406156,['G', 'O', 'G', 'G', 'G', 'O', 'G', 'G']
C20295918,['G', 'G', 'O', 'O', 'G']
C59747149,['G', 'G', 'G', 'G', 'G', 'G']
C42625757,['O', 'O', 'G']
C51479577,['G', 'G', 'G', 'G', 'G', 'O']
C44812010,['G', 'G', 'G', 'G', 'G', 'G', 'G']
C63557901,['G', 'G', 'G', 'G', 'G', 'G', 'G', 'O', 'G']
C11842269,['G', 'G', 'G', 'G']
C54602438,['G', 'G', 'G']
C59793156,['G', 'G', 'G', 'G', 'O', 'G', 'G']
C63086083,['O', 'G', 'G', 'G']
C66077323,['G', 'G', 'G', 'G', 'G']
C38086080,['G', 'G', 'G']
C39991951,['G', 'G', 'G']
C44463521,['G', 'G', 'G']
C13774005,['O', 'O']
C39101190,['G', 'G', 'G']
C51730836,['G', 'G', 'G']
C32972619,['O', 'G', 'O', 'G', 'G', 'G', 'G']
C52277373,['G', 'G']
C15983714,['G', 'G', 'G', 'G', 'G']
C60720081,['G', 'G', 'G']
C54692579,['G', 'G', 'G', 'G']
C45524723,['O', 'G', 'O', 'G', 'G']
C43761733,['-']
C40642789,['G', 'G', 'G', 'G', 'O']
C12496071,['G']
C32532324,['G', 'G', 'G', 'G', 'G']
C42592204,['G', 'G', 'G', 'O', 'O']
C01615575,['G', 'G', 'G']
C60720045,['G', 'G', 'G', 'G', 'G']
C20180290,['G', 'G', 'G', 'G', 'G']
C60720103,['G', 'G', 'G', 'G', 'G']
C35698253,['G', 'G', 'G']
C35658739,['G', 'G', 'G', 'G']
C12055579,['G', 'G', 'G', 'G', 'O', 'G', 'G']
C00245631,['G', 'G', 'G', 'G']
C41287066,['G', 'G', 'G', 'G']
C33919761,['G', 'G', 'G', 'O', 'G', 'G']
C37239035,['G', 'O', 'G', 'G', 'G']
C04536127,['G']
C01687940,['G', 'G', 'G', 'G', 'G']
C47986467,['G', 'G', 'G', 'G']
C44765527,['G', 'G', 'G', 'O', 'G']
C20146407,['G', 'G', 'O', 'G', 'G']
C49900874,['G', 'G', 'G', 'G']
C64678273,['O', 'O', 'G', 'G', 'O', 'O', 'G']
C37929268,['G', 'G', 'G']
C33141095,['G', 'O', 'G', 'G', 'G', 'O', 'G', 'G']
C58132933,['G', 'G', 'G']
C02527844,['O', 'G']
C42515826,['G', 'G', 'G', 'G']
C01619060,['G', 'G', 'G']
C49540225,['G', 'G', 'G', 'G', 'G', 'G']
C32901609,['G', 'O', 'G']
C61483933,['G', 'G', 'G', 'G', 'G']
C33023572,['O', 'G']
C36125951,['G', 'G', 'G', 'G']
C45704699,['G', 'G', 'G', 'G', 'G', 'O']
C13186698,['G', 'G', 'O', 'G']
C05614258,['O', 'G', 'G']
C54635360,['G', 'G', 'G', 'G']
C57928773,['G', 'G', 'O', 'G']
C57411873,['O', 'O']
C38001720,['G', 'O', 'O']
C34788919,['G', 'G', 'O']
C53624293,['G', 'G', 'G']
C01566646,['G']
C41209814,['G', 'G', 'G', 'G']
C50920526,['G', 'O', 'G', 'G', 'G', 'G']
C58245042,['G', 'G']
C40538789,['G', 'G', 'G']
C42854677,['G', 'G', 'G', 'G', 'G', 'G', 'G', 'G']
C36684032,['G', 'G', 'G', 'G']
C66905143,['G', 'G', 'G', 'G', 'G']
C15501795,['G', 'G', 'O', 'G', 'O', 'G']
C13702235,['G', 'G', 'O', 'G', 'G', 'G', 'G', 'G', 'G']
C00195169,['G', 'G', 'G', 'G', 'G']
C35379713,['G', 'G']
C51176831,['G', 'G', 'G', 'G', 'G']
C53099288,['G']
C51176699,['G', 'G', 'G', 'G']
C07688468,['G', 'O', 'G', 'G', 'O', 'G', 'G']
C13303614,['G', 'G']
C01130119,['G', 'G', 'G', 'G', 'G', 'G', 'G', 'G']
C42492951,['G', 'G', 'G', 'G', 'G']
C61546831,['O', 'G', 'O', 'G', 'G', 'G']
C33810421,['G', 'G', 'G', 'G']
C13363309,['O', 'G', 'G', 'G']
C43650285,['G', 'G', 'G']
C37918793,['G', 'G', 'O', 'G']
C67182788,['G', 'G', 'G', 'G', 'G', 'G', 'G']
C39571931,['G', 'G']
C37384255,['G', 'G', 'G']
C09130722,['G', 'G', 'O', 'O', 'O']
C39677317,['G', 'O', 'G', 'G', 'G', 'G', 'G']
C40304532,['G', 'O', 'O', 'G']
C49887454,['G', 'O', 'G', 'G']
C40797841,['G', 'G', 'G']
C37872155,['G', 'G']
C44279727,['G', 'G', 'G']
C39606543,['-']
C62829092,['G', 'O']
C40744431,['G', 'G', 'G', 'G', 'G', 'G', 'G', 'O', 'G', 'G']
C11629502,['G', 'G', 'G']
C38636321,['G', 'G', 'G', 'G', 'G', 'G', 'G', 'G', 'G', 'G', 'G']
CHEMBL485185,['O', 'G', 'G', 'G', 'G', 'G']
C33059594,['G', 'G', 'G', 'G', 'G', 'G']
C16939593,['G', 'G', 'G', 'G', 'G']
C02889570,['G', 'G', 'G']
C41738364,['G', 'G', 'G', 'O', 'G']
C61685167,['G', 'G', 'G']
C39111585,['G']
C58232896,['G', 'G', 'G']
C57363452,['G']
C09637164,['G', 'G', 'G', 'G', 'G']
C19840596,['G', 'G', 'G', 'G']
C49946498,['G', 'O', 'O', 'O', 'G']
C61882051,['G', 'G', 'G']
C62234746,['G', 'G']
C36970317,['O', 'G', 'G', 'G']
C19716774,['O', 'G', 'G', 'G', 'O']
C46751326,['G', 'G', 'G', 'G', 'O', 'G', 'G', 'G', 'G']
C35622689,['G', 'G', 'O']
C04029540,['G', 'G', 'G']
C20594513,['O', 'G']
C37145904,['G', 'G', 'G', 'G', 'G']
C63444137,['G', 'G', 'G', 'G', 'G', 'G', 'G', 'O', 'G']
C20226927,['G', 'G', 'O', 'O', 'G']
C39090733,['G', 'G', 'G', 'G']
C50043421,['G', 'G', 'O', 'G']
C05285627,['G', 'O', 'O']
C50043075,['O', 'O', 'G']
C37379296,['G', 'G']
C28689935,['O', 'G', 'G', 'G', 'G']
C09359756,['G', 'G', 'G']
C31944395,['O', 'G', 'G']
C43652716,['G', 'G', 'G']
C00378685,['G', 'O', 'O', 'O', 'G', 'O']
C63823722,['G', 'G', 'O']
C65272744,['G', 'G', 'G', 'G', 'G']
C64868920,['O', 'G', 'G', 'G', 'G', 'G']
C39093976,['G', 'G', 'G', 'G', 'G', 'G', 'G', 'G']
C54238962,['G', 'G', 'G', 'G', 'G']
C41769208,['G', 'G', 'G', 'G', 'G', 'O']
C14242467,['G', 'G']
C37952851,['G', 'G', 'G', 'G', 'O']
C54026583,['G', 'G', 'G', 'G', 'G']
C64066641,['G', 'G', 'G', 'G', 'G', 'G', 'G', 'O']
C66504524,['G', 'G', 'G', 'G']
C52126086,['O']
C02976059,['G', 'G', 'G', 'O', 'G']
C64678137,['G', 'G', 'G', 'O', 'G', 'G', 'O']
C02554435,['O', 'O', 'O']
C35428887,['G', 'G', 'G', 'O']
C44397614,['G', 'G']
C05830759,['G', 'G', 'G', 'G', 'O', 'G']
C00160104,['O']
C01679072,['G', 'O', 'G', 'G', 'G']
C05343458,['G', 'O', 'G', 'G']
C29890934,['G', 'G', 'O']
C43655019,['G', 'G']
C51665887,['G', 'G']
C13309847,['G', 'G', 'G', 'G', 'G']
C05747569,['-']
C37959844,['G', 'G', 'O', 'O']
C01183103,['G', 'G', 'O', 'G', 'G', 'G', 'O', 'G']
C09639651,['G', 'G', 'G', 'O', 'G']
C39100881,['G']
C43251549,['G', 'G', 'G', 'G']
C37322469,['G', 'G', 'G', 'G', 'G']
C59233849,['O']
C39777369,['O', 'O', 'G', 'G', 'G', 'G']
C54026519,['G', 'G', 'G', 'G']
C04514940,['G', 'G', 'G']
C13403938,['G', 'G', 'G', 'G', 'G', 'O']
C54587221,['G', 'G']
C62875200,['G', 'G', 'G', 'G', 'O', 'G']
C64100807,['G', 'O', 'O', 'G', 'G']
C51690303,['G', 'G', 'G', 'G']
C04973633,['-']
C32639612,['G', 'G', 'G', 'G', 'G']
C39461116,['O', 'G', 'O', 'O']
C01318716,['G', 'G', 'G']
C05450646,['G', 'O', 'G']
C65810066,['G', 'G', 'G', 'G', 'G', 'G']
C57496329,['G', 'G', 'G', 'G', 'G', 'G']
C55198224,['G', 'O', 'G']
C44469044,['G', 'G']
C19686307,['G', 'G', 'G']
C37376520,['G']
C51749130,['G', 'G', 'G', 'G', 'G']
C65323079,['G', 'G', 'O', 'G', 'O', 'O']
C46484092,['G', 'G', 'G', 'O', 'G']
C59926113,['G']
C32006947,['O', 'G']
C62826266,['G', 'G', 'G', 'O']
C05009718,['G', 'G']
C41707397,['G', 'G', 'G']
C59466315,['G', 'O', 'G']
C67029484,['G', 'G', 'O', 'O']
C62876563,['G', 'O', 'G', 'G']
C16575074,['G', 'G', 'O', 'O']
C43502664,['G', 'G', 'G', 'G', 'G', 'G']
C63627383,['O', 'G', 'G', 'G']
C27061867,['G', 'G', 'G', 'O', 'G', 'G']
C51652241,['G', 'G', 'G', 'G', 'G', 'G']
C39960924,['G', 'G', 'G', 'O']
C39484974,['G', 'G', 'G', 'G', 'G', 'O', 'G', 'G']
C29326319,['G', 'G', 'G', 'G', 'G', 'G']
C61698447,['G', 'G', 'G', 'O', 'G']
C54588170,['G']
C46015537,['O', 'O', 'G', 'G', 'G']
C20102760,['G', 'G', 'G', 'G', 'G', 'G', 'G', 'G', 'G']
C28689937,['O', 'G', 'G', 'G', 'G']
C44823302,['G', 'G', 'G', 'G', 'G', 'G']
C09854204,['G', 'O', 'G', 'G']
C01736524,['-']
C66995804,['O', 'G', 'G']
C16957671,['G', 'G']
C37364921,['G', 'G', 'G', 'G', 'O']
C57417067,['G', 'G', 'G', 'G', 'G', 'G', 'G', 'O']
C34325817,['G', 'G', 'G']
C41042985,['G', 'O', 'G', 'G']
C32024011,['G', 'G', 'O']
C36676721,['G', 'G', 'O', 'G', 'O', 'G', 'G', 'G', 'G']
C32024017,['G', 'G', 'O']
C07778209,['G', 'G', 'G', 'G', 'G', 'G', 'G', 'G']
C14611867,['G', 'G', 'G', 'G', 'G', 'G', 'G']
C20478725,['G', 'G', 'O', 'G', 'G']
C39136091,['G']
C34625837,['G', 'G']
C36075403,['-']
C41438163,['G', 'G']
C41549497,['G', 'G', 'G', 'G', 'G']
C63814621,['G', 'G', 'G', 'G', 'G', 'G']
C53819279,['G', 'G', 'G', 'G']
C19686654,['G', 'G', 'O', 'G']
C13343161,['G', 'G', 'G', 'O', 'G', 'G']
C40124748,['G', 'G', 'O', 'O']
C57885885,['G', 'G', 'G', 'G', 'G', 'G', 'G', 'G']
C20510829,['G', 'G']
C44814879,['G', 'G', 'G', 'G', 'G']
C38637461,['G', 'G']
C64791508,['G', 'G', 'G', 'G', 'G']
C37960244,['G', 'G', 'G', 'G', 'O']
C00202749,['G', 'G', 'G']
C64248804,['G', 'G', 'G', 'G', 'O', 'O', 'G']
C66832427,['G', 'G', 'G', 'G', 'G', 'O', 'G']
C05799744,['G', 'G']
C54236989,['G', 'G', 'G', 'G']
C48312120,['G', 'G', 'G', 'G', 'G']
C41077514,['G', 'G', 'G', 'G', 'G']
C23694890,['G']
C58611036,['G', 'G', 'G', 'O', 'G', 'G']
C13354986,['O', 'G', 'G', 'G', 'G', 'G', 'G']
C62765959,['O', 'G', 'G', 'G']
C57218647,['G']
C39898054,['G', 'G', 'G', 'O', 'G', 'G']
C41229313,['G', 'G', 'G']
C20577139,['G', 'O', 'G', 'G', 'G']
C13047057,['G', 'G', 'G', 'G', 'G', 'G', 'G', 'G', 'G']
C32937395,['G', 'G', 'G', 'G', 'G', 'G', 'G', 'G', 'O']
C45622403,['O', 'G', 'G', 'O', 'G']
C16607645,['G', 'G', 'G', 'G']
C04028679,['-']
CHEMBL477611,['O', 'O', 'O', 'O', 'G']
C39955115,['O', 'G']
C13446277,['O', 'G', 'G', 'O', 'G', 'G']
C50926680,['G', 'G', 'G', 'O']
C43652457,['G', 'G', 'G']
C06713402,['G', 'O']
C14982113,['-']
C13243328,['G', 'G', 'G', 'G', 'G', 'G', 'G', 'G']
C37245853,['G', 'G']
C03018332,['O', 'G', 'G', 'G', 'G', 'G']
C40456684,['-']
C40732470,['G', 'G', 'O']
C49579454,['G', 'G', 'G', 'G', 'G']
C66575630,['G', 'O', 'G', 'O', 'G']
C02326791,['O', 'G', 'G']
C14093804,['G', 'G', 'G']
C43655016,['G', 'G']
C06780113,['G', 'G']
C13062460,['O', 'G', 'G', 'G', 'G', 'G', 'O', 'G']
C51652234,['O', 'G', 'G', 'G', 'G']
C41983249,['G', 'G', 'G']
C00788138,['G', 'G', 'G', 'G', 'G', 'G']
C63737532,['G', 'G', 'G', 'G']
C42356017,['G', 'G', 'G', 'O', 'G', 'G', 'G']
C41752754,['G', 'G', 'G', 'G', 'G']
C51204628,['G', 'G', 'G', 'G', 'G']
C50347594,['G', 'G', 'O', 'G']
C03600662,['G', 'G', 'G', 'G']
C09110138,['G', 'G', 'O']
C52329663,['G', 'G', 'G', 'G', 'G']
C39843058,['G', 'G', 'G']
C54529103,['G', 'G', 'G', 'G']
C60812223,['G', 'G', 'G', 'G', 'O', 'G']
C50678709,['O', 'G', 'G', 'G', 'G']
C48691759,['G', 'G', 'G', 'G', 'G', 'G', 'G', 'G', 'G']
C02240241,['G', 'O', 'G', 'G']
C20284945,['G', 'G']
C00301197,['G']
C25502191,['G', 'G', 'G', 'G', 'G']
C47966618,['G', 'G', 'G', 'G', 'G', 'G', 'G', 'G', 'G', 'G', 'G']
C12961045,['G', 'G', 'G', 'G']
C44461971,['G', 'G']
C03624721,['G']
C49741333,['G', 'G', 'G']
C65651965,['O', 'G', 'G', 'G', 'G']
C33169141,['G', 'G', 'G', 'G']
C44980718,['G', 'G']
C40155482,['G', 'G', 'G', 'G']
C50346905,['G', 'G', 'O']
C33487137,['G', 'G']
C43652715,['G', 'G', 'G']
C38631352,['G', 'G', 'G', 'G', 'G', 'G', 'G', 'G', 'G']
C12659030,['G', 'G', 'G', 'G', 'G', 'G', 'G']
C41769521,['G', 'G', 'G', 'O']
C65129074,['G', 'G', 'O', 'G']
C65183968,['G', 'O', 'G', 'G', 'G']
C16700750,['G', 'G', 'G', 'G']
C23446605,['G', 'G', 'G', 'G', 'G', 'G', 'G', 'O']
C63664208,['G', 'G', 'G', 'G', 'G', 'G', 'O', 'G']
C38617014,['G', 'G', 'G']
C11131411,['G', 'G', 'G', 'G', 'G', 'G']
C17418093,['-']
C04106792,['O', 'G', 'O', 'O']
C27516925,['O']
C66249555,['G', 'G', 'G', 'G']
C04257614,['G', 'G', 'G']
C23628681,['G', 'G', 'G', 'G', 'G', 'O', 'G', 'G']
C54630415,['G', 'G']
C48904917,['G', 'G', 'G', 'G', 'G', 'O']
C16886397,['G', 'G', 'G', 'G', 'O', 'O', 'O']
C35496515,['G', 'G', 'G', 'G']
C61685181,['G', 'G', 'G']
C43652566,['G', 'G']
C11883551,['G', 'G', 'G', 'G', 'G']
C52126113,['G', 'G', 'O', 'G']
C24506992,['G', 'G', 'G', 'G', 'G', 'G', 'G', 'O']
C04501633,['G', 'O', 'G']
C20841833,['G', 'G']
C39948464,['G', 'G', 'O']
C37417534,['G', 'G', 'G', 'G', 'G', 'O']
C13425543,['G', 'G', 'G', 'O', 'G', 'G']
