C64103318,['G', 'G', 'G', 'G', 'O']
C63205474,['G', 'G', 'G', 'G', 'G']
CHEMBL577268,['G', 'G', 'O', 'G', 'G', 'G']
C63985333,['G', 'G', 'G', 'G', 'G', 'G', 'G']
C62051627,['G', 'G', 'O']
C64672587,['G', 'G']
C63720227,['G', 'G', 'G', 'G', 'G', 'G']
C63720223,['G', 'G', 'O', 'O', 'G', 'G']
C63985334,['G', 'G', 'G', 'G', 'O', 'G', 'G']
C39371519,['G', 'G', 'G', 'O', 'G', 'G', 'G', 'G']
C52594508,['O', 'G', 'G', 'G', 'O', 'G', 'O']
C63405646,['G', 'G', 'G', 'G', 'G', 'G', 'G', 'G', 'G']
C63172620,['G', 'G', 'G', 'G', 'G']
C39447852,['G', 'G', 'G', 'G', 'G', 'G']
C63393447,['G', 'O', 'G', 'G', 'G', 'G', 'G']
C64152257,['G', 'G', 'G', 'G', 'G', 'G']
C37904532,['G', 'G', 'G', 'G', 'G', 'O']
C64165796,['G', 'G', 'G', 'G', 'G']
C54557127,['G', 'G', 'G', 'G', 'G']
C64636511,['G', 'G', 'G', 'O']
C63867169,['O', 'G', 'G', 'G', 'G', 'G']
C52569918,['G', 'O', 'G', 'G', 'G', 'G', 'G']
C52627706,['G', 'G', 'G', 'O', 'O', 'G', 'G', 'O']
C39773984,['G', 'G', 'G', 'G']
C52627727,['O', 'G', 'G', 'G', 'G']
C54555526,['G', 'G', 'G', 'G']
C59233637,['G', 'G', 'G', 'G', 'G', 'G', 'G', 'O', 'O']
C63763405,['G', 'G', 'G', 'O']
C39934968,['G', 'G', 'G', 'G']
C64610808,['G', 'G', 'G', 'O', 'G', 'G', 'G']
C52569905,['G', 'O', 'G', 'O', 'O', 'G', 'G']
C63626106,['G', 'G', 'G', 'G', 'G', 'G', 'G']
CHEMBL460491,['G', 'G', 'O', 'G']
C63491184,['O', 'G', 'G', 'G', 'G', 'G', 'G', 'G', 'G']
C38240438,['G', 'O', 'G', 'G', 'G', 'G', 'G', 'G']
C64639968,['G', 'G', 'G', 'G', 'G']
C48299154,['O', 'O', 'G', 'G', 'G', 'G', 'G', 'G']
C64045430,['G', 'G', 'G', 'G', 'G']
CHEMBL1091591,['G', 'O', 'G', 'G']
C53428181,['G', 'G', 'G', 'G', 'G', 'G']
C63980235,['O', 'G', 'G', 'G', 'G']
C62324255,['G', 'G', 'G', 'O']
C64428631,['G', 'G', 'G', 'G', 'G', 'G']
C32232931,['G', 'G', 'G', 'G', 'G', 'G', 'G', 'G']
C64212782,['G', 'G', 'O', 'G', 'G', 'O', 'G', 'G']
C40075251,['G', 'G', 'G', 'G', 'G', 'O', 'G', 'G']
C64428666,['G', 'G', 'G', 'O', 'G', 'G']
C52566255,['G', 'G', 'O', 'O', 'G', 'G', 'G']
C63761340,['G', 'O', 'G', 'G', 'G', 'G']
C00241422,['G', 'G', 'G', 'G', 'G', 'G']
C22792069,['G', 'G', 'G', 'G', 'G', 'G', 'G', 'G', 'G', 'G', 'G', 'G']
C19960316,['G', 'G', 'G', 'G', 'G', 'G']
C64061627,['G', 'G', 'G', 'G', 'G', 'G', 'G']
C62050307,['G', 'G', 'G', 'G', 'G']
C49514961,['G', 'G', 'G', 'G', 'G']
C63279861,['G', 'O', 'G', 'O', 'O']
C63684153,['G', 'O', 'G', 'G', 'G', 'G', 'G', 'G', 'G']
C20875838,['G', 'O', 'G', 'G', 'G', 'G', 'G', 'G']
C63720176,['O', 'G', 'G', 'G', 'G', 'G']
C65469585,['G', 'G', 'G', 'G', 'G']
CHEMBL516630,['G', 'O', 'G', 'G']
C63761341,['O', 'G', 'G', 'G', 'G', 'G']
C52569912,['G', 'O', 'G', 'O', 'G', 'G', 'G']
C61642073,['G', 'G', 'G', 'G', 'G', 'G']
C37313985,['G', 'G', 'G', 'G']
C37265832,['G', 'G', 'G', 'G']
CHEMBL477121,['O', 'G', 'G', 'O', 'G', 'G']
C39442464,['G', 'G', 'G', 'G', 'G', 'O']
C63761335,['G', 'G', 'G', 'G', 'G', 'O']
C39675925,['G', 'G', 'G', 'G', 'G', 'G', 'G', 'G']
C36170855,['G', 'G', 'G', 'G']
C65526439,['G', 'G', 'G', 'G', 'G']
C39412701,['O', 'G', 'G', 'G', 'G', 'G', 'G', 'G']
C63279377,['G', 'G', 'G', 'G', 'G', 'G', 'G']
C63761323,['G', 'G', 'G', 'G', 'G', 'O']
C64726209,['G', 'O', 'G', 'G', 'G', 'G', 'G', 'G']
CHEMBL518501,['G', 'G', 'O', 'G']
C64173251,['G', 'G', 'G', 'G', 'G', 'G', 'G']
C63848604,['G', 'G']
C63611361,['G', 'G', 'G', 'G']
C66535174,['O', 'O', 'G', 'G', 'G', 'G', 'G', 'G', 'O']
CHEMBL541728,['G', 'O', 'G', 'G']
C63633139,['G', 'G', 'G', 'G', 'G', 'G']
C66243776,['G', 'G', 'G', 'G', 'G', 'G', 'G', 'G']
C63763488,['G', 'G', 'G', 'G', 'G', 'G']
C37904562,['G', 'G', 'G', 'G', 'G', 'O']
C63513583,['G', 'G', 'G', 'O']
CHEMBL1088916,['O', 'G', 'G', 'G', 'G', 'G', 'G', 'G', 'G']
C63830800,['G', 'G', 'G', 'G', 'G', 'G', 'G']
C64120523,['G', 'G', 'G', 'G', 'G', 'O']
C64428653,['G', 'G', 'G', 'G', 'G', 'G']
C52627660,['G', 'G', 'G', 'O', 'O', 'G', 'G']
C64428623,['G', 'G', 'G', 'G', 'G', 'G', 'G', 'G']
C63720238,['G', 'G', 'G', 'G', 'G', 'G']
C39398994,['G', 'O', 'G', 'G', 'G', 'G']
C43284985,['G', 'G', 'G']
C08635630,['G', 'G', 'G', 'G', 'G', 'G', 'G', 'G']
C63985523,['G', 'G', 'G']
C62356168,['G', 'O', 'G', 'G', 'G', 'G', 'G', 'G']
C37648919,['O', 'G', 'G', 'G', 'O']
C49557488,['G', 'G', 'G', 'G', 'G', 'G', 'G', 'O', 'O']
C20875693,['O', 'G', 'G', 'G', 'G', 'G', 'O', 'O']
C62036487,['G', 'G', 'G', 'G', 'G', 'G', 'G']
C38245881,['G', 'G', 'G', 'O', 'G', 'G', 'G', 'G', 'G', 'G']
C64198764,['G', 'G', 'G', 'G']
C39934816,['O', 'G', 'G', 'G']
C62036473,['G', 'G', 'G', 'G', 'G', 'G', 'G', 'G']
C63121717,['G', 'G', 'G', 'G', 'G', 'G', 'G', 'G']
C63720211,['G', 'G', 'G', 'G', 'G', 'G']
C63709740,['G', 'G', 'G', 'G', 'G']
C39443787,['G', 'G', 'G', 'G', 'G']
C39934669,['G', 'G', 'G', 'G']
C64705044,['G', 'G', 'O', 'G', 'G', 'G', 'G']
C15077598,['G', 'G', 'G', 'G', 'G', 'G', 'G', 'O', 'O', 'G', 'G', 'O']
C48330087,['O', 'O', 'G', 'G', 'O']
C49725707,['O', 'G', 'G', 'G']
C22936682,['G', 'G', 'G', 'G', 'O', 'G', 'G', 'O', 'O']
C39751846,['O', 'O', 'G']
C48971585,['G', 'G', 'G', 'G', 'O', 'O', 'G', 'O']
C52569906,['G', 'O', 'G', 'O', 'G', 'G', 'G']
CHEMBL452864,['G', 'O', 'G', 'G']
C52627780,['G', 'G', 'G', 'O', 'O', 'G', 'G']
C64693614,['G', 'G', 'G', 'G', 'G']
C64428618,['O', 'G', 'G', 'G', 'G', 'O', 'G', 'G']
C36740418,['G', 'G', 'G', 'G', 'G', 'G', 'G', 'G']
C43022046,['G', 'G', 'G', 'G']
C38917671,['O', 'G', 'G', 'G']
C63805707,['G', 'G', 'O', 'G']
C63491103,['G', 'G', 'G', 'O', 'G', 'G']
C43284990,['G', 'G', 'G', 'G']
C62939992,['G', 'G', 'G']
C13733242,['O', 'O', 'G', 'G', 'G', 'G', 'G', 'G', 'G']
C64470732,['G', 'G', 'G', 'G']
C36908615,['G', 'G', 'G', 'G']
C52634393,['G', 'G', 'G', 'G', 'O', 'G', 'G', 'G', 'G']
C62964081,['G', 'G', 'G', 'G']
C63330616,['G', 'G', 'G', 'G', 'G']
C39663240,['G', 'G', 'G', 'G', 'G', 'G']
C65529854,['O', 'G', 'G', 'G']
C64411336,['G', 'G', 'G', 'G', 'G']
C61642070,['G', 'G', 'G', 'G', 'G', 'G']
C39364409,['G', 'G', 'G', 'G', 'G', 'G', 'G']
C65305792,['G', 'G', 'G', 'G', 'G', 'G', 'G', 'G', 'G']
C64110979,['G', 'G', 'G', 'G', 'G']
C63695508,['G', 'G', 'G', 'G', 'G', 'G']
CHEMBL460299,['O', 'G', 'G', 'G']
C37894331,['G', 'G', 'G', 'G', 'G', 'G']
C42955831,['G', 'G', 'G', 'G']
C63234426,['G', 'G']
C64380856,['G', 'O', 'G', 'G', 'G', 'G']
C49726228,['G', 'G', 'G', 'G', 'G', 'O', 'O', 'G']
C04023819,['G', 'G', 'G', 'G', 'G', 'G', 'G', 'G', 'G', 'O']
C63165449,['O', 'G', 'G', 'G', 'G']
C37851881,['G', 'G', 'G', 'G', 'G', 'G', 'O', 'G']
C08670952,['G', 'G', 'G', 'G', 'G', 'G']
C39702041,['G', 'G', 'G', 'O']
C65305718,['G', 'G', 'G', 'G', 'G', 'G', 'G', 'G']
C64353795,['G', 'G', 'G']
C12434464,['G', 'G', 'G', 'G', 'G', 'G', 'G', 'G', 'G', 'G', 'G']
CHEMBL1088913,['O', 'G', 'G', 'G', 'G', 'G', 'G']
C52371772,['G', 'O', 'G', 'G', 'G']
C11857352,['G', 'G', 'G', 'O']
C63932687,['G', 'G', 'G', 'G', 'G', 'G']
C63500422,['O', 'O', 'G', 'G', 'G', 'G', 'G']
C44791070,['G', 'G', 'G', 'G', 'G']
C63766801,['G', 'G']
C39962675,['G', 'G', 'G', 'O']
C39780951,['G', 'G', 'G', 'G', 'G']
C39675551,['G', 'G', 'G', 'G', 'O', 'G', 'G', 'G']
C67187131,['G', 'G', 'G', 'G', 'O', 'G', 'G', 'G']
C13733146,['G', 'O', 'G', 'G', 'G', 'G', 'G', 'G', 'G']
C66244077,['G', 'G', 'G', 'G', 'G', 'G']
C62951534,['G', 'G', 'G', 'G', 'G']
C64120524,['G', 'G', 'G', 'G', 'O', 'O']
C38690081,['G', 'G', 'G', 'G', 'G']
C53873126,['G', 'G', 'O', 'G', 'G']
C52346338,['G', 'G', 'G', 'O', 'G']
C43259311,['G', 'G', 'G', 'G']
C43251922,['G', 'G', 'G', 'G', 'G', 'G']
C37229185,['G', 'G', 'G', 'G', 'G', 'G']
C39664736,['G', 'G', 'G', 'G', 'G', 'G', 'G', 'G']
C37221319,['G', 'G', 'G', 'G', 'G', 'G', 'G']
C64622258,['G', 'G', 'G', 'G']
C52545597,['G', 'G', 'G', 'G', 'G']
C63952595,['G', 'G', 'G', 'G', 'G']
C63842619,['G', 'G', 'O', 'G', 'G', 'O', 'G']
C57845837,['G', 'G', 'G', 'G', 'O']
C43286677,['G', 'G', 'G', 'G', 'G']
C37213905,['G', 'G', 'G', 'G']
C63280069,['G', 'G', 'G', 'G', 'G', 'G', 'G']
C62978609,['G', 'G', 'G', 'G']
C63648747,['G', 'G', 'G', 'G', 'G', 'G', 'G', 'G']
C67500568,['G', 'G', 'G', 'G', 'G', 'G', 'G']
C65421546,['G', 'G', 'G', 'G', 'G', 'G', 'O']
C39675819,['G', 'G', 'G', 'G', 'O', 'G', 'G', 'G']
C64428674,['G', 'G', 'O', 'G', 'G', 'G']
C63872064,['G', 'G', 'G', 'O', 'O', 'G', 'G']
C63427072,['G', 'G', 'O', 'G', 'G']
C56523338,['G', 'G', 'G', 'G', 'G', 'O', 'G', 'G', 'G', 'G']
C55064049,['G', 'O', 'G', 'G', 'G']
C62246240,['G', 'G', 'G']
C63633148,['O', 'G', 'G', 'G', 'G', 'G', 'G']
C63162942,['G', 'G', 'G', 'G', 'G', 'G']
C43277755,['O', 'G', 'G', 'G', 'G', 'G', 'G', 'G', 'G']
C55064865,['G', 'G', 'G', 'G', 'G']
C54042182,['G', 'G', 'G', 'O', 'G', 'G', 'G', 'G', 'G', 'G', 'G']
C43423033,['G', 'G', 'G', 'G', 'G', 'O', 'O']
C61940920,['G', 'G', 'G', 'G']
CHEMBL461359,['O', 'G', 'G', 'O']
C65112875,['G', 'G', 'G', 'G', 'G', 'G', 'G']
C44317111,['G', 'G', 'G', 'G', 'G', 'G', 'G', 'G', 'G']
C64338097,['G', 'G', 'G', 'G', 'G', 'O', 'G', 'G']
C32865575,['O', 'G', 'G', 'G', 'G']
C64158160,['G', 'G', 'O', 'G', 'G', 'O', 'G', 'G']
C63709745,['G', 'G', 'G', 'G', 'G']
C67188422,['G', 'G', 'G', 'G', 'G', 'O', 'G']
C48926975,['G', 'G', 'G', 'G']
C39312162,['G', 'G']
C62964765,['G', 'G', 'G', 'G']
C43970598,['G', 'G', 'G', 'G', 'G']
C43241877,['G', 'G', 'G', 'G', 'G']
C62254492,['O', 'G', 'G', 'G', 'G', 'G', 'G', 'G']
C52505670,['O', 'G', 'G', 'O', 'G', 'G', 'O']
C64093483,['G', 'G', 'O', 'G', 'G']
C39783758,['O', 'G', 'G']
C44353322,['G', 'G', 'G', 'G', 'G', 'G', 'G', 'O']
C20783304,['G', 'O', 'G', 'G', 'G', 'G', 'O']
C43261914,['G', 'G', 'G', 'O']
C63775675,['G', 'G', 'G', 'O', 'G']
C32077472,['G', 'G', 'G', 'O', 'G', 'G', 'G', 'G']
C04793543,['G', 'G', 'G', 'G', 'G', 'G', 'G', 'G']
C38555846,['G', 'G', 'G', 'G', 'O']
C65529849,['G', 'G', 'G', 'G']
C55063592,['G', 'G', 'G', 'G', 'G']
C63098907,['G', 'G', 'G', 'G', 'G']
C67500600,['G', 'G', 'G', 'G', 'G', 'G', 'G', 'O', 'O']
C55075375,['G', 'G', 'G', 'G', 'G', 'G']
C63870363,['G', 'G', 'G', 'G', 'G', 'G']
C64083881,['G', 'G', 'G']
C37648838,['O', 'G', 'G', 'G', 'O']
C62964103,['G', 'G', 'G', 'G']
C39681964,['G', 'G', 'O', 'G', 'G', 'G', 'G']
C40011829,['G', 'G', 'G', 'O', 'G', 'G']
C63349765,['G', 'G', 'G', 'O']
C63363131,['G', 'G', 'G', 'G', 'G', 'G', 'G']
C63733018,['G', 'G', 'O', 'G', 'O', 'G', 'G']
C63764090,['G', 'O', 'G', 'G']
C62964040,['G', 'G', 'G', 'G', 'G']
C36828190,['G', 'G', 'G', 'G', 'G']
C63526366,['G', 'G', 'G', 'G', 'G']
C59372516,['G', 'G', 'G', 'O', 'O', 'G']
C37998654,['G', 'G', 'G', 'G', 'O', 'G']
C62978354,['G', 'G', 'G', 'G', 'G', 'G', 'G']
C40011174,['G', 'G', 'G', 'G', 'O']
C39335679,['O', 'G', 'G', 'G', 'O', 'G', 'G', 'G']
C63448330,['G', 'G', 'G', 'O', 'G', 'G']
C63050812,['G', 'G', 'G', 'G', 'G', 'G', 'G']
C63856733,['G', 'G', 'O', 'O']
C65306024,['G', 'G', 'G', 'G', 'G', 'G', 'G', 'G']
C42412642,['G', 'G', 'G', 'G', 'G', 'G', 'G', 'G']
C63268812,['G', 'G', 'G', 'G', 'G', 'G']
CHEMBL18442,['G', 'O', 'G', 'G']
C66475333,['G', 'G', 'G', 'G', 'G']
C65932052,['G', 'G', 'G', 'G', 'G', 'G', 'G']
C20110069,['G', 'G', 'G', 'G', 'G', 'G']
C62036404,['G', 'G', 'G', 'G', 'G', 'G']
C54112747,['G', 'G', 'G', 'G', 'G', 'G', 'G', 'G', 'G', 'O']
C20233185,['G', 'G', 'G', 'G']
C63162959,['G', 'G', 'G', 'G', 'G', 'G']
C36740245,['O', 'G', 'G', 'G', 'G', 'G', 'G', 'G']
C65305782,['G', 'G', 'G', 'G', 'G', 'G']
C47889565,['G', 'G', 'G', 'G', 'G', 'O']
C63514317,['G', 'G', 'G', 'G', 'G', 'G', 'G', 'G']
CHEMBL454689,['G', 'O', 'G', 'G']
C52541225,['G', 'G', 'O', 'O', 'G', 'G', 'G']
C66242515,['O', 'O', 'G', 'G', 'G', 'G', 'G']
C39939847,['G', 'O', 'G', 'G', 'O', 'G']
C39681959,['G', 'O', 'G', 'G', 'G']
C39695571,['G', 'G', 'G', 'G', 'G', 'G', 'O', 'G', 'G']
C43253456,['G', 'G', 'G', 'G', 'G', 'O']
C39703048,['G', 'G']
C63558228,['G', 'G', 'G', 'G']
C43261896,['G', 'G', 'G', 'G', 'O']
C52547660,['G', 'O', 'G', 'G', 'G', 'O']
C63221925,['G', 'G', 'G']
C48927037,['G', 'G', 'G', 'G']
C51853071,['G', 'G', 'G', 'G', 'G', 'G', 'G']
C47398313,['O', 'G', 'G', 'G', 'G', 'G']
C63297494,['G', 'G', 'O', 'G', 'G', 'G', 'G']
C65430466,['G', 'G', 'G', 'G', 'O', 'G']
C40719560,['G', 'G', 'G', 'G', 'G', 'G', 'G']
C12539871,['G', 'G', 'G', 'G', 'G', 'G', 'G']
C64604295,['G', 'G', 'O', 'G', 'G', 'G', 'G', 'G']
C63648741,['G', 'G', 'G', 'G', 'G', 'G', 'G']
C53860578,['G', 'G', 'G', 'G', 'G', 'G', 'G']
C62974456,['G', 'G', 'G', 'G', 'G']
C63558243,['G', 'G', 'O', 'G', 'G', 'O', 'G']
C64392376,['G', 'G', 'G', 'G', 'G', 'G', 'G']
C35954614,['G', 'O', 'G', 'G', 'G', 'G', 'G', 'G', 'G', 'G']
C54560650,['G', 'G', 'G', 'G', 'G', 'G']
C64059766,['G', 'G', 'G']
CHEMBL1096504,['G', 'G', 'G', 'G', 'G', 'G', 'G']
C65112967,['G', 'G', 'G', 'G', 'G', 'G', 'G']
C65459580,['G', 'G', 'G', 'G', 'G', 'G']
C39205092,['G', 'G']
C67500403,['G', 'G', 'G', 'G', 'G', 'G', 'G']
C52477792,['G', 'G', 'G', 'G', 'G', 'G']
C64651179,['G', 'G', 'O', 'G', 'G', 'G', 'G', 'G']
C39703092,['G', 'O', 'G', 'G', 'G']
C64120643,['G', 'G', 'G', 'O', 'G', 'G']
C67122532,['G', 'G', 'G', 'G', 'G', 'O', 'G']
C64045433,['G', 'G', 'G', 'G', 'G']
C63767657,['O', 'O', 'G']
C39706872,['G', 'G', 'G', 'O', 'G']
CHEMBL508054,['G', 'O', 'G', 'G']
C66175189,['G', 'G', 'G', 'G', 'G', 'G', 'G']
C39626759,['G', 'G', 'G', 'G', 'G', 'G', 'G', 'O', 'G']
C66905311,['G', 'G', 'G', 'G', 'G', 'O', 'G', 'G', 'G']
C40633798,['G', 'G', 'G', 'G', 'G', 'G']
C32533090,['G', 'G', 'G', 'G', 'G', 'G']
C55064828,['G', 'G', 'G', 'G', 'G']
C48563466,['G', 'G', 'G', 'O', 'O', 'G']
C43261930,['G', 'G', 'G', 'G', 'O']
C37648837,['O', 'G', 'G', 'G', 'O']
C64604281,['G', 'O', 'G', 'O', 'G', 'O', 'G', 'G']
C20081968,['G', 'G', 'G', 'G']
C48302882,['G', 'G', 'G', 'O', 'G', 'G', 'G', 'G', 'G']
C52060232,['G', 'G', 'G', 'G']
C52547718,['G', 'G', 'G', 'O', 'G', 'G', 'G']
C59386209,['O', 'O', 'O', 'O', 'G', 'O', 'G', 'G']
C42954577,['G', 'G', 'G', 'O']
C58299024,['G', 'G', 'O', 'G', 'G', 'G', 'G']
C63637956,['G', 'G', 'G']
C40719569,['G', 'G', 'G', 'G', 'G', 'G', 'G']
C19665543,['G', 'O', 'O', 'G', 'G', 'G', 'G']
C63795359,['G', 'G', 'G', 'G', 'G', 'G']
C38806438,['G', 'G', 'G', 'G', 'G', 'G', 'G']
C54104321,['O', 'G', 'G', 'G', 'G', 'G']
C19715784,['G', 'G', 'G', 'G', 'G']
C62978282,['G', 'G', 'G', 'G', 'G', 'G']
C63446218,['G', 'G', 'G', 'G', 'G']
C53877456,['G', 'G', 'G', 'G', 'G']
C65305778,['G', 'G', 'G', 'G', 'G', 'G']
C55212148,['G', 'G', 'G', 'G', 'G', 'G', 'G', 'G']
C48132262,['O', 'G', 'G', 'G', 'G', 'G', 'G', 'G', 'G']
C64127703,['G', 'G', 'G', 'G', 'O']
C55064503,['G', 'G', 'G', 'G', 'G']
C41667179,['G', 'G', 'G', 'G']
C38787334,['G', 'G', 'G', 'G', 'O', 'O', 'G', 'G', 'O']
C52547593,['G', 'G', 'G', 'G', 'G', 'G', 'G', 'O']
C65100000,['G', 'G', 'O', 'G', 'G', 'G', 'G', 'G', 'G']
C63838980,['G', 'G']
C64747076,['G', 'G', 'G', 'G', 'G', 'G']
C40151164,['G', 'G', 'O', 'G', 'G', 'G', 'G']
C35054816,['G', 'G', 'G', 'G', 'G', 'G', 'G', 'G', 'G']
C66536638,['O', 'G', 'G', 'G', 'G', 'G', 'G', 'G', 'G']
C63993975,['G', 'G', 'G', 'G']
C63229160,['G', 'G', 'G', 'G', 'G', 'G']
C65621273,['G', 'O', 'G', 'G', 'G']
C61653768,['G', 'G', 'G', 'G', 'G', 'G', 'G']
C55064369,['G', 'O', 'G', 'G', 'G']
C63985638,['G', 'G', 'G', 'G']
C43258876,['G', 'G', 'G', 'G', 'G']
C50362004,['G', 'O', 'G', 'G', 'G']
C48329088,['O', 'O', 'G', 'G', 'G', 'G', 'G']
C62977069,['G', 'G', 'G', 'G', 'G', 'G']
C49334193,['G', 'G', 'G', 'O', 'G', 'G', 'G']
C48992078,['G', 'G', 'G', 'O']
C63751506,['G', 'G', 'O']
C39156562,['G', 'G']
C47747847,['G', 'G', 'G', 'G', 'G', 'G', 'G', 'G', 'G', 'G', 'G', 'G']
C55063881,['G', 'G', 'G', 'G', 'G']
C44418607,['G', 'G', 'G', 'G', 'G']
C48336389,['O', 'O', 'G', 'G', 'G', 'G', 'G', 'O']
C51213386,['G', 'G', 'G', 'G', 'G', 'G']
C39738397,['G', 'G', 'G', 'G', 'G', 'G', 'G', 'G']
C62019463,['G', 'G', 'G', 'G', 'G']
C48329605,['G', 'G', 'G', 'G', 'G', 'O']
C62741101,['G', 'G', 'G', 'G', 'G', 'G', 'G', 'O']
C63996530,['G', 'G', 'G', 'G']
C64044976,['G', 'G', 'G', 'G', 'G', 'G']
C63060531,['O', 'O', 'G', 'G']
C63446103,['G', 'G', 'G', 'O', 'G', 'G']
C62971261,['G', 'G', 'G', 'G', 'G']
C63838975,['G', 'G', 'G']
C39709907,['O', 'G', 'G']
C43284604,['G', 'G', 'G', 'G']
C64031791,['G', 'G', 'G', 'O']
C39978355,['G', 'O', 'G', 'G', 'G']
C63845451,['G', 'G', 'G', 'G', 'G', 'O']
C63684370,['G', 'G', 'G', 'G', 'G', 'G', 'G', 'G', 'G']
C63110678,['G', 'G', 'G', 'O']
C52371773,['G', 'G', 'G', 'G', 'G']
C55063823,['G', 'G', 'G', 'G', 'G', 'G']
C62970105,['G', 'G', 'G', 'G', 'G']
C63505940,['G', 'G', 'G', 'G', 'O']
C55063593,['G', 'G', 'G', 'G', 'G']
C52547601,['G', 'G', 'G', 'G', 'G', 'G', 'O']
C52595189,['G', 'G', 'G', 'G', 'G']
C65381375,['G', 'G', 'G', 'G', 'O', 'G', 'G']
C35833064,['G', 'G', 'G', 'G', 'O']
C61643473,['G', 'G', 'G', 'O', 'G', 'G']
C64411338,['G', 'O', 'G', 'G', 'G']
C53876062,['G', 'G', 'G', 'G', 'G']
C09698237,['G', 'G', 'G', 'G']
C63393615,['G', 'O', 'G', 'O', 'G', 'O']
C63751571,['G', 'G', 'O', 'G', 'G', 'O']
C65459281,['G', 'G', 'G', 'G', 'G', 'O', 'G']
C18223066,['G', 'G', 'G']
C63206034,['G', 'O', 'O']
C43020806,['G', 'G', 'G', 'G']
C52541217,['G', 'G', 'G', 'G', 'G', 'G', 'G', 'G']
C63099029,['G', 'G', 'G', 'G', 'G', 'G']
C64212792,['G', 'G', 'G', 'G', 'O']
C62254890,['G', 'G', 'G', 'G']
C64609776,['G', 'G', 'G', 'G', 'G', 'G', 'G']
C48712896,['G', 'G', 'G', 'G', 'G', 'G', 'G']
C64066541,['G', 'G', 'G', 'G', 'G', 'G', 'G', 'G']
C63393776,['G', 'O', 'G']
C65305873,['G', 'G', 'O', 'G', 'G', 'G', 'G', 'G', 'G', 'G']
C11954908,['G', 'G', 'G', 'G', 'G', 'G', 'G', 'G']
C63838994,['G', 'G']
C41474285,['O', 'G', 'G', 'G', 'G', 'G', 'G']
C55064451,['G', 'G', 'G', 'G', 'G']
C43261924,['G', 'G', 'G', 'G', 'G', 'O']
C63637412,['G', 'O', 'G', 'G', 'G', 'G']
C64158013,['G', 'G', 'O', 'G', 'G', 'O', 'G', 'G', 'G']
C66795636,['G', 'G', 'G', 'O', 'O', 'G', 'G']
C43527240,['G', 'G', 'G', 'O', 'G', 'G', 'O']
C54559439,['G', 'G', 'G', 'G', 'G']
C52565469,['G', 'G', 'O', 'G', 'G', 'O']
C25147040,['G', 'G', 'G', 'G']
C64111279,['G', 'O', 'G', 'G', 'G']
C39156590,['G', 'G']
C64131405,['G', 'G', 'G', 'O', 'G']
C39037734,['G', 'G', 'O', 'O', 'G', 'G', 'G', 'G']
C37300905,['G', 'G', 'G', 'G', 'G', 'G']
C54112117,['G', 'G', 'G', 'G', 'G', 'G', 'G']
C39697478,['G', 'G', 'G']
C64120658,['G', 'G', 'G', 'G', 'G']
C39933502,['G', 'O', 'G', 'G', 'O']
C63258792,['G', 'G', 'O']
C51213400,['G', 'G', 'G', 'G', 'G', 'G', 'G']
C28120148,['G', 'G', 'G', 'O']
C31918633,['G', 'G', 'G', 'G', 'G']
C36741534,['G', 'G', 'G']
C65372441,['G', 'G', 'G', 'O', 'G', 'G', 'G']
C38783281,['G', 'O']
C55078192,['G', 'G', 'G', 'G', 'G']
C39688816,['G', 'O', 'G', 'G', 'G', 'G']
C66176897,['G', 'G', 'O', 'O', 'G', 'O', 'G', 'G', 'G', 'G', 'G', 'G']
C63533476,['G', 'G', 'G', 'G', 'G', 'G']
C62977526,['G', 'G', 'G', 'G']
C48991738,['G', 'G', 'G', 'O']
C37158659,['G', 'G', 'G', 'G']
C62970120,['G', 'G', 'G', 'G']
CHEMBL461358,['G', 'G', 'G', 'G', 'G', 'O', 'G', 'G']
C63308921,['G', 'G', 'G', 'G', 'G', 'O', 'G', 'G']
C35938860,['G', 'G', 'G', 'G', 'O', 'G']
C64006308,['G', 'G', 'G', 'G', 'G', 'O', 'G', 'G']
C63521119,['G', 'G', 'G', 'G', 'G', 'G']
C45106335,['G', 'G', 'G', 'G', 'G', 'G']
C63695961,['O', 'G', 'G', 'G', 'G']
C13735320,['G', 'G', 'G', 'G', 'G', 'G', 'O', 'O']
C61947658,['G', 'G', 'G', 'G']
C63108161,['O', 'G', 'G', 'G', 'G', 'G', 'G', 'O']
C67187264,['G', 'G', 'O', 'G', 'G', 'G', 'O', 'G', 'O', 'G']
C39663128,['G', 'G', 'G', 'G', 'G']
C49329033,['G', 'G', 'G', 'O', 'G', 'G', 'O']
C63446277,['G', 'G', 'G', 'G', 'G', 'G', 'G']
C49557177,['G', 'G', 'G', 'G', 'G', 'O', 'G', 'G', 'G']
C63493792,['G', 'O', 'G']
C67188307,['G', 'G', 'G', 'G', 'G', 'G', 'G']
C22926957,['G', 'G', 'G', 'O', 'G']
C19331503,['G', 'G', 'G', 'O', 'G', 'O']
C65604140,['G', 'G', 'G', 'G', 'O']
C51856583,['G', 'O', 'G', 'G', 'G', 'G', 'G', 'G', 'G']
C37879951,['G', 'G', 'G', 'G', 'G', 'G', 'G', 'G', 'G']
C36369753,['G', 'O', 'G', 'G', 'G', 'G', 'G']
C65244537,['G', 'G', 'G', 'G', 'O', 'G', 'G', 'G', 'G']
C39357234,['O', 'G']
C39370777,['G', 'G', 'G']
C49557302,['G', 'G', 'G', 'G', 'G', 'G', 'G']
C43411401,['G', 'G', 'G', 'G', 'G', 'G']
C42952597,['G', 'G', 'G']
C53388882,['G', 'G', 'G', 'G', 'G']
C49553311,['G', 'G', 'G', 'G', 'G', 'G']
C39322128,['G', 'G', 'O']
C42946074,['G', 'G', 'G', 'O']
C38811709,['G', 'G']
C55075372,['G', 'G', 'G', 'G', 'G', 'G']
C40719405,['G', 'G', 'G', 'G', 'G', 'G', 'G', 'G', 'O']
C63694921,['G', 'G', 'O', 'O']
C63699644,['G', 'G', 'G']
C63558176,['G', 'G', 'G', 'G', 'G', 'G', 'O', 'G']
C58171454,['G', 'O', 'G', 'G', 'G', 'G', 'G']
C37759738,['G', 'G', 'G', 'G', 'G']
C12458005,['O', 'O', 'G', 'G']
C64410785,['G', 'G', 'G', 'O', 'O', 'G']
C39973144,['O', 'G', 'O', 'O', 'G']
C62977109,['G', 'G', 'G', 'G', 'G', 'G']
C61641921,['G', 'G', 'G', 'G', 'G', 'G']
C50361059,['G', 'G', 'G', 'G', 'G', 'G']
C43253444,['G', 'G', 'G', 'G', 'O']
C35652392,['G', 'G', 'G', 'G']
C39012000,['G', 'G', 'O', 'G', 'G', 'G', 'G', 'G', 'O']
C49557299,['G', 'G', 'G', 'G', 'G', 'G', 'G']
C63195378,['G', 'G', 'G', 'O']
C63635498,['G', 'G', 'G', 'G', 'G', 'G', 'G', 'G', 'G', 'G']
C63637411,['G', 'O', 'G', 'G', 'G', 'G']
C67500324,['G', 'G', 'G', 'G', 'G', 'G', 'G']
C63904391,['G', 'G', 'G']
C32511582,['G', 'G', 'G', 'G', 'G', 'G', 'O', 'G']
C62978021,['G', 'G', 'G', 'G', 'G']
C22166434,['G', 'G', 'G', 'G', 'G']
C62246379,['G', 'G', 'G']
C63994238,['G', 'G', 'G', 'O', 'G', 'G', 'G', 'G', 'G', 'G', 'G']
C39689732,['G', 'G', 'G', 'G', 'O', 'G', 'G', 'G', 'G', 'G']
C63695670,['O', 'G', 'G', 'G', 'G']
C64044979,['G', 'G', 'G', 'G', 'G', 'G']
C63515580,['G', 'O', 'G', 'G', 'G', 'G', 'G', 'G']
C54022974,['G', 'G', 'G', 'G', 'G', 'O']
C63751697,['G', 'G', 'G', 'G', 'G', 'O']
C48991904,['G', 'G', 'G', 'G', 'O']
C52982512,['G', 'G', 'G', 'G', 'G', 'O']
C31912931,['G', 'G', 'G', 'G', 'G']
C44517532,['G', 'G', 'G', 'G', 'G', 'G']
C55075380,['G', 'G', 'G', 'G', 'G', 'G']
C54015361,['G', 'G', 'G', 'G', 'G', 'G', 'G']
C61818302,['G', 'G', 'G', 'G']
C19915208,['G', 'G', 'G', 'G', 'G', 'G', 'G', 'G', 'O']
C64417544,['G', 'O', 'G', 'G', 'G', 'G', 'G']
C12440646,['G', 'G', 'G', 'G', 'G', 'G', 'G']
C63744020,['G', 'G', 'G', 'G']
C63279654,['G', 'G', 'G', 'G']
C62952349,['G', 'G', 'G', 'G']
C67187698,['G', 'G', 'G', 'G', 'G', 'G', 'G']
C01700322,['G', 'G', 'G', 'G', 'G', 'G', 'G', 'G']
C55063811,['G', 'G', 'G', 'G', 'G']
C12301983,['G', 'G', 'O', 'O', 'G', 'G', 'G', 'G', 'G', 'G', 'G']
C62071780,['G', 'G', 'G', 'G', 'G', 'G', 'G']
C39689587,['G', 'O', 'G', 'G', 'G', 'G']
CHEMBL1092637,['G', 'G', 'G', 'G', 'G', 'G']
C12242488,['G', 'G', 'G', 'G', 'G', 'G', 'G']
C63751555,['G', 'G', 'O']
C62977709,['G', 'G', 'G', 'G']
CHEMBL1094864,['G', 'G', 'G', 'G', 'G', 'G', 'G', 'G']
C63591075,['O', 'G', 'G', 'G', 'G']
C39354015,['O', 'G', 'O']
C43411435,['G', 'G', 'G', 'G', 'O', 'G']
C62254938,['G', 'G', 'G', 'O']
C64042846,['G', 'G', 'O', 'O', 'O']
C62733667,['G', 'G', 'G', 'G', 'G', 'O', 'G', 'G']
C67119455,['G', 'O', 'O', 'G', 'G', 'G', 'G']
C62951770,['G', 'G', 'G', 'G', 'G', 'G']
C63159124,['G', 'G', 'G', 'O']
C67216283,['G', 'G', 'G', 'O', 'G', 'G', 'G', 'G', 'G', 'G']
C64040328,['G', 'G', 'G', 'O']
C64414477,['G', 'G', 'O', 'G', 'G', 'G']
C39699914,['G', 'G']
C63667486,['G', 'G', 'G', 'O', 'G', 'G', 'G', 'G', 'G']
C67500397,['G', 'G', 'G', 'G', 'G', 'G', 'G']
C39689031,['G', 'G', 'O', 'G', 'G', 'G', 'G', 'O']
C63732853,['G', 'G', 'G', 'G', 'G', 'G', 'G', 'G', 'G']
C22052211,['G', 'G', 'G', 'G']
C63526365,['G', 'G', 'G', 'O', 'G']
C64074128,['G', 'G', 'G', 'G', 'G', 'O']
C38601111,['G', 'G', 'G', 'O', 'G', 'O', 'G', 'G']
C36830291,['G', 'G', 'G', 'G', 'G', 'O']
C12373014,['G', 'G', 'G', 'G', 'G', 'G', 'G', 'G']
C62248772,['G', 'G', 'G']
C66390694,['G', 'G', 'G', 'G', 'G', 'G', 'G']
C01700320,['G', 'G', 'G', 'G', 'G', 'G', 'G', 'G']
C67122291,['G', 'O', 'G', 'G', 'G', 'G', 'G']
C63162761,['G', 'G', 'G', 'O']
C38612337,['G', 'G', 'G', 'O', 'G', 'G', 'G', 'G']
C52371799,['G', 'G', 'G', 'O', 'O', 'G', 'G', 'G']
C67187133,['G', 'G', 'G', 'G', 'G', 'G', 'G', 'O', 'G', 'O', 'G']
C39461922,['G', 'G', 'G']
C39697804,['G', 'G', 'G', 'O', 'O', 'G']
C65306003,['G', 'G', 'G', 'G', 'G', 'G', 'G', 'O', 'G', 'G']
C42953662,['G', 'G', 'G', 'G']
C62977453,['G', 'G', 'G', 'G', 'G']
C63855416,['G', 'G', 'O', 'G', 'G', 'O']
C39461920,['G', 'G', 'G']
C49557178,['G', 'G', 'G', 'G', 'G', 'G', 'G', 'O', 'O']
C63855905,['O', 'G', 'G', 'G', 'O', 'G', 'G']
C48991532,['G', 'G', 'G', 'O']
C55911506,['G', 'G', 'O', 'G', 'G', 'G', 'G', 'G', 'G']
C43021354,['G', 'G', 'G', 'G', 'O']
C63772588,['G', 'G', 'G', 'G', 'G', 'G', 'O', 'G']
C39934956,['G', 'O', 'G', 'G', 'G', 'G']
C39345146,['G', 'G']
C63529250,['G', 'G', 'G', 'G', 'G']
C66390712,['G', 'G', 'G', 'G', 'G', 'G', 'O']
C39741333,['G', 'G', 'O', 'G', 'O', 'G', 'G']
C63529254,['G', 'G', 'G', 'G', 'G']
C64417209,['G', 'G', 'O', 'G']
C64636604,['G', 'G', 'G', 'G', 'O', 'G', 'G']
C66390567,['G', 'G', 'G', 'G', 'G', 'G']
C39697476,['G', 'G']
C64580501,['G', 'G', 'G', 'G', 'G', 'G']
C63846174,['G', 'G', 'G', 'G', 'O', 'G', 'O', 'G', 'G', 'G']
C63338968,['G', 'G', 'G', 'G', 'G', 'G']
C55064005,['G', 'G', 'G', 'G', 'G']
C63993960,['G', 'G', 'G', 'G', 'G', 'G', 'G', 'G']
C17123960,['G', 'G', 'G', 'G']
C64040333,['G', 'O', 'G']
C65403645,['G', 'G', 'G', 'G', 'G', 'G', 'G']
C62977765,['G', 'G', 'G', 'G']
C64490970,['G', 'G', 'G', 'G', 'G', 'G']
C63625906,['G', 'O', 'G', 'G', 'G', 'G', 'G']
C63221283,['G', 'G', 'G', 'G', 'G']
C39156564,['G', 'G']
C39703024,['G', 'G', 'G', 'G', 'G']
C39387707,['G', 'G', 'G', 'G', 'G', 'G', 'O', 'G', 'G', 'G']
C02343991,['G', 'G', 'G', 'G', 'G', 'G', 'G', 'G', 'G', 'G', 'G']
C55064446,['G', 'G', 'G', 'G', 'G']
C43258888,['G', 'G', 'G', 'G']
C37715423,['G', 'G', 'O', 'G', 'G', 'G', 'G', 'G']
C64093332,['G', 'G', 'G', 'O', 'G', 'G']
C55063721,['G', 'G', 'G', 'G', 'G', 'G']
C63480577,['G', 'G', 'G', 'G', 'G', 'G']
C65330103,['G', 'G', 'O', 'G', 'G', 'G']
C52547570,['G', 'G', 'G', 'G', 'G', 'G', 'O']
C63919927,['G', 'O', 'O', 'G', 'G', 'G', 'O', 'G']
C65112976,['G', 'G', 'G', 'G', 'G', 'G', 'G']
C01605773,['G', 'G', 'G', 'G', 'G', 'G', 'G', 'G', 'G']
C49557154,['G', 'G', 'G', 'G', 'G', 'G', 'O', 'O', 'O']
C43286810,['G', 'G', 'G', 'G', 'O']
C39362351,['G', 'G', 'G', 'G', 'G', 'G', 'G', 'G', 'G', 'G']
C32095105,['O', 'G', 'G']
C63694798,['O', 'O', 'G', 'G', 'G', 'G', 'G']
C67122458,['G', 'G', 'G', 'G', 'G', 'O', 'G']
C67122213,['G', 'G', 'G', 'G', 'G', 'G', 'G', 'G']
C38980167,['G', 'G', 'G', 'G', 'G']
C39627092,['G', 'G', 'G', 'G', 'G', 'G', 'O', 'G', 'G', 'G', 'G']
C63821491,['G', 'G', 'G', 'G', 'G']
C64061498,['G', 'G', 'G', 'G', 'G', 'O', 'G', 'G']
C39964526,['G', 'G', 'G', 'G']
C63856865,['G', 'O', 'G', 'O', 'G', 'O']
C63591071,['G', 'G', 'G']
C39958287,['G', 'G']
C06943604,['O', 'O', 'G', 'G', 'G', 'G', 'G', 'G']
C63674217,['G', 'G']
C49557191,['O', 'G', 'G', 'G', 'G', 'G', 'G', 'G', 'G']
C39578852,['G', 'G', 'G', 'O']
C42392299,['G', 'G', 'G', 'G', 'G']
C39777966,['G', 'G', 'G', 'G', 'G']
C37877900,['G', 'O', 'G', 'G', 'G', 'G', 'G']
C64015018,['G', 'G', 'G', 'G', 'O', 'G', 'G']
C64411037,['G', 'G', 'G', 'G', 'G', 'O']
C62963991,['G', 'G', 'G', 'G', 'G']
C63743407,['G', 'G', 'G', 'G', 'G', 'G', 'G']
C64128616,['O', 'G', 'G', 'G', 'G']
C63751057,['G', 'G', 'G', 'G', 'G', 'G']
C65382605,['O', 'G', 'G', 'G']
C38567863,['G', 'G']
C64952232,['G', 'G', 'G', 'O', 'G', 'G']
C58008654,['G', 'G', 'G', 'G', 'G', 'G', 'G', 'G']
C20179739,['G', 'G', 'G', 'G', 'G', 'G', 'G']
CHEMBL462588,['G', 'G', 'O', 'G', 'O']
C27062916,['G', 'G', 'G', 'G', 'G', 'G']
C20452218,['O', 'G', 'G', 'O', 'G']
C12314148,['G', 'G', 'G', 'G', 'G', 'O']
C66701236,['G', 'G', 'G', 'G', 'G', 'G', 'G', 'O', 'G', 'G', 'G']
C62978223,['G', 'G', 'G', 'G', 'G', 'G', 'G']
C62951403,['G', 'G', 'G', 'G', 'G']
C63677118,['G', 'G', 'G', 'G', 'G', 'G']
C55327312,['G', 'G', 'O', 'G', 'G', 'G']
C39370766,['G', 'G', 'G']
C39351887,['G', 'G', 'O']
C39664861,['G', 'G', 'G', 'G', 'G', 'G', 'G', 'G']
C63848113,['G', 'G', 'O', 'G', 'G']
C65934581,['G', 'G', 'G', 'G', 'G', 'G', 'G', 'G', 'G', 'O', 'G']
C65381045,['G', 'G', 'O', 'G', 'G', 'G', 'O', 'G']
C63221280,['G', 'O', 'G', 'G', 'G']
C42555095,['G', 'G', 'G', 'G', 'G', 'G', 'G', 'G']
C39588286,['O', 'O', 'G', 'O', 'G']
C63166099,['G', 'G', 'G', 'G']
C65376048,['G', 'G', 'G', 'G', 'G']
C43210015,['G', 'G', 'G', 'G', 'G', 'G', 'G']
C56523191,['G', 'O', 'G', 'G', 'G', 'G', 'G', 'G', 'G']
C47927283,['G', 'G', 'G', 'G', 'G', 'G', 'G', 'G', 'G', 'G', 'O']
C67044893,['G', 'G', 'G', 'O', 'G']
C63514343,['G', 'G', 'G', 'G', 'G', 'G']
C40669130,['G', 'G', 'G', 'G', 'G', 'G', 'G', 'G', 'G']
C37324509,['G', 'G', 'G']
C39164080,['G', 'O', 'G', 'G', 'G', 'G']
C67250632,['G', 'G', 'O', 'G', 'O']
C20188017,['G', 'G', 'G', 'G', 'G']
C27531161,['G', 'G']
C64690829,['G', 'G', 'G', 'G', 'O', 'G', 'G']
C39460408,['G', 'G', 'O', 'G', 'G', 'G']
C62939950,['G', 'G', 'G', 'G']
C63110619,['G', 'G', 'G', 'G', 'G', 'G', 'G']
C64038282,['G', 'G', 'G', 'G']
C38597051,['G', 'O', 'G', 'O', 'G', 'G']
C39939348,['G', 'O', 'G', 'G', 'G']
C61655258,['G', 'G', 'O', 'G', 'G', 'G', 'G', 'O']
C63698894,['G', 'G', 'G', 'G', 'G', 'G']
C39663274,['G', 'G', 'G', 'G', 'G']
C49631561,['G', 'G', 'G', 'G']
C63883608,['G', 'G', 'G']
C39756384,['G', 'G', 'G', 'O', 'G']
C63503155,['G', 'G', 'O']
C20494684,['G', 'G', 'G', 'G', 'G', 'G', 'G', 'G', 'G']
C67188414,['G', 'G', 'G', 'G', 'G', 'G', 'O', 'O', 'O', 'G']
C39404663,['G', 'G', 'G', 'G']
C39663302,['G', 'G', 'O', 'G', 'G', 'G', 'G']
C48468105,['O', 'G', 'G', 'G', 'G', 'G']
C53860259,['G', 'G', 'G', 'G', 'G', 'G', 'G']
C63302952,['G', 'G', 'G', 'O', 'G', 'O', 'G', 'G']
C50361913,['G', 'G', 'G', 'G']
C39935001,['G', 'G', 'G']
C43241870,['G', 'G', 'G', 'G']
C39626429,['G', 'G', 'G', 'G', 'G', 'G', 'G', 'G', 'G', 'G']
C63515076,['O', 'G']
C65534410,['G', 'G', 'G', 'G', 'G', 'G']
C45380375,['G', 'G', 'G', 'G', 'G', 'G', 'G', 'O']
C48563697,['G', 'G', 'G', 'G']
C38012407,['G', 'G', 'G', 'O', 'G', 'G', 'G', 'G']
C49554042,['G', 'G', 'G', 'G', 'G', 'G', 'G']
C62038033,['G', 'G', 'O', 'G', 'O']
C52066332,['G', 'G', 'G', 'G', 'O', 'O', 'G']
C14951683,['G', 'G', 'G', 'G', 'G', 'O']
C43123329,['G', 'G', 'G', 'G', 'G']
C65410415,['O', 'O', 'G', 'O', 'G']
C39736994,['O', 'G', 'O']
C63752069,['G', 'O', 'G', 'G', 'G', 'G', 'G']
C38567859,['G', 'G']
C60358895,['G', 'G', 'G', 'G', 'G', 'G', 'G', 'G']
C61654859,['G', 'O', 'O', 'G', 'G', 'G', 'G']
C43248664,['G', 'G', 'G', 'G', 'G']
C64103062,['G', 'G', 'G']
C21013524,['G', 'G', 'G', 'G']
C62977183,['G', 'G', 'G', 'G', 'G', 'G']
C63668986,['G', 'O', 'G']
C64651336,['G', 'G', 'G', 'G', 'G', 'G']
C61642848,['G', 'G', 'G', 'G', 'G']
C11873039,['G', 'G', 'G', 'G', 'G', 'G', 'G', 'G', 'G']
C38612544,['G', 'G', 'G', 'G', 'O', 'G', 'G']
CHEMBL1092596,['O', 'G', 'G', 'G', 'G', 'G', 'G', 'G']
C14085842,['G', 'G', 'G', 'G', 'G']
C63314359,['G', 'O', 'G', 'G', 'G', 'O']
C63848603,['G', 'G']
C22913858,['O', 'G', 'G', 'G', 'G', 'G']
C49646564,['G', 'G', 'G', 'G']
CHEMBL1092302,['G', 'G', 'G', 'G', 'G', 'G', 'G', 'O']
C43261695,['G', 'G', 'G', 'G']
C39980400,['G', 'G', 'G']
C65623723,['G', 'G', 'G', 'G', 'G']
C63165488,['G', 'G', 'G', 'G']
C39960782,['O', 'G', 'G', 'G', 'G', 'G', 'O']
C55064469,['G', 'O', 'G', 'G']
C64175218,['G', 'G']
C63393601,['O', 'G', 'G', 'G']
C36828184,['G', 'G', 'G', 'G']
C63281498,['G', 'G', 'G', 'G', 'G', 'G']
C38605482,['G', 'G', 'G', 'O', 'G', 'G', 'G', 'G', 'G']
C39695545,['G', 'G', 'G', 'G', 'G', 'G', 'G']
C38819053,['O', 'O', 'G']
C63731508,['G', 'G', 'O', 'G', 'G', 'G', 'G', 'G']
C63302950,['G', 'G', 'G', 'G', 'G', 'O', 'G', 'O']
C64927127,['G', 'G', 'G', 'G', 'O']
C31912933,['G', 'G', 'G', 'G', 'G']
C49641061,['G', 'G', 'G', 'O', 'G', 'G', 'G']
C39626010,['G', 'G', 'O', 'G', 'G', 'G', 'G']
C63626005,['G', 'O', 'G', 'G', 'G', 'G', 'G']
C63217227,['G', 'G', 'G', 'O', 'G', 'G']
C38611474,['G', 'G', 'G', 'O', 'G', 'G', 'G', 'G']
C39939810,['O', 'G', 'G', 'O']
C52545190,['G', 'G', 'G', 'G', 'G', 'G', 'G', 'G', 'G']
C48971581,['G', 'G', 'G', 'G', 'G', 'O', 'G', 'G']
C39626424,['G', 'G', 'G', 'G', 'O', 'G', 'G', 'G', 'G', 'G']
C63751694,['G', 'G', 'G', 'G', 'G', 'G']
C01605772,['G', 'G', 'G', 'G', 'G', 'G', 'G', 'G', 'G']
C39353201,['G', 'G', 'O']
C63340103,['G', 'G', 'G', 'G', 'G', 'G']
C63558165,['G', 'G', 'G', 'G', 'G', 'G', 'G']
C53880559,['G', 'G', 'G', 'O']
C63794371,['G', 'G', 'G', 'O', 'G', 'G', 'G']
C66962006,['G', 'G', 'G', 'G', 'G', 'G', 'O']
C39980734,['G', 'O', 'G', 'G', 'G', 'G']
C43253651,['G', 'G', 'G', 'G', 'G', 'G']
C66447938,['G', 'G', 'O', 'G', 'G']
C63119351,['G', 'G', 'G', 'G', 'G', 'G']
C61642761,['G', 'G', 'G', 'G', 'G']
C39995833,['O', 'G']
C63856384,['G', 'O', 'G', 'G', 'G', 'G']
C42958737,['G', 'G', 'G', 'G', 'O']
CHEMBL1089434,['O', 'O', 'G', 'G', 'O', 'G', 'G', 'G', 'O']
C39689690,['G', 'G', 'G', 'G', 'G', 'G']
C63712167,['O', 'G', 'G']
C43248427,['G', 'G', 'G', 'O']
C65422681,['O', 'G', 'G', 'G', 'G']
C23145363,['G', 'G', 'G', 'G']
C64093868,['G', 'G', 'O', 'G', 'G', 'G', 'G']
C39771875,['O', 'G', 'G']
C39663294,['G', 'G', 'O', 'G', 'G', 'G']
C52371813,['G', 'G', 'G', 'G', 'G', 'G', 'G', 'G']
C65099886,['G', 'G', 'G', 'O', 'G', 'G', 'G', 'G', 'G']
C63437610,['O', 'G', 'G', 'O', 'G', 'G', 'G', 'G', 'G']
C67122288,['O', 'O', 'G', 'G', 'G', 'G', 'G']
C39980733,['G', 'O', 'G', 'G', 'G', 'G']
C20917082,['G', 'G', 'G', 'O', 'G']
C39726988,['O', 'G', 'O', 'G', 'O']
C39923036,['O', 'G', 'G', 'G', 'G', 'G', 'G', 'G']
C49641060,['G', 'G', 'G', 'O', 'G', 'G', 'G']
C63478221,['G', 'G', 'G', 'G', 'G', 'G', 'G']
C40694442,['G', 'G', 'G', 'G', 'G']
C63751810,['G', 'G', 'G', 'G', 'G', 'G']
C39035004,['G', 'G', 'G', 'G', 'G', 'G']
C63832891,['G', 'G', 'G', 'G', 'G', 'O', 'G']
C63303268,['O']
C43527978,['G', 'G', 'G', 'G', 'G', 'G']
C63751818,['G', 'G', 'O', 'G', 'G', 'O']
C63726128,['G', 'G', 'O', 'G', 'G']
C48302740,['G', 'G', 'G', 'G', 'G', 'G', 'G', 'G', 'G', 'G']
C64188447,['G', 'O']
C55077350,['G', 'G', 'G', 'G', 'G']
C55935767,['O', 'G', 'G', 'G', 'G']
C39934927,['G', 'G', 'G', 'O']
C66906052,['G', 'G', 'G', 'G', 'O', 'G', 'G', 'G']
C29487655,['G', 'G', 'G', 'G', 'G', 'G']
C39357320,['G', 'G', 'O']
C15067196,['G', 'G', 'G', 'G', 'G', 'G', 'G', 'G', 'G']
C14949830,['G', 'G', 'G', 'G', 'G', 'G', 'G', 'G']
C20588734,['G', 'G', 'G', 'G', 'G', 'G', 'G', 'G', 'G']
C63706811,['G', 'G', 'G', 'G', 'G', 'O']
C39969141,['G', 'O', 'G', 'G', 'G']
C67654211,['O', 'G', 'G', 'G']
C52480270,['G', 'O', 'G', 'G', 'G']
C22922841,['G', 'G', 'G', 'G', 'G', 'G', 'O', 'O']
C48991910,['G', 'G', 'G', 'G', 'O']
C64600412,['G', 'G', 'G', 'G', 'G', 'G', 'G', 'G', 'G']
C67250605,['G', 'G', 'O', 'G', 'G']
C63730995,['G', 'G', 'O', 'G']
C63694243,['G', 'G', 'O']
C20876266,['G', 'G', 'G', 'G', 'G', 'G', 'G', 'G', 'G', 'G', 'G']
C39960776,['G', 'G', 'G', 'G', 'G', 'G']
C04989800,['G', 'G', 'G', 'G', 'G', 'G', 'G', 'G', 'G', 'G']
C39670236,['O', 'G', 'G', 'G', 'O', 'G']
C47956567,['O', 'G', 'G', 'O', 'G', 'G', 'G', 'G', 'G', 'G']
C39422729,['G', 'G', 'G']
C44944532,['G', 'G', 'G', 'G', 'O', 'G', 'G']
C62951685,['G', 'G', 'G', 'G', 'G', 'G']
C63745792,['G', 'O', 'G', 'G', 'G']
C63068091,['G', 'O', 'G', 'G', 'G']
C38966537,['G', 'G', 'G', 'G', 'G', 'G', 'G']
C39016643,['G', 'G']
C12770576,['G', 'G', 'O']
C66174196,['G', 'G', 'G', 'G', 'O', 'G', 'G', 'G']
C63110778,['O', 'G']
C12758949,['G', 'G', 'G', 'G', 'G', 'G', 'G', 'O', 'G']
C65890890,['O', 'G', 'G', 'G', 'G', 'G', 'G', 'G', 'G']
C30499498,['O', 'G', 'G', 'G', 'G', 'G', 'G', 'G', 'O']
C39663043,['G', 'G', 'O', 'G', 'G', 'G']
C55078523,['G', 'G', 'G', 'G', 'G', 'G']
C39664638,['G', 'G', 'G', 'G', 'G', 'G', 'G', 'G']
C64058306,['G', 'G']
C64580502,['G', 'G', 'G', 'G', 'G', 'G']
C43423044,['G', 'G', 'G', 'G', 'G', 'O', 'O']
C63558068,['G', 'G', 'G', 'G', 'G', 'G']
C52014251,['O', 'G', 'G', 'G', 'G', 'G']
C64006490,['G', 'G', 'G', 'G', 'G', 'G', 'G', 'G']
C39675523,['G', 'G', 'G', 'G', 'G', 'G', 'G', 'G', 'G']
C63494162,['G', 'G', 'G', 'G', 'G', 'G', 'G', 'G']
C63426748,['G']
C63637507,['O', 'O', 'G', 'G', 'G', 'G', 'G']
C23339982,['O', 'O', 'G', 'G', 'G']
C63818809,['G', 'G', 'G', 'G', 'G', 'G', 'O', 'G', 'G']
C54559455,['G', 'G', 'G', 'G']
C64097669,['G', 'G', 'G', 'G', 'G', 'G']
C42590490,['G', 'G', 'G', 'G', 'G', 'G', 'G']
C63462839,['G', 'O', 'G', 'G', 'G', 'G']
C62977728,['G', 'G', 'G', 'G']
C13022880,['G', 'O', 'G', 'G', 'G', 'G', 'G']
C48946103,['O', 'G', 'G']
C66390693,['G', 'G', 'G', 'G', 'G', 'G', 'G']
C63135129,['G', 'O', 'G', 'G', 'G', 'G']
C63491018,['G', 'G', 'G', 'G', 'G', 'G', 'G']
C64410443,['G', 'G', 'G', 'G', 'O']
C06943450,['G', 'O', 'O', 'G', 'O', 'G', 'G', 'G', 'G', 'G']
C64015334,['G', 'G', 'G', 'O', 'O']
C64117533,['O', 'G', 'G', 'G', 'O']
C64626195,['G', 'G', 'G', 'G', 'G', 'G']
C42954420,['G', 'G', 'G', 'G']
C66844699,['G', 'G', 'G', 'G', 'G', 'G', 'G', 'G', 'G']
C63749935,['O', 'G', 'G', 'O', 'G']
C59258662,['G', 'G', 'G', 'G', 'G', 'G', 'G']
C23358601,['G', 'G', 'G', 'G', 'G', 'G', 'O', 'G', 'G']
C64074419,['G', 'G', 'G', 'G', 'G', 'G', 'G', 'G', 'G']
C20908003,['O', 'G', 'G', 'G', 'G', 'G']
C65385781,['G', 'G', 'O', 'G']
C55064830,['G', 'G', 'G', 'G', 'G', 'G']
C67249049,['G', 'G', 'O', 'G', 'G', 'G', 'G']
C36341315,['G', 'G', 'G', 'G', 'G', 'G', 'G', 'G']
C39982293,['G', 'O', 'O', 'G', 'O', 'G', 'G']
C43527231,['G', 'G', 'G', 'G', 'G', 'G', 'G', 'G']
C52419926,['G', 'G', 'G', 'G', 'G', 'G', 'O']
C63795325,['O', 'G', 'O', 'G', 'G', 'G']
C15707660,['G', 'G', 'G', 'G', 'G', 'G', 'G', 'G', 'G']
C36191633,['G', 'G', 'G', 'G', 'G', 'G']
C39578880,['G', 'O', 'G', 'G', 'G', 'G', 'G']
C63297488,['G', 'G', 'G', 'G', 'G']
C63993514,['G', 'O', 'O', 'G', 'G', 'G', 'G', 'G', 'G', 'O']
C39934807,['G', 'G', 'G', 'G', 'O']
C64518786,['G', 'G', 'G', 'O', 'O', 'O']
C61642409,['G', 'G', 'G', 'G', 'G', 'G']
C63782754,['O', 'G', 'G', 'O', 'O', 'G', 'G', 'O', 'G', 'O']
C23358062,['G', 'G', 'O', 'O', 'G', 'G']
C63135124,['O', 'G', 'G', 'G', 'G', 'G']
C39358074,['G', 'G', 'G', 'G', 'G', 'G', 'G', 'G', 'G', 'G']
C45484440,['G', 'O', 'O', 'G', 'G']
C63751692,['G', 'G', 'G', 'G', 'G', 'G']
C14949827,['G', 'G', 'O', 'O', 'O', 'G', 'G', 'G']
C63696123,['G', 'O', 'G', 'G', 'G', 'G', 'G']
C53880544,['G', 'G', 'G', 'G', 'O']
C39358293,['G', 'O', 'G', 'G', 'O', 'G']
C09776960,['O', 'G', 'G', 'G', 'G', 'G', 'G', 'G', 'G', 'G', 'G']
C45650023,['G', 'G', 'G', 'G', 'G', 'G', 'G', 'G']
C39663094,['G', 'O', 'G', 'G', 'G']
C39674876,['G', 'G', 'O', 'G', 'G', 'G', 'G']
C64053597,['G', 'G', 'G', 'G', 'G', 'O', 'G']
C63515577,['G', 'G', 'G', 'G', 'G', 'G', 'G', 'G']
C38673588,['G', 'G', 'G', 'G', 'G', 'G', 'G']
C39626630,['G', 'G', 'G', 'G', 'G', 'G', 'G', 'O', 'G']
C63896879,['G']
C64098349,['G', 'G', 'G', 'G', 'G', 'G', 'G']
C43241863,['G', 'G', 'G', 'G']
C21982917,['O', 'G', 'G']
C62978022,['G', 'G', 'G', 'G', 'G']
C39695435,['G', 'G', 'O', 'G', 'G', 'G', 'G']
C44966500,['G', 'G', 'G', 'G', 'G', 'G', 'G']
C64031674,['G', 'G', 'G', 'O', 'G']
C63569264,['G', 'O', 'G', 'G', 'G', 'G']
C38664286,['G', 'O', 'G', 'G', 'G', 'G', 'G', 'G', 'G']
C39430380,['G', 'G', 'G', 'G', 'G', 'G', 'G', 'G']
C63743318,['G', 'G', 'O', 'O', 'O', 'G']
C38847739,['O', 'G', 'G', 'G', 'G', 'G', 'G', 'G']
C39695661,['G', 'G', 'G', 'G', 'G', 'G', 'G']
C11839087,['G', 'G', 'G', 'G', 'O', 'O']
C52547576,['G', 'G', 'G', 'G', 'O', 'G', 'G']
C66597503,['G', 'G', 'G', 'G', 'G', 'G', 'G', 'G', 'G', 'G']
C35636346,['O', 'G', 'G']
C66960706,['G', 'G', 'G', 'G', 'G', 'G', 'G', 'G', 'G', 'G', 'G', 'G']
C31357046,['G', 'G', 'O', 'G', 'G', 'O', 'G', 'G']
C63847599,['G', 'G', 'G', 'G', 'G', 'G']
C63340102,['G', 'O', 'G', 'G', 'G', 'G']
C63795997,['G', 'G', 'G', 'G', 'O', 'G']
C63448341,['G', 'O', 'G', 'G', 'G', 'G']
C39664577,['G', 'G', 'G', 'G', 'G', 'G', 'G', 'G']
C17076672,['G', 'G', 'G', 'O', 'G', 'G', 'G', 'G']
C35885749,['G', 'G', 'G', 'G', 'G']
C39909851,['G', 'G', 'G']
C45663653,['G', 'G', 'G', 'G', 'G', 'G', 'G', 'G', 'G']
C13381831,['G', 'O', 'G', 'O', 'O', 'G']
C63857432,['G', 'G', 'G', 'G']
C64069802,['G', 'G', 'G', 'G', 'G', 'G', 'G', 'G']
C38819061,['O', 'O', 'G']
C12076427,['O', 'G', 'G', 'G', 'G', 'G', 'G', 'G']
C63515077,['O', 'G']
C63078365,['G', 'G', 'G', 'G', 'G', 'G', 'G']
C63746459,['O', 'O', 'G', 'O', 'G', 'O', 'G']
C12329699,['G', 'G', 'G', 'G']
C67122394,['G', 'G', 'G', 'G', 'G', 'G', 'O']
C63731412,['G', 'G', 'G', 'G', 'G']
C48993035,['G', 'G', 'G', 'O']
C55064035,['G', 'G', 'G', 'G', 'G', 'G']
C40693685,['G', 'G', 'G', 'G']
C48992742,['G', 'G', 'G', 'O']
C49208303,['G', 'G', 'G', 'G', 'G', 'G', 'G', 'G', 'O']
C66597502,['G', 'G', 'G', 'G', 'G', 'G', 'G', 'G', 'G', 'G']
C42936059,['G', 'G', 'G', 'G', 'O', 'G', 'G']
C64541290,['O', 'G', 'O', 'G', 'G', 'O']
C39663304,['G', 'G', 'G', 'G', 'G', 'G', 'G']
C63730994,['G', 'O', 'O', 'G']
C52060710,['G', 'G', 'G', 'G']
C39689566,['G', 'G', 'G', 'O', 'G', 'G', 'G', 'G']
C12590185,['G', 'G', 'O', 'G', 'G', 'G', 'O', 'G', 'G', 'G', 'G']
C63494167,['G', 'G', 'O', 'G', 'G', 'G']
C06661004,['G', 'G', 'G', 'G']
C63072947,['G', 'G', 'G', 'G', 'G', 'O', 'O']
C61643804,['G', 'G', 'G', 'G', 'G']
C64158316,['G', 'O', 'O', 'O', 'G', 'G', 'G']
C37769946,['G', 'G', 'G', 'G', 'G', 'G', 'O']
C48991875,['G', 'G', 'G', 'O']
C67248956,['G', 'O', 'G', 'G', 'G', 'G']
C67003404,['G', 'G', 'G', 'G', 'G', 'G', 'G', 'G', 'G', 'G', 'G', 'G']
C39689798,['G', 'O', 'G', 'G', 'O', 'G']
C50360702,['G', 'G', 'G', 'G', 'G', 'G', 'O']
C62702811,['G', 'G', 'G', 'G', 'G', 'G', 'G', 'G']
C39655425,['G', 'O', 'G', 'G', 'O', 'G', 'O', 'G']
C52517154,['G', 'G', 'G', 'G', 'G', 'G', 'G', 'G', 'G']
C61643474,['G', 'G', 'G', 'O', 'G', 'G']
C39687386,['O', 'G', 'G', 'G', 'G', 'G']
C62420935,['G', 'G', 'G', 'G', 'G', 'O', 'G', 'G', 'G']
C39205331,['G', 'G', 'G', 'G', 'G']
C43630957,['O', 'G', 'O', 'G', 'G', 'O']
C54805027,['G', 'G', 'G', 'G', 'G', 'G', 'O']
C64220426,['G', 'G', 'G', 'O', 'G', 'O', 'G', 'G', 'G', 'G']
C33453425,['G', 'G', 'O', 'O']
C63416479,['O', 'G', 'G', 'G']
C39380642,['G', 'G', 'G', 'G', 'G', 'O', 'O', 'G', 'G', 'G']
C43283332,['G', 'G', 'G', 'G', 'O']
C39628498,['G', 'G', 'G', 'G', 'G', 'G', 'G', 'O', 'G', 'G']
C61642434,['G', 'G', 'G', 'G', 'G', 'G']
C33174398,['O', 'G', 'G', 'G', 'G', 'G', 'G', 'G']
C64744028,['G', 'G', 'G', 'G', 'G', 'G', 'G', 'O', 'G']
C40468766,['G', 'G', 'G', 'G', 'O', 'G', 'G', 'G', 'G']
C54112671,['G', 'G', 'G', 'G', 'G', 'G', 'G', 'G']
C61699642,['G', 'O', 'G', 'G', 'G']
C63752062,['G', 'G', 'G', 'G', 'G', 'G']
C06933961,['G', 'G', 'G', 'G', 'G', 'G']
C59489279,['G', 'G', 'G', 'G']
C61698213,['G', 'G', 'G', 'G']
C39629881,['G', 'G', 'G', 'O', 'G', 'G', 'G']
C38061408,['O', 'O', 'G', 'G', 'G', 'G', 'O']
C13301111,['G', 'G', 'G', 'G']
C39689623,['G', 'G', 'G', 'G', 'O', 'G']
C44830559,['G', 'G', 'G', 'G', 'G', 'O', 'G', 'G']
C63677129,['G', 'G', 'G', 'G']
C32075458,['G', 'G', 'O']
C63490522,['G', 'G', 'G', 'G', 'G', 'G']
C52847922,['G', 'G', 'G', 'G', 'O', 'G', 'G']
C64518501,['G', 'G', 'O', 'G', 'O', 'G', 'G', 'G', 'G']
C56523539,['O', 'O', 'G', 'G', 'G', 'G']
CHEMBL1092324,['G', 'G', 'G', 'G', 'O', 'G']
C48121597,['G', 'G', 'G', 'G', 'G', 'G']
C49026935,['G', 'G', 'G', 'G', 'G', 'O', 'G', 'O']
C52477819,['G', 'G', 'G', 'O', 'O', 'G', 'G']
C67186683,['G', 'G', 'O', 'G', 'G', 'O', 'G']
C07686506,['G', 'G', 'G', 'G', 'G', 'G', 'G', 'G']
C45290259,['G', 'O', 'O', 'G', 'G', 'G']
C11614665,['G', 'G', 'G', 'G']
C39431563,['G', 'G', 'G', 'G', 'G']
C66703655,['G', 'G', 'G', 'G', 'G', 'G', 'G', 'G', 'G', 'G', 'G', 'G']
C36191260,['G', 'G', 'G', 'G', 'G']
CHEMBL1088912,['G', 'G', 'G', 'G', 'G', 'G']
C66390687,['O', 'G', 'O', 'G', 'G', 'G', 'O']
C20210131,['G', 'G', 'G', 'G', 'G']
C63494504,['G', 'G', 'G', 'G', 'G', 'G']
C44464910,['G', 'G', 'G', 'G']
C37769887,['G', 'G', 'G', 'G', 'G', 'G', 'G', 'G', 'G']
C48926543,['G', 'G', 'G', 'G', 'G']
C66960819,['G', 'G', 'G', 'G', 'G', 'G', 'O', 'G', 'G']
C37661896,['G', 'G', 'G', 'G', 'G']
C59186644,['G', 'O', 'O', 'G', 'G', 'O']
C44464760,['G', 'G', 'G', 'G', 'G', 'G', 'G']
C63547134,['G', 'G', 'G', 'G', 'G', 'O', 'G']
C64540626,['G', 'G', 'G', 'G', 'G', 'O', 'G', 'G', 'G']
C23338510,['G', 'G', 'G', 'G', 'G', 'O', 'G', 'G']
C57425198,['G', 'G', 'G', 'G', 'G', 'G', 'G']
C37851710,['O', 'O', 'G', 'G', 'G', 'G', 'G', 'G', 'G']
C39689937,['G', 'G', 'G', 'G', 'G', 'G']
C34186879,['G', 'G', 'G', 'G', 'G', 'G']
C29202925,['G', 'G', 'G', 'G', 'O', 'G', 'G', 'G', 'G', 'G']
C67612936,['G', 'G', 'G', 'G', 'G', 'G', 'G', 'O']
C13735326,['G', 'G', 'G', 'G', 'G', 'G', 'G', 'O']
C39627298,['G', 'G', 'G', 'O', 'G', 'G', 'G', 'O', 'G', 'G']
C22922964,['G', 'G', 'G', 'G', 'G', 'G', 'G', 'O']
C52210246,['G', 'G', 'G', 'G', 'G', 'G', 'G', 'G', 'G', 'O']
C52749707,['G', 'G', 'O', 'G', 'G', 'G', 'G', 'O']
C63626084,['G', 'G', 'G', 'G', 'G', 'G', 'G', 'G', 'G', 'G', 'G']
C37014805,['G', 'G', 'O']
C08158187,['G', 'G', 'G', 'G', 'G', 'G', 'G']
C51036052,['G', 'G', 'G', 'G', 'G']
C40177464,['G', 'G', 'G', 'G', 'G', 'G', 'G', 'G', 'G']
C48179673,['G', 'G', 'G', 'G', 'G', 'G', 'G', 'G', 'G', 'G']
C39674826,['G', 'G', 'O', 'G', 'G', 'G', 'G']
C15043519,['O', 'G', 'G', 'G', 'G', 'G', 'G']
C28235428,['G', 'G', 'G', 'G', 'G']
C49762669,['G', 'G', 'G', 'G', 'G', 'G', 'O', 'G']
C62732936,['O', 'G', 'G', 'G', 'G', 'G', 'G']
C57630593,['G', 'G', 'G', 'G', 'O', 'G', 'G']
C39695513,['G', 'G', 'G', 'G', 'G', 'G', 'G']
C63557404,['G', 'G', 'O', 'G', 'G']
CHEMBL1092301,['G', 'G', 'G', 'G', 'G', 'G', 'G', 'O']
C35523312,['G', 'O', 'G', 'O', 'G', 'G']
C37853058,['G', 'G', 'G', 'G', 'G', 'G', 'G']
C42744968,['G', 'G', 'G', 'G', 'G', 'G', 'G', 'G']
C67621226,['G', 'G', 'G', 'G', 'G', 'G', 'G', 'G', 'G', 'G', 'G']
C01691355,['G', 'O', 'G', 'G', 'O', 'G', 'G', 'G', 'G']
C43105946,['G', 'G', 'G', 'G', 'G', 'G']
C12481870,['G', 'O', 'G', 'G', 'G', 'G', 'G']
C53069584,['G', 'G', 'G', 'G', 'G', 'G', 'G']
C57630575,['G', 'G', 'G', 'O', 'G', 'G', 'G']
C20229078,['G', 'G', 'G', 'O', 'G']
C44960179,['O', 'G', 'G']
C43364666,['G', 'G', 'G', 'G', 'G']
C43249048,['G', 'G', 'G', 'G', 'G', 'G', 'G', 'G']
C64120634,['G', 'G', 'G', 'G']
C12585508,['G', 'G', 'O', 'G', 'G', 'G']
C62257783,['G', 'O', 'G', 'G', 'G', 'O']
C65739976,['G', 'G', 'G', 'O', 'G', 'G', 'G', 'G']
C45277115,['G', 'G', 'G', 'G', 'G', 'G', 'G']
C49512486,['G', 'G', 'G', 'O', 'G', 'G']
C39631390,['G', 'G', 'G', 'G', 'G', 'G', 'G', 'G', 'G']
C63295356,['G', 'G', 'G', 'G', 'G', 'G', 'G', 'G']
C28804340,['G', 'G', 'G', 'G', 'G', 'G', 'G', 'G', 'G']
C39272611,['O', 'G', 'G', 'G', 'G', 'G', 'G']
C27603063,['O', 'G', 'G', 'G', 'G', 'O', 'G', 'G', 'G']
C39364928,['G', 'G']
C61694458,['G', 'G', 'G', 'G']
C39598972,['G', 'G', 'G', 'O', 'G', 'G', 'G', 'G']
C04759185,['G', 'G', 'G', 'G', 'G', 'O', 'G', 'G', 'G', 'G']
C39689086,['G', 'G', 'G', 'G', 'G', 'G', 'O', 'G', 'G']
C63819074,['G', 'G', 'G', 'G', 'G', 'G', 'G', 'G', 'G', 'G']
C38848055,['G', 'G', 'G', 'G', 'G', 'G', 'G']
C63117505,['G', 'G', 'G', 'G', 'G', 'O', 'G', 'G', 'G']
C39656192,['G', 'G', 'O', 'G', 'G', 'O', 'G', 'G']
C03830997,['G', 'G', 'G', 'G', 'G', 'O', 'G', 'G']
C38819115,['O', 'O', 'G', 'G', 'G']
C39662959,['G', 'G', 'G', 'G', 'G']
C39457974,['G', 'G', 'G', 'G', 'G', 'G', 'G', 'G']
C17353363,['G', 'G', 'G', 'G', 'G', 'G', 'G', 'G', 'G']
C39404745,['G', 'G', 'G', 'G']
C11963193,['G', 'G', 'G', 'O', 'G']
C67619311,['G', 'G', 'G', 'G', 'G', 'G', 'G', 'G', 'G']
C12313944,['G', 'G', 'O', 'O', 'O', 'G', 'G', 'G', 'G', 'G', 'G']
C04718918,['G', 'G', 'G', 'G']
C39628434,['G', 'G', 'G', 'G', 'G', 'G', 'O', 'G', 'G', 'G']
C64651026,['G', 'G', 'G', 'G']
C21982914,['G', 'G', 'G']
C19740412,['G', 'G', 'G', 'G', 'G']
C09641044,['G', 'G', 'G', 'O', 'G', 'G', 'G', 'O']
C35707222,['G', 'G', 'O', 'G', 'O', 'G', 'G', 'G']
C64117913,['G', 'G', 'G', 'G', 'G', 'G', 'O', 'G']
C43286776,['G', 'G', 'G', 'G', 'G', 'G']
C42392135,['G', 'G', 'G', 'G', 'G']
C39776992,['G', 'G', 'G', 'G', 'G', 'G']
C24924986,['G', 'G', 'G', 'G', 'G', 'G', 'G']
C47677432,['G', 'G', 'G', 'G', 'G', 'G', 'G', 'G', 'G', 'G']
C39988461,['G', 'G', 'G', 'O', 'O', 'G', 'G', 'G']
C49532573,['G', 'G', 'G', 'O', 'G', 'G']
C38826607,['G', 'O', 'O', 'G', 'G', 'G', 'O', 'G']
C62940168,['G', 'G', 'G', 'G']
C19327724,['G', 'G', 'G', 'G', 'G', 'G', 'G', 'G']
C63384354,['G', 'G', 'G', 'G', 'G', 'G', 'G', 'G', 'G', 'G']
C06670166,['G', 'G', 'G', 'G', 'G', 'G', 'G', 'G']
C39664531,['G', 'G', 'G', 'G', 'G', 'G', 'G', 'G']
C49532566,['G', 'G', 'G', 'O', 'G', 'G']
C64176303,['O', 'O', 'G', 'G', 'G', 'G']
C43241618,['G', 'G', 'G', 'G', 'G', 'G']
C12373177,['G', 'O', 'G', 'G', 'G', 'G', 'G', 'G', 'G', 'G', 'G']
C62732941,['G', 'G', 'O', 'G', 'G', 'G', 'G', 'G']
C32088333,['G', 'G', 'G', 'G', 'G', 'G']
C11879572,['G', 'G', 'G', 'G', 'O', 'G', 'G', 'G']
C40848197,['G', 'G', 'G', 'O', 'G', 'O', 'O', 'G', 'G']
C65460489,['G', 'G', 'G', 'G', 'O', 'G', 'O', 'G', 'G']
C56511297,['G', 'G', 'G', 'G', 'G', 'G', 'G', 'G']
C66234988,['G', 'G', 'G', 'G', 'G', 'G', 'G', 'G']
C63832371,['G', 'G', 'G', 'O', 'G', 'G', 'G']
C30498775,['G', 'G', 'G', 'G', 'G', 'G', 'G', 'G', 'G']
C63403840,['G', 'G', 'O', 'G', 'G', 'G']
C25667243,['G', 'G', 'G', 'G', 'G', 'G', 'G', 'G', 'G', 'G']
C44019211,['G', 'G', 'G']
C36814845,['G', 'G', 'G', 'G', 'G', 'G']
C37856132,['G', 'G', 'G', 'G', 'G', 'G', 'G', 'G']
C64507945,['O', 'O', 'G', 'G', 'G', 'G', 'G', 'O']
C61698223,['G', 'G', 'G', 'G']
C43286674,['G', 'G', 'G', 'G', 'G']
C06638562,['G', 'G', 'G', 'G', 'G', 'G', 'G', 'G']
C39970345,['G', 'G', 'G', 'G', 'O', 'O']
C48853562,['O', 'G', 'G', 'G', 'G', 'G', 'G', 'G']
C50362047,['G', 'G', 'G', 'G', 'G']
C64131738,['G', 'G', 'O', 'G', 'O']
CHEMBL237830,['G', 'G', 'O', 'O', 'G', 'G']
C32587110,['G', 'G', 'G', 'G', 'O', 'G']
C45538347,['G', 'G', 'G', 'G', 'G', 'G', 'G', 'G', 'G', 'G', 'G', 'G']
C49421002,['G', 'G', 'G', 'O', 'G', 'G', 'G']
C11949913,['G', 'G', 'O', 'G', 'G', 'G', 'G']
C33461458,['G', 'G', 'G', 'O', 'O']
C12554257,['G', 'G', 'G', 'O', 'G', 'G', 'G']
C30498891,['O', 'G', 'G', 'G', 'G', 'G', 'G', 'G', 'G']
C39730270,['G', 'G', 'G', 'G', 'G', 'G', 'G', 'G']
C67563182,['G', 'G', 'O', 'G', 'G', 'G']
C33551431,['G', 'G', 'G', 'G', 'O', 'G', 'G']
C35713460,['G', 'G', 'G', 'G', 'G', 'O', 'G', 'G', 'O', 'G', 'G']
C39674878,['G', 'G', 'G', 'G', 'G', 'G', 'G']
C52013887,['O', 'O', 'G', 'G', 'G', 'G']
C20723817,['G', 'G', 'G', 'G', 'G', 'G', 'G', 'O']
C43242315,['G', 'G', 'G', 'G', 'G', 'G', 'G']
C30498575,['G', 'G', 'G', 'G', 'G', 'G', 'G', 'G', 'O']
C39736260,['G', 'G', 'G', 'G', 'G']
C40464599,['O', 'G', 'G', 'G', 'G']
C01848318,['O', 'G', 'G', 'G', 'G', 'O', 'O']
C41111045,['G', 'G', 'G', 'G', 'O', 'G', 'G']
C23741643,['G', 'G', 'G', 'G', 'G', 'G', 'G', 'G', 'G', 'G', 'G', 'G']
C30500017,['O', 'G', 'G', 'G', 'G', 'G', 'G', 'G', 'G']
C39685878,['G', 'G', 'G', 'G', 'G', 'G', 'G', 'G', 'G', 'G']
C11678097,['G', 'G', 'G']
C53994327,['G', 'G', 'G', 'G', 'G']
C55081944,['G', 'G', 'G', 'G', 'G', 'G']
C17353362,['G', 'G', 'G', 'G', 'G', 'G', 'G', 'G', 'G']
C48878633,['G', 'G', 'G', 'G', 'G']
C19777586,['G', 'G', 'G', 'G', 'O', 'G', 'G']
C61698228,['G', 'G', 'G', 'G', 'G']
C63279877,['G', 'G', 'O', 'G', 'G', 'G', 'G', 'G']
C43167491,['G', 'G', 'G', 'G', 'G', 'G', 'G', 'G', 'G']
C22791526,['O', 'G', 'G', 'G', 'G', 'G', 'G', 'O', 'O']
C35382351,['G', 'G']
C35015692,['G', 'G', 'G', 'G', 'G', 'G', 'G']
C67423511,['G', 'G', 'G', 'G', 'G', 'G', 'G', 'G', 'G', 'G']
C37098980,['G', 'G', 'G', 'G', 'G', 'O', 'G', 'O']
C57657103,['O', 'G', 'G', 'G', 'G', 'G', 'G']
C09205618,['G', 'O', 'G', 'O', 'G', 'G', 'G', 'G', 'G']
C39515334,['G', 'G', 'G', 'G', 'G', 'G', 'G', 'O']
C43286504,['G', 'G', 'G', 'G', 'G', 'G']
C10384387,['G', 'G', 'G', 'G', 'G', 'O', 'G', 'G']
C37851499,['G', 'G', 'G', 'G', 'G', 'G', 'G', 'G']
C42959883,['G', 'G', 'G', 'G']
C39542142,['G', 'G', 'G', 'G', 'G']
C04663509,['G', 'G', 'G', 'G', 'G', 'G']
C17325301,['G', 'G', 'G', 'G', 'G', 'G', 'G', 'G', 'G']
C39627334,['G', 'G', 'G', 'O', 'G', 'G', 'G', 'G']
C58864577,['G', 'G', 'G', 'G', 'G']
C39159686,['G', 'G', 'O', 'G', 'G']
C18046429,['G', 'G', 'O', 'G', 'O', 'G', 'G', 'G']
C48970007,['G', 'G', 'G', 'G', 'G', 'G', 'G']
C52941237,['G', 'G', 'G', 'O', 'G', 'G', 'O']
C09753906,['G', 'G', 'G', 'G', 'O', 'G']
C32501414,['G', 'G', 'G', 'G', 'G', 'G']
C44964071,['G', 'G', 'G', 'G', 'G', 'G', 'G']
C63557285,['G', 'G', 'O', 'G', 'G']
C17325299,['G', 'G', 'G', 'G', 'G', 'G', 'G', 'G', 'G']
C49726505,['O', 'G', 'G', 'G', 'G', 'G']
C25572074,['G', 'G', 'O']
C12112286,['G', 'G', 'G', 'G', 'O', 'G', 'G', 'G']
C66703111,['G', 'G', 'G', 'G', 'G', 'G', 'G', 'O', 'G', 'G', 'G', 'G']
C42360420,['O', 'G', 'O', 'G', 'G', 'O']
C14981585,['G', 'G', 'G', 'G', 'G', 'G', 'G']
C63712365,['G', 'G', 'G', 'G', 'G', 'G', 'G', 'G', 'G', 'O']
C66178315,['G', 'G', 'G', 'G', 'G', 'G', 'G', 'G', 'G']
C42427540,['G', 'G', 'G', 'G', 'O']
C39500475,['G', 'G', 'G', 'G', 'G']
C20006528,['G', 'G', 'G', 'G']
C28804343,['G', 'G', 'G', 'G', 'G', 'G', 'G', 'G', 'G']
C52648483,['G', 'G', 'G', 'G', 'O', 'G', 'G', 'G', 'G']
C04408515,['G', 'G', 'G', 'G', 'G', 'G', 'G', 'G', 'G']
C43401469,['G', 'G', 'G']
C50069341,['G', 'G', 'G', 'G', 'O', 'G', 'G', 'G']
C08635595,['G', 'G', 'G', 'G', 'G', 'G', 'O', 'O']
C32056510,['G', 'G', 'G', 'O', 'G']
C64540912,['G', 'G', 'G', 'G', 'G', 'G', 'G', 'G', 'G', 'G']
C56937408,['G', 'G', 'G', 'G', 'G', 'G', 'G', 'G']
C51004519,['G', 'O', 'G', 'G', 'G', 'G']
C63361904,['G', 'G', 'G', 'G', 'G', 'O', 'G', 'G', 'G', 'G']
C66686831,['G', 'G', 'G', 'G', 'G', 'G', 'G', 'G', 'G', 'G']
C39946299,['O', 'O', 'O', 'G', 'G', 'O', 'G']
C08636232,['G', 'O', 'G', 'G', 'G', 'G', 'G', 'G']
C43123697,['G', 'G', 'G', 'G', 'G', 'G']
C51817405,['G', 'G', 'G', 'G', 'G', 'G']
C61653289,['G', 'G', 'G', 'O', 'G', 'G', 'G', 'G']
C39675311,['G', 'O', 'G', 'G', 'G', 'G', 'G', 'G', 'G']
C01694044,['G', 'G', 'G', 'G', 'G', 'G', 'G', 'G', 'G']
C22384881,['G', 'G', 'G', 'G', 'G', 'G', 'G', 'G', 'O']
C39655908,['G', 'G', 'G', 'G', 'G', 'G', 'G', 'G']
C42959907,['G', 'G', 'O', 'G', 'G']
C36342575,['G', 'O', 'G', 'O', 'O', 'G', 'G', 'G']
C37371494,['G', 'G']
C67251044,['G', 'G', 'G', 'G', 'O', 'G', 'O']
C00287378,['G', 'G', 'G', 'G', 'G']
C25761661,['G', 'G', 'G', 'G', 'G', 'G', 'G', 'G', 'G', 'G']
C19499308,['G', 'G', 'G', 'G', 'G', 'G', 'G']
C08066231,['G', 'G', 'O', 'G', 'G', 'G', 'O', 'G']
C43283323,['G', 'G', 'G', 'G']
C37319703,['G', 'G', 'G', 'G']
C39675205,['G', 'G', 'G', 'G', 'G', 'G', 'G', 'G', 'G']
C39265176,['O', 'O', 'O', 'G', 'G', 'G']
C66939725,['G', 'G', 'G', 'G', 'G', 'G', 'G']
C12207796,['O', 'O', 'G', 'G', 'G', 'G', 'G', 'G', 'G', 'G']
C42744793,['G', 'G', 'G', 'G', 'G', 'G', 'G', 'G', 'G']
C64015509,['G', 'O', 'G', 'G', 'G', 'G', 'G']
C64120306,['G', 'G', 'G', 'G', 'G', 'G', 'O']
C61913855,['G', 'G', 'G', 'O']
C43213432,['G', 'G', 'G', 'O', 'G', 'G', 'G']
C50210212,['G', 'G', 'G', 'O', 'G']
C08569918,['G', 'G', 'O', 'G', 'G', 'G']
C64006923,['O', 'O', 'G', 'G', 'G', 'G', 'O']
C50362404,['G', 'G', 'G', 'G', 'G']
C48870750,['G', 'G', 'G', 'G', 'G']
C44335551,['G', 'G', 'G', 'G']
C64074352,['G', 'G', 'O', 'G']
C38014429,['G', 'G', 'G', 'O', 'G', 'G', 'G', 'G', 'G']
C36750555,['O', 'G', 'G', 'G', 'G', 'O', 'G', 'G', 'G']
C42184094,['G', 'G', 'G', 'G', 'G', 'G', 'G', 'G']
C12597327,['G', 'O', 'O', 'G', 'G', 'G', 'G', 'G', 'G']
C42399023,['G', 'G', 'G', 'G', 'O', 'G', 'G', 'O']
C30499494,['G', 'G', 'G', 'G', 'G', 'G', 'G', 'G', 'G']
C39623620,['G', 'G', 'G', 'G', 'G', 'G', 'G', 'G', 'O']
C06786515,['G', 'G', 'G', 'G', 'G', 'G', 'G', 'G']
C37308652,['G', 'G']
C42944988,['O', 'G', 'G', 'G', 'G']
C66244243,['G', 'G', 'O', 'G', 'G', 'G']
C20719763,['G', 'G']
C42954623,['G', 'G', 'G', 'G', 'G', 'G', 'G', 'G', 'G']
C67122510,['G', 'G', 'G', 'G', 'G', 'G']
C39991064,['G', 'O', 'G', 'G', 'G']
C37729143,['G', 'G', 'G', 'G', 'G', 'G', 'G']
C51952414,['G', 'G', 'G', 'G', 'G']
C66565957,['G', 'G', 'G', 'O', 'G', 'O']
C39995820,['G', 'G', 'G', 'G']
C62776027,['G', 'G']
C62729802,['G', 'G', 'G', 'G', 'G', 'O', 'G', 'G', 'G', 'G']
C42399491,['G', 'G', 'G', 'G', 'G', 'G', 'G']
C11933280,['G', 'G', 'G', 'G']
C63557271,['O', 'G', 'G', 'G', 'G', 'G', 'G', 'O', 'G', 'G']
C63137245,['G', 'G', 'G', 'G', 'G']
C58893842,['G', 'G', 'G', 'G', 'O', 'G', 'G', 'G', 'G']
C12465238,['G', 'G', 'G', 'G', 'G', 'G']
C50459863,['G', 'G', 'G', 'G', 'O']
C43240079,['G', 'G', 'G', 'G', 'G', 'O']
C34697906,['G', 'G', 'G', 'G', 'O']
C42645855,['G', 'G', 'G', 'G', 'G']
C51036249,['G', 'G', 'G', 'G']
C20541102,['G', 'G', 'G', 'G', 'O']
C39943301,['G', 'O', 'G', 'G']
C54929307,['G', 'G', 'G', 'G']
C35499757,['O', 'G', 'O', 'G', 'G', 'O', 'O']
C59808976,['G', 'G', 'G', 'G', 'G', 'G']
C64066685,['G', 'G', 'O', 'G', 'G', 'O', 'G']
C39626917,['G', 'G', 'O', 'G', 'G', 'G', 'G', 'G', 'G', 'G', 'G']
C49201534,['G', 'G', 'G', 'G', 'G', 'G', 'G']
C66939679,['G', 'G', 'O', 'G', 'G', 'G', 'G', 'G']
C35382354,['G', 'G']
C44595093,['G', 'G', 'G', 'G', 'G', 'O']
C61594933,['G', 'G', 'O', 'G', 'G', 'G']
C43213759,['G', 'G', 'O', 'G', 'G', 'G', 'G']
C62733503,['G', 'G', 'G', 'G', 'G', 'G', 'G']
C66243769,['O', 'O', 'G', 'O', 'G', 'G', 'G']
C60039478,['G', 'G', 'G', 'G', 'O', 'O', 'G', 'G']
C17375572,['G', 'G', 'G', 'G', 'G', 'G', 'G', 'G']
C64255196,['G', 'O', 'G', 'G', 'G', 'G']
C39655435,['G', 'G', 'G', 'G', 'O', 'G', 'O', 'G']
C22074904,['O', 'G', 'G', 'G', 'G', 'G', 'G', 'G', 'G']
C49532570,['G', 'G', 'G', 'O', 'G']
C50513916,['G', 'G', 'G', 'G', 'G', 'G', 'O']
C39598931,['G', 'G', 'G', 'G', 'G', 'G', 'G', 'G']
C65384759,['G', 'G', 'G', 'G', 'G', 'G', 'G']
C42453261,['G', 'G', 'G', 'G', 'G', 'G', 'G']
C44713749,['G', 'G', 'G', 'G', 'O', 'G']
C43253228,['G', 'G', 'G', 'G', 'O', 'G']
C63490744,['G', 'G', 'G', 'O', 'G', 'O', 'G', 'G']
C23980730,['G', 'G', 'G', 'G', 'G', 'G', 'G', 'G', 'G', 'G', 'G', 'G', 'G']
C63778329,['G', 'G', 'O', 'G', 'G', 'G', 'G']
C00845918,['G', 'G', 'G', 'G', 'G', 'G']
C38018282,['G', 'G', 'G', 'O']
C63993100,['G', 'G', 'G', 'G', 'O', 'O', 'G', 'O']
C63135283,['G', 'G', 'G', 'G', 'G', 'G', 'G', 'G']
C48842455,['G', 'G', 'G', 'G', 'G', 'G', 'G', 'G']
C57379529,['G', 'G', 'G', 'G', 'G', 'G', 'G', 'G', 'O']
C63147546,['G', 'G', 'G', 'G', 'O', 'G']
C37626072,['G', 'G', 'O', 'G', 'G']
C37946309,['G', 'G', 'G', 'G', 'G']
C06647324,['O', 'G', 'G', 'G', 'O']
C43608096,['G', 'O', 'G', 'G', 'G']
C38786513,['G', 'G', 'G', 'G', 'G', 'G', 'G', 'G']
C28973255,['G', 'G', 'G', 'G', 'G', 'G', 'G', 'G']
C02252306,['O', 'G', 'O', 'G', 'O', 'O', 'G']
C02823430,['G', 'O', 'G', 'O', 'G', 'G', 'G', 'G', 'G']
C44721968,['G', 'G', 'G', 'G', 'G']
C32542191,['G', 'G', 'G', 'G', 'G', 'G', 'G', 'G']
C66853880,['G', 'G', 'G', 'G', 'G', 'O', 'G', 'G', 'G']
C44465465,['G', 'G', 'G', 'G', 'G']
C39674592,['G', 'G', 'G', 'G', 'O', 'G', 'G']
C41544104,['O', 'G', 'G', 'G', 'G']
C43092446,['G', 'G', 'G', 'O', 'G', 'G']
C39683852,['G', 'G', 'G', 'G', 'G', 'G', 'G', 'O']
C41724601,['G', 'G', 'G', 'G', 'G', 'G', 'G']
CHEMBL1092628,['O', 'G', 'G', 'O', 'G', 'G', 'G']
C44714028,['G', 'G', 'G', 'G', 'O', 'G']
C59577810,['O', 'G', 'O', 'G', 'G', 'O']
C36880746,['G', 'G', 'G']
C67251724,['G', 'O', 'O', 'G', 'G', 'G', 'G']
C04476099,['O', 'G', 'G']
CHEMBL1093008,['G', 'G', 'G', 'G', 'G', 'G']
C07929878,['G', 'G', 'G', 'G', 'G', 'G', 'G']
C44335257,['G', 'G', 'G', 'G']
C66725872,['G', 'G', 'G', 'O', 'G', 'G', 'G', 'G', 'G']
C48842901,['G', 'G', 'G', 'G', 'G', 'G', 'G', 'G']
C63557287,['O', 'G', 'O', 'G', 'G']
C38677618,['G', 'G', 'G', 'O', 'G', 'G', 'G']
C39628419,['G', 'G', 'G', 'G', 'G', 'G', 'G', 'G']
C38610745,['G', 'O']
C49526338,['G', 'G', 'G', 'G', 'G', 'G']
C38052102,['G', 'G', 'G', 'G', 'G', 'G', 'G']
C42945396,['G', 'G', 'G', 'G', 'O', 'O']
C53403198,['G', 'G', 'O', 'G']
C05411659,['O', 'G', 'O']
C04866105,['G', 'G', 'O']
C20021735,['G', 'G', 'G', 'G', 'G', 'G']
C66860979,['O', 'O', 'O', 'G', 'G', 'G']
C55936362,['O', 'G', 'G', 'G', 'G', 'G', 'G', 'G']
C20905207,['G', 'G', 'G', 'G', 'G', 'G', 'O', 'G', 'G']
C12305947,['G', 'G', 'G', 'G', 'O', 'G']
C29236164,['O', 'G', 'G', 'G', 'G', 'G', 'G', 'G', 'G', 'G', 'O']
C22734565,['G', 'G', 'G', 'G', 'G', 'G', 'G', 'G', 'G']
C63743353,['G', 'G', 'G', 'O', 'G', 'G', 'G', 'G']
C08636225,['G', 'G', 'G', 'G', 'G', 'G', 'O']
C39635365,['G', 'G', 'G', 'G', 'G', 'G', 'G', 'G']
C66188458,['G', 'G', 'O', 'G', 'G', 'G']
C39689661,['G', 'G', 'G', 'O', 'G', 'G', 'G', 'G']
C10384381,['G', 'G', 'G', 'G', 'G', 'G', 'G', 'G']
C35787514,['G', 'G', 'G', 'G', 'G', 'G']
C12385357,['G', 'G', 'G', 'G', 'G', 'G']
C33807858,['G', 'G', 'G', 'G', 'G', 'G', 'G']
C39000810,['G', 'G', 'G', 'O', 'G', 'G']
CHEMBL1089846,['G', 'O', 'G', 'O']
C43026244,['G', 'G', 'G', 'G', 'G']
C63403674,['G', 'G', 'G', 'G', 'G', 'O', 'G', 'G', 'G', 'G', 'G']
C44595101,['G', 'G', 'G', 'G', 'G', 'O']
C19323209,['G', 'G', 'G', 'G', 'G', 'G', 'G']
C01692687,['G', 'G', 'G', 'G', 'G', 'G', 'G', 'G', 'G', 'G', 'G', 'G']
C12468310,['G', 'G', 'G', 'O', 'G']
C45073734,['G', 'O', 'G', 'O', 'G', 'G', 'G', 'G', 'G']
C52838958,['G', 'G', 'O', 'G', 'G', 'O', 'G', 'O', 'G', 'G']
C53255932,['G', 'G', 'G', 'G', 'G', 'G', 'G']
C01536411,['O', 'O', 'G', 'G', 'G', 'G', 'G', 'O']
C15004334,['G', 'G', 'G', 'O', 'G']
C10091614,['G', 'G', 'G', 'G', 'G', 'G', 'G']
C12458920,['G', 'G', 'G', 'G', 'G', 'G', 'G', 'G']
C57845665,['G', 'G', 'G']
C61893233,['G', 'O', 'G', 'G', 'G', 'G']
C15077010,['G', 'G', 'G', 'G', 'G', 'G']
C48923038,['G', 'G', 'G', 'G', 'G', 'G', 'G']
C19221080,['G', 'G', 'G', 'G', 'G', 'G', 'G', 'G']
C66244260,['G', 'O', 'G', 'G', 'G']
C14979905,['G', 'G', 'G', 'G', 'G', 'G', 'G', 'G', 'G', 'G']
C66232771,['G', 'G', 'G', 'G', 'G', 'O', 'G', 'G', 'O', 'G', 'G']
C05612024,['G', 'G', 'G', 'G', 'G', 'G']
C39795869,['G', 'G', 'G', 'G', 'G', 'G', 'G']
C39699406,['G', 'O', 'O', 'O', 'O', 'G']
C56950428,['G', 'G', 'G', 'G', 'G', 'G', 'O', 'G', 'G', 'G']
C39676473,['G', 'G', 'G', 'G', 'O', 'G', 'G']
C22779201,['G', 'G', 'G', 'G', 'G', 'G', 'G', 'G', 'G', 'G']
C39627364,['G', 'G', 'G', 'G', 'G', 'G', 'G', 'G', 'G']
C43619522,['G', 'G', 'G']
C64040254,['G', 'G', 'G', 'G']
C20744388,['G', 'G', 'G', 'O', 'O']
C12029063,['G', 'G', 'G', 'G', 'G']
C59280381,['G', 'G', 'G', 'G', 'G', 'G', 'G', 'G']
C44465461,['G', 'G', 'G', 'G', 'G']
C39485379,['G', 'G', 'G', 'G', 'G', 'G', 'G']
C63626002,['G', 'G', 'G', 'G', 'G', 'G', 'G']
C12298839,['G', 'G', 'G', 'G', 'G', 'G']
C64509156,['G', 'G', 'G', 'G', 'O', 'G', 'G', 'G', 'G', 'O']
C12098869,['G', 'G', 'G', 'G', 'G', 'G', 'O']
C35247938,['G', 'G', 'G', 'G', 'G', 'G', 'G', 'G', 'G', 'G', 'O', 'O']
C14535971,['G', 'G', 'G', 'G', 'G', 'G', 'G']
C60199737,['G', 'G', 'G', 'G', 'O', 'G', 'G', 'G', 'G']
C01607643,['G', 'O', 'G', 'G', 'O', 'G']
C12478585,['G', 'G', 'G', 'G', 'G', 'G', 'G', 'G', 'G']
C43261272,['G', 'G', 'G', 'G', 'G', 'G', 'G']
C39689626,['G', 'G', 'G', 'G', 'G', 'G']
C43290533,['G', 'G', 'G', 'O', 'G']
C49201527,['G', 'G', 'G', 'G', 'G', 'G', 'G']
C66103417,['G', 'G', 'G', 'G', 'G']
C63547543,['G', 'G', 'O', 'G', 'G']
C08377221,['G', 'G', 'G', 'G', 'O', 'G', 'O', 'O']
C58307260,['G', 'G', 'G', 'G', 'G', 'O']
C51248962,['G', 'G', 'G', 'G', 'G', 'G', 'G']
C42399498,['G', 'O', 'G', 'G']
C08863576,['G', 'G', 'G', 'G', 'G', 'G', 'G', 'G']
C48797922,['G', 'G', 'G', 'G', 'G', 'G', 'G', 'G']
C12434304,['G', 'G', 'G', 'O']
C38011171,['G', 'G', 'G', 'G', 'G']
C43261573,['G', 'G', 'G', 'G', 'G', 'G']
C39631496,['G', 'G', 'G', 'G', 'G', 'G', 'G', 'G', 'G']
C41584013,['G', 'G', 'G', 'G', 'G', 'G']
C10352380,['G', 'G', 'G', 'O']
C65074854,['G', 'G', 'O', 'O', 'O', 'G']
C12698012,['G', 'G', 'G', 'G', 'G', 'G', 'G', 'O']
C36193050,['G', 'G', 'G', 'G', 'G', 'G']
C42961738,['G', 'G', 'G', 'G', 'G', 'G']
C11820662,['G', 'G', 'G', 'G', 'G', 'G', 'G', 'G', 'G']
C63843937,['G', 'G', 'G', 'G', 'G', 'G', 'G']
C37005500,['G', 'G', 'G', 'G', 'G', 'O', 'G']
C19113044,['G', 'G', 'G', 'G', 'G', 'G', 'G']
C66187504,['G', 'G', 'O', 'G', 'O', 'G', 'G', 'G', 'O']
C66568452,['G', 'O', 'G', 'G', 'G', 'G']
C48872086,['G', 'G', 'G', 'G', 'G']
C20652530,['G', 'G', 'G', 'G', 'G', 'G']
C66940582,['G', 'G', 'O', 'O', 'G', 'G', 'G', 'G']
C32071075,['G', 'G', 'G', 'G', 'G', 'G', 'G', 'G']
C45066707,['G', 'G', 'G', 'G', 'G', 'G']
C66437307,['G', 'G', 'G', 'G', 'G']
C44330981,['G', 'G', 'G', 'G']
C12709546,['G', 'G', 'O', 'G', 'G', 'G']
C62776028,['G', 'G']
C30498573,['O', 'G', 'G', 'G', 'G', 'G', 'G', 'G', 'G']
C62729986,['G', 'G', 'O', 'O', 'G', 'G', 'G', 'G']
C37722149,['G', 'G', 'G', 'O', 'G', 'G', 'G']
C63557992,['G', 'G', 'G', 'O', 'G', 'G', 'G', 'G', 'G']
C40669396,['G', 'G', 'G', 'G']
C00821025,['G', 'G', 'G', 'G', 'G', 'G', 'G']
C39973233,['G', 'G', 'O', 'O', 'G', 'G']
C63647286,['G', 'G', 'G', 'G', 'G', 'G']
C43287083,['G', 'G', 'G', 'G', 'G', 'G']
C37111219,['G', 'G', 'G', 'G', 'G', 'G', 'G']
C43287875,['G', 'G', 'G', 'G']
C37324568,['G', 'G', 'O']
C24800816,['G', 'G', 'G', 'O', 'G', 'G', 'G']
C04752134,['G', 'G', 'G', 'G', 'G', 'G', 'G', 'G', 'G']
C52609999,['G', 'O', 'G', 'O']
C58044253,['G', 'O', 'G', 'G', 'G', 'G', 'G', 'G', 'G']
C40011055,['G', 'G', 'G', 'G']
C65215033,['G', 'G', 'G', 'G']
C49560688,['G', 'G', 'G', 'O', 'G']
C52064005,['G', 'O', 'G', 'G']
C35051128,['O', 'G', 'G', 'G', 'G', 'G', 'G', 'G', 'G', 'G']
C38013759,['G', 'G', 'G', 'G', 'G', 'G', 'G', 'G', 'G']
C61368811,['G', 'G', 'G', 'O', 'G']
C50361431,['O', 'G', 'G', 'G', 'G', 'O']
C20553424,['G', 'G', 'G', 'O', 'G']
C48771660,['G', 'G', 'G']
C12711674,['G', 'G', 'G', 'G', 'G', 'O', 'G']
C57657100,['O', 'G', 'G', 'G', 'G', 'G', 'G']
C64707690,['G', 'G', 'G', 'G', 'G', 'G', 'G', 'G', 'G', 'G']
C22876264,['G', 'G', 'G', 'G', 'G', 'G', 'O', 'G', 'G', 'G']
C37005499,['G', 'G', 'G', 'G', 'G', 'G', 'G']
C63914249,['G', 'G', 'G', 'G', 'O', 'G']
C30498799,['G', 'G', 'G', 'G', 'G', 'G', 'G', 'G', 'G', 'G']
C64066937,['G', 'G', 'G', 'O', 'G']
C67290416,['G', 'G', 'O', 'O', 'G', 'G', 'G', 'G']
C43165241,['G', 'G', 'G', 'G', 'G', 'G']
C08635620,['G', 'G', 'G', 'G', 'G', 'G']
C06759202,['G', 'O', 'G', 'G', 'G']
C43741056,['G', 'G', 'G', 'G', 'G']
C42963286,['G', 'G', 'G', 'G', 'G']
C43526848,['G', 'G', 'G', 'G', 'G', 'G', 'G', 'G']
C36090657,['G', 'G', 'G', 'O', 'G', 'G', 'G']
C39652659,['O', 'O', 'G', 'G', 'G', 'G', 'G', 'G', 'G']
C23259790,['G', 'G', 'G', 'G', 'O', 'G', 'O', 'G']
C67584887,['G', 'O', 'G', 'O', 'O', 'G', 'G', 'G', 'G', 'G', 'G']
C37005501,['G', 'G', 'G', 'G', 'G', 'G', 'G']
C44680670,['G', 'G', 'G', 'G', 'G', 'O']
C51951861,['O', 'O', 'G', 'G', 'G', 'G', 'G', 'G']
C25075033,['G', 'G', 'G', 'G', 'G', 'G', 'G', 'G']
C22684489,['G', 'G', 'G', 'G', 'G', 'G', 'G', 'G', 'G', 'G']
C37623971,['G', 'O', 'G', 'G', 'G', 'G', 'G']
C43390643,['G', 'G', 'O', 'G', 'G', 'G']
C04822118,['G', 'G', 'G', 'G', 'O', 'G', 'G', 'G']
C63138655,['G', 'O', 'G']
C46063328,['G', 'O', 'G', 'G', 'G', 'G', 'G', 'G', 'O']
C37826256,['G', 'G', 'G', 'G', 'O', 'G']
C09327755,['G', 'G', 'G', 'G']
C04337790,['G', 'G', 'G', 'G']
C42953565,['G', 'G', 'G', 'G', 'G']
C36089603,['G', 'G', 'G', 'G', 'G', 'G', 'G']
C12588367,['O', 'O', 'G', 'G', 'G', 'G']
C43418807,['G', 'G', 'G', 'G', 'G', 'G', 'G']
C46762901,['G', 'O', 'O', 'G', 'G', 'G']
C38685181,['O', 'G', 'G', 'G', 'G', 'G', 'G', 'O']
C14751796,['G', 'G', 'G', 'O', 'G', 'G', 'G', 'G']
C19795742,['G', 'O', 'G', 'G', 'O', 'G']
C47730594,['G', 'O', 'G', 'G', 'G', 'G', 'G', 'G', 'G', 'G', 'G']
C63974734,['G', 'G', 'G', 'G', 'O', 'G']
C43285717,['G', 'G', 'G', 'G', 'G', 'G', 'G', 'G']
C42954613,['G', 'G', 'G', 'G', 'G', 'G', 'G', 'G']
C38994407,['G', 'O', 'O', 'G', 'G', 'G']
C39663041,['G', 'G', 'O', 'G', 'G', 'G']
C49596082,['O', 'G', 'G', 'G', 'G', 'G']
C43128647,['G', 'G', 'G', 'G', 'O']
C62737555,['G', 'G', 'G', 'G', 'G', 'O', 'G', 'G']
C36090491,['G', 'G', 'G', 'G', 'G', 'G']
C44713674,['G', 'G', 'G', 'G', 'G', 'G']
C38789849,['O', 'G', 'G', 'G', 'G']
C43254346,['G', 'G', 'G', 'G']
C12332150,['G', 'G', 'O', 'G', 'G', 'O', 'O']
C21505327,['G', 'G', 'G', 'G', 'G']
C39631979,['G', 'G', 'G', 'G', 'G', 'G', 'G', 'G', 'G', 'G']
C23133370,['G', 'G', 'G', 'O', 'G', 'G', 'G', 'G', 'G']
C22922714,['G', 'G', 'G', 'O', 'G', 'G']
C61675989,['G', 'G', 'G', 'G', 'G', 'G', 'G', 'O']
C09577336,['G', 'G', 'G', 'O', 'G', 'G', 'G']
C58225086,['G', 'G', 'G', 'G', 'G', 'G']
C39678968,['G', 'G', 'G', 'O', 'G', 'G', 'O', 'G', 'G', 'G', 'G']
C39520756,['G', 'G', 'G', 'G', 'G']
C63547546,['G', 'G', 'O', 'G', 'G']
C67438115,['G', 'G', 'G', 'G', 'G', 'G', 'G', 'G']
C64652821,['G', 'G', 'O', 'G', 'G', 'G', 'G', 'G', 'G', 'G']
C35882267,['G', 'G', 'G', 'G', 'G', 'G', 'G', 'G', 'G']
C64491146,['G', 'G', 'G', 'G', 'G', 'G', 'G', 'O']
C39685857,['G', 'G', 'G', 'G', 'G', 'G', 'G', 'G', 'G', 'O', 'G', 'G']
C45793870,['G', 'G', 'G', 'G', 'G', 'G', 'G', 'G', 'G', 'G']
C45069282,['G', 'G', 'G', 'G', 'G', 'G', 'G']
C32071099,['G', 'G', 'G', 'G', 'G', 'G', 'G', 'G']
C20024350,['G', 'G', 'G', 'G', 'G', 'G', 'G', 'O']
C09426376,['G', 'G', 'G', 'G', 'G', 'G']
C43263177,['G', 'G', 'G', 'G', 'G', 'G']
C62362824,['G', 'O', 'G', 'G', 'O', 'G', 'G', 'G']
C61263205,['G', 'G', 'G', 'G', 'O', 'G', 'G', 'O', 'G', 'G', 'G']
C43106793,['G', 'G', 'G', 'G', 'G', 'O', 'O']
C08635577,['G', 'G', 'G', 'G', 'G', 'G']
C08900018,['G', 'G', 'G', 'O', 'G', 'G', 'G']
C43015250,['G', 'G', 'G', 'G', 'G', 'G']
C38553621,['O', 'O', 'G']
C65026996,['G', 'G', 'G', 'G', 'G', 'G', 'G', 'G', 'G']
C35846110,['G', 'G', 'O', 'O', 'G', 'G', 'G', 'G']
C65386084,['G', 'G', 'G', 'G', 'G', 'G', 'G', 'G']
C34758457,['G', 'G', 'G', 'O', 'G', 'G']
C42953154,['G', 'G', 'G', 'G', 'G', 'O']
C11897885,['G', 'G', 'G', 'G', 'G', 'G']
C38980436,['G', 'G', 'G', 'G', 'G']
C38965067,['G', 'G', 'G', 'G', 'G']
C52072433,['G', 'G', 'G', 'G', 'G', 'G']
C39656128,['G', 'G', 'G', 'G', 'G', 'G', 'G', 'O']
C36298991,['G', 'G', 'G', 'O', 'G', 'G']
C06906305,['G', 'G', 'O', 'G', 'G', 'G', 'G', 'G', 'G', 'G']
C10038112,['G', 'O', 'G', 'G', 'G']
C21047538,['G', 'G', 'G']
C38789842,['O', 'G', 'O', 'G']
C24339796,['G', 'G', 'G', 'G', 'G', 'G', 'G']
C07796522,['G', 'G', 'G', 'G', 'G', 'G', 'G', 'G', 'G', 'G']
C43287075,['G', 'G', 'G', 'G', 'G']
C43335886,['G', 'G', 'G', 'G', 'G', 'G', 'G']
C38573248,['G', 'G', 'G', 'G', 'O', 'G', 'G']
C48078389,['G', 'G', 'G', 'G', 'G', 'G', 'G', 'G', 'G', 'G', 'G']
C07973611,['O', 'G', 'G', 'G', 'G', 'G', 'G', 'G']
C46347485,['G', 'G', 'G', 'G', 'G', 'G', 'G', 'G', 'O', 'G']
C10506496,['G', 'G', 'G', 'O', 'G', 'G', 'G', 'G']
C22619213,['G', 'G', 'G', 'G', 'G', 'G', 'G', 'G', 'G']
C17323171,['G', 'G', 'G', 'G', 'G', 'G', 'G', 'G']
C45860797,['G', 'G', 'G', 'G', 'G', 'O']
C43216429,['G', 'G', 'O', 'G', 'G', 'G', 'G']
C09256800,['G', 'G', 'G', 'O', 'O', 'O', 'G', 'G']
C19144750,['G', 'G', 'G', 'G', 'G', 'G', 'G', 'G']
C06559781,['G', 'G', 'G', 'G', 'G', 'O', 'G', 'G']
C50995857,['G', 'G', 'G', 'G', 'G', 'O', 'G']
C66188412,['G', 'G', 'G', 'G', 'G', 'G', 'G', 'G', 'G', 'O']
C52066429,['G', 'O', 'G', 'G', 'G', 'G', 'G', 'G']
C37513836,['G', 'G', 'G', 'G', 'G']
C11857373,['G', 'G', 'G', 'O']
C39670572,['O', 'G', 'G', 'G', 'O', 'G']
C43288148,['O', 'G', 'G', 'G', 'G']
C42955325,['G', 'G', 'G', 'G', 'G', 'G', 'G', 'G']
C48843287,['G', 'G', 'G', 'O', 'G', 'G', 'G', 'O']
C67331910,['G', 'G', 'O', 'G', 'G', 'G', 'G', 'G']
C39353940,['G', 'G', 'G', 'G']
C40462540,['G', 'O', 'G', 'G', 'G', 'G', 'G']
C35486890,['O', 'G', 'G', 'G', 'G']
C43528205,['G', 'O', 'G', 'G', 'G', 'G', 'G', 'G', 'O']
C39598964,['G', 'G', 'G', 'G', 'G', 'G', 'G', 'G', 'G', 'G']
C37722134,['G', 'G', 'G', 'O', 'G', 'G', 'G', 'G']
C39938324,['G', 'G', 'G', 'G', 'O']
C37649844,['G', 'G', 'G', 'O', 'G']
C39689764,['G', 'G', 'G', 'G', 'G', 'G', 'G']
C19274501,['G', 'G', 'G', 'G', 'G', 'G', 'G']
C64025460,['G', 'G', 'G', 'G', 'G', 'G']
C51952849,['G', 'G', 'G', 'G', 'G', 'G', 'G', 'G']
C39785404,['G', 'G', 'G', 'O', 'G', 'O']
C12306044,['G', 'G', 'G', 'G', 'G', 'G']
C37038726,['G', 'G', 'G', 'G', 'G', 'O', 'G', 'G', 'G']
C43285709,['G', 'G', 'G', 'G', 'G', 'G', 'G']
C22683762,['G', 'G', 'G', 'G', 'G', 'G', 'G', 'G', 'G', 'G']
C19113511,['G', 'G', 'G', 'G', 'O']
C63739593,['G', 'G', 'O', 'G', 'G', 'O', 'O']
C23139716,['G', 'G', 'G', 'O', 'G', 'O']
C20910062,['G', 'G', 'G', 'G', 'G', 'O', 'O', 'O', 'G', 'G', 'G']
C59491083,['G', 'G', 'G']
C32074078,['G', 'G', 'G', 'G']
C52765294,['G', 'G', 'G', 'G', 'G', 'G']
C43129027,['G', 'G', 'G', 'G', 'G', 'O', 'G']
C43737214,['G', 'G', 'G', 'G', 'G']
C66853657,['G', 'G', 'G', 'G', 'O', 'G', 'G', 'G', 'O']
C25409443,['G', 'G', 'G', 'G', 'G', 'O', 'G', 'O', 'G']
C40402405,['G', 'G', 'G', 'G', 'G', 'G', 'G']
C17324830,['G', 'G', 'G', 'G', 'O', 'O', 'G', 'G', 'G']
C54259600,['G', 'G', 'O', 'G', 'G', 'G', 'G', 'G', 'G']
C46583893,['G', 'G', 'G', 'O', 'G', 'G', 'G']
C37446514,['G', 'G', 'G', 'G']
C51164888,['G', 'G', 'G', 'G', 'G', 'G', 'G', 'G']
C36065564,['G', 'G', 'G', 'G', 'O', 'G', 'G', 'G']
C67497162,['G', 'G', 'G', 'G', 'G', 'G', 'G', 'G', 'G', 'O']
C20452078,['G', 'G', 'G', 'G', 'G', 'O', 'G', 'G']
C14971111,['G', 'G', 'G', 'G', 'G']
C67489256,['G', 'G', 'O', 'G', 'G', 'G', 'G', 'G']
C63687969,['G', 'G', 'G', 'G', 'O', 'G', 'G', 'G', 'G', 'G', 'G']
C19327522,['G', 'G', 'G', 'O', 'O']
C11879978,['G', 'G', 'G', 'G', 'G', 'G']
C37370371,['G', 'G', 'G', 'G', 'G', 'G', 'O', 'G']
C32066876,['G', 'G', 'G', 'G', 'G', 'G']
C35523276,['G', 'G', 'G', 'O', 'G', 'G', 'G', 'G']
C49687421,['G', 'G', 'G', 'G', 'G', 'G']
C05444971,['G', 'G', 'G', 'G', 'G', 'G']
C66389333,['G', 'G', 'G', 'G', 'G', 'G', 'G', 'G', 'G', 'O']
C64691596,['O', 'G', 'G', 'G', 'G', 'G']
C38582555,['G', 'G', 'O', 'G', 'G', 'G', 'O']
C51924670,['O', 'O', 'O', 'O', 'G', 'O', 'G', 'G']
C39599175,['G', 'G', 'G', 'G', 'G', 'G', 'G', 'G']
C39012463,['G', 'O', 'G', 'G', 'G', 'G', 'G', 'O']
C43525180,['G', 'G', 'O', 'G', 'G', 'G']
C39695827,['G', 'G', 'G', 'G', 'G', 'O', 'G', 'G']
C64053748,['G', 'G', 'G', 'G', 'G']
C52809678,['G', 'G', 'G', 'O', 'G', 'G', 'G']
C32088779,['G', 'G', 'G', 'G', 'G', 'G', 'G', 'G', 'G', 'G']
C37020131,['G', 'G', 'G', 'G', 'G', 'G', 'G']
C28296729,['G', 'G', 'G', 'G', 'G', 'G', 'G']
C54477435,['G', 'G', 'G', 'G', 'G', 'G', 'G', 'G', 'G', 'G', 'G']
C67045133,['G', 'O', 'G', 'G', 'G', 'G', 'O', 'G']
C42961630,['G', 'G', 'G', 'G', 'G']
C37163196,['G', 'G', 'G', 'O']
C64055081,['G', 'G', 'O', 'O', 'G', 'G']
C51952335,['O', 'G', 'G', 'G', 'G', 'G', 'G']
C12459058,['G', 'G', 'G', 'G', 'G', 'O', 'G']
C02624425,['O', 'G', 'G', 'G', 'G', 'G', 'G', 'G']
C39607989,['G', 'G', 'G', 'G', 'G', 'G', 'G']
C67359286,['G', 'G', 'G', 'G', 'G', 'G', 'G', 'G', 'G']
C61667081,['G', 'G', 'G', 'G', 'G', 'G']
C20993123,['G', 'G', 'G', 'O', 'G', 'G', 'G', 'G', 'G']
C06608959,['G', 'G', 'G', 'G', 'G', 'O', 'O', 'O']
C20432253,['G', 'G', 'O', 'G']
C66392742,['O', 'G', 'G', 'G', 'G', 'G', 'G', 'G', 'O', 'G']
C65397859,['G', 'G', 'G', 'G', 'O', 'G']
C38002325,['G', 'G', 'G', 'G', 'O']
C66864720,['G', 'G', 'G', 'G', 'G', 'G']
C51692849,['G', 'G']
C55163079,['G', 'O', 'G', 'G', 'G']
C38002324,['G', 'G', 'G', 'G', 'O']
C66243236,['G', 'G', 'G', 'G', 'G', 'G']
C39752117,['G', 'O', 'G', 'O', 'G', 'G', 'G']
C12557987,['G', 'G', 'O', 'O', 'G', 'G', 'O']
C38050129,['G', 'G', 'G']
C56660875,['G', 'G', 'G', 'G', 'O', 'G', 'G', 'G', 'G']
C44730583,['G', 'G', 'G', 'G', 'G', 'G']
C44731554,['G', 'G', 'G', 'G', 'G']
C32071400,['G', 'G', 'G', 'G', 'G', 'G', 'G', 'O', 'G']
C24927833,['G', 'G', 'G', 'O', 'G', 'G', 'G', 'G', 'G']
C11737563,['G', 'G', 'G', 'G', 'G']
C42954636,['G', 'G', 'G', 'G', 'G', 'G', 'G', 'G']
C42953562,['G', 'G', 'G', 'G', 'G']
C04969039,['O', 'G', 'G', 'G', 'G', 'G']
C02168140,['G', 'G', 'O', 'G', 'G']
C04016812,['O', 'G', 'G', 'G', 'O', 'O', 'G', 'G', 'G', 'G']
C42388888,['G', 'G', 'G', 'G', 'G']
C38052124,['G', 'G', 'G', 'G', 'O']
C08635544,['G', 'G', 'G', 'G', 'G', 'G']
C45559362,['G', 'G', 'G', 'G', 'G', 'G']
C41664753,['G', 'G', 'G', 'G', 'G', 'G', 'G']
C38684970,['G', 'G', 'G', 'G', 'O', 'G', 'G', 'O']
C37728928,['G', 'G', 'G', 'G', 'O', 'G', 'G', 'G']
C43527611,['G', 'O', 'G', 'G', 'G', 'G', 'G']
C57657102,['O', 'G', 'G', 'G', 'G', 'G', 'G']
C39928322,['G', 'G', 'G', 'G', 'G', 'G']
C43364780,['G', 'G', 'G', 'G', 'G', 'O', 'G']
C48923102,['G', 'G', 'G', 'G', 'G', 'G', 'G', 'G']
C44255311,['G', 'G', 'G', 'G', 'G', 'G']
C40401241,['G', 'G', 'G', 'G', 'G', 'G', 'G', 'G', 'G']
C37199370,['G', 'G', 'G', 'O', 'G']
C22579376,['G', 'G', 'O', 'G', 'G', 'G', 'G']
C38769721,['O', 'G', 'G', 'G', 'G', 'G', 'G', 'G', 'O']
C20932298,['G', 'G', 'G', 'G', 'G', 'O', 'G']
C43021918,['G', 'G', 'G', 'G', 'G', 'G']
C37650045,['G', 'G', 'G', 'G', 'G']
C14963550,['G', 'O']
C37172676,['G', 'G', 'G', 'G', 'G', 'G']
C39631637,['G', 'O', 'G', 'G', 'G', 'G', 'G', 'G', 'G']
C63170207,['G', 'G', 'O', 'G', 'O', 'G']
C05535334,['G', 'G', 'G', 'G']
C50198925,['G', 'G', 'G', 'G', 'G']
C36204170,['G', 'G', 'G', 'G', 'O', 'G']
C37728982,['G', 'G', 'G', 'G', 'G', 'G', 'G']
C54340256,['G', 'G', 'G', 'G', 'G']
C48724791,['G', 'G', 'G', 'G', 'G', 'G', 'O', 'G']
C37095765,['G', 'G', 'G', 'G', 'G', 'G', 'O']
C63437214,['G']
C67571882,['G', 'G', 'G', 'G', 'G', 'G', 'G', 'G']
C48917495,['G', 'O', 'G', 'G', 'G', 'G', 'O', 'G', 'G']
C12847177,['G', 'O', 'G', 'O', 'G']
C50270288,['G', 'G', 'G', 'G']
C37674182,['G', 'G', 'G', 'O']
C08664876,['O', 'G']
C46062990,['G', 'G', 'G', 'G', 'G', 'G', 'O']
C20465328,['G', 'O', 'G', 'G', 'G', 'G', 'G']
C49590218,['G', 'G', 'G', 'O']
C38065156,['G', 'G', 'G', 'G', 'O', 'G']
C15988738,['G', 'G', 'G', 'O', 'G', 'O', 'G', 'G', 'O', 'G', 'G']
C43287998,['G', 'G', 'G', 'G', 'G']
C39736261,['O', 'G', 'O', 'G', 'G']
C35765578,['G', 'G', 'G', 'G', 'G']
C33670926,['G', 'G', 'G', 'G', 'G', 'G']
C37319460,['G', 'G', 'G', 'G']
C42953500,['G', 'G', 'G', 'G', 'G']
C49548326,['G', 'G', 'G', 'G']
C29632305,['O', 'O', 'G', 'G', 'G', 'O', 'G']
C62037584,['G', 'O', 'G', 'G', 'G']
C42574219,['G', 'G', 'G', 'G', 'G', 'O', 'O', 'G']
C50812957,['G', 'G', 'G', 'G', 'G']
C22681748,['G', 'G', 'G', 'G', 'G', 'O', 'G', 'G']
C43085968,['G', 'G', 'G', 'G', 'G', 'G', 'G']
C48923072,['G', 'G', 'G', 'G', 'G', 'G']
C05098872,['G', 'G', 'G', 'G', 'G', 'G', 'O']
C51992522,['G', 'G', 'G', 'G', 'G']
C12125684,['G', 'O', 'G', 'G', 'G', 'G', 'O']
C11873975,['G', 'G', 'O', 'G', 'G']
C61372080,['G', 'G', 'G', 'G']
C48106775,['G', 'G', 'G', 'G', 'G', 'G', 'G', 'G', 'G', 'G']
C32071467,['G', 'G', 'G', 'G', 'G', 'G', 'G']
C42454670,['G', 'G', 'G', 'G', 'G', 'G', 'G']
C37116318,['G', 'G', 'G', 'G']
C49282311,['G', 'G', 'G', 'O', 'O', 'G', 'G', 'G']
C36783484,['O', 'G', 'G', 'G', 'G']
C43354379,['G', 'G', 'G', 'G', 'G', 'O']
C35667075,['G', 'O', 'G', 'G', 'G', 'G']
C37216984,['G', 'G', 'G', 'G', 'G']
C20500230,['G', 'G', 'G', 'G', 'G', 'G', 'G', 'G', 'G']
C52064017,['G', 'G', 'G', 'G']
C45069299,['G', 'G', 'G', 'G', 'G', 'G']
C40348205,['G', 'G', 'O', 'G', 'O']
C20270595,['G', 'G', 'O', 'O', 'G']
C63153290,['G', 'O', 'O', 'G']
C34659450,['G', 'G', 'G', 'G', 'G', 'G']
C43285705,['G', 'G', 'G', 'O', 'G', 'G', 'G']
C19589194,['G', 'O', 'G', 'O', 'G']
C10090553,['G', 'G', 'G', 'G', 'G', 'G', 'G']
C22851598,['G', 'O', 'G', 'O']
C52791284,['G', 'G', 'G', 'G', 'G', 'O']
C63354506,['G', 'G', 'G', 'G', 'G', 'G', 'G', 'G', 'G']
C43093527,['G', 'G', 'G', 'G', 'O', 'G']
C25637822,['G', 'G', 'G', 'G', 'G', 'G', 'G', 'G', 'G']
C19556201,['G', 'G', 'G', 'G', 'G', 'G', 'G']
C39550409,['G', 'G', 'G', 'G']
C46865942,['O', 'G', 'G', 'G', 'G']
C38656632,['G', 'G', 'O', 'G', 'G', 'G']
C39631292,['G', 'G', 'G', 'G', 'G', 'G', 'G', 'G', 'G']
C38719479,['G', 'G', 'O', 'G', 'G']
C63280872,['G', 'O', 'O', 'G']
C49749954,['O', 'O', 'G', 'G']
C64640541,['G', 'G', 'G', 'G', 'G', 'O']
C20389534,['G', 'G', 'G', 'G', 'G', 'G', 'G', 'O']
C35786574,['G', 'G', 'O', 'G', 'G', 'G', 'G', 'G']
C48846613,['G', 'G', 'G', 'G', 'O', 'G', 'G', 'G', 'G', 'O', 'G']
C37324695,['G', 'G', 'G']
C39709385,['G', 'G', 'G', 'G', 'G', 'G', 'G', 'G', 'O']
C04670905,['G', 'G', 'G', 'G', 'O', 'G', 'O']
C63175221,['G', 'G', 'G']
C20389195,['G', 'G', 'G', 'G', 'G', 'O', 'O', 'O']
C40719525,['G', 'G', 'G', 'G', 'G', 'O', 'G', 'G', 'G']
C37053363,['G', 'G', 'G']
C66155723,['G', 'G', 'G', 'G', 'G', 'G', 'G']
C64988167,['G', 'G', 'G', 'G', 'G', 'G', 'G', 'O', 'G']
C51250997,['G', 'G', 'G', 'G', 'G', 'G', 'G', 'G']
C38979466,['G', 'G', 'G', 'G', 'G', 'G']
C37109795,['G', 'G', 'G', 'G', 'G']
C05019608,['G', 'G', 'G', 'G', 'O', 'G', 'G', 'G', 'G', 'G']
C50270970,['G', 'G', 'G', 'G']
C65370832,['G', 'G', 'O', 'G', 'G']
C39599038,['G', 'G', 'G', 'G', 'G', 'G', 'G', 'G']
C19461035,['G', 'G', 'G', 'G', 'O', 'O']
C36788797,['G', 'G', 'G', 'G', 'G', 'G', 'G']
C37045617,['G', 'O', 'G', 'G', 'G', 'G']
C37084147,['G', 'G', 'G', 'G']
C20188021,['G', 'G', 'G', 'O', 'G']
C32076687,['G', 'G', 'G', 'G']
C46060727,['G', 'O', 'O', 'G', 'G', 'G', 'G', 'G']
C20537954,['G', 'G', 'G', 'G', 'G', 'G']
C12431765,['G', 'G', 'G', 'G', 'G', 'G']
C45066521,['G', 'G', 'G', 'G', 'G', 'G']
C48787726,['O', 'G', 'G', 'G', 'G', 'G', 'G', 'G']
C66176901,['G', 'G', 'G', 'G', 'G', 'G', 'G', 'G', 'G', 'G', 'G']
C43027847,['G', 'G', 'G', 'G', 'G']
C10233144,['G', 'O', 'G', 'G', 'G']
C43527115,['G', 'G', 'G', 'O', 'G', 'G', 'G', 'G']
C19834037,['G', 'G', 'G', 'G', 'G']
C41664747,['G', 'G', 'G', 'G', 'G', 'G', 'G']
C49117183,['G', 'G', 'G', 'G', 'G', 'G']
C44595259,['G', 'G', 'G', 'G', 'G', 'G']
C37138278,['G', 'O', 'G']
C38670090,['G', 'G', 'G', 'G', 'G', 'G', 'G']
C38965888,['G', 'G', 'G', 'G', 'G', 'G', 'G']
C38054392,['G', 'G']
C52067683,['G', 'G', 'G', 'G', 'O', 'O', 'G', 'G']
C64304370,['G', 'G', 'G', 'G', 'G', 'G', 'G']
C06747707,['G', 'G', 'G', 'G', 'G']
C49223068,['G', 'G', 'G', 'G', 'O']
C37020123,['G', 'G', 'G', 'G', 'G', 'G']
C42577562,['G', 'G', 'G', 'G', 'G', 'G', 'G']
C23362427,['G', 'G', 'G', 'G', 'G', 'G', 'G']
C52791254,['G', 'G', 'G', 'G', 'G', 'G']
C39631266,['G', 'G', 'G', 'G', 'G', 'G', 'G', 'G', 'G']
C37140948,['G', 'G', 'G', 'G', 'O']
C53235316,['G', 'G', 'G', 'O']
C37019691,['G', 'G', 'G', 'G', 'G']
C35828839,['G', 'G', 'G', 'G', 'G', 'G', 'G', 'G']
C40720566,['G', 'G', 'G', 'G', 'O', 'G', 'G', 'G', 'G', 'G']
C62528802,['G', 'G', 'G', 'G', 'O', 'G', 'G']
C53331928,['G', 'G', 'G', 'G', 'G', 'G']
C39601126,['G', 'G', 'G', 'G', 'G', 'G', 'G', 'G']
C10019679,['G', 'G', 'G', 'G', 'G', 'O', 'G', 'G', 'G']
C48844977,['G', 'G', 'G', 'G', 'G', 'G', 'G', 'G']
C39736651,['O', 'G', 'G', 'G', 'G', 'G', 'O', 'G']
C45027945,['G', 'G', 'G', 'G']
C49726387,['G', 'G', 'G', 'G', 'G']
C46063406,['G', 'G', 'G', 'G', 'G', 'G', 'G', 'O']
C64568207,['G', 'G', 'O', 'G', 'O', 'O']
C43124190,['G', 'G', 'G', 'G', 'G']
C44595206,['G', 'G', 'G', 'G', 'G', 'G']
C45072145,['G', 'G', 'G', 'O', 'G', 'G', 'G', 'G', 'G']
C08635605,['G', 'G', 'G', 'G', 'G', 'G']
C08491242,['O', 'G', 'O', 'G', 'G', 'G']
C37618030,['G', 'G', 'G', 'G', 'O']
C63478706,['O', 'G', 'G', 'G', 'G', 'G', 'G', 'G']
C63137638,['G', 'G', 'G', 'O', 'G']
C38685013,['O', 'G', 'G', 'G', 'G', 'G', 'O']
C20024632,['G', 'G', 'G', 'G']
C37654953,['G', 'G', 'G', 'O', 'G', 'O']
C04087517,['G', 'G', 'G']
C43240085,['G', 'G', 'G', 'G', 'G', 'G']
C52790844,['G', 'G', 'G', 'G', 'G', 'O']
C42411781,['G', 'G', 'G', 'G', 'G', 'G', 'G']
C37754893,['G', 'G', 'G', 'G', 'G']
C36091303,['G', 'G', 'O', 'G', 'G', 'G']
C37167250,['G', 'G', 'G', 'G', 'G', 'O', 'O']
C40674210,['G', 'G', 'G', 'G']
C38605754,['G', 'G', 'G', 'G', 'G', 'G', 'O']
C42634341,['G', 'O', 'G', 'G', 'O']
C44714038,['G', 'G', 'G', 'G', 'G', 'G', 'G']
C63739409,['G', 'O', 'G', 'O', 'O']
C52854594,['G', 'G', 'G', 'G', 'G']
C42958683,['G', 'G', 'G', 'G', 'G']
C64228618,['G', 'G', 'G', 'G', 'G', 'O', 'G', 'G']
C38116654,['G', 'G', 'O', 'G', 'G']
C49192972,['G', 'G', 'G', 'G', 'G', 'O']
C39632078,['G', 'G', 'G', 'G', 'G', 'G', 'G', 'G', 'G']
C39685744,['G', 'G', 'G', 'G', 'G', 'G', 'G', 'G', 'G']
C63137704,['G', 'O', 'G']
C61882443,['G', 'G', 'G', 'G']
C19972084,['G', 'G', 'G', 'G', 'G']
C51331093,['G', 'G', 'G', 'G', 'G', 'G', 'G', 'G', 'G']
C52094650,['G', 'G', 'G', 'G', 'G']
C27436590,['G', 'G', 'O', 'G']
C38050349,['G', 'G', 'G', 'G']
C43285459,['G', 'G', 'G', 'G', 'G', 'O', 'G']
C36814886,['G', 'O', 'G', 'O', 'G', 'G', 'G', 'G']
C43249078,['G', 'G', 'G', 'G', 'G', 'G']
C63141130,['G', 'G', 'G']
C06603792,['G', 'G', 'G', 'G', 'G', 'G', 'G', 'G']
C38609981,['G', 'O', 'G', 'O', 'G', 'O', 'G', 'G']
C63557859,['G', 'G', 'G', 'G', 'O', 'G', 'G']
C63472801,['G', 'G', 'G', 'G', 'G']
C43538968,['G', 'G', 'G', 'G', 'G']
C04261664,['G', 'G', 'G', 'G', 'G', 'G', 'G', 'G']
C19792068,['G', 'G', 'G', 'G', 'G', 'G']
C00212638,['G', 'G', 'G', 'G', 'O']
C20872498,['G', 'G', 'G', 'G', 'G', 'G', 'O', 'O']
C47628553,['G', 'G', 'G', 'O', 'G', 'G']
C65100267,['G', 'G', 'G', 'G', 'O', 'G', 'G', 'G', 'G', 'O']
C20470650,['O', 'G', 'G', 'O', 'G', 'G', 'G', 'G']
C41605818,['G', 'G', 'G', 'O', 'G', 'G', 'G', 'G', 'G', 'G', 'G', 'G', 'G']
C38609991,['G', 'G', 'G', 'O', 'G', 'G', 'O']
C43364932,['G', 'G', 'G', 'G', 'G', 'G', 'G']
C37726030,['G', 'G', 'G', 'G', 'G', 'G', 'G', 'G']
C40462942,['G', 'G', 'G', 'G', 'G', 'G']
C14257852,['O', 'O', 'G', 'G', 'G', 'G']
C43365601,['G', 'G', 'G', 'G']
C37729052,['G', 'G', 'G', 'G', 'G', 'G', 'G', 'G']
C12744909,['G', 'G', 'G', 'G', 'G', 'O']
C37109791,['G', 'G', 'G', 'G', 'G']
C38685599,['G', 'G', 'G', 'G', 'G', 'O', 'G']
C67439209,['G', 'G', 'G', 'G', 'G', 'G', 'G']
C19918778,['G', 'G', 'G', 'G', 'G']
C59782611,['G', 'G', 'G', 'G', 'O', 'G', 'G', 'G']
C37261812,['G', 'G', 'G', 'G', 'G', 'G']
C18937017,['G', 'G', 'G', 'G', 'O']
C37019726,['G', 'G', 'G', 'G', 'G']
C37769899,['G', 'G', 'G', 'G', 'G', 'O', 'G']
C37095861,['G', 'G', 'G', 'G', 'G', 'G']
C37108232,['G', 'G', 'G', 'G', 'G']
C54491320,['G', 'G', 'G', 'G', 'G']
C35882270,['G', 'G', 'G', 'G', 'G', 'G', 'G']
C08635561,['G', 'G', 'G', 'G', 'G', 'O', 'G']
C08777713,['G', 'G', 'G', 'G', 'G']
C62985477,['G', 'G', 'G', 'G', 'G', 'G', 'G']
C60375690,['G', 'G', 'G', 'G', 'G', 'G']
C32055974,['G', 'G', 'G', 'G', 'G', 'G', 'G', 'G']
C53402338,['G', 'G', 'G', 'G', 'G', 'G', 'G', 'G', 'G', 'G']
C42579288,['G', 'G', 'G', 'G', 'G', 'G']
C66859463,['G', 'O', 'G', 'G', 'G', 'G']
C66380147,['G', 'G', 'G', 'G', 'G', 'G']
C39631880,['G', 'G', 'G', 'G', 'G', 'G', 'G', 'G', 'G', 'G']
C49938286,['G', 'G', 'G', 'G', 'G', 'G', 'G', 'G']
C37321667,['G', 'G', 'G', 'G', 'G', 'G', 'G']
C41322867,['G', 'G', 'G', 'G', 'G', 'G', 'G', 'G', 'G', 'O', 'G']
C42782435,['G', 'O', 'O', 'G', 'G', 'G', 'O', 'G', 'G']
C02782158,['G', 'G', 'G', 'G', 'G', 'G', 'O']
C01600859,['G', 'O', 'O', 'G', 'G', 'G', 'G', 'G', 'G']
C49938290,['G', 'G', 'G', 'G', 'G', 'G', 'G']
C37095863,['G', 'G', 'G', 'G', 'G', 'G']
C36149061,['G', 'O', 'O', 'G', 'G']
C37095867,['G', 'G', 'G', 'G', 'G', 'G']
C49192901,['G', 'G', 'G', 'G', 'G', 'O']
C48797937,['G', 'G', 'G', 'G', 'G', 'G', 'G', 'G', 'G']
C51837502,['G', 'G', 'G', 'G', 'G', 'O']
C38790140,['G', 'O', 'G', 'G', 'G', 'G']
C54160257,['G', 'G', 'G', 'G', 'G']
C37108234,['G', 'G', 'G', 'G', 'G']
C37363870,['G', 'G', 'G', 'G', 'G']
C41716433,['G', 'G', 'G', 'G', 'O', 'G', 'G', 'G', 'O']
C43411131,['G', 'G', 'O', 'G', 'G']
C65374698,['O', 'G', 'G']
C49554483,['G', 'G', 'G', 'G', 'G', 'G', 'G']
C03840175,['G', 'G', 'G', 'G', 'G', 'G', 'G', 'G', 'G', 'G', 'G']
C50209223,['G', 'G', 'G', 'G', 'G', 'G', 'G', 'G']
C40719529,['G', 'G', 'G', 'G', 'G', 'G', 'G', 'G', 'G']
C04661805,['G', 'O', 'O', 'G']
C32075179,['G', 'G', 'G', 'G', 'G', 'G', 'G']
C20616161,['G', 'O', 'G', 'G', 'G', 'O', 'G', 'G']
C32066835,['G', 'G', 'G', 'G', 'G', 'G', 'G', 'G']
C09329583,['G', 'G', 'G', 'G', 'G', 'G', 'G']
C32519846,['G', 'G', 'G', 'G']
C05376846,['G', 'O', 'G', 'G', 'G', 'G', 'O', 'G', 'G', 'G']
C37767362,['G', 'G', 'O', 'G', 'G', 'G', 'G']
C43527096,['G', 'G', 'G', 'G', 'G']
C35051130,['G', 'G', 'G', 'G', 'G', 'G', 'G', 'G', 'G', 'G']
C00487547,['G', 'G']
C62506980,['G', 'G', 'G', 'G', 'G', 'G', 'G', 'G', 'O', 'G']
C63170070,['G', 'G', 'G', 'G', 'G', 'G']
C55161959,['G', 'G', 'G', 'O', 'G', 'G', 'G', 'O']
C31825505,['G', 'G', 'G', 'G', 'G', 'G', 'O', 'G', 'G', 'G', 'G']
C42797947,['G', 'O', 'O', 'O', 'G', 'G', 'G']
C43769457,['G']
C01961612,['O', 'G']
C33726458,['G', 'O', 'G', 'G', 'G', 'O', 'G', 'G', 'G']
C33860609,['G', 'G', 'G', 'G', 'O', 'G']
C42033656,['G', 'G', 'G', 'G', 'G', 'G', 'G']
C36072435,['O', 'G', 'G', 'G', 'G', 'G', 'O', 'G']
C02754850,['G', 'G', 'G', 'G', 'G', 'O', 'G', 'G', 'G']
C09477320,['O', 'O', 'G', 'G', 'G', 'G', 'G', 'G', 'G']
C03116603,['O', 'G', 'G', 'G', 'G', 'G', 'G']
C36205415,['G', 'G', 'G', 'G', 'O', 'O', 'G', 'G', 'G', 'G', 'G']
C06831115,['G', 'O', 'G', 'G', 'G', 'G', 'G', 'G']
C44219117,['G', 'G', 'O']
C40481836,['G', 'G', 'O', 'G', 'O']
C12201170,['G', 'G', 'G', 'G', 'G', 'G', 'G', 'G', 'G']
C33750351,['G', 'G', 'G', 'G', 'O', 'G', 'G', 'G']
C62935071,['G', 'O', 'O']
C59165707,['G', 'G', 'G', 'G', 'O', 'G', 'G']
C03771028,['O', 'O']
C12880057,['G', 'G', 'G', 'G', 'G']
C62842834,['G', 'O', 'G']
C08627515,['G', 'O', 'O', 'G', 'G', 'G', 'O']
C22472398,['G', 'O', 'G', 'G', 'G', 'O']
C09384640,['G', 'O', 'G', 'G', 'O']
C00821676,['G', 'G', 'O']
C23191741,['G', 'G', 'G', 'G', 'O', 'G']
C10139598,['G', 'G', 'G', 'G', 'O', 'G', 'O']
C43706972,['G', 'G', 'O', 'G', 'O', 'O']
C04324435,['G', 'G', 'G', 'G', 'G', 'O']
C38776370,['G', 'O', 'G', 'G', 'G', 'G']
C39744818,['G', 'G', 'G', 'G', 'G', 'G']
C07618420,['G', 'O', 'G', 'G', 'G', 'G', 'G']
C33672663,['G', 'G', 'G', 'G', 'G', 'O', 'G', 'G']
C05186955,['O', 'G', 'G']
C22132093,['G', 'G', 'O', 'G', 'G', 'G', 'G', 'G']
C03954275,['G', 'G', 'G', 'O', 'G']
C04324419,['G', 'O', 'G', 'G', 'G', 'G', 'G', 'O']
C44446468,['G', 'G', 'O', 'G', 'G', 'G', 'G', 'O']
C39356191,['G', 'G', 'G', 'G', 'O']
C09010039,['G', 'G', 'G', 'O', 'G', 'G']
C12308011,['G', 'O', 'G', 'G', 'O']
C06462755,['G', 'G', 'G', 'G', 'G', 'G', 'G']
C12885854,['G', 'G', 'G', 'G', 'G']
C39083348,['G', 'G', 'O']
C23004885,['O', 'G', 'G', 'O', 'G', 'G', 'G', 'O', 'G']
C35746476,['O', 'O', 'G', 'G', 'G', 'G', 'G', 'G', 'G', 'G']
C44717078,['G', 'G', 'G', 'G', 'O', 'G', 'G', 'G', 'G']
C47628409,['O', 'G', 'G', 'G', 'G', 'G', 'O', 'O', 'G']
C07841261,['G', 'G', 'G', 'G', 'G', 'G', 'O']
C63005364,['O', 'O', 'G', 'G', 'G', 'G']
C50242357,['G', 'G', 'G']
C50250611,['G', 'G', 'G', 'O']
C04883453,['G', 'G', 'G', 'G', 'G', 'G']
C08120570,['O', 'G', 'O', 'G', 'G', 'G', 'G', 'O']
C39557850,['G', 'G', 'G', 'G', 'G', 'G', 'G']
C13598289,['G', 'G', 'G', 'O', 'O', 'G']
C03255921,['G', 'G', 'O', 'G', 'G', 'G']
C36347671,['G', 'G', 'G', 'G', 'O']
C22472434,['O', 'G', 'G', 'G', 'O', 'G']
C48939896,['O', 'G', 'G', 'G', 'G', 'G', 'G']
C01772995,['G', 'G', 'O', 'G', 'G', 'G', 'G', 'G']
C51037133,['G', 'G', 'G', 'G']
C11613462,['G', 'O', 'G', 'G', 'O', 'G', 'G']
C11900589,['G', 'O', 'G', 'G', 'O', 'G', 'O']
C04300288,['G', 'G', 'O', 'G']
C44363179,['G', 'G', 'G', 'G', 'G', 'G', 'G', 'G', 'G']
C36348116,['G', 'G', 'O', 'G', 'G']
C29769290,['G', 'G', 'O', 'G', 'G', 'G']
C04868154,['G', 'G', 'O', 'G', 'G']
C53121405,['G', 'G', 'G', 'G', 'G', 'G', 'G']
C01042098,['G', 'G', 'G', 'G', 'G']
C61535857,['G', 'G', 'O', 'G']
C42959345,['G', 'G', 'O', 'G']
C16238098,['O', 'G', 'G', 'O', 'G']
C66511550,['O', 'G', 'G', 'G', 'G', 'G', 'G']
C53068529,['G', 'O', 'G', 'G', 'G', 'G']
C61538993,['G', 'G', 'G', 'G', 'G']
C10127624,['O', 'G', 'G', 'G', 'G', 'G', 'G']
C35781312,['G', 'G', 'G', 'G', 'G', 'G', 'G', 'O', 'G']
C49363167,['G', 'O', 'G', 'G', 'G']
C25735474,['G', 'G', 'O', 'G', 'G', 'G']
C07529795,['O', 'G', 'G', 'O', 'G']
C48858677,['G', 'G', 'G', 'G', 'G', 'G', 'G']
C03571747,['G', 'G', 'G', 'G', 'G', 'G']
C37890319,['G', 'G', 'G', 'G', 'G']
C38007025,['G', 'G', 'G', 'G', 'G', 'O']
C49449231,['G', 'G', 'G', 'G', 'G', 'G', 'G']
C09641127,['O', 'G', 'G', 'G', 'G', 'O']
C04050461,['O', 'G', 'G']
C04324388,['G', 'G', 'G', 'O']
C61211091,['G', 'G', 'G', 'G', 'G', 'O']
C66634035,['G', 'G', 'G', 'G', 'G', 'G', 'G']
C49358199,['G', 'G', 'G', 'O']
C13633194,['G', 'G', 'G', 'G']
C63060605,['G', 'G', 'G', 'G', 'G', 'G', 'G']
C49719516,['G', 'G', 'G', 'G', 'G']
C04202366,['G', 'G', 'G', 'O']
C11843091,['G', 'G', 'G', 'G', 'G', 'G', 'G']
C46906616,['G', 'G', 'O', 'G', 'G', 'G']
C05105846,['G', 'G', 'G', 'G', 'G', 'G', 'G', 'O']
C20359631,['O', 'G', 'G', 'O', 'G', 'G']
C45911482,['G', 'O', 'G', 'G', 'G', 'O', 'G']
C12667461,['G', 'G', 'G', 'G', 'G', 'G', 'G', 'G', 'G', 'G', 'G', 'G']
C37965997,['G', 'G', 'G', 'G', 'G', 'G']
C03168506,['G', 'G', 'G', 'G', 'G', 'G', 'G', 'G']
C35565038,['G']
C53185224,['O', 'O', 'G', 'G', 'G', 'O', 'O']
C40469822,['O', 'O', 'G', 'G']
C38007031,['G', 'G', 'O', 'G', 'G', 'O']
C48838169,['G', 'G', 'O', 'G']
C33911117,['G', 'G', 'G', 'G', 'G', 'O']
C04389286,['G', 'G', 'O']
C18116778,['G', 'G', 'G']
C22349107,['G', 'O', 'G', 'G', 'G', 'G']
C42164460,['G', 'O', 'G', 'O']
C64538886,['G', 'G', 'G', 'G', 'O', 'O']
C37513325,['G', 'G', 'G', 'G', 'G', 'G']
C07615030,['G', 'G', 'G', 'G', 'G', 'G', 'G', 'G', 'G']
C50422181,['G', 'G', 'G', 'G', 'G']
C40002633,['G', 'G', 'G', 'G', 'G', 'G', 'G', 'G', 'G', 'G']
C63079900,['O', 'G', 'O', 'O']
C36995845,['G', 'G', 'O', 'G', 'G', 'G']
C35746198,['G', 'G', 'G', 'G', 'G', 'G', 'G', 'G', 'G']
C40352099,['O', 'G', 'G', 'G']
C65547593,['G', 'O', 'G', 'G', 'G', 'O', 'G']
C47641416,['G', 'G', 'G', 'G', 'O', 'G', 'G']
C49519988,['O', 'G', 'G', 'G', 'G']
C38003658,['G', 'G', 'G', 'G', 'O', 'G']
C22787445,['G', 'G', 'G', 'G', 'G', 'G', 'G']
C08326997,['G', 'G', 'G', 'G', 'G', 'G', 'G', 'G']
C10012379,['G', 'G', 'G', 'G', 'G', 'O', 'G', 'G']
C24598202,['G', 'G', 'O', 'G', 'G', 'G', 'G', 'G', 'G', 'O']
C21983286,['O']
C12886942,['G', 'G', 'G', 'G']
C38030348,['G', 'G', 'G', 'O', 'G', 'G']
C08763931,['G', 'G', 'G', 'G', 'G', 'O', 'G', 'G']
C62139613,['G', 'G', 'G', 'O']
C40827221,['G', 'G', 'G', 'G']
C43606732,['G', 'G', 'G', 'G', 'G', 'G', 'O', 'G', 'G', 'G', 'G']
C00052422,['G', 'G', 'G']
C37193513,['G', 'G', 'G', 'G', 'G']
C04572341,['G', 'G', 'G', 'G', 'G', 'G', 'O']
C48936130,['G', 'G', 'G', 'G', 'G', 'G', 'G']
C04362847,['G', 'O']
C25627094,['G', 'O', 'G']
CHEMBL129,['G', 'G', 'G']
C32811272,['O', 'G', 'G', 'G', 'G', 'G', 'G', 'G']
C61843563,['G', 'G']
C19891524,['G', 'G', 'G']
C40413061,['G', 'G', 'G', 'G', 'O']
CHEMBL853,['G', 'G']
C35638023,['G', 'G', 'O', 'G', 'G', 'G']
C04991963,['G', 'G', 'G', 'O']
C39496947,['O', 'G', 'G', 'O', 'G']
C41812958,['G', 'G', 'G', 'G', 'G']
C04798244,['G', 'G', 'G', 'G', 'G', 'O', 'G', 'G']
C41710012,['G', 'G', 'G', 'O', 'G', 'G']
C04556775,['G', 'G', 'O', 'G', 'O']
C48575445,['G', 'G', 'G', 'G', 'G', 'G', 'G', 'G', 'O']
C48584248,['G', 'G', 'G', 'O', 'G', 'G', 'G']
C43477560,['G', 'G', 'G', 'G', 'G', 'O']
C65743382,['G', 'G', 'G']
C04301653,['G', 'G', 'G', 'G', 'G', 'G', 'G', 'G']
C57515469,['G', 'G', 'G', 'O']
C25242358,['G', 'G', 'G', 'O', 'G', 'G', 'G', 'G']
C38067959,['G', 'G', 'G', 'G', 'O', 'G', 'G']
C02475561,['G', 'G', 'G', 'O']
C44858461,['G', 'G', 'O', 'G', 'G']
C15797852,['G', 'G', 'G', 'G', 'G', 'G', 'G']
C35044761,['G', 'G', 'G', 'G', 'G', 'G', 'G']
C08586064,['G', 'G']
C07836005,['O', 'G', 'G', 'G', 'G', 'G', 'G', 'G']
C04843246,['G', 'O', 'G', 'G', 'G', 'G']
C08622858,['G', 'O', 'G', 'G', 'G', 'G', 'G']
C40316412,['G', 'G', 'G', 'G', 'G']
C37996099,['G', 'G', 'G', 'G', 'G']
C03239668,['O', 'O', 'G']
C48949178,['G', 'G', 'G', 'G', 'O']
C35154485,['G', 'G', 'G', 'G', 'G', 'G']
C42405347,['O', 'G', 'O']
C37172518,['G', 'G', 'O', 'G', 'G']
C37265516,['G', 'G', 'G', 'G', 'G']
C30769518,['G', 'G', 'G']
C35154556,['G', 'G', 'G', 'G', 'G', 'G']
C11680326,['G', 'G', 'G', 'G', 'G', 'G']
C49960932,['G', 'G']
C38813950,['G', 'G', 'G', 'G', 'G']
C35796053,['G', 'G', 'G']
C04290621,['G', 'G', 'G', 'G']
C48797114,['G', 'G', 'G', 'G', 'G', 'G', 'G']
C36789913,['G', 'G', 'G', 'G', 'G']
C02800419,['G', 'G', 'O', 'G', 'O', 'G']
C48949891,['G', 'G', 'G', 'G', 'G']
C49549046,['G', 'G', 'G', 'G', 'G', 'G', 'G', 'G']
C49274574,['G', 'G', 'G', 'G', 'G', 'G', 'G']
C44509724,['G', 'G', 'G', 'G']
C40480532,['G', 'O', 'G', 'G', 'O']
C10012569,['G', 'O', 'G', 'G', 'G', 'G', 'O', 'G', 'G']
C45145697,['G', 'G', 'G']
C35796056,['G', 'G']
C42270188,['G', 'G', 'O', 'G', 'G']
C39273458,['G', 'G']
C06703012,['G', 'G', 'G', 'O', 'G', 'G', 'G', 'G', 'G']
C42576062,['G', 'G', 'G', 'G', 'G', 'G', 'G']
