CHEMBL569543,['G', 'G', 'G']
C15946221,['G', 'O', 'G', 'O']
CHEMBL233389,['G', 'G', 'G']
CHEMBL236202,['G', 'G', 'G']
CHEMBL411825,['G', 'G', 'G']
C28165283,['G', 'G', 'G', 'G', 'G']
C22514201,['G', 'G', 'G', 'G', 'G', 'G', 'G']
C15932543,['G', 'G', 'G']
C28287360,['G', 'G', 'G', 'G', 'G']
C39884604,['G', 'G', 'G', 'G', 'G']
C00956211,['O', 'G', 'G']
C02956219,['O', 'O', 'O']
CHEMBL233789,['G', 'G', 'G']
C06112641,['G', 'O', 'G', 'G', 'G']
C28381692,['O', 'G', 'G', 'G', 'G', 'O']
C05394913,['G', 'O', 'G', 'G']
C10068875,['O', 'O', 'G', 'G']
C00912325,['G', 'G', 'G', 'G', 'G']
C00646569,['G', 'G', 'G', 'G', 'G', 'G', 'G']
C05763036,['G', 'O', 'G', 'G', 'G']
CHEMBL457035,['G', 'G', 'G', 'O']
C15800116,['G', 'G', 'G', 'G', 'G']
C59105823,['G', 'G', 'O']
C16138733,['G', 'G', 'O', 'O', 'O']
C06889340,['G', 'O', 'G', 'G']
C00888474,['G', 'G', 'G', 'G', 'G']
C06421331,['G', 'G', 'G', 'O']
C21038863,['O', 'O', 'G', 'O']
C11075614,['O', 'G', 'G', 'G', 'O', 'G']
C11847387,['G', 'O', 'G', 'G']
C16931038,['G', 'G', 'G', 'O', 'G', 'G', 'G', 'G']
C40134940,['O', 'G', 'G', 'G']
C05122801,['G', 'O', 'O']
C31854550,['G', 'G', 'G', 'O', 'G']
C24536278,['G', 'G', 'G', 'O']
C40796757,['G', 'G', 'O', 'G']
C01311872,['G', 'G', 'G', 'G', 'G']
C33040213,['G', 'G', 'G', 'O', 'G', 'G']
C04744010,['G', 'O', 'O']
C21262047,['G', 'O', 'G', 'O']
C32700296,['O', 'G', 'G', 'G', 'G', 'G']
C00856323,['G']
C04054773,['G', 'O', 'G', 'G', 'G']
C59268114,['G', 'G', 'G', 'G', 'G', 'O']
CHEMBL195451,['G']
C66407276,['G', 'G', 'O', 'G']
C52166066,['G', 'G', 'G', 'O', 'G']
C01060001,['G', 'G']
C18321869,['G', 'O', 'O', 'G']
C10068877,['O', 'O', 'G', 'G']
C14233549,['G', 'G', 'G', 'G', 'G', 'G', 'G']
C08379886,['O', 'G', 'G', 'G', 'O']
C40948943,['G', 'G', 'G', 'G', 'G', 'G', 'O']
C06088155,['G', 'G', 'G', 'O']
C14785296,['G', 'O', 'G', 'G']
C09562259,['O', 'O', 'O']
C00841147,['G', 'O', 'G']
C36956368,['G', 'G', 'G', 'O']
C59585067,['O', 'G', 'G', 'G', 'G', 'G', 'G']
C15188851,['G', 'G', 'G', 'G', 'G', 'G']
C43415510,['O', 'G', 'G', 'G', 'G']
C35157216,['G', 'O', 'O']
C01111977,['G', 'G', 'G', 'G']
C14017476,['G', 'O', 'G', 'G', 'G', 'G']
C22748090,['G', 'G', 'G', 'G']
C24065848,['G', 'G', 'G', 'G', 'G', 'G', 'O']
C02956237,['G', 'O', 'O']
C59391519,['G', 'G', 'G', 'O', 'G', 'O']
C20615384,['O', 'G', 'G']
C44950401,['O', 'O', 'G', 'G', 'G']
C09630342,['G', 'G', 'G', 'G', 'G', 'G']
C09565361,['G', 'G', 'G', 'O', 'G']
C43233574,['O', 'G', 'G', 'O', 'G']
C04836746,['G', 'G', 'G', 'G', 'G']
C06099252,['G', 'G', 'G', 'G']
C09261244,['G', 'O']
C36670860,['G', 'G', 'G']
C59249602,['G', 'G', 'G', 'O']
C15303500,['G', 'G', 'G', 'G', 'G']
C01636386,['G', 'G', 'G', 'O']
C15037721,['G', 'G', 'G', 'G', 'G', 'G']
C04135168,['O', 'G', 'G', 'O']
C62079488,['G', 'G', 'O', 'G']
C06861855,['G', 'G', 'G', 'G', 'G']
C20856107,['G', 'G', 'G', 'G', 'G']
C21518478,['G', 'G', 'G', 'G', 'O', 'O']
C51656614,['G', 'O', 'G']
C04343156,['G', 'O', 'O']
CHEMBL1094209,['G', 'G', 'G']
C31651524,['G', 'G', 'G', 'G']
C02177686,['O', 'G', 'G', 'O']
C15881793,['O', 'O', 'G', 'G', 'O', 'G']
C56539638,['G', 'G', 'G', 'O']
C05429110,['G', 'G', 'G', 'G', 'G', 'G']
C59166667,['G', 'O', 'G']
C09434987,['G', 'G', 'G', 'O']
C37249084,['O', 'G', 'G', 'G', 'O', 'G']
C01513808,['O', 'G', 'G']
C37856953,['G', 'O', 'G', 'G', 'G', 'G']
C01800523,['G', 'G', 'G', 'O']
C07544657,['G', 'O', 'G', 'G', 'G']
C09596878,['G', 'G', 'G', 'G', 'O', 'G']
C37286149,['O', 'G', 'G', 'G']
C06035349,['G', 'O', 'G', 'O', 'G']
C15854679,['G', 'G', 'G', 'G']
C01165862,['O', 'G', 'G', 'G']
C37196966,['G', 'G', 'G', 'O']
C12410805,['G', 'G', 'O', 'O', 'O', 'G']
C37278736,['G', 'G', 'O', 'O']
C00724695,['G', 'O', 'G', 'O']
C03254379,['G', 'O', 'G', 'O']
C39565518,['G', 'G', 'O']
C07134945,['G', 'G', 'G']
C04167238,['G', 'O', 'G', 'O', 'G', 'G']
C04589135,['G', 'G']
C37105324,['G', 'G', 'G']
CHEMBL382102,['G', 'G', 'G']
C10068941,['G', 'O', 'O', 'G']
C04690817,['G', 'G', 'O', 'O', 'O', 'G', 'G']
C20557324,['G', 'G', 'G']
C37057272,['G', 'G', 'G', 'G']
C00888487,['G', 'G', 'G', 'G', 'O']
C19231584,['G', 'G', 'G', 'O', 'G', 'G', 'G']
C20707850,['G']
C22744888,['O', 'O', 'G', 'G', 'O']
C15989419,['O', 'O', 'O', 'G']
C00624269,['O', 'O', 'G', 'G', 'G']
C60355424,['G', 'G', 'G', 'G', 'G', 'G', 'G']
C35079894,['G', 'G', 'O', 'O']
C38771158,['G', 'G', 'O', 'G', 'G', 'G', 'G']
C15315741,['O', 'G', 'O', 'G', 'O']
C02385112,['G', 'G', 'G', 'O', 'O']
C04017778,['O', 'O', 'G']
C20478958,['G', 'G', 'O']
C16398875,['O', 'G', 'G', 'G']
C06501815,['G', 'G', 'G', 'G', 'G', 'O']
C20429781,['G', 'G', 'O']
C01113605,['G', 'G', 'G', 'G']
C21364417,['G', 'O', 'O']
C02916248,['G', 'G', 'G', 'G']
C01873125,['-']
C37316678,['G', 'O', 'G']
C10885584,['G', 'G', 'G', 'G', 'O', 'O', 'G']
C09092191,['G', 'G', 'G', 'G']
C20505718,['G', 'G', 'G', 'G']
C37277145,['G', 'G', 'G', 'O', 'G']
C46078745,['G', 'G', 'G', 'O', 'G']
C06500492,['G', 'G', 'G']
C37302049,['G', 'G', 'G', 'G']
C05627376,['O', 'G', 'G', 'G', 'G']
C20429780,['G', 'G', 'O']
C48458448,['G', 'G', 'G']
C16797326,['G', 'O', 'O', 'G', 'G']
C20557412,['G', 'G', 'G']
C40425119,['G', 'G', 'G', 'G', 'G', 'G', 'G', 'G']
C16750549,['G', 'G']
CHEMBL195967,['G']
C43420601,['G', 'G', 'O', 'O', 'G']
C37278935,['G', 'G', 'G', 'O']
C01114313,['O']
C37105414,['G', 'G', 'G', 'O']
C49066684,['O', 'G', 'G', 'G', 'G']
C66157628,['G', 'O', 'O', 'G', 'G', 'G']
C37392144,['G', 'G', 'G', 'G', 'G']
C22152227,['O', 'O', 'G']
C40723143,['G', 'G', 'G']
C10440040,['G', 'G', 'G', 'G', 'G', 'G']
C12740659,['G', 'G', 'G']
C64985427,['O', 'G', 'G', 'G', 'G']
C33569831,['G', 'G', 'O']
C16348315,['O', 'G']
C21261949,['G', 'G', 'O', 'G']
C19633394,['G', 'O', 'G', 'G', 'G', 'G']
C37884800,['O', 'O', 'G', 'G', 'O', 'O']
C37131324,['G', 'G', 'G', 'G']
C12691155,['G', 'O', 'G', 'O', 'G', 'G']
C20877736,['G', 'O', 'G', 'G']
C37245295,['G', 'G']
C20613741,['G', 'G', 'G', 'G']
C39355805,['G', 'O', 'G', 'G', 'G']
C09251034,['G', 'G', 'O', 'G', 'G', 'G']
C06112809,['G', 'G', 'G', 'G', 'O']
C01210643,['G', 'O', 'O']
C35116807,['G', 'G', 'G']
C15376480,['G', 'O', 'O', 'G']
C10492186,['G', 'O', 'O', 'G', 'G', 'O']
C26562817,['G', 'G', 'O']
C36849340,['G', 'G', 'G', 'G', 'G', 'G']
C09204975,['G', 'G', 'O']
C49479691,['G', 'G', 'G', 'G', 'O']
C28091665,['G', 'G', 'O']
C12585254,['G', 'G', 'O', 'G', 'G', 'O']
C00475628,['G', 'G', 'G', 'G', 'G', 'G']
C25577856,['G', 'G', 'G', 'G', 'G']
C14017496,['G', 'O', 'G', 'G', 'G', 'G']
C37199630,['G', 'G', 'G', 'G']
C48837401,['O', 'G', 'G']
C04849154,['G', 'G', 'G', 'O', 'G', 'G']
C04058903,['G', 'O', 'G']
C36956307,['G', 'G', 'G', 'G']
C04705096,['G', 'G', 'O']
C40180066,['G', 'G', 'G']
C48849847,['G', 'G', 'G']
C45496522,['O', 'G', 'G', 'G']
C60375937,['G', 'G', 'O']
C16778370,['G', 'O', 'O', 'O', 'G', 'G']
C59434888,['G', 'G', 'G', 'G', 'O', 'G']
C37278856,['G', 'G', 'O', 'O']
C01354437,['G', 'G', 'G', 'G']
C24945827,['O', 'O', 'G', 'O']
C03273536,['G', 'G', 'G', 'G', 'G']
C63925767,['O', 'G', 'O', 'O']
C37200451,['G', 'G', 'G', 'O']
C03898658,['-']
C04737366,['G', 'G', 'O']
C20557406,['O', 'G', 'G']
C27001857,['G', 'G', 'G', 'G', 'G', 'G']
C06113796,['G', 'G', 'G', 'G', 'G', 'G']
C04117034,['G', 'O']
C50359496,['O', 'O', 'O', 'O']
CHEMBL258193,['O']
C36918523,['O', 'G', 'O']
C25162794,['O', 'G', 'G', 'G', 'O', 'O', 'G']
C16851596,['G', 'G', 'O', 'G', 'O']
C06915941,['G', 'G', 'O']
C05627011,['G', 'G', 'O', 'G']
C07192858,['O', 'G', 'G', 'G', 'G', 'G']
C22455426,['O', 'O', 'O']
C57352962,['G', 'O']
C37279216,['G', 'G', 'G']
C00955798,['G', 'G', 'G', 'G']
C03605573,['G', 'G', 'G', 'G', 'O']
C26064692,['O', 'G', 'O', 'G', 'G', 'O', 'G']
C06115424,['G', 'G', 'G', 'G', 'G']
C08424958,['G', 'G', 'G']
C21236283,['G', 'G', 'G', 'G', 'G', 'G']
C40799469,['G', 'G', 'G', 'G']
C39857088,['G', 'G']
C35452261,['G', 'O', 'G']
C20550147,['G']
C46645124,['G', 'G', 'G', 'G', 'G']
C01896263,['O', 'G', 'O', 'G']
C37206893,['G', 'O']
C59116500,['O', 'O', 'G']
C15775343,['G', 'G', 'G', 'G', 'G']
C36956770,['G', 'G', 'O', 'O', 'G']
C41108438,['G', 'G', 'G', 'O']
C01043542,['O', 'G', 'G', 'G']
C01060788,['G', 'G', 'G', 'O', 'G', 'G']
C31950454,['G', 'G', 'G']
C14477356,['O', 'G', 'G']
C65801015,['G', 'G', 'G', 'G', 'O']
C12796288,['G', 'G', 'O', 'O']
C37301026,['G', 'G', 'G', 'G']
C04066060,['G', 'G', 'G', 'G', 'G']
C39590966,['G', 'G', 'O', 'G']
C05146255,['G', 'O', 'G', 'G', 'G', 'O']
C08919583,['G', 'G', 'G', 'G']
C59267896,['O', 'G', 'G', 'G', 'G', 'O']
C12758121,['G', 'G', 'G', 'G', 'G']
C08774553,['G', 'O', 'G', 'G', 'G', 'G']
C06589306,['G', 'G', 'O', 'G', 'G', 'G']
C00831646,['G', 'G', 'G']
C56789038,['G', 'G', 'G', 'G', 'G', 'G']
C23023273,['G', 'G', 'G']
C49964010,['G', 'G', 'G', 'G']
C47565222,['G', 'G', 'G', 'O', 'O', 'G']
C08217032,['G', 'G', 'G', 'G']
C36290572,['G']
C54108134,['G', 'G']
C01701158,['G', 'O', 'G']
C03397585,['G', 'O', 'G', 'G']
C21512644,['G', 'G', 'G', 'O']
C06272617,['G', 'G', 'G', 'G']
C56323231,['G', 'O', 'G', 'G']
C21516711,['O', 'G']
C37203484,['G', 'G']
C16400592,['G', 'G', 'O', 'G']
C00997039,['G', 'G']
C14200752,['O', 'O', 'O']
C37247606,['G', 'O', 'G', 'O']
C40346736,['O', 'G', 'G', 'O', 'G']
C01158901,['G', 'G', 'G', 'G']
C20560575,['G', 'G', 'O', 'G', 'G']
C32811862,['G', 'G', 'G', 'G']
C43275277,['O', 'O', 'O']
C03222383,['G', 'G', 'G', 'G', 'G', 'G', 'G']
C19996988,['G', 'G', 'G', 'O']
C00690401,['G', 'O', 'G']
C65502636,['G', 'G', 'G']
C37298331,['G', 'G', 'O', 'G']
C59270880,['G', 'G', 'G', 'G']
C36989718,['O', 'G', 'O', 'G', 'G']
C59400172,['G', 'G', 'O', 'G', 'G', 'G']
C36168331,['G', 'O', 'O']
C37293106,['G', 'G', 'G', 'G', 'O']
C39860570,['G', 'G']
C37071514,['G', 'O', 'G', 'G']
C27467341,['O', 'G', 'G', 'G', 'O']
C39326443,['G', 'G', 'O', 'G', 'G']
C14456848,['G', 'G', 'O', 'G', 'G']
C05679628,['G', 'G']
C20247372,['G', 'G', 'G', 'G', 'O', 'G']
C02188972,['G', 'O', 'O']
C49303690,['G', 'O']
C13803209,['O', 'G', 'O', 'G', 'G', 'G']
C37884954,['G', 'G', 'G', 'G', 'G', 'G']
C16255405,['G', 'O', 'G', 'G', 'G']
C21811614,['G', 'G', 'G', 'G', 'O', 'G', 'G']
C48777573,['G', 'G', 'O', 'G']
C35053173,['G', 'G', 'G']
C10206064,['O', 'G', 'G', 'G', 'G']
C02860588,['G', 'O', 'O']
C41649334,['G', 'G', 'G', 'G']
C00224154,['G', 'O']
C36952024,['G', 'G', 'O']
C13324946,['G', 'G', 'O', 'G', 'O']
C67132557,['G', 'G', 'O']
C37129197,['O', 'O', 'G']
C20557517,['O', 'G', 'G']
C52496875,['G', 'G', 'G', 'O', 'G']
C37131128,['G', 'O', 'O', 'G']
C00652514,['G', 'G', 'G', 'G']
C06530786,['G', 'G', 'G']
C06916589,['G', 'G', 'G', 'G', 'G', 'G', 'G']
C09097156,['G', 'G', 'G']
C12338550,['G', 'G', 'G', 'G', 'G', 'G']
C36391244,['G', 'G', 'G', 'G', 'G', 'O', 'G']
C37105260,['G', 'O', 'O', 'O']
C37203962,['G', 'G', 'O', 'G']
C20478237,['G', 'G', 'O']
C01147839,['G', 'G', 'G', 'G']
C66308446,['G', 'G', 'G', 'G']
C36956321,['G', 'O', 'O', 'G']
C37314850,['G', 'G', 'G', 'G', 'O']
C16655540,['O', 'G', 'G', 'G']
C15553000,['G', 'G', 'O']
C66249393,['G', 'G', 'G']
C27529756,['G', 'O', 'G']
CHEMBL1094208,['G', 'G', 'G']
C63060764,['G', 'G', 'G']
C42071372,['G', 'O']
C06748606,['G', 'G', 'G', 'G']
C64064470,['O', 'G', 'O', 'G']
C37243703,['O', 'G', 'G', 'G']
C02368211,['G', 'G', 'G', 'G', 'G', 'G']
C62546390,['G', 'G']
C67371521,['G', 'G', 'O', 'G']
C37177208,['G', 'G', 'G', 'G']
C02284093,['G', 'G']
C11324911,['G', 'G', 'G', 'O', 'G', 'O', 'G']
C22427236,['G', 'O', 'O', 'G', 'G', 'O', 'G']
C35676423,['G', 'O']
C13102556,['O', 'G', 'G', 'G', 'G']
C38934671,['G', 'O', 'O', 'O']
C37204404,['G', 'G']
C59378833,['G', 'G', 'O', 'O']
C51185262,['G', 'O', 'O', 'G']
C04356331,['G', 'O', 'G', 'G', 'G', 'G']
C36956896,['O', 'O', 'O']
C04451421,['G', 'O', 'G']
C37202529,['O', 'G', 'G', 'G']
C49471488,['G', 'O', 'G', 'G', 'G', 'O']
C37884966,['G', 'G', 'G', 'G', 'O', 'G']
C57350374,['G', 'G', 'G', 'G', 'G', 'G']
C37302366,['G', 'G']
C03353847,['G', 'G', 'O', 'G', 'G']
C37105187,['G', 'G', 'G']
C54499526,['O', 'G', 'G']
C20707865,['O', 'G']
CHEMBL258191,['O']
C26782198,['G', 'O', 'G', 'G', 'G']
C12111983,['G', 'O', 'O', 'G', 'G']
C37313685,['O', 'G', 'G']
C59227409,['G', 'G', 'G', 'G']
C37322998,['O', 'G', 'G']
C39860614,['G', 'G']
C62786625,['G', 'G']
C09041284,['G', 'G', 'G', 'G', 'G', 'G', 'G']
C37393272,['G', 'G', 'O']
C21512642,['G', 'G', 'G', 'G']
C04345015,['O', 'G']
C05902441,['G', 'G', 'G']
C05008130,['G', 'O', 'O', 'G']
C16105468,['O', 'G', 'G', 'G', 'G', 'O']
C37293999,['G', 'O', 'G', 'G']
C20504486,['G', 'G', 'G']
C14465870,['G', 'G', 'G']
C40274802,['G', 'G']
C01701159,['G', 'G', 'G']
C36973351,['G', 'G', 'G', 'O']
C37248763,['G', 'O', 'G']
C14060805,['G', 'G', 'G', 'G', 'G']
C21605845,['G', 'G', 'G', 'G', 'O', 'G']
C12996856,['O', 'G', 'G', 'O']
C37105259,['G', 'G', 'O', 'O']
C41641539,['G', 'G', 'G', 'O']
C11591847,['O', 'O', 'O', 'G', 'O', 'G', 'G', 'O']
CHEMBL384467,['G', 'G']
C04390370,['O', 'G', 'G']
C10068858,['G', 'O', 'O', 'G']
C13324899,['G', 'O', 'O', 'G', 'G']
C04623283,['G']
C35231884,['G', 'O', 'O', 'O']
C10244375,['O', 'G', 'G', 'G', 'O']
C04051036,['G']
C09737271,['G', 'O', 'G', 'G']
C48096270,['G', 'O', 'O', 'G', 'G']
C41066270,['O', 'G', 'G', 'O', 'G']
C36923378,['G', 'G', 'O']
C04110496,['G']
C36168330,['G', 'G', 'G']
C21787941,['G', 'G', 'G']
C37203643,['O', 'G']
C49524043,['O', 'G', 'O', 'G', 'G', 'G', 'O']
C14462523,['O', 'G']
C10499785,['G', 'G', 'G', 'G', 'G']
C59793535,['G', 'G', 'G', 'G', 'G', 'O']
C66163241,['O', 'G', 'G', 'O', 'O']
C04649262,['O', 'G', 'O']
C14460842,['O', 'G']
C36989993,['G', 'O', 'O']
C23120049,['G', 'G', 'O', 'G', 'G', 'O']
C20711731,['G', 'G', 'G', 'G']
C49033237,['G', 'O', 'O', 'G', 'G']
C36635422,['O', 'G', 'G']
C49247385,['G', 'G', 'G', 'G', 'G', 'O']
C37203416,['G', 'G', 'O']
C10069033,['G', 'G', 'G']
C37284104,['G', 'G', 'O']
C37392245,['G', 'O']
C32540733,['O', 'G']
C12590832,['G', 'G', 'G', 'G', 'G', 'G', 'G']
C02459696,['G', 'O', 'G', 'G', 'G']
C01754845,['-']
C10524724,['O', 'G', 'O', 'G', 'G', 'G', 'G']
C15303627,['G', 'G', 'G']
C37885222,['G', 'G', 'G', 'G', 'G', 'G', 'O']
C37057086,['G', 'G', 'O']
C37188394,['G', 'G', 'G']
C17946324,['G', 'G', 'G', 'G', 'G', 'G', 'G']
C06654480,['G', 'G', 'O', 'G', 'G']
C59461500,['O', 'O', 'G', 'G']
C40627805,['G', 'O', 'O']
C59408954,['O', 'G', 'G']
C37216266,['G', 'G', 'G']
C45613919,['G', 'G', 'G', 'O', 'G', 'G']
C10502558,['G', 'G', 'G', 'O', 'G', 'O', 'G', 'G']
C67320981,['G', 'G', 'G', 'G', 'O', 'G']
C20478654,['G', 'G', 'O']
C12438653,['O', 'G']
C12629735,['G', 'O', 'G']
C02670993,['O', 'O', 'G', 'O']
C37253196,['G', 'G', 'G']
C26507493,['O', 'O', 'O', 'O']
C61120070,['G', 'O']
C37962538,['G', 'G', 'G', 'G', 'O']
C13324774,['G', 'O', 'G', 'G', 'O']
C36981761,['G', 'O', 'O', 'G']
C13467580,['G']
C66901500,['G', 'G', 'G', 'O']
C14031222,['G', 'G', 'O', 'G']
C38118049,['G', 'G', 'G', 'O']
C37091508,['G', 'G', 'G']
C36635825,['G', 'G', 'G']
C48501848,['G', 'G', 'G', 'G', 'G']
C36942793,['G', 'G', 'G', 'O', 'G']
C09858054,['O', 'G', 'G', 'O', 'G']
C50360827,['G', 'G', 'O', 'O']
C13980771,['G', 'O']
C36956810,['O', 'O', 'O']
C32842165,['O', 'G', 'O']
C01638098,['G', 'O', 'G', 'G']
C10236682,['G', 'G', 'G', 'G', 'G', 'G']
C59946548,['G', 'G']
C61614339,['O', 'G', 'G', 'G']
C37312727,['O', 'G', 'G']
C10068838,['O', 'O', 'O']
C26686460,['G', 'G', 'G', 'G', 'G']
C02592595,['G', 'G', 'G', 'G']
C36814492,['G', 'G', 'G']
C20505657,['G', 'G']
C37974785,['G', 'G', 'G', 'G']
C04547966,['G', 'G', 'G', 'G']
C08086609,['G', 'G', 'G', 'O', 'G']
C36951972,['G', 'G', 'O']
C24504138,['O', 'G', 'G', 'G']
C40928353,['G', 'G']
C21502988,['G', 'G', 'O']
C44412243,['G', 'G', 'G', 'G', 'G']
C49373549,['G', 'G', 'O', 'G']
C21512847,['G', 'G', 'O']
C09520279,['G', 'G', 'O']
C20303951,['G', 'G', 'G']
C20726238,['G', 'G', 'G']
C02640764,['G', 'G', 'G', 'G', 'O']
C48837398,['O', 'G', 'G']
C28404619,['O', 'O', 'O', 'G', 'O', 'O']
C34924309,['O', 'O', 'O', 'G', 'O']
C62014066,['G', 'O', 'O']
C36633219,['G', 'G', 'G']
C37072153,['G', 'O']
C02282311,['G', 'G', 'G', 'O']
C06821262,['G', 'G', 'G']
C46995148,['O', 'G', 'G', 'O']
C14476899,['G']
C06224518,['O', 'G', 'G', 'G', 'G', 'G']
C03136514,['G', 'G']
C14429521,['O', 'G', 'O', 'G']
C48545436,['G', 'O', 'O']
C33220481,['G', 'G', 'G', 'O', 'G', 'G']
C45255589,['G', 'G', 'G', 'G', 'G', 'G', 'G']
C20505659,['G', 'G', 'G', 'G']
C36840589,['G', 'G', 'G']
C40098105,['G', 'O', 'G']
C06925652,['G', 'G', 'O', 'O']
C26873057,['O', 'G', 'O']
C09964593,['G', 'O', 'G', 'G', 'G', 'O', 'G', 'G']
C37936196,['G', 'G', 'O']
C37206379,['G', 'G', 'O', 'G']
C39016627,['O', 'G', 'G', 'G']
C59382181,['G', 'G', 'G', 'G']
C36956007,['G', 'O', 'G']
C00799540,['O', 'O']
C37282576,['G', 'O', 'O']
C37244426,['G', 'G', 'G', 'O']
C20563689,['O', 'G']
C25661442,['G', 'G', 'O', 'O']
C38915024,['O', 'G']
C02365618,['G']
C43328455,['O', 'O', 'G', 'G', 'O']
C04003422,['G']
C12486479,['G', 'G', 'G', 'G', 'G', 'G', 'G']
C66224763,['G', 'G', 'G', 'O', 'O', 'G', 'G', 'O', 'O']
C63278663,['G', 'G', 'G']
C22394977,['G', 'G', 'G']
C05271798,['G', 'G', 'G', 'G', 'G', 'G', 'G']
C04391332,['O', 'G', 'O', 'G']
C06391300,['G', 'G', 'G', 'O']
C63925843,['G', 'G', 'O']
C16322109,['G', 'G', 'G', 'G', 'G', 'G']
C66819495,['G', 'G', 'G', 'O', 'G']
C53099731,['O']
C06588118,['G', 'G', 'G', 'O']
C38002621,['G', 'G', 'O', 'G']
C40270372,['G', 'G']
C33921834,['G', 'G']
C01217068,['O', 'O', 'G']
C14164101,['G', 'G', 'G', 'O']
C27389592,['G', 'G', 'O']
C20477460,['G', 'G', 'G', 'O']
C04849276,['G', 'G', 'G', 'G', 'G', 'G']
C26574847,['G', 'G', 'O']
C43579607,['G', 'G', 'G', 'G']
C14629667,['G', 'G', 'O', 'O', 'O']
C37516315,['G', 'O', 'G', 'G']
C59400792,['G', 'O', 'G', 'G', 'G', 'O']
C14270114,['O', 'G', 'G', 'G', 'O', 'O', 'O']
C21011259,['G', 'G', 'G', 'G', 'O']
C62768666,['O', 'G', 'G', 'G', 'G']
C36635372,['G', 'G', 'G']
C05923233,['G', 'G', 'O', 'O']
C37129259,['G', 'G', 'G']
C37936274,['O', 'G', 'G']
C01882302,['G', 'G', 'G']
C63692371,['G', 'G', 'O', 'G', 'G']
C53100505,['O']
C36970988,['O', 'G', 'O', 'G']
C53711141,['G', 'O']
C04343157,['G', 'G', 'G']
C37936347,['G', 'G', 'G', 'O']
C02710614,['G', 'G', 'G', 'G']
C67434136,['G', 'G', 'G', 'G', 'G', 'G']
C59377004,['G', 'G', 'O', 'O']
C15649740,['G', 'G', 'G', 'G']
C05090124,['G', 'O', 'O']
C34851630,['G', 'O', 'G', 'G', 'O', 'G', 'G']
C67636639,['G', 'G', 'O', 'G', 'G']
C60098730,['G', 'G', 'G']
C37295745,['O', 'O', 'O']
C20553560,['O', 'O', 'G']
C37392792,['G', 'G', 'G']
C06231097,['G', 'O']
C20505717,['O', 'O', 'O', 'G']
C03272076,['G', 'G', 'G', 'O', 'G', 'O', 'G']
C36079821,['G', 'G', 'G', 'G']
C37392933,['O', 'G', 'O']
C01291448,['O', 'G', 'G', 'O']
C48022669,['G', 'O']
C02065637,['O', 'G', 'G', 'O']
C36635911,['G', 'G', 'G']
C01196124,['O', 'O', 'G']
C10732256,['O', 'O', 'O', 'G', 'G']
C06575790,['G']
C49247386,['G', 'G', 'O', 'G', 'G', 'O']
C37057075,['G', 'G', 'G', 'G']
C57485339,['G', 'G', 'G', 'G', 'G']
C53783487,['G', 'G', 'G']
C10068975,['G', 'O', 'G']
C36899397,['G']
C36889849,['G']
C37244123,['G', 'G']
CHEMBL436848,['O']
C16008906,['O', 'G', 'G', 'O']
C22240036,['G', 'O', 'G', 'G', 'G']
C01082722,['G']
C00829423,['G', 'G', 'O', 'O']
C48477253,['O', 'O', 'G']
C37735183,['O', 'O']
C53783510,['G', 'G', 'G']
C06398344,['G', 'O', 'O']
C27741855,['O', 'O', 'G', 'G']
C36899787,['G', 'G']
C14465802,['G']
C52811384,['G', 'G']
C06053928,['G', 'G', 'G', 'O', 'O']
C01984431,['G', 'G', 'G', 'G', 'O', 'O', 'G', 'O']
C48545684,['G', 'G', 'G', 'O']
C41648962,['G', 'G', 'G', 'G']
C37203854,['O', 'G']
C08799975,['G', 'G', 'G', 'G', 'G', 'O', 'G', 'G']
C08303458,['O', 'G', 'G', 'G', 'G', 'O']
C50359936,['G', 'G', 'G', 'G']
C37121831,['G', 'G', 'G', 'O']
C37270201,['G', 'G', 'G', 'O']
C37324474,['G', 'O', 'O']
C39218298,['G', 'G', 'G', 'O', 'G', 'G', 'G', 'G']
C37199646,['G', 'O']
C37304598,['G', 'G', 'G', 'G', 'G']
C37885351,['O', 'G', 'G', 'G', 'O', 'G', 'G']
C16265899,['G', 'O']
C48494952,['G', 'G', 'G', 'G', 'G', 'G', 'G']
C37037173,['O', 'G', 'G']
C21823719,['G', 'G', 'G', 'G', 'G', 'G']
C37121478,['G', 'O', 'O', 'G']
C47346916,['O', 'G']
C14033937,['G', 'G', 'G', 'G', 'G']
C13789945,['O', 'G', 'G', 'O']
C51987520,['O', 'G']
C37253419,['G', 'G']
C12560039,['G', 'G']
C37121488,['O', 'G', 'O']
C20504329,['G', 'G', 'G']
C19913926,['G', 'G', 'G']
C37243684,['G', 'G']
C27520326,['O', 'G', 'G', 'O']
C49118881,['G', 'G', 'O', 'G']
C65611057,['O', 'G']
C21105915,['G', 'O', 'G', 'G', 'G', 'O', 'O', 'O']
C00672617,['G']
C03665336,['G', 'G', 'G', 'G', 'G']
C11649263,['G', 'G', 'O']
C63277272,['G', 'G']
C03112820,['O', 'G']
C61692145,['G', 'G', 'O']
C04819191,['G', 'G']
C37392231,['G', 'G', 'O']
C41691095,['G', 'G', 'G']
C05392519,['O', 'G', 'O', 'G']
C37962590,['G', 'G', 'G', 'G', 'O']
C61693002,['G', 'G', 'G']
C16851594,['G', 'G', 'G', 'G', 'O']
C06394968,['G', 'G', 'G', 'O']
C37072399,['O', 'O', 'O']
C63075735,['G', 'G']
C20606909,['G', 'G', 'G']
C09854266,['G', 'G', 'G', 'G', 'G']
C20505715,['G', 'G', 'O', 'G']
C20477401,['G', 'G', 'O']
C14456699,['G', 'G', 'G', 'G']
C05590141,['O', 'G', 'G']
C51987514,['G', 'O']
C37056054,['G', 'G', 'O']
C08419543,['G', 'G', 'O']
C45830245,['O', 'G', 'G', 'G', 'O']
C36964709,['G', 'G', 'G']
C02570135,['G', 'O', 'G']
C59741768,['G', 'G', 'G', 'G', 'G']
C03283678,['G', 'G', 'G', 'O', 'G', 'G', 'G']
C09909912,['G', 'G', 'G', 'G', 'G', 'G', 'O']
C36973428,['G', 'G', 'G']
C37325584,['G', 'O', 'G']
C00223044,['G', 'G', 'G']
C47041043,['O', 'G', 'G', 'O']
C37324733,['O', 'O', 'O']
C13396745,['O', 'G']
C41678817,['O', 'G', 'G']
C00955917,['G', 'O', 'G', 'G']
C13779433,['G', 'O', 'O', 'G']
C49036326,['G', 'G', 'O', 'G']
C14470775,['O', 'G']
C61382656,['G', 'G', 'G', 'G']
C45799392,['G', 'G', 'G', 'G', 'G']
C37105548,['G', 'O']
C01210950,['G', 'G', 'G', 'G']
C14935476,['G', 'G', 'G', 'G', 'O']
C22024768,['G', 'G', 'G']
C36356876,['G', 'G', 'G']
C04821811,['O', 'G', 'G', 'O']
C13636659,['G']
C59217484,['G', 'G', 'G', 'G', 'G', 'G']
C20505268,['G', 'G', 'O']
C04181875,['G', 'G', 'G']
C09092511,['G', 'G', 'G', 'G', 'G', 'G', 'G']
C60372697,['G', 'G']
C45543196,['G', 'G', 'O', 'G', 'G', 'O']
C38119558,['O', 'G', 'G', 'G']
C43391105,['G', 'G', 'G', 'G', 'O']
C65273041,['O', 'G', 'G', 'G', 'G']
C38104364,['G', 'G', 'G']
C28284426,['G', 'O', 'O', 'G', 'G', 'G']
C41012746,['G', 'G', 'G', 'G']
C48660115,['G', 'O']
C49319095,['O', 'G', 'G', 'G']
C39884251,['G', 'G', 'G', 'O']
C37516239,['G', 'G', 'G']
C48695147,['G', 'O', 'O', 'O']
C49371742,['G', 'G']
C20544214,['G', 'O', 'G', 'G', 'O']
C60098822,['O', 'G', 'G']
C38118112,['O', 'G', 'G', 'G']
C00570198,['G']
C36323220,['G', 'G', 'G']
C03114096,['O', 'O']
C08489218,['G', 'G', 'G', 'G', 'O', 'G']
C36860150,['G', 'G', 'G', 'G']
C04263940,['G', 'G', 'G', 'O']
C01095619,['G', 'G', 'G', 'G', 'G', 'G']
C46995161,['G', 'G', 'O', 'G', 'O', 'O']
C22151964,['G', 'O', 'O']
C42879168,['G', 'O', 'G']
C35451960,['G', 'G', 'G', 'G', 'G']
C22014415,['G', 'G']
C04841940,['G', 'G', 'G']
C37296893,['O', 'G']
C37056030,['G', 'G', 'G']
C37193939,['G', 'G', 'G']
C67044374,['G', 'G', 'G', 'O', 'G']
C15783594,['G', 'O']
C31774246,['G', 'G', 'G', 'G']
C20555496,['O', 'G', 'G']
C46996133,['O', 'G', 'G', 'O']
C40271711,['G', 'G']
C66984772,['O', 'G', 'G', 'O']
C00699924,['G', 'O', 'G', 'G']
C05100227,['G', 'O', 'G', 'G', 'G', 'G']
C40226564,['G', 'G']
C10603426,['G', 'G', 'O', 'G', 'G']
C39994867,['G', 'O', 'G', 'G']
C25076313,['G', 'G', 'G', 'G', 'G']
C40289537,['G', 'G']
C37212960,['G', 'O', 'G', 'G']
C52641924,['G', 'G', 'G', 'G']
C33185553,['G', 'G', 'O']
C43229207,['G', 'G', 'G', 'O']
C37393297,['G', 'G', 'O']
C09630323,['G', 'G', 'G', 'G', 'G', 'O']
C40226566,['O', 'G']
C04553773,['G', 'G', 'O', 'O', 'G', 'G', 'O']
C06321515,['G', 'G']
C03378685,['G', 'G', 'O', 'G', 'G', 'G']
C06880030,['G', 'G', 'G', 'G', 'G']
C13636508,['G']
C14686232,['G', 'G', 'G']
C37195283,['G', 'G', 'G']
C37206402,['O', 'G']
C16851597,['G', 'G', 'O', 'G', 'G']
C53100404,['O']
C01438317,['G', 'G', 'G', 'G', 'O']
C05494705,['O', 'G', 'G']
C58271702,['O', 'G', 'G', 'G', 'G', 'G']
C20244226,['G']
C43404989,['G', 'G']
C06883338,['G', 'G', 'G', 'O']
C38012647,['G', 'G', 'O']
C09970844,['O', 'G', 'G', 'G', 'G']
C20404800,['G', 'G', 'O']
C49569422,['G', 'G']
C36709391,['G', 'G', 'O', 'G', 'G', 'O']
C36889853,['G']
C40261197,['G', 'G']
C04003185,['O']
C43080063,['G', 'G', 'G']
C41703040,['O', 'G', 'G', 'G']
C37205847,['O', 'G', 'O']
C41256287,['G', 'O', 'G', 'O', 'G', 'O']
C43579236,['G', 'G', 'O']
C48770508,['G', 'G', 'G']
C37392859,['G', 'G', 'O']
C36897250,['G', 'O', 'O']
C19815537,['O', 'G', 'O']
C38597503,['G', 'G', 'G', 'G', 'G', 'G', 'O']
C37200254,['G', 'G', 'O']
C01231827,['O', 'G']
C55503735,['G', 'G']
C02479296,['G', 'O']
C05234221,['G', 'G', 'O']
C10058986,['G', 'G', 'G']
C37201757,['G', 'G']
C12379109,['G', 'G', 'G', 'G', 'G', 'O']
C49493917,['G', 'G', 'G']
C37232755,['O', 'G', 'G']
C36143277,['G']
C00044344,['G', 'G', 'O', 'G', 'O']
C49130798,['G', 'O', 'G', 'G']
C35286957,['G', 'O']
C36975966,['G', 'G', 'G']
C49963908,['O', 'G', 'G']
C15227931,['G']
C07319804,['O', 'G', 'O', 'G']
C13745432,['G', 'G', 'G', 'G', 'O']
C40288818,['G', 'G', 'G']
C37248149,['O', 'O']
C63496011,['G', 'G']
C20477462,['G', 'G', 'G', 'G']
C59018071,['G', 'G', 'O']
C01574370,['-']
C01074908,['O', 'G', 'O', 'G', 'G', 'G']
C16953001,['-']
C20356960,['O', 'G', 'G']
C57291056,['G', 'G', 'G', 'G']
C24106921,['G', 'G', 'G']
C49254629,['O', 'G', 'G', 'G', 'O']
C36956078,['O', 'G', 'G']
C20362972,['G', 'G', 'G']
C08566904,['G', 'G', 'O', 'G', 'G']
C39506258,['G']
C37366936,['G', 'G', 'G']
C36898370,['G']
C16255558,['O', 'G', 'G', 'G', 'G']
C37786430,['G', 'G', 'G', 'G']
C62779263,['G', 'G']
C05130099,['O', 'G', 'O', 'G', 'O', 'G', 'G', 'G']
C61870595,['G', 'G']
C20478913,['G', 'G', 'G', 'O']
C37761630,['G', 'G', 'G']
C37985130,['O', 'G', 'G', 'G']
C06339818,['G', 'G', 'G', 'G', 'G', 'G']
C36898219,['G']
C00845399,['-']
C59303379,['O', 'O', 'G', 'G']
C01189220,['G', 'G', 'G', 'G']
C51636008,['G', 'G']
C08790601,['G', 'O', 'G', 'G', 'G']
C22199904,['G', 'G', 'O', 'G', 'G', 'G']
C53046523,['O']
C46865264,['G', 'G', 'G']
C57352950,['G', 'O']
C36953344,['G', 'G', 'G', 'G', 'G', 'G']
C03486587,['G', 'G', 'G']
C14548467,['G']
C39443794,['G', 'G', 'G']
C20156677,['O']
C57817597,['G', 'G', 'G', 'G']
C57341921,['G', 'O', 'O']
C03336709,['O', 'O', 'G', 'G', 'G']
C15377715,['G', 'O', 'O']
C33916765,['G', 'G', 'G', 'O']
C00221662,['G', 'G', 'G', 'O']
C04588633,['O', 'G']
C37188185,['G', 'G', 'O', 'O']
C36923492,['G', 'G', 'G']
C07308869,['G', 'G', 'G', 'G', 'O']
C34003648,['G', 'O']
C41649339,['G', 'O', 'O', 'G']
C37936301,['G', 'O', 'G']
C05946104,['G']
C14575456,['G', 'G', 'G', 'G']
C06465845,['O', 'G', 'G', 'G', 'G']
C61614855,['O', 'G', 'G', 'G']
C01107865,['G', 'G', 'G', 'G']
C40283129,['G', 'G']
C36989953,['G', 'O', 'O']
C12803207,['O', 'G', 'G', 'O', 'G', 'O']
C19815425,['O', 'G', 'O']
C24711783,['O', 'G', 'G', 'G', 'G', 'O']
C54729691,['G', 'G', 'G', 'G', 'G', 'O']
C37392595,['G', 'G', 'O', 'O']
C37193286,['G', 'G', 'G']
C31257829,['G', 'G', 'G', 'G', 'O', 'G']
C51545223,['G', 'G', 'G', 'G']
C30447928,['G', 'G', 'G', 'O']
C44976459,['G', 'G', 'O']
C01569595,['G', 'G']
C42141750,['O', 'G', 'O']
C12506228,['G', 'G', 'G']
C61692862,['G', 'G', 'G']
C65886529,['G', 'G', 'G']
C43560652,['G', 'G', 'G']
C20362922,['G', 'G', 'G']
C13590969,['O', 'G', 'G', 'O']
C36956984,['O', 'G', 'O', 'O']
C13636542,['G']
C49018985,['G', 'G', 'O']
C30782367,['G', 'G']
C51633004,['G']
C23238129,['O', 'G', 'G', 'G', 'G']
C39326649,['G', 'G', 'G', 'G', 'O']
C03264267,['G', 'G', 'O', 'G', 'O', 'G', 'O']
C05376771,['G', 'O']
C49622808,['O', 'G', 'O']
C17961449,['G', 'G', 'G', 'G']
C37192234,['G', 'G', 'G']
C40245366,['G', 'G']
C00232681,['G', 'G', 'G', 'G']
C09801178,['G', 'G', 'G', 'G', 'G', 'O', 'O']
C54826455,['G', 'G']
C00704325,['O']
C01048283,['G', 'G', 'G']
C67177091,['G', 'O', 'G']
C37368771,['O']
C40261128,['G', 'G']
C16841542,['O', 'G', 'G', 'G', 'G']
C15775517,['G', 'G', 'G', 'G', 'G', 'G', 'G']
C36750584,['O', 'O', 'O']
C59475364,['G', 'O', 'O']
C12446785,['G', 'G']
C66985577,['G', 'G', 'G', 'G']
C37247788,['O', 'G', 'G']
C44825184,['G', 'G', 'G', 'G']
C53057626,['G', 'G', 'G', 'G']
C21519419,['G', 'G', 'G']
C37185337,['G', 'G', 'G']
C07738402,['G', 'G', 'G']
C13106936,['G', 'G']
C08199019,['G', 'G', 'O', 'G', 'G']
C62007430,['O', 'O', 'G']
C39188004,['O', 'O']
C55503551,['G', 'G', 'O']
C41506124,['O', 'G', 'G', 'G']
C37004880,['G', 'G', 'G', 'O', 'G', 'G']
C56652483,['G', 'O', 'G']
C35467132,['G', 'G', 'G']
C44298326,['G', 'G']
C40283433,['G', 'G']
C37938548,['G', 'G', 'O']
C49756563,['G', 'G', 'G', 'G']
C01510655,['G', 'G', 'G']
C37388792,['G', 'G', 'O', 'O']
C48434162,['G', 'G']
C31033613,['G', 'G', 'G', 'G', 'G']
C36899244,['G']
C40948051,['G', 'G', 'G']
C37057076,['G', 'G', 'G', 'O']
C33323576,['O', 'G']
C39459650,['O', 'G']
C37402198,['G', 'G', 'G', 'G']
C01113409,['G', 'G', 'G', 'G']
C37278933,['G', 'G', 'G', 'O']
C20549102,['G', 'G', 'O']
C41677509,['G', 'G', 'G']
C16449153,['O']
C49598323,['G', 'G', 'G']
C62360270,['G', 'G']
C00994275,['O']
C06926823,['G']
C01087290,['G', 'G', 'G']
C36822545,['G', 'G', 'O']
C36976116,['G', 'G', 'O']
C32100241,['G', 'O', 'G', 'O']
C13117955,['G', 'G', 'O', 'G', 'O']
C41057977,['G', 'G', 'G']
C49956066,['G', 'G', 'G']
C40271409,['G', 'G']
C23485344,['G', 'G', 'G', 'G', 'G', 'G']
C20478936,['G', 'G', 'O']
C40270868,['G', 'G']
C31950423,['G', 'G', 'G']
C12566126,['O', 'G', 'G', 'G']
C01067538,['G', 'G', 'G', 'G', 'G', 'O']
C42143806,['O', 'O']
C13625699,['G', 'G', 'G', 'G', 'G']
C61670127,['G', 'G', 'G']
C36915539,['G', 'G', 'G']
C45935091,['G', 'G', 'G']
C35286949,['G', 'O']
C36867908,['O', 'G', 'O']
C40271557,['G', 'G']
C00639556,['G', 'G', 'G', 'G']
C20890358,['G', 'O', 'O', 'G']
C41663735,['G', 'G', 'G', 'G', 'G']
C37814102,['G', 'O', 'O', 'G']
C01385530,['G', 'G']
C59598344,['O', 'O', 'O', 'G', 'O', 'G']
C40265118,['G', 'G']
C37248089,['O', 'G']
C47355912,['G', 'G', 'G', 'G']
C21512846,['G', 'O', 'G']
C33275997,['G', 'G', 'G', 'G', 'G', 'G']
C09195469,['G', 'G', 'O', 'G']
C36963795,['O', 'G', 'O']
C36981859,['G', 'G', 'O', 'G']
C47162325,['G', 'O']
C32763352,['G', 'G', 'O', 'G', 'G', 'G']
C50471454,['G', 'G']
C04382474,['G', 'G', 'O', 'G']
C40271723,['G', 'G']
C37936864,['O', 'G', 'G']
C50165886,['G', 'G']
C40261104,['G', 'G']
C36957025,['G', 'O']
C35344989,['G', 'G']
C62666140,['G', 'G']
C21249312,['G', 'G', 'G']
C07980674,['G', 'G', 'O', 'G']
C00171373,['O']
C39479658,['G']
C21005467,['G', 'G']
C39459792,['G']
C27642384,['G', 'O', 'G']
C53106566,['G', 'G', 'G', 'G']
C05295138,['O', 'G', 'G']
C20009088,['G', 'G', 'G']
C37291301,['G', 'G']
C33288975,['G', 'O', 'O', 'G', 'G', 'G', 'G', 'G']
C20477303,['G', 'G', 'G', 'O']
C63001404,['G', 'O']
C25390380,['G', 'G', 'G', 'G', 'G']
C67646890,['G', 'G', 'G', 'G', 'G', 'G', 'G']
C02659925,['G', 'G', 'G', 'G', 'G']
C05108659,['G', 'G', 'G', 'G']
C02816976,['G', 'G', 'G', 'G']
C16462302,['G', 'O', 'G', 'G', 'G']
C20477130,['G', 'G', 'O']
C25965086,['O', 'O', 'G', 'G', 'G']
C37302537,['G', 'G', 'G', 'G', 'G']
C08921918,['G', 'G', 'O', 'G']
C48442207,['G', 'G', 'G']
C00655523,['G', 'O', 'G', 'G', 'G']
C38511283,['G', 'G', 'O', 'G']
C36981875,['G', 'G', 'G', 'O', 'G']
C40261075,['G', 'G']
C03445068,['G', 'G', 'G', 'G', 'G']
C60246209,['G', 'G', 'G']
C05383602,['G', 'O', 'G', 'G']
C00192821,['O']
C50429810,['O', 'O', 'G']
C39479657,['G']
C59398983,['O', 'O', 'O']
C15985835,['O', 'G', 'G', 'G', 'G', 'O']
C40242748,['G', 'G', 'G']
C66036042,['G', 'G', 'G', 'G', 'O']
C39459571,['G', 'O', 'G']
C31877626,['G', 'G', 'G', 'G']
C00433946,['G', 'G', 'G', 'G']
C39441584,['G', 'G', 'G', 'G', 'G', 'G', 'G']
C55502675,['G', 'G', 'G', 'G']
C35019653,['G', 'G', 'G']
C39507386,['O']
C46703504,['G']
C58282564,['O', 'G', 'G', 'G', 'O']
C62126177,['G', 'G', 'O']
C00171372,['G']
C40908352,['G', 'G', 'G', 'G']
C37977924,['G', 'G', 'G', 'G', 'G']
C37205953,['G']
C04552085,['-']
C55190792,['G', 'G']
C05568494,['G', 'G', 'G', 'G']
C39326642,['G', 'G', 'O', 'G', 'O']
C59487652,['G', 'G', 'G']
C19715977,['G', 'G', 'G']
C35452052,['G', 'G', 'G', 'G', 'O']
C22064431,['G', 'G', 'O']
C53047122,['O']
C04850665,['G', 'G', 'O', 'O']
C17143437,['G', 'G', 'G', 'G', 'G', 'G', 'G', 'G', 'G']
C35382402,['G', 'G']
C37960483,['G', 'G', 'G', 'G', 'G']
C17844374,['O', 'G', 'G', 'G']
C19906304,['O', 'G', 'O']
C37247728,['G', 'O', 'G']
C26295975,['O', 'G', 'G']
C62560747,['G']
C66394458,['G', 'G', 'G', 'G']
C37056006,['G', 'G', 'G']
C06112762,['G', 'G', 'G', 'G', 'O', 'O']
C32119673,['G', 'O']
C58566736,['G', 'G', 'G', 'G']
C16400415,['G', 'O']
C46912092,['G', 'G', 'G', 'G', 'O']
C37885121,['G', 'G', 'G', 'O', 'O', 'O']
C46581232,['O', 'G', 'G', 'O']
C20478696,['G', 'G', 'G', 'O']
C37243796,['G', 'G', 'O']
C20835298,['O', 'G', 'G', 'G', 'O', 'G', 'G']
C04703060,['G', 'G', 'G', 'G']
C37274254,['G', 'O', 'G', 'G']
C48465304,['O', 'G']
C04515320,['G', 'G']
C35668772,['O']
C14652858,['G', 'G', 'G', 'G', 'G', 'G', 'G', 'O']
C02022889,['G', 'G', 'G', 'G', 'G']
C62013901,['G', 'O', 'G']
C21491955,['O', 'G', 'O', 'G', 'G', 'G', 'G']
C22737504,['G', 'G', 'G', 'O', 'O']
C51646380,['G', 'O', 'O', 'G', 'G', 'G', 'O', 'G']
C20479063,['G', 'G', 'O']
C42373299,['G', 'O', 'O', 'G', 'O']
CHEMBL131855,['O']
C01734735,['O']
C56354215,['G', 'G', 'G', 'O', 'O', 'G', 'G', 'G']
C10603414,['G', 'G', 'G', 'G', 'G']
C44774336,['G', 'O', 'G']
C54363167,['O', 'G']
C49897485,['G', 'G', 'G', 'G']
C04750790,['O', 'O']
CHEMBL501080,['G', 'G', 'G']
C51527499,['G', 'G', 'G', 'G']
C40273646,['G', 'G']
C63061506,['G', 'G']
C40795582,['O', 'G', 'G']
C37843675,['G', 'O', 'G', 'G']
C37324675,['O', 'O', 'O']
C57350412,['G', 'G', 'O', 'G', 'G']
C36899385,['G']
C37402292,['G', 'G', 'G']
C00692124,['G', 'O', 'G', 'G']
C54390643,['G', 'G', 'G', 'G', 'G']
C37221968,['G', 'G', 'G', 'O', 'O']
C35333184,['G', 'G']
C03161157,['G', 'G']
C49077499,['G', 'O', 'O', 'G', 'G', 'G', 'G']
C21801735,['G', 'G', 'G']
C59462533,['G', 'G', 'O', 'G']
C08919586,['G', 'G', 'G', 'G']
C00440383,['G', 'G']
C37191420,['G', 'G', 'G']
C37192778,['G', 'G', 'G']
C54190250,['G', 'G', 'G']
C37402995,['O', 'G', 'G']
C00117778,['G', 'O']
C20875750,['G', 'O', 'G', 'O', 'G']
C53100043,['O']
C37937602,['G', 'G', 'O']
CHEMBL426262,['G', 'G']
C02114759,['G', 'G', 'G']
C55051665,['G', 'G', 'G', 'G', 'G']
C37051921,['G', 'G']
C02708264,['G', 'G', 'O', 'O']
C48545690,['G', 'G', 'G', 'O']
C58734572,['G', 'G', 'O', 'G', 'G']
C20088313,['G', 'G', 'O']
C24220417,['O', 'G', 'G']
C04515329,['G', 'G']
C40924804,['G', 'G', 'G', 'G', 'G', 'G', 'G', 'O']
C40805836,['G', 'O', 'G', 'G']
C01264158,['G', 'O', 'G', 'G', 'G']
C36898064,['G']
C40288857,['G', 'G']
C18043342,['O', 'G', 'G', 'G', 'G']
C01576757,['G', 'G']
C48820912,['G', 'O']
C36975968,['G', 'O', 'O']
C37056040,['O', 'G', 'G']
C36899494,['G']
C40260653,['G', 'G']
C35551649,['G', 'G', 'G']
C13786676,['O', 'G', 'G', 'O']
C44814385,['G', 'G', 'G', 'G', 'G']
C48672991,['G', 'G', 'G', 'G']
C17083527,['G', 'G', 'G']
C04150436,['G', 'G', 'G']
C54730414,['G', 'G', 'G', 'O']
C35628572,['G', 'G', 'O']
C35628655,['G', 'G', 'O']
C37197338,['O', 'G', 'O']
C05382022,['G', 'G', 'G', 'G']
C63130569,['G', 'G', 'G', 'G', 'G', 'G']
C39148545,['G', 'G', 'G', 'O', 'G']
C50785988,['G', 'G', 'G', 'G', 'G', 'G']
C64935884,['G', 'G', 'G', 'G']
C39510616,['G', 'G']
C14456507,['G']
C36923445,['G', 'G']
C37247292,['O', 'G', 'G', 'G']
C37195405,['G', 'G', 'G']
C37256562,['G', 'G']
C19927409,['G', 'G']
C37378721,['G', 'G']
C20477017,['G', 'G', 'O']
C56763013,['G', 'G', 'G', 'G', 'O', 'G']
C37402436,['G', 'G', 'G']
C00426346,['G', 'G', 'O']
C50358444,['G', 'G', 'O']
C21791391,['G', 'G', 'O']
C50359521,['G', 'G', 'G', 'O']
C07159917,['G', 'G', 'G', 'G', 'G']
C05338770,['G', 'G']
C26071386,['O', 'G', 'G']
C39758976,['G', 'G', 'G', 'G', 'G', 'O']
C40260974,['G', 'G']
C23954667,['G', 'G', 'G', 'G']
C35294322,['G', 'O', 'G']
C40261184,['G', 'G']
C39776152,['O', 'G']
C59877679,['G', 'G', 'G', 'G']
C37072089,['G', 'O']
C40264931,['G', 'G']
C58413775,['G', 'O', 'O', 'G']
C60767265,['O', 'G', 'G']
C39526140,['G']
C07983546,['G', 'G', 'G', 'O']
C48626053,['G', 'G', 'G', 'O']
C38001319,['G', 'G']
C14466437,['G', 'O', 'G', 'O']
C42578364,['O', 'G', 'O']
C00949462,['G', 'G', 'G']
C04589076,['G', 'G']
C00368592,['O', 'G', 'G', 'G']
C36898265,['G']
C40795346,['O', 'G', 'G']
C20132528,['G', 'G', 'G', 'G', 'G']
C37205308,['O', 'G', 'O', 'G', 'G']
C37497146,['G', 'G', 'G']
C26571495,['O', 'G', 'G', 'G', 'G', 'G', 'G']
C05714825,['G', 'G', 'G']
C59793412,['G', 'G', 'G', 'G', 'G', 'G']
C44020246,['G', 'O', 'O']
C61692307,['G']
C06996025,['G']
C59114799,['G', 'G', 'G', 'O']
C40261046,['G', 'G']
C02906343,['O']
C00834619,['G', 'G', 'G', 'G']
C04452469,['G', 'O', 'O']
C46928880,['G', 'G', 'G', 'G']
C49528624,['O', 'G', 'G', 'G']
C11865085,['G', 'O', 'G']
C55306696,['G', 'O']
C37775576,['G', 'G', 'G', 'G', 'G']
C36241657,['G']
C67432105,['G', 'G', 'G', 'G', 'G']
C00054465,['G']
C40261189,['G', 'G']
C09582998,['G', 'G', 'G', 'G']
C14475564,['G', 'G', 'O', 'G', 'G']
CHEMBL1093772,['G', 'G', 'G', 'G', 'O']
C39507389,['G']
C15658304,['G', 'G', 'G']
C52858395,['O', 'O']
C49163713,['O', 'G']
C09805690,['G', 'O', 'G']
C49413315,['O', 'G', 'G', 'G']
C46928740,['O', 'G', 'O']
C49392916,['G', 'G', 'G', 'G']
C37368789,['O']
C00900416,['G', 'G', 'O', 'G', 'G', 'G']
C58432880,['G', 'G', 'O']
C43640501,['O', 'G', 'G']
C04040948,['O', 'G', 'O', 'O']
C37885223,['G', 'O', 'G', 'G', 'G', 'G', 'O']
C35482869,['O', 'G']
C07265132,['G', 'G', 'G']
C36168326,['G', 'O', 'G']
C40261962,['G', 'G']
C04265900,['O', 'O']
C00854237,['G', 'O', 'G', 'G', 'G']
C57423958,['G', 'G', 'G']
C37197043,['G', 'G', 'G', 'G']
C48554781,['G', 'G', 'G', 'O']
C37210556,['G', 'G', 'O']
C02268440,['G', 'G', 'G', 'G', 'G', 'G']
C36681179,['O', 'G', 'G', 'G']
C49371870,['G', 'G']
C62017675,['G', 'G', 'O', 'O']
C39237856,['O', 'G', 'G', 'O']
C35344217,['G']
C63220207,['G', 'G', 'O']
C45732223,['G', 'G', 'G', 'G', 'O']
C00569844,['G']
C03849070,['G', 'G', 'G']
C36670873,['G', 'G', 'G']
C12811859,['G', 'G', 'O', 'G', 'G']
C36915536,['G', 'G', 'G']
C00870831,['G', 'O', 'G', 'G', 'G']
C16385318,['O', 'G']
C58356034,['G', 'G', 'O', 'G', 'G']
C36912357,['G', 'G']
CHEMBL1084360,['O', 'G', 'G', 'G']
C32003884,['G']
C40909242,['G', 'G', 'G']
C62411912,['G', 'G', 'G', 'G', 'O', 'G', 'O']
C37195325,['G', 'G', 'G']
C49047894,['O', 'G', 'G', 'G']
C02147014,['O', 'O', 'G', 'O']
C63896997,['G', 'G', 'G', 'G', 'G']
C62771312,['G', 'G', 'G']
C43560456,['G', 'G', 'O']
C12651273,['G', 'G', 'O']
C16779155,['G', 'G', 'O', 'G']
C01609903,['-']
C01088609,['G', 'O', 'G', 'G', 'G']
C03130836,['O', 'G', 'G', 'G', 'G', 'G', 'G', 'G']
C64935300,['G', 'G', 'G', 'O']
C59133389,['G', 'G', 'G', 'G', 'G']
C38788222,['G', 'O', 'G']
C46376271,['O', 'G', 'G']
C22610275,['G', 'G', 'G', 'G', 'G', 'G']
C49184061,['G']
C39926607,['G', 'G', 'O']
C04450144,['G']
C59363417,['G', 'G', 'G', 'G', 'G']
C62988049,['O', 'G']
C37322158,['G', 'G', 'G']
C05034915,['G', 'G', 'G', 'G']
C58424288,['O', 'O', 'O']
C20478461,['G', 'G', 'O']
C46768815,['G', 'G', 'O']
C40276280,['G', 'G']
C02065636,['O', 'G', 'G', 'O']
C63011671,['G', 'G', 'G', 'G']
C16449082,['G', 'O']
CHEMBL236201,['G', 'G', 'G']
C37281570,['G', 'G', 'G']
C25387045,['G', 'G', 'G']
C59180772,['G', 'G', 'G', 'O', 'G']
C20835320,['O', 'G', 'G', 'G']
C06782432,['G', 'O', 'G', 'O', 'G', 'G']
C20021818,['G', 'G', 'G']
C05394550,['O', 'O']
C15008540,['G', 'G', 'G']
C31552325,['O', 'O', 'G', 'G', 'O', 'O', 'O', 'G']
C66879205,['G', 'G']
C10885554,['G', 'G', 'G', 'G', 'G', 'G', 'G']
C61692969,['G', 'O', 'G', 'G']
C55306706,['G', 'O']
C20477280,['G', 'O', 'G']
C20025660,['G', 'G', 'G', 'G']
C09473840,['G', 'G', 'G', 'G', 'G', 'G', 'G', 'G']
C37413342,['G', 'G', 'G']
C64402465,['G', 'G', 'O', 'G', 'G', 'G']
C37035318,['O', 'G', 'G', 'G']
C17963094,['G', 'G', 'G', 'G', 'G']
C59267781,['G', 'G', 'G', 'G', 'G', 'O']
C22975461,['O', 'G', 'O', 'G']
C48416922,['G', 'G', 'G', 'G', 'G', 'G']
C01564173,['G', 'G']
C55980716,['G', 'G', 'G', 'O', 'G']
C05209437,['G', 'G', 'G', 'G', 'G', 'O']
C48444976,['G', 'G', 'G', 'G', 'G']
C62564548,['G']
C05237747,['G', 'G', 'G', 'O']
C06465633,['G', 'O', 'G']
C28048556,['G', 'G', 'G']
C53098973,['O']
C20210615,['G', 'G', 'G']
C35285858,['G', 'G', 'O']
C37600235,['G']
C05201016,['G']
C42319927,['G', 'G', 'G']
C62771423,['G', 'G', 'O']
C66504059,['O', 'G', 'G', 'G', 'G']
C36394452,['G', 'G', 'G', 'G']
C49163331,['G', 'G']
C36867750,['O', 'O', 'O']
C49184835,['G', 'G', 'G']
C49133736,['G', 'G', 'G', 'G']
C04949113,['O', 'O', 'G']
C08461273,['G', 'G', 'G', 'G', 'O']
C16404633,['G', 'G']
C48695138,['O', 'G', 'G']
C40433573,['G', 'G', 'G']
C42376621,['O', 'O']
C62770597,['G', 'G', 'G', 'G']
C37249203,['G', 'G', 'G']
C05100213,['G', 'O']
C51570647,['G', 'G', 'G', 'G', 'G', 'G']
C20303945,['G', 'G', 'G']
C59432873,['G', 'G', 'G', 'G', 'O']
C05180892,['G', 'G', 'G']
C37365787,['G', 'G']
C40271661,['G', 'G']
C35696777,['G', 'G']
C40260977,['G', 'G']
C61849388,['O', 'O']
C47570878,['O', 'O', 'O', 'G', 'G']
C40243425,['G', 'G']
C37101508,['G', 'G']
C39506779,['G']
C43597574,['G', 'G']
C00851730,['G', 'G', 'G', 'G']
C22958027,['G', 'G', 'G', 'G', 'G']
C01230437,['G', 'G', 'G', 'G', 'G', 'O']
C43679092,['G', 'G', 'G']
C18270676,['G', 'O', 'G']
C01682536,['G', 'G', 'G', 'O']
C37221947,['G', 'G', 'G', 'G', 'O']
C53783493,['G', 'G', 'G']
C57306736,['G', 'O', 'G']
C43666135,['G', 'G']
C04695601,['G', 'G', 'G', 'G', 'O']
C35698054,['G']
C00904587,['O', 'G', 'G']
C48096328,['G', 'G', 'G', 'G', 'O']
C37691104,['G', 'G']
C14808929,['G', 'O', 'G', 'G', 'G']
C38989865,['O', 'O', 'G']
C53786581,['G', 'G', 'G']
C28396207,['G', 'G', 'G', 'O', 'G', 'G', 'G', 'O']
C40286010,['G', 'G']
C09834017,['G', 'G', 'G', 'G']
C40433572,['G', 'G', 'O']
C20014671,['G', 'O']
C37313743,['G', 'G', 'G', 'G']
C00061788,['O', 'G']
C45946666,['G']
C31950410,['O', 'G', 'G']
C17960320,['O', 'O', 'O', 'G', 'G', 'G']
C51579356,['O', 'G', 'O']
C19931439,['G', 'G']
C40284146,['G', 'G']
C47400903,['G', 'G', 'G', 'O', 'G']
C61876781,['G', 'G']
C40289631,['G', 'G']
C05171472,['G', 'G']
C37742647,['G']
C22508853,['G', 'G', 'G', 'G', 'O']
C45999171,['G', 'G', 'G']
C00349779,['G']
C44317939,['O', 'O', 'G', 'G']
C37442128,['G', 'O']
C20132963,['G', 'G', 'G', 'G', 'G', 'G']
C05629088,['G', 'G', 'G', 'G', 'G', 'O']
C43461013,['O', 'G']
C01692048,['-']
C13756902,['O', 'O']
C62797440,['G', 'G', 'G']
C37199675,['G', 'G', 'G']
C53585643,['G', 'G', 'G', 'G', 'G', 'G']
C61099700,['G', 'G', 'G']
C22413813,['G', 'G', 'G']
C02949651,['G', 'G']
C36813985,['G', 'G']
C12211396,['G', 'O', 'G', 'G']
C62746581,['G', 'G', 'O']
C40264743,['G', 'G', 'G']
C67158492,['G', 'O', 'G', 'G', 'O']
C48941746,['O', 'G', 'G', 'O']
C40243426,['G', 'G']
C37205886,['G']
C35342783,['G', 'G']
C37105544,['O', 'G', 'O']
C13881840,['G', 'G', 'G', 'G', 'G']
C08117951,['G', 'G', 'G']
C37296668,['G', 'G', 'O']
C49426976,['G', 'O', 'O', 'G', 'G']
C61690882,['G', 'G']
C62329442,['G', 'O']
C49580468,['G', 'O', 'G', 'G', 'G', 'G']
C64245341,['G', 'O', 'O', 'G', 'G']
C20477277,['G', 'G', 'G']
C37201723,['G', 'G', 'O']
C44501041,['G', 'G', 'G']
C01065236,['G', 'G', 'G']
C36222089,['O']
C05890361,['G']
C63010714,['G', 'G', 'G', 'G']
C40245042,['G', 'G']
C42376158,['O', 'G']
C61417359,['G', 'G']
C06772411,['G', 'G', 'G']
C37364857,['G', 'G']
C42143774,['O', 'O']
C02422047,['G']
C37121475,['G', 'O', 'O']
C03098125,['O', 'G']
C27299011,['G', 'G', 'O', 'O', 'G']
C48400538,['G', 'G', 'G', 'G']
C13450039,['-']
C62368065,['O', 'O', 'O']
C44835907,['O', 'G']
C01445043,['G', 'G', 'G', 'G']
C36899633,['G']
C61630347,['G', 'G', 'G']
C17165985,['G', 'G', 'O', 'G', 'G', 'G']
C04713028,['G', 'G', 'O']
C67593036,['G', 'O', 'G', 'G', 'G']
C12773206,['G', 'G', 'G', 'G']
C00292376,['O', 'G']
C37600282,['O']
C16445442,['G', 'G', 'G', 'O']
C01107516,['O', 'G']
C05523674,['G', 'G', 'O']
C31695202,['G', 'G', 'G', 'O', 'G']
C49712655,['G', 'G', 'G', 'G']
C49141645,['G', 'G']
C37281366,['G', 'G', 'G', 'G']
C12845270,['O', 'G', 'G', 'G', 'O', 'G']
C02330668,['G', 'G', 'G']
C01056227,['G', 'G', 'O', 'G', 'O']
C04335958,['O']
C52172391,['G', 'G', 'G']
C37117063,['G', 'G', 'O', 'G']
C43675762,['G', 'G', 'G']
C16524244,['G']
C40797847,['G', 'G', 'G']
C37055227,['G', 'G', 'O', 'O']
C37055908,['G', 'G', 'G', 'O']
C43640493,['G', 'G', 'G']
C39540740,['G']
C39506852,['O']
C20477696,['G', 'G', 'G']
C50346889,['G', 'O']
C32889259,['G', 'G', 'G', 'G']
C00869782,['G', 'G', 'G', 'G']
C03114155,['O', 'O', 'O']
C59505896,['G', 'O', 'G', 'O', 'G']
C14480051,['G']
C66061799,['O', 'G', 'G']
C36964624,['G', 'G']
C61983427,['G', 'G', 'O']
C08013184,['G', 'G', 'G', 'G', 'G']
C20478736,['G', 'G', 'G']
C40273780,['G', 'G']
C37192844,['G', 'G', 'G']
C16400614,['G', 'G', 'G', 'O']
C20368546,['G', 'O']
C59213404,['O', 'G', 'G', 'O', 'G', 'O']
CHEMBL444286,['G', 'G', 'G']
C12425751,['O', 'G', 'G', 'G', 'O', 'G']
C01603928,['-']
C01144746,['O', 'G', 'G', 'G', 'O']
C54107516,['G', 'G', 'G']
C23297842,['G', 'G', 'G', 'G']
C40276549,['G', 'G']
C59268684,['G', 'G', 'O', 'G', 'G', 'G', 'O']
C19922980,['G', 'G', 'G']
C01760525,['G']
C67066060,['G', 'O', 'G', 'O', 'G']
C41007610,['O', 'G', 'O', 'G', 'G', 'O']
C37209389,['G', 'G', 'G', 'O', 'O']
C67364222,['G', 'O', 'G', 'G', 'G']
C37381428,['G', 'G']
C06806227,['G', 'G', 'G', 'O']
C37359511,['G', 'G']
C19845493,['O', 'O']
C14575457,['G', 'G', 'G', 'G']
C37254040,['G', 'G', 'G']
C60496768,['G', 'O', 'G', 'O']
C45923373,['G']
C38132081,['G', 'G', 'G', 'G', 'O']
C04482941,['G', 'G']
C37212455,['G', 'G', 'G']
C54270433,['G', 'G']
C37302240,['G', 'G', 'G', 'O']
C63908958,['G', 'O', 'G']
C41597753,['O', 'G', 'O', 'G', 'G']
C67014197,['G', 'O', 'G', 'O']
C36826457,['G']
C26424383,['G', 'G']
C40795343,['O', 'G', 'G']
C23845257,['G', 'O', 'G', 'G']
C37392600,['G', 'G', 'O']
C40799985,['G', 'G', 'O']
C37206739,['O', 'O']
C02781075,['G', 'G', 'G', 'G']
C04548819,['G', 'O', 'G', 'G']
C36915569,['G', 'G', 'O']
C22350796,['G', 'G', 'G']
C36259671,['G']
C35467135,['G', 'G', 'G']
C04290115,['G', 'G']
C59220582,['G', 'G', 'O']
C11335850,['G']
C62779343,['G', 'G']
C35342297,['G', 'G']
C45188316,['G']
C51039342,['G', 'O']
C62334871,['G', 'G']
C40486344,['G', 'G', 'O', 'G']
C40236099,['G', 'G']
C40260983,['G', 'G']
C66769214,['O', 'G', 'O']
C28463751,['G', 'G']
C05899065,['O', 'O', 'O', 'O']
C34651900,['G', 'G']
C59417968,['G', 'G', 'G']
C37214223,['G', 'G']
C66938130,['O', 'G', 'G', 'G']
C16740554,['O', 'O', 'G', 'G']
C19970773,['G', 'G', 'G']
C13667244,['G', 'G', 'G', 'O', 'G', 'G', 'G']
C53098763,['O']
C10537019,['G', 'G']
C36275460,['G', 'O']
C42728703,['G', 'G']
C40276337,['G', 'G']
C20132902,['G', 'G', 'G', 'G', 'G', 'G']
C14631023,['G', 'G', 'G']
C19923060,['G', 'G', 'O']
C35081576,['G', 'G']
C37206586,['O', 'G']
C20524814,['G', 'G', 'G', 'G', 'G']
C00568309,['G', 'G', 'G']
C12863349,['G', 'G', 'G', 'G', 'G']
C36795800,['O', 'G', 'G', 'O', 'G', 'G', 'O', 'O']
C45868953,['G', 'G', 'O', 'G', 'G', 'G']
C14903997,['G', 'G', 'G']
C53170135,['G', 'G']
C63908350,['O', 'G', 'G', 'O']
C37282841,['G', 'G']
C02964160,['G', 'G']
C39454188,['-']
C37221948,['G', 'G', 'G', 'G', 'G']
C13222790,['O', 'G', 'O', 'G']
C50123338,['G', 'G', 'O']
C05477798,['O', 'G', 'G']
C37907033,['G', 'G', 'G']
C59793332,['G', 'O', 'G', 'O']
C04891181,['G', 'G', 'G']
C65272891,['G', 'G', 'G', 'G', 'G']
C37302254,['O', 'G', 'G']
C05394944,['G', 'G', 'G', 'G']
C38132086,['G', 'G', 'G', 'G', 'O']
C09920388,['G', 'G', 'G', 'G', 'G']
C48506188,['G', 'G', 'O', 'G']
C46748024,['G', 'G', 'G', 'G', 'O', 'G', 'G']
C40242075,['G', 'G', 'G']
C43579468,['G', 'G', 'G', 'G']
C37056039,['G', 'G', 'G']
C07406816,['G', 'G', 'O']
C52122342,['O', 'O']
C06249633,['G', 'G', 'G', 'G', 'G']
C37907035,['G', 'G', 'G']
C54826548,['G', 'G']
C20359478,['G', 'G', 'O']
C28162833,['O', 'G']
C50202385,['G']
C19569528,['O', 'G', 'G', 'G', 'G']
C11330729,['G', 'G']
C07609503,['O', 'O', 'G', 'G']
C06771781,['O', 'G', 'G', 'G', 'G', 'O', 'O']
C43769718,['G']
C65797685,['G', 'O', 'G']
C40276529,['G', 'G']
C00688778,['G', 'G', 'G', 'G']
C39506781,['G']
C66770796,['G', 'G', 'G']
C40245403,['G', 'G']
C09711750,['G', 'G', 'G', 'O', 'G', 'G']
C66770793,['G', 'G', 'G']
CHEMBL489788,['G', 'G']
C09901254,['G', 'G', 'O']
C23184513,['G', 'G', 'G']
CHEMBL357651,['G']
C40230376,['O', 'G', 'G', 'G']
C41641808,['G', 'G', 'G']
C36899649,['G']
C62706442,['O', 'O', 'O']
C62564550,['G']
C62778887,['G', 'G']
C03505453,['G', 'G']
C49569423,['G', 'G']
C40289569,['G', 'G']
C40265065,['G', 'G']
C40261173,['G', 'G']
C00929671,['O', 'G', 'G', 'G', 'G', 'G']
C20926902,['G', 'G', 'G', 'G', 'G', 'G']
C54214275,['G', 'G']
C43577403,['G', 'G']
C23223221,['G', 'G', 'O']
C65875010,['G', 'G', 'O', 'G', 'G']
C39506780,['G']
C40271792,['G', 'G']
C32843285,['G', 'G', 'G', 'G', 'O', 'G']
C36632442,['O', 'G', 'G', 'G']
C40285992,['G', 'G']
C45888747,['G', 'O']
C49297693,['G', 'O', 'G', 'G']
C61117468,['O', 'G', 'G']
C52177514,['O', 'O', 'G']
C05604697,['G']
C35327726,['G', 'G', 'G', 'O', 'G']
C02479486,['O', 'G', 'G', 'G', 'G']
C45621297,['G', 'G', 'G', 'G', 'O', 'G']
C12775271,['G', 'G', 'G', 'G']
C58960346,['O', 'G', 'G', 'G', 'G', 'G']
C61851234,['G', 'G']
C35179054,['G', 'G', 'O', 'O']
C37247146,['O', 'G', 'O']
C17054684,['G', 'G']
C61120086,['G', 'G', 'O']
C49083078,['G', 'O']
C01368211,['G', 'G', 'G', 'O']
C40242067,['G', 'G', 'G']
C51755702,['G', 'G', 'G']
C37296953,['O', 'G']
C43686806,['G', 'G', 'G', 'G', 'G', 'G']
C61640585,['G', 'G', 'G']
C48732113,['G', 'G', 'G', 'G']
C61116129,['G', 'G', 'O']
C37252740,['G', 'G']
C12741554,['G', 'G', 'G', 'G']
C61116028,['G', 'G', 'G']
C63150607,['G', 'G', 'G', 'G']
C23259380,['G', 'G', 'G', 'G', 'G']
C62564544,['G']
C12546397,['O', 'G', 'G', 'O']
C37205985,['G']
C36620916,['G', 'O', 'G', 'G']
C43303843,['O', 'O', 'G']
C52924849,['G', 'O']
C04004270,['G']
C37270203,['G', 'G', 'G', 'G']
C48518941,['G', 'G', 'O']
C61414296,['O', 'G', 'G']
C55309667,['O', 'G', 'G', 'O']
C39725033,['G', 'G', 'G', 'O', 'G']
C60132724,['G', 'G', 'G']
C37013348,['G', 'G', 'G', 'G']
C32031961,['G', 'G', 'G']
C00032900,['-']
C62778959,['G', 'G']
C54825460,['G', 'G']
C09233568,['G', 'G', 'O', 'G', 'G']
C20606374,['G', 'G']
C35380387,['G', 'G']
C42221256,['O', 'O', 'G']
C05023473,['O', 'O', 'G', 'G']
C20246230,['O', 'G', 'G']
C40425019,['G', 'G']
C06527324,['O', 'O']
C15866435,['G', 'G']
C00867536,['G', 'G', 'G', 'G']
C42143998,['G', 'O']
C43503152,['G', 'G']
C05811727,['G']
C40265040,['G', 'G']
C25490236,['G']
C00051021,['G']
C06747703,['G']
C40276535,['G', 'G']
C42728749,['G', 'G']
C00424449,['G', 'G']
C59015565,['G', 'G', 'O', 'G', 'O', 'G', 'O', 'G']
C37247750,['G', 'G', 'O']
C37885264,['G', 'G', 'G', 'G', 'G', 'G', 'G']
C40721096,['G', 'G', 'O', 'G', 'O']
C43552439,['G', 'G', 'O', 'G', 'O', 'G']
C19771824,['G', 'G']
C37010883,['G', 'G', 'G', 'G']
C02779096,['G', 'G', 'O', 'G']
C39507388,['O']
C01130639,['G', 'G']
C36898327,['O', 'G']
C62990013,['O', 'O']
C04183013,['-']
C05184598,['G', 'O']
C50774830,['O', 'G', 'G']
C49531511,['G', 'G']
C02879072,['G', 'G', 'G']
C54107469,['G', 'G', 'G']
C10003720,['O', 'G', 'G', 'G', 'G']
C37422858,['O']
C20468894,['G', 'G', 'G']
C01599057,['G', 'G', 'G']
C55122965,['G', 'G', 'O', 'G']
C40243352,['G', 'G']
C03292067,['G', 'O', 'G', 'G']
C40271765,['G', 'G']
C20505074,['O', 'G']
C12784913,['G', 'G', 'G', 'G']
C40858108,['G', 'O', 'O']
C35286959,['G', 'O']
C36899738,['G', 'G']
C37055629,['G', 'O', 'G']
C16449812,['G', 'G', 'G', 'G', 'G', 'G', 'G', 'G']
C61691197,['G', 'G', 'O']
C24380139,['G', 'O', 'O', 'G', 'O']
C43577917,['G', 'G']
C40265007,['G', 'G']
C05949330,['G', 'G', 'G', 'G', 'G']
C42491650,['G', 'O']
C49269962,['G', 'G', 'G', 'G', 'G', 'G', 'G']
C49014560,['G', 'G', 'G']
C37121784,['O', 'G', 'G', 'G', 'O']
C21729561,['G']
C59107161,['G', 'G', 'G', 'G', 'G', 'O']
C50266589,['G', 'G', 'G']
C54213487,['G', 'G']
C05185913,['G', 'G', 'G']
C61416819,['G', 'G']
C66888266,['G', 'G', 'O', 'O', 'G', 'G', 'O']
C36898334,['G']
C66344521,['O', 'G', 'O', 'G', 'O']
C39454215,['-']
C61696880,['G', 'O', 'G']
C35341095,['G', 'G']
C37350101,['G', 'G']
C37380758,['G', 'G']
C42322317,['G', 'G', 'O']
C55331377,['G', 'G']
C20487566,['G', 'G', 'O']
C16617931,['G', 'O', 'G', 'G', 'O']
C46335444,['G', 'G', 'G']
C00163905,['G', 'G']
C22777613,['G', 'G', 'G', 'G']
C42784029,['G', 'O']
C62707184,['G', 'G']
C40260157,['G', 'G']
C36942390,['G', 'G']
C37999501,['G', 'G', 'G']
C11075516,['G', 'G', 'G', 'O', 'G']
C62334649,['G', 'G']
C41161147,['G', 'G']
C00400157,['-']
C04545177,['G', 'O', 'G', 'G']
C12462346,['O']
C15218687,['G', 'O']
C48461917,['G', 'G', 'G', 'G', 'G']
C37314735,['G', 'G', 'O', 'O']
C20467386,['G', 'G', 'G', 'G', 'G']
C05091430,['G', 'G']
C08909257,['G', 'G', 'G', 'G', 'O', 'G', 'G']
C59432383,['G', 'G', 'G', 'G', 'G']
C62779341,['G', 'G']
C08919388,['G', 'G', 'G', 'O']
C37786483,['G', 'G', 'G', 'G']
C37203411,['G', 'O', 'O']
C03764534,['G', 'O', 'G', 'G', 'G', 'G', 'G', 'O', 'G']
C36887587,['G', 'G', 'G']
C42875966,['O', 'G', 'G', 'G', 'G', 'G', 'G']
C49590068,['G', 'G', 'G', 'G', 'G', 'O', 'G']
C43682858,['O', 'G', 'O']
C40419588,['G', 'G']
C66428987,['G', 'G', 'G', 'G']
C00433051,['G']
C51359917,['O', 'O', 'G', 'O', 'G']
C59567925,['G', 'O', 'G', 'G', 'G']
C01234431,['O', 'G']
C20929794,['G', 'G', 'G', 'G', 'G', 'G', 'G', 'G']
C05108666,['G', 'G', 'G', 'G']
C11689757,['G', 'O', 'O']
C40244992,['G', 'G']
C11171313,['G', 'G']
C20090350,['G', 'G', 'G']
C01906323,['G', 'G', 'G', 'G', 'G', 'G', 'G', 'G']
C32906665,['G', 'O', 'G', 'G', 'G']
C40262006,['G', 'G']
C38925644,['O', 'O', 'G']
C50617951,['G', 'G', 'G', 'G']
C47228096,['G', 'O', 'G', 'O', 'O']
C48985127,['G', 'O', 'G', 'O']
C37070904,['G', 'G', 'G', 'G']
C37248709,['G', 'G', 'G']
C14984675,['-']
C06636679,['G', 'G', 'O', 'O', 'G']
C61587955,['O', 'G', 'G']
C63022035,['G', 'G']
C00947135,['G', 'O', 'G', 'G']
C39867667,['G', 'G', 'G']
C54826263,['G', 'G', 'G']
C36936617,['G', 'G']
C08691981,['O', 'O', 'G', 'O', 'O']
C58365968,['G', 'G', 'G', 'G']
C36902172,['G', 'G', 'G']
C49490455,['O', 'G']
C34666308,['G', 'G', 'G', 'G']
C35081500,['G', 'G', 'G']
C54160225,['G', 'G', 'G', 'G']
C46861415,['G', 'G', 'G']
C10644937,['G', 'G', 'G', 'O', 'G', 'O']
C22056477,['G', 'G', 'G', 'G', 'G', 'G', 'O']
C08692204,['O', 'O']
C50266673,['G', 'G', 'G']
C43220608,['-']
C65106794,['G', 'O', 'G', 'O', 'G', 'G']
C06815701,['G', 'G', 'G']
C40795106,['G', 'G', 'O']
C01056169,['O', 'O', 'O', 'G', 'G']
C40995714,['G', 'G', 'G', 'G', 'O']
C63278245,['G', 'G', 'O']
C35632624,['G', 'G', 'G']
C35287001,['O']
C43538081,['G', 'G']
C21502520,['O', 'G', 'G']
C04829198,['G']
C38001677,['G', 'G', 'O']
C40265071,['G', 'G']
C32031864,['G', 'G', 'G']
C21166552,['O', 'G', 'G']
C65528542,['G']
C60346270,['G', 'G', 'G']
C21514422,['G', 'G', 'G']
C37402761,['G', 'G', 'G', 'G']
C41706204,['G']
C14984054,['-']
C24707083,['G', 'G', 'G', 'G']
C40265046,['G', 'G']
C41650549,['G', 'G', 'G', 'G', 'G']
C37877091,['G', 'G']
C50046605,['G', 'G', 'G']
C08748752,['G', 'O', 'G', 'G']
C35294514,['O']
C40276477,['G', 'G']
C04245578,['G', 'G', 'O']
C59371608,['G', 'G', 'G', 'O', 'G', 'G']
C19985441,['G', 'G']
C50123381,['G', 'G', 'G']
C45653728,['G', 'G', 'G']
C04690276,['O', 'G', 'G']
C02766443,['-']
C54270431,['G', 'G']
C37221960,['G', 'G', 'G']
C67388247,['G', 'O', 'G', 'G']
C00458846,['G', 'O']
C62795987,['O', 'O', 'G']
C17054521,['G', 'G', 'G', 'G']
C04783898,['O', 'G']
C09129415,['G', 'G', 'G', 'O', 'O']
C41677798,['G', 'G', 'G']
C21002346,['G', 'G', 'G', 'G', 'G', 'G', 'G', 'G']
C42565348,['O', 'G', 'G']
C41057939,['G', 'G', 'G', 'G']
C36957066,['G', 'G']
C40236395,['G', 'G']
C61119818,['O']
C37247839,['G', 'G', 'G', 'O']
C03176641,['G', 'G', 'G', 'G', 'G', 'O']
C44686623,['G', 'G', 'G', 'O']
C24831868,['O', 'G', 'G', 'G', 'G']
C14984043,['-']
C19760296,['G', 'G', 'G', 'G']
C05628265,['O', 'G', 'G', 'O']
C06316008,['G', 'G', 'O']
C04708660,['G', 'G', 'G', 'O', 'G', 'G', 'G']
C09621226,['G', 'G', 'G', 'G', 'G', 'O']
C37968542,['G', 'G', 'G']
C20718143,['O', 'O', 'G']
C44273465,['O']
C18774464,['O', 'G', 'G', 'G', 'G']
C48071694,['G', 'G', 'O', 'G']
C37055627,['G', 'O', 'G']
C61850578,['O', 'G', 'G']
C36953345,['G', 'G', 'O', 'G', 'G', 'G']
C17722206,['G', 'G', 'O', 'G']
C43461017,['G']
C20374954,['G', 'G']
C33809843,['G', 'G', 'G', 'G']
C59351234,['G', 'G', 'G', 'O', 'G', 'G']
C47486436,['G', 'G', 'O', 'G', 'O']
C48941134,['G', 'G']
C13231409,['G', 'G']
C04455898,['G', 'G', 'O']
C42306059,['G', 'G']
C52814101,['O', 'G']
C61093060,['G', 'G', 'O']
C13647862,['G', 'G', 'G', 'G', 'O', 'G', 'O']
C37508329,['G', 'O', 'O', 'O']
C19943299,['G', 'G']
C50361021,['O', 'G', 'G', 'O']
C13636662,['G']
C09854319,['G', 'G', 'G', 'G']
C05788809,['O', 'G']
C39969749,['G', 'G']
C43668116,['G', 'G']
C43658972,['G', 'G']
C29607323,['G', 'G', 'G']
C14473634,['G']
C36981874,['G', 'O', 'G', 'O', 'G']
C41353877,['G', 'G', 'O', 'G']
C13898036,['G', 'G', 'O', 'G']
C06473137,['O', 'O']
C59824956,['O', 'G', 'G', 'G']
C20504621,['G', 'G', 'G', 'G', 'G', 'O', 'G']
C41627263,['O', 'G', 'G', 'G']
C46690994,['O', 'G', 'G', 'G', 'O', 'O']
C49948608,['G', 'G', 'G', 'G', 'G']
CHEMBL510216,['G', 'G']
C20203718,['G', 'O', 'G', 'G', 'G']
C42352020,['G', 'G']
C54209114,['G', 'G']
C06482235,['G', 'G', 'G', 'G']
C36899518,['G']
C59119226,['G', 'G', 'G', 'G', 'G']
C38001678,['G', 'G', 'G']
C65147997,['G', 'O', 'G', 'G', 'G', 'G']
C04284341,['G', 'G']
C41671799,['G', 'G', 'O']
C50594561,['O']
C04703068,['G', 'G', 'G', 'G']
C19806826,['G', 'G', 'G']
C59461341,['G', 'G', 'G', 'G']
C28166007,['G', 'G']
C50359555,['G', 'O', 'O', 'O']
C43668793,['G', 'G', 'G']
C01704667,['G']
C37247466,['G', 'G', 'G', 'O']
C41057143,['G', 'G']
C66985578,['G', 'G', 'G', 'G']
C35380847,['O', 'G', 'G']
C38573487,['O', 'O', 'G', 'G']
C12998371,['O', 'G', 'O', 'G', 'G']
C35294647,['O']
C40243351,['G', 'G']
C05780472,['G', 'G', 'O', 'G', 'G', 'G', 'G']
C52924352,['G', 'G', 'G', 'G']
C37501094,['G', 'G', 'G']
C56818616,['G', 'G', 'G', 'O', 'G', 'G']
C04584254,['G', 'G', 'O']
C53205209,['G', 'O', 'G']
C11336180,['G']
CHEMBL474381,['G', 'O']
C41183748,['G', 'G']
C07918038,['G', 'G', 'G', 'G']
C49281129,['G', 'G', 'G', 'G']
C03079617,['O', 'O']
C63795296,['G', 'G']
C35380390,['G', 'G']
C48622647,['G', 'G']
C50267814,['O', 'O', 'G']
C66210253,['G', 'G', 'G', 'O', 'G', 'G', 'G', 'O', 'O']
C52924795,['G', 'G']
C14904668,['G', 'G', 'G']
C02295476,['G', 'O']
C12723971,['G', 'G', 'G', 'G', 'G', 'G', 'G']
C09263562,['G', 'G', 'G']
C00793000,['G', 'G', 'G', 'G', 'O']
C23793397,['G', 'O', 'O', 'G', 'O', 'G', 'G']
C62561378,['G']
C23109518,['G', 'G', 'O', 'G', 'G', 'O']
C60279403,['G', 'G', 'O', 'G', 'G', 'G']
C48502191,['G', 'G', 'G']
C06436944,['G', 'G', 'G', 'G', 'G']
C03846767,['G', 'G', 'G']
C12063533,['G', 'O', 'G']
C02408113,['G', 'G']
C22198759,['G', 'G', 'G', 'G', 'G', 'G', 'G']
C62779219,['G', 'G']
C35342316,['G', 'O']
C00486633,['G', 'G', 'G', 'G']
C29388174,['G', 'G', 'G']
C37283747,['G', 'G', 'G']
C40502828,['G', 'G', 'G', 'G', 'G']
C64762991,['G', 'G', 'G', 'G']
C20368508,['G', 'G', 'O', 'G']
C12985640,['O', 'G', 'G', 'O', 'G', 'O']
C09399781,['G', 'G', 'G', 'G']
C14467403,['G']
C41064966,['G', 'O', 'G', 'G']
C03092828,['G', 'G', 'G', 'G', 'G', 'G']
C12914460,['G', 'G', 'G', 'G', 'G']
C20156871,['G']
C37366324,['G', 'G', 'G', 'G']
C61680871,['G', 'G', 'G', 'O', 'O']
C54823992,['G', 'G']
C37998879,['G', 'G', 'O']
C48238049,['G', 'G', 'G']
C48981913,['G', 'G', 'G']
C05454443,['G', 'G', 'G', 'O']
C48555179,['G', 'G', 'G', 'G']
C41516501,['G']
C67158085,['G', 'O', 'O', 'G']
C40265008,['G', 'G']
C48210458,['G', 'G', 'G']
C58990586,['G', 'G', 'G', 'G', 'G', 'O', 'O']
C00998238,['G', 'G']
C44460388,['G']
C48472198,['G', 'G', 'O']
C61692380,['G', 'G']
C00673495,['G', 'G', 'G', 'G', 'G', 'G', 'G', 'G']
C35041924,['G', 'G', 'G', 'O', 'O', 'G']
C53099624,['O']
C00183665,['O', 'G']
C37350008,['G', 'G']
C46691048,['G', 'G', 'G', 'G', 'G', 'G']
C23244318,['O', 'G', 'G', 'G', 'G']
C37220715,['G', 'G', 'G', 'G']
C00202095,['G']
C38915087,['G', 'O', 'G']
C37283398,['G', 'G', 'G', 'O', 'G']
C51359601,['O', 'G', 'G', 'O', 'G']
C16093982,['G', 'G', 'G']
C14603234,['G', 'O', 'O', 'G', 'G', 'O', 'G', 'G']
C21076793,['G', 'G', 'G', 'G', 'G', 'G', 'O', 'G', 'G', 'G']
C37467731,['O', 'O', 'G']
C40040427,['G', 'G', 'G', 'G', 'O']
C01403903,['G']
C14984064,['-']
C62770930,['G', 'G', 'G', 'O']
C37055990,['G', 'G', 'G', 'G', 'G', 'O']
C37979538,['G', 'G', 'G']
C35570644,['G', 'G', 'G', 'G']
C51599233,['G', 'G', 'G', 'G', 'G']
C40289630,['G', 'G']
C57143362,['G', 'G', 'G', 'G']
C08976544,['G', 'G', 'G']
C00114987,['O']
C04335284,['G', 'O']
C50985915,['G', 'G', 'O']
C51966466,['G', 'G', 'G', 'G']
C57347956,['G', 'O', 'O', 'O']
C40118247,['G', 'G']
C66248219,['G', 'G', 'O']
C04929920,['G', 'O']
C35488740,['G', 'G', 'G', 'G', 'G']
C03113184,['G', 'O', 'G']
C36911475,['G', 'O', 'G']
C20528754,['O', 'G', 'G', 'O', 'G', 'G', 'O']
C15685110,['G', 'G', 'G', 'G']
C08394423,['G', 'G', 'O']
C61692131,['O']
C37249213,['G', 'G', 'O', 'G']
C05283364,['O', 'G']
C06925650,['G', 'G', 'G', 'G']
C35501812,['G', 'G', 'G']
C40692583,['G', 'G', 'G']
C43668144,['G', 'G']
C49659436,['G', 'G', 'G']
C42306074,['G', 'G']
C43302738,['G', 'G']
C50360845,['G', 'G', 'G', 'O']
C05174558,['G', 'O', 'G', 'G', 'O']
C02110800,['G', 'G', 'G', 'O', 'O']
C37441001,['O', 'G']
C26977835,['G', 'G', 'G', 'G']
C08836380,['O', 'G', 'O', 'G']
C55066594,['G', 'G', 'O']
C37444375,['G', 'G']
C50329365,['G', 'G']
C62771297,['G', 'G', 'G']
C20416257,['O', 'G', 'G']
C46644575,['G', 'G', 'G', 'O', 'G', 'G']
C38803428,['G', 'O', 'G', 'G']
C46743210,['O', 'G', 'G', 'O']
C01428216,['O', 'G', 'O']
C04966504,['G', 'G', 'O', 'G']
C00450031,['G', 'G', 'G']
C66440223,['O', 'G', 'G', 'G']
C40283187,['G', 'G', 'G']
C67186567,['G', 'G', 'G', 'G', 'G', 'G']
C37247468,['G', 'G', 'G', 'O']
C55356287,['G', 'O', 'G', 'O']
C31978735,['G']
C35342342,['G', 'G']
C37351510,['O', 'G']
C54190252,['G', 'G', 'G']
C03181272,['G']
C61870444,['G', 'G', 'G']
C37497615,['G', 'G', 'G']
C41191388,['O', 'G', 'G', 'G', 'G']
C41640573,['G', 'G', 'G', 'G']
C37232673,['G', 'G', 'G', 'O', 'G', 'G']
C37313926,['G', 'G', 'G', 'G', 'G']
C23647395,['G', 'G', 'G', 'G', 'G', 'G', 'G']
C45678614,['O', 'O', 'G', 'O', 'G', 'O', 'O']
C02337148,['G', 'G', 'G', 'G', 'G']
C37270826,['G', 'G', 'G']
C12565516,['O', 'G', 'G', 'G']
C02569463,['G', 'G']
C54753477,['O', 'O']
C61692350,['G']
C20926680,['G', 'G', 'G', 'G', 'G', 'G']
C66392869,['G', 'G', 'G', 'G']
C01089242,['G', 'G', 'G', 'G', 'O', 'G']
C35668624,['G', 'G', 'G', 'G']
C63689142,['O', 'G', 'O', 'G', 'G']
C06386504,['G', 'G', 'G', 'G', 'G']
C60351197,['G', 'G', 'G', 'G', 'G', 'G']
C15760329,['G', 'G', 'O', 'G', 'G']
C37269462,['G', 'G', 'O', 'G', 'O']
C06033035,['G', 'G', 'O', 'G', 'G']
C19898694,['G']
C19988330,['O', 'O']
C64131418,['G', 'G', 'G', 'O', 'G']
C11884852,['G', 'G']
C22005977,['G', 'G', 'O']
C50893419,['G', 'G', 'G', 'G']
C67555416,['G', 'G', 'G', 'O', 'G']
C34991633,['O', 'G', 'G', 'G', 'G']
C40284033,['G', 'G']
C00827409,['G', 'O', 'G']
C40134542,['G', 'G', 'G', 'O', 'G', 'G', 'G', 'G', 'G', 'G']
C01438459,['G', 'G', 'G', 'G', 'G']
CHEMBL522432,['G', 'G']
C00867542,['G', 'G', 'G', 'G']
C35508784,['G', 'G', 'G', 'G', 'G']
C40260115,['G', 'G']
C44100687,['G', 'G', 'G', 'G', 'G']
C45946662,['G']
C35559975,['G', 'G', 'G', 'G']
C66793957,['G', 'G', 'G']
CHEMBL1093774,['O', 'G', 'G', 'G', 'G']
C59016408,['O', 'G', 'O', 'G', 'G', 'G', 'O', 'O']
C01117221,['O', 'O', 'G', 'G']
C67011350,['G', 'G', 'G', 'O']
C35650591,['O', 'G', 'G']
C09346865,['G', 'O', 'O', 'G', 'G', 'G']
C06192022,['O', 'G', 'G']
C42415147,['G']
C48630329,['G', 'G']
C19991602,['G', 'G', 'G']
C25792478,['G', 'G', 'O']
C22391654,['O', 'G', 'G', 'G']
C08601385,['G', 'G', 'G', 'G', 'G', 'O', 'G', 'G']
C41127309,['G', 'O']
CHEMBL396253,['G', 'G', 'O', 'O']
C06263338,['O', 'G']
C35286954,['O']
C63118813,['G']
C35456007,['G', 'G', 'G', 'G']
C05388888,['O', 'G', 'O']
C33907927,['G', 'G', 'G']
C61690880,['G', 'G']
C01615372,['G', 'O', 'G']
C42080015,['O', 'O']
C37248211,['G', 'G', 'G', 'O']
C36277128,['G']
C66788549,['G', 'O', 'G', 'O']
C14983724,['G', 'G', 'G', 'O']
C35456002,['G', 'G', 'G', 'G']
C44900596,['G']
C41183313,['G', 'G', 'G']
C40289449,['G', 'G']
C66341133,['G', 'O', 'G', 'O', 'G', 'O']
C01194102,['G', 'G', 'G', 'G']
C53170701,['G', 'G']
C50211847,['G', 'G']
C00549932,['G', 'G', 'O']
C36948880,['G']
C22000996,['O']
C62779471,['G', 'G']
C50566510,['G', 'G']
C47975263,['G', 'G', 'G', 'G']
C32686820,['G', 'O', 'G', 'G', 'G', 'O']
C32688933,['G', 'G', 'G', 'G', 'G', 'G']
C34825256,['G', 'G', 'G']
C36677355,['G', 'G', 'G']
C62779098,['G', 'G']
C22408806,['G', 'G', 'G']
C36619731,['G', 'G', 'G', 'G']
C65903011,['G', 'O', 'G', 'O']
C50972210,['G', 'G']
C37350279,['G', 'G']
C37366302,['G', 'G', 'G', 'G']
C62707350,['G', 'G']
C36891140,['G', 'G']
C20867150,['G', 'G']
C08218383,['G', 'G', 'G', 'G']
C36989703,['G', 'O', 'G', 'G', 'G']
C00717059,['G']
C33569616,['G', 'G', 'O']
C07878229,['G', 'G', 'G', 'G']
C02267302,['O', 'O', 'O', 'O']
C54824718,['G', 'G']
C06009187,['O', 'G', 'G']
C41702507,['O']
C42412975,['O']
C15548789,['G', 'G', 'G', 'G']
C38189283,['G', 'G', 'G']
C00763024,['G', 'G']
C35560306,['G', 'G', 'G', 'G']
C39505962,['G', 'G', 'G', 'G']
C05600874,['G', 'G', 'G']
C27229184,['G', 'G', 'O', 'O']
C66141153,['G', 'G', 'G', 'G']
C53072689,['G', 'O']
C28356944,['G', 'G', 'G']
C52858394,['G', 'O']
C62257129,['G', 'O', 'O', 'G', 'G', 'G']
C03301441,['G', 'G', 'G', 'G', 'G', 'G', 'G', 'O']
C32031965,['G', 'G', 'G']
C37318727,['G', 'O', 'G', 'G', 'G']
C53098008,['G', 'O']
C00034927,['G', 'G', 'G']
C38073840,['G', 'G', 'G', 'G']
C00066987,['O', 'G']
C19721570,['-']
C35500857,['G', 'G', 'G']
C34896434,['G', 'G', 'G', 'G', 'O', 'G']
C57924674,['G', 'O']
C50359619,['G', 'G', 'G', 'O']
C07051441,['G', 'G', 'G', 'G']
C14214572,['G', 'G', 'G', 'O', 'G']
C03669101,['G', 'G']
C06887826,['G', 'O', 'G', 'G', 'O']
C37414861,['G', 'G', 'G']
C05174254,['O', 'G']
C06471288,['G', 'G', 'O']
C00628494,['G', 'G', 'O', 'G', 'G']
C61031944,['G', 'G', 'G', 'G']
C15016394,['O', 'G']
C49160430,['G', 'G', 'G', 'G', 'G']
C39525014,['G', 'G']
CHEMBL197846,['-']
C20504654,['G', 'G', 'G', 'G', 'G', 'O', 'G']
C59200245,['G', 'O', 'G', 'G', 'G', 'G']
C16383014,['O', 'G', 'O']
C62992695,['G', 'G', 'O']
C61629685,['G', 'G']
C03231879,['G', 'G', 'G', 'G', 'G', 'O']
C02056137,['G', 'G', 'G', 'G', 'G', 'G', 'G']
C01050595,['O']
C05034919,['G', 'G', 'G', 'G']
C37497610,['G', 'G', 'G']
C39479663,['G', 'O']
C65505035,['G', 'G', 'G', 'O', 'G']
C19314147,['O', 'G']
C59271082,['G', 'G', 'G', 'G', 'O', 'O', 'G', 'G']
C61443572,['G', 'G', 'G', 'G']
C35380276,['G', 'G']
C43682872,['O', 'G', 'G']
C36889942,['G']
C39512836,['G']
C11128405,['G', 'G', 'O', 'O']
C51630862,['G', 'G', 'O']
C66983550,['O', 'G', 'G', 'G']
C36897843,['G']
C61881401,['G', 'G']
C61019119,['G', 'G', 'G', 'G']
C36765976,['O', 'G']
C37844780,['G', 'G', 'G', 'G']
C61700109,['G', 'G', 'G', 'G', 'G']
C37349919,['G', 'G']
C48138305,['G', 'O', 'G', 'G', 'O']
C14548469,['G']
C49262974,['G', 'G', 'G', 'O', 'G', 'O']
C50359195,['G', 'O', 'G', 'O']
C00509655,['G', 'G', 'G']
C58162048,['G', 'G', 'O', 'O', 'G', 'G', 'G']
C35698317,['G']
C40237170,['G', 'G', 'G', 'G', 'G']
C50309281,['G', 'G']
C66246996,['G', 'G']
C38568583,['G', 'G', 'O', 'O']
C37219349,['G', 'G', 'G', 'O']
C62564299,['G', 'G']
C05060073,['O', 'G', 'G', 'G']
C06477730,['G', 'G']
C08773287,['G', 'G', 'O', 'O', 'G', 'O']
C51570519,['G', 'G', 'G', 'G']
C67517343,['O', 'G', 'O', 'O']
C03183721,['G', 'G', 'G']
C63199165,['G', 'G', 'G']
C29822815,['G', 'G', 'G']
C39934299,['G', 'G', 'G', 'G', 'G']
C35342268,['G', 'G']
C63795295,['O', 'G']
C10545706,['G', 'O', 'G', 'G']
C41658752,['G', 'G']
C61443876,['G', 'G', 'G', 'G', 'G']
C50361192,['G', 'G', 'G', 'O']
C40011899,['G', 'O', 'G', 'G']
C45481321,['G', 'G', 'G', 'O', 'G', 'G', 'G']
C40839510,['G', 'G', 'G', 'G', 'G', 'G', 'G']
CHEMBL28157,['G']
C37056204,['G', 'G']
C37280553,['G', 'G', 'G', 'G']
C04570782,['G', 'O', 'G', 'G', 'G', 'G']
C40979358,['G']
C00052420,['-']
C59383033,['G', 'G', 'G', 'O', 'G', 'G']
C38008397,['G', 'G', 'G']
C12241582,['O', 'G']
C16769085,['G']
C35669288,['G', 'G', 'O', 'G']
C58173629,['G', 'O', 'G', 'G', 'G', 'G', 'G', 'G', 'G']
C37172457,['G', 'G', 'G', 'G', 'G']
C35678766,['O', 'G', 'G']
C42332526,['G', 'G']
C43539600,['G', 'G', 'O']
C44028189,['G', 'G', 'G']
C39504713,['O', 'G', 'G']
C12146327,['G', 'G', 'G', 'G']
C43554327,['G', 'O']
C57655279,['G']
C59020225,['O', 'G', 'G', 'G', 'G', 'G', 'G', 'O']
C66254392,['G', 'G', 'G']
C00850489,['G', 'O']
C01089357,['G', 'G', 'G', 'G', 'O', 'G']
C59056363,['G', 'G', 'G', 'O', 'G']
C39454103,['G']
C17124675,['G', 'G', 'G', 'G']
C16707594,['G', 'G', 'G', 'G', 'G', 'G', 'G']
C67252052,['G', 'G', 'G', 'O', 'G']
C04772845,['G']
C40332098,['G', 'G', 'G']
C36923514,['G', 'G']
C30201495,['G', 'O', 'G', 'G', 'O']
C60267814,['G', 'G', 'G', 'G', 'G', 'G', 'G', 'G']
C48519581,['G', 'G', 'O']
C18457714,['O', 'G', 'G', 'G', 'G']
C48517901,['G', 'G', 'O', 'O']
C28356765,['G', 'O', 'G', 'O']
C62795983,['G', 'G', 'G', 'G']
C10440153,['G', 'G', 'G', 'G', 'G', 'G', 'G']
C01642821,['G', 'O', 'G']
C39506608,['G']
C08896190,['G', 'G', 'G', 'G', 'G', 'G', 'O']
C37055572,['G', 'G', 'G', 'G', 'G']
C57348058,['G', 'G', 'O', 'G']
C44903396,['G']
C59292098,['G', 'G', 'G', 'G', 'G']
C40276599,['G', 'G']
C20486967,['G', 'G', 'G', 'G']
C53100037,['O']
C20132844,['G', 'G', 'G', 'G', 'G', 'G']
C62988089,['O', 'G']
C59417997,['G', 'G', 'G']
C35256923,['G', 'G', 'G', 'G', 'G']
C22787049,['G', 'G', 'G', 'O']
C48963393,['G', 'G', 'G', 'G', 'O']
C21134884,['G', 'G', 'G', 'G', 'G', 'G', 'G']
C35359226,['G', 'G']
C00608306,['-']
C44368964,['G', 'O', 'G']
C59382219,['G', 'G', 'G']
C31694231,['O', 'G']
C00692123,['G', 'O', 'G', 'G']
C04244985,['G']
C66645589,['G', 'O', 'O', 'O', 'O']
C51153722,['G', 'G', 'G', 'G', 'G', 'G', 'G']
C37871354,['G', 'G', 'G']
C14465866,['G', 'G', 'G']
C61370891,['G', 'G']
C11899735,['G', 'G', 'O', 'G', 'G']
C40907990,['G', 'G', 'O']
C11837255,['G', 'G', 'G', 'O', 'O']
C13532528,['G', 'G', 'G']
C59015782,['G', 'O', 'G', 'G', 'G', 'G', 'G', 'G']
C50360072,['G', 'G', 'G', 'G']
C27816571,['G', 'G', 'O']
C01574384,['G', 'G', 'G', 'O', 'G', 'G']
C39997337,['G', 'O', 'O', 'O', 'G', 'G']
C41649085,['G', 'G', 'G']
C38994855,['O', 'O', 'O']
C04649788,['G', 'G', 'G']
C40283794,['G', 'G']
C14994108,['G', 'G', 'O', 'O', 'G', 'G']
C39459151,['G', 'G']
C43953947,['G', 'G', 'O', 'G', 'G', 'G']
C16488882,['G', 'G', 'O', 'G', 'G', 'G', 'G', 'G']
C39520423,['O', 'G']
C39511576,['G']
C59310277,['G', 'G', 'G', 'G', 'O', 'G', 'G', 'G']
C39459098,['G']
C09686687,['G', 'O', 'G']
C41195406,['G', 'G', 'G', 'G', 'G']
C51727320,['G', 'G', 'G', 'G']
C16463757,['G', 'G', 'G', 'G', 'G', 'G']
C32110904,['O', 'O']
C21858304,['G', 'G', 'G', 'O']
C42306135,['O', 'G', 'G']
C13983339,['G', 'G', 'O', 'O', 'O', 'G', 'G', 'G', 'G']
C20708118,['G', 'O', 'G']
C14477412,['G']
C43762468,['G', 'G', 'G']
C32597704,['O', 'G']
C39707089,['O', 'O']
C43597908,['G', 'G']
C40995467,['G', 'G', 'G']
C35676689,['O', 'G']
C02956196,['G', 'O', 'O']
C24255860,['G', 'G', 'G', 'G', 'G', 'G']
C61891361,['G', 'G', 'G']
C54362967,['G', 'G', 'G']
C36142010,['G']
C05577830,['G', 'G', 'G', 'G', 'G']
C48427422,['G', 'G', 'G', 'O']
C00843791,['G', 'G', 'G', 'G']
C26313582,['G', 'G', 'G', 'O']
C35570866,['G', 'G', 'G', 'G']
C54362970,['G', 'G', 'G']
C07375070,['O', 'G', 'G', 'G']
C00646595,['G', 'G', 'G', 'O', 'O', 'O', 'O']
C43358288,['G', 'G', 'O', 'G', 'O']
C39506640,['G']
C11336146,['G']
C40237079,['G', 'G', 'G', 'O']
C02771479,['O', 'O']
C45800107,['G', 'G', 'G', 'G', 'G']
C59015513,['G', 'G', 'G', 'G', 'G', 'G', 'O', 'G']
C47241867,['O', 'G', 'G', 'O', 'G']
C06815049,['G', 'G']
C35686182,['G']
C39296476,['O']
C50361144,['G', 'G', 'G', 'O']
C51547076,['G', 'G', 'G']
C66141175,['G', 'G', 'G', 'O', 'G', 'G', 'G']
C67646889,['G', 'G', 'G', 'G', 'G', 'G', 'G']
C37302486,['G', 'G', 'G', 'G', 'O', 'G']
C19287573,['O', 'G', 'G', 'O']
C38963810,['G', 'O', 'G', 'G']
C15548697,['G', 'G', 'O']
C35018456,['O', 'G', 'G', 'O', 'O']
C33097148,['G', 'G', 'G', 'G', 'G']
C35563827,['O', 'G', 'G', 'G', 'O', 'G', 'G']
C53704386,['G', 'G']
C39012731,['O', 'G', 'G']
C50563821,['G', 'G']
C66428728,['G', 'O', 'G', 'G', 'G']
C66186695,['G', 'G', 'G', 'G', 'G', 'G']
C36989263,['G', 'G', 'G', 'G', 'G']
C37324781,['G', 'G', 'G']
C60130123,['G', 'G', 'G', 'G', 'G']
C49443149,['G', 'G', 'O', 'G', 'O', 'O']
C50225143,['O', 'G', 'G', 'G']
C59310229,['O', 'G', 'G', 'G', 'G', 'G', 'G', 'G']
C35504790,['G', 'G', 'G']
C39506238,['G']
C37247612,['G', 'G', 'G', 'G', 'G', 'G', 'G']
C01751892,['G', 'O', 'G', 'G']
C04703059,['G', 'G', 'G', 'G']
C02427922,['G', 'G']
C66352311,['O']
C05534562,['G', 'O']
C40305011,['O', 'G', 'G']
C10068979,['O', 'G', 'O', 'G']
C06932654,['G', 'G', 'O', 'G', 'G']
C41120763,['O', 'O', 'G']
C59642110,['G', 'G', 'G', 'O']
C65985563,['G', 'G', 'G', 'O', 'G', 'O']
C39457332,['G']
C59310292,['G', 'G', 'G', 'G', 'G', 'G', 'G', 'G', 'G']
C37231384,['G', 'G', 'G', 'O']
C42075862,['G', 'G', 'G']
C37445279,['G', 'G', 'G', 'G', 'G']
C25582408,['G', 'O']
C35553043,['G', 'G', 'G', 'G']
C36889805,['G']
C00671848,['O', 'O', 'G', 'G', 'G', 'G', 'G']
C58293368,['G', 'G', 'O', 'G']
C41029112,['G', 'G']
C05409311,['G', 'G']
C46748844,['G', 'G', 'G', 'O', 'G']
C32419194,['G', 'G', 'G', 'G']
C40289628,['G', 'G']
C37295333,['G', 'G', 'G', 'G', 'G']
C04270401,['O', 'G', 'G']
C17111747,['G', 'O']
C49569494,['G', 'G']
C11155402,['O', 'G', 'G', 'G', 'G', 'G']
C04334711,['G', 'O', 'O', 'G', 'G']
C20518654,['G', 'O', 'G', 'G']
C53036458,['O', 'G', 'G', 'G', 'G']
C43669280,['G']
C01311871,['G', 'G', 'G', 'G', 'G']
C38018547,['G', 'G', 'G', 'O']
C04313231,['G', 'G', 'G', 'G', 'O']
C59310214,['G', 'G', 'G', 'G', 'O', 'G', 'G', 'G']
C00360896,['G', 'O']
C34665011,['G', 'G', 'G', 'G', 'G', 'G']
C59310271,['G', 'G', 'G', 'G', 'G', 'G', 'G', 'G', 'G']
C37350247,['G', 'G']
C05813570,['O', 'O', 'G']
C12097148,['O', 'G', 'G', 'G', 'G']
C20132929,['G', 'G', 'G', 'G', 'G', 'G']
C20594285,['G', 'O']
C09664130,['O', 'G', 'O', 'O', 'O']
C12564084,['G', 'O', 'G', 'G']
C49956052,['G', 'G', 'G']
C20133419,['O', 'G', 'G', 'G', 'G']
C06772139,['G', 'G', 'G', 'G', 'G', 'G']
C18255483,['G', 'G', 'G', 'G', 'G', 'G']
C21180522,['G', 'O', 'G', 'O', 'G', 'G']
C62783073,['G', 'G', 'G']
C54907547,['G', 'G', 'O', 'O', 'O']
C39511606,['G']
C51361882,['G', 'G']
C66595782,['G', 'G', 'O', 'G', 'G', 'G', 'G']
C15828874,['G', 'G', 'G']
C10784956,['G', 'G', 'G', 'G', 'G']
C62963658,['G', 'G']
C35460117,['G', 'G', 'G']
C00343343,['-']
C00944080,['G', 'G', 'G']
C14455854,['G', 'G', 'G']
C01038779,['G', 'G', 'O']
C66085054,['O', 'G', 'G', 'G', 'G', 'G', 'O']
C59145665,['O', 'G']
C01159273,['G', 'G']
C59305435,['G', 'O', 'G', 'G', 'O']
C00242161,['G']
C37350189,['G', 'G']
C21468142,['O', 'G', 'O', 'G', 'G', 'G', 'G']
C46691149,['O', 'G', 'O', 'G']
C37366026,['G', 'G', 'G', 'G']
C02777851,['G', 'G', 'G', 'G']
C05187903,['G', 'G', 'G', 'G', 'G']
C64622747,['G', 'O', 'G', 'G']
C04166194,['G', 'G', 'O', 'G', 'G']
C13262933,['G', 'G', 'G', 'G']
C36986522,['G', 'G']
C05719500,['G', 'O', 'O', 'G', 'G']
C39998138,['G', 'O', 'G', 'G', 'O']
C59294453,['G', 'O', 'G', 'G', 'G']
C40289516,['G', 'G']
C01526637,['G']
C36989275,['G', 'G', 'G', 'G', 'G']
C01301712,['G']
C23634471,['O', 'G']
C20094980,['G', 'G']
C66503801,['G', 'O', 'G', 'G']
C48427735,['O', 'G', 'G', 'O']
C44814372,['G', 'G', 'G', 'G']
C08908445,['G', 'G', 'G', 'G', 'G', 'G', 'G', 'G', 'G', 'G']
C66503852,['G', 'G', 'G', 'O']
C52003808,['G', 'G', 'G']
C02658013,['G', 'G', 'G', 'G', 'G']
C59212673,['G', 'G', 'G', 'G', 'G', 'G']
C14141511,['O', 'G', 'O']
C35505252,['G', 'G', 'G']
C04699444,['G', 'G', 'G', 'O']
C49933637,['O', 'G']
C63061496,['G', 'G']
C66876317,['G', 'G', 'G', 'G']
C49214399,['G', 'G', 'O', 'G']
C13448696,['G', 'G', 'G', 'G', 'G']
C36857919,['G', 'G', 'G']
C07165634,['O', 'G', 'G']
C13630289,['G', 'G', 'G', 'G', 'G', 'G', 'G', 'G', 'G', 'G']
C37200499,['G', 'G', 'G', 'O']
C41678567,['G', 'G']
C39512861,['G', 'G']
C34666321,['G', 'G', 'G', 'G']
C43080019,['O', 'G', 'G']
C05520421,['G', 'G', 'O']
C39773965,['O', 'G', 'O', 'G', 'G', 'G']
C65330394,['G', 'G', 'G', 'G']
C20311528,['O', 'G']
C08567167,['G', 'G', 'O', 'G', 'G']
CHEMBL1215549,['G', 'G', 'G', 'G', 'G']
C27221659,['G', 'G', 'G', 'G']
C25182355,['G', 'G', 'G', 'G', 'O']
C42395549,['G', 'G', 'G', 'O']
C39525258,['-']
C11271106,['G', 'G', 'G', 'G', 'G', 'G', 'G']
C23595622,['G', 'O', 'G', 'G', 'G', 'G', 'G']
C04944281,['G', 'G', 'G']
C07489000,['G', 'O', 'O']
C33377770,['O', 'G', 'G', 'G', 'O', 'G', 'O']
C21140505,['G', 'G', 'G', 'G', 'G']
C66643267,['G', 'G', 'O', 'G', 'G']
C20751470,['G']
C13575666,['G', 'O', 'O', 'G']
C04234528,['G']
C63608977,['G', 'O', 'G', 'O']
C00900777,['-']
C05943835,['O', 'O', 'G', 'G']
C53097673,['G']
C01425115,['G', 'G', 'G', 'G', 'O', 'O', 'G']
C33680329,['G', 'G', 'O', 'O']
C00755221,['G']
C00305628,['G', 'O']
C65129153,['G', 'G', 'G', 'G', 'O']
C43681733,['G']
C06282478,['G', 'G', 'G', 'G', 'G', 'G', 'G']
C39511610,['G']
C36290246,['G', 'O']
C43668535,['G', 'G', 'G']
C37327831,['G', 'G', 'G', 'G', 'G']
C14837973,['G', 'G', 'G', 'G', 'O', 'G', 'G', 'G', 'G']
C05035064,['G', 'G', 'G', 'G']
C14473632,['G']
C40795109,['G', 'G', 'O']
C22762811,['G', 'G', 'G']
C50330723,['G', 'G', 'G']
CHEMBL268568,['G']
C20486964,['G', 'G', 'G', 'G']
C05181920,['O', 'O', 'G']
C60322852,['G', 'G', 'G', 'G', 'G', 'G', 'G']
C13263263,['G', 'G', 'G', 'O']
C40995465,['G', 'G', 'G']
C06224809,['G', 'O', 'G', 'G']
C06863831,['G', 'G', 'G']
C00070909,['G']
C11766577,['O', 'G', 'G', 'G', 'G', 'G', 'O']
C65330388,['G', 'G', 'G']
C32911218,['G', 'G', 'O', 'G', 'G', 'O', 'G']
C20476887,['O', 'G', 'G', 'G', 'G']
C02231283,['O', 'G', 'G', 'G', 'G', 'G', 'G', 'O']
C37304984,['G', 'G', 'G', 'G', 'G', 'O']
C39506840,['G', 'G']
C52855103,['G', 'G', 'G']
C51649015,['O', 'O', 'G', 'G', 'G', 'O', 'G']
C40259633,['G', 'G']
C57347975,['G', 'G', 'O', 'O']
C55576293,['G', 'G', 'G', 'G', 'G', 'G', 'O']
C39856522,['O', 'O', 'G', 'G', 'G', 'O', 'G']
C05632247,['O']
C08770884,['G', 'G', 'G']
C49160652,['G', 'G', 'G', 'G']
C08855435,['G', 'O', 'G', 'G']
C03117189,['G', 'G', 'G', 'G', 'G', 'G', 'O']
C01083389,['G', 'G', 'G', 'G', 'G']
C39512368,['-']
C62425912,['G', 'G', 'G', 'G', 'G']
C07156816,['G', 'G', 'G', 'G', 'G', 'G']
C14464272,['G', 'G', 'G', 'G', 'G', 'G', 'G']
C32688930,['G', 'G', 'G', 'G', 'G', 'G']
C19597012,['G', 'G', 'G']
C67006228,['G', 'G', 'G', 'G', 'G', 'G']
C60583016,['G', 'G', 'G', 'G', 'G']
C37503623,['O', 'G', 'G']
C00863568,['G', 'O', 'G']
C59514104,['O', 'O', 'G', 'G']
C56615849,['G', 'O', 'O', 'G', 'G']
C04745943,['O', 'O', 'G', 'O']
C49425729,['G', 'G', 'G', 'O', 'G', 'G', 'G']
C36142005,['O']
C37321771,['G', 'G', 'G', 'G']
C35043185,['G', 'G', 'G', 'G', 'O', 'G']
C23115529,['G', 'G']
C20064220,['-']
C36910569,['G', 'G']
C36266205,['G', 'G']
C36764283,['G', 'G', 'G']
C50360138,['G', 'G', 'G', 'G', 'O']
C27604273,['G', 'G', 'G', 'G', 'G', 'G']
C01146009,['G', 'G', 'G']
C02873396,['G', 'G', 'G', 'G', 'G', 'G']
C00977853,['G', 'O']
C37214876,['G', 'G', 'O']
C04167744,['G', 'G', 'G', 'G', 'G']
C61862629,['G', 'G', 'G', 'G', 'G']
C42402467,['G', 'G', 'O', 'G']
C66875724,['G', 'G', 'G', 'G', 'O', 'G']
C45943388,['G', 'G', 'G', 'G', 'G', 'G', 'G', 'G']
C09516638,['O', 'O', 'G', 'G', 'G', 'G']
C46224845,['G', 'G', 'G', 'G']
C10502068,['G', 'G', 'O']
C19223539,['G', 'G', 'G', 'G']
C16013239,['O', 'G', 'G', 'G', 'O', 'G', 'O']
C14546882,['G', 'G', 'G', 'O', 'G']
C38132082,['G', 'G', 'G', 'G', 'O']
C59104094,['G', 'G', 'O', 'G']
C50359143,['G', 'G', 'G']
C50039471,['O', 'G']
C35469045,['G', 'G', 'G', 'G', 'G']
C08854761,['G', 'G', 'O']
C55493319,['G', 'G', 'G', 'G', 'G']
C39926688,['G', 'G', 'O']
C66253053,['G', 'G', 'G']
C24890535,['G', 'O', 'G', 'G', 'G']
C51361863,['G', 'G']
C39796064,['G', 'G', 'G', 'G', 'O']
C40499465,['O', 'G', 'G', 'G', 'G', 'G']
C58735340,['G', 'G', 'G', 'G', 'G']
C66254386,['G', 'G', 'G']
C38057706,['G', 'G']
C26522858,['G', 'G', 'G', 'G']
C36897976,['G']
C34733896,['G', 'O', 'O']
C11730264,['-']
C66503783,['G', 'G', 'O', 'G']
C37174092,['G', 'G', 'G']
C54449370,['G', 'O', 'O', 'G']
C50843962,['G', 'G', 'G']
C23805559,['O', 'O', 'G']
C35466867,['G', 'G', 'G']
C13005733,['O', 'G', 'O', 'O', 'G', 'G']
C36953343,['G', 'G', 'O', 'G', 'G', 'G']
C04746736,['G', 'G', 'G', 'G', 'G', 'O', 'G']
C35557050,['G', 'G', 'G', 'G']
C03239640,['G', 'O', 'G', 'G']
C14477132,['G', 'G', 'G', 'G', 'G', 'O', 'G']
C12745448,['O', 'G', 'G', 'O', 'G']
C18941842,['G', 'G', 'G', 'G']
C56936723,['G', 'G', 'O', 'G', 'G']
C27528753,['G', 'G', 'G', 'G', 'G', 'G', 'G']
C21095680,['G', 'G', 'O', 'G', 'G', 'G']
C39243069,['G', 'G', 'O']
C51006512,['G', 'G', 'G', 'G', 'G']
C39507362,['G', 'G']
C36676698,['G', 'G', 'O', 'G', 'O', 'G', 'G']
C61861708,['G', 'G', 'G', 'G']
C51952301,['G', 'G']
C00406829,['G']
C01065269,['G', 'G', 'G', 'G']
C59449771,['G', 'G']
C14477899,['O', 'G', 'G']
C62333431,['G', 'G', 'G', 'G']
C06051744,['O', 'G', 'O', 'G', 'G']
C59502757,['G', 'O']
C36056257,['G', 'G']
C20504665,['G', 'G', 'G', 'O', 'G', 'G']
C00374898,['G']
C35504405,['G', 'G', 'G']
C37510064,['G', 'G', 'G', 'G']
CHEMBL194745,['G', 'G', 'G', 'G', 'G', 'G']
C33149733,['G', 'G', 'G']
C13941590,['G', 'G', 'G', 'G']
C10882383,['G', 'O', 'G', 'O']
C67517212,['G', 'G', 'O', 'O']
C38774076,['G', 'G', 'O', 'G', 'G', 'G']
C16904685,['G', 'G', 'O']
C39511375,['G', 'O']
C11139572,['G', 'G', 'G', 'O', 'O']
C15075450,['G', 'G', 'G', 'O', 'G']
C36989350,['G', 'G', 'G', 'G', 'O']
C64747833,['G', 'G', 'G', 'G', 'O']
C41981567,['G', 'G', 'G', 'G', 'G']
C60243102,['O', 'G', 'G', 'G', 'G', 'G', 'O']
C51819162,['O', 'G', 'G', 'G']
C36898199,['G']
C63493624,['G', 'G', 'O', 'G', 'G']
C21808217,['G', 'G', 'G', 'O']
C04373541,['G', 'G', 'G', 'G', 'G']
C12604653,['O', 'G', 'G', 'G', 'G']
C58917298,['G', 'G', 'G']
C36898312,['G']
C48778470,['G', 'G', 'G', 'G', 'G', 'G']
C05695678,['G', 'G', 'O']
C38018548,['G', 'G', 'G', 'O']
C35753751,['G']
C39997343,['G', 'G', 'O', 'G', 'G', 'G']
C39794440,['G', 'G', 'G', 'G', 'G', 'G', 'O']
C48849360,['G', 'G', 'G', 'G', 'G']
C01971224,['O', 'G', 'G', 'G', 'G']
C01223894,['O', 'G', 'G', 'G', 'G']
C33078211,['G', 'O', 'G']
C02594520,['G', 'O', 'G']
C44085765,['G', 'G', 'G', 'O', 'G', 'G', 'O']
C20132552,['G', 'G', 'G', 'G', 'G']
C20572170,['G', 'G', 'G']
C19520763,['G', 'G', 'O', 'G']
C15452942,['G', 'G', 'G']
C58934660,['G', 'G', 'G', 'G', 'G', 'G', 'G']
C50868886,['G', 'O']
C05602207,['G', 'G', 'G', 'G']
C51570619,['G', 'G', 'O', 'G', 'G']
C45072056,['-']
C08436457,['G', 'G']
C09092430,['G', 'G', 'G', 'G', 'O', 'O']
C09136410,['O', 'G']
C66841801,['O', 'G', 'G', 'G', 'G', 'G', 'O']
C20132890,['G', 'G', 'G', 'G', 'G', 'G']
C13236794,['G', 'G', 'G', 'O', 'G']
C48530028,['G', 'G', 'G']
C13275742,['O', 'G', 'G', 'G']
C57322420,['G', 'G']
C13237061,['G', 'G', 'O', 'G', 'G', 'G', 'G']
C38042060,['G', 'G', 'G', 'G', 'G', 'G']
C03034007,['G', 'O', 'G', 'O']
C13425027,['-']
C56770880,['G', 'G', 'G', 'G', 'G', 'G', 'G']
C62356479,['G', 'G', 'G', 'G', 'G']
C39458715,['G']
C66089528,['G', 'G', 'G', 'G', 'G', 'G', 'G', 'G', 'G']
C66254347,['G', 'G', 'G']
C35342858,['G', 'G']
C65009067,['O', 'O', 'G']
C55446258,['G', 'G', 'G', 'O', 'G', 'G', 'G']
C41029656,['G', 'G']
C39997590,['G', 'G', 'O', 'O', 'G', 'G']
C02113476,['O', 'O', 'G']
C13469729,['G', 'G', 'G', 'O']
C37294575,['G', 'G', 'G', 'G', 'G', 'O']
C19893301,['G', 'G', 'G', 'G', 'G', 'G', 'G', 'G']
C36767087,['G', 'G', 'G', 'G', 'G']
C41924397,['G', 'G', 'G', 'G', 'G', 'O']
C49239138,['G', 'G', 'G']
C14455827,['G', 'G', 'G', 'G', 'G']
C00713578,['G', 'G', 'G']
C04833103,['O', 'G', 'G', 'G']
C44916716,['G', 'G', 'G', 'G', 'G', 'G', 'G', 'G']
C53172855,['G', 'O', 'G', 'G']
C45438713,['G', 'O', 'G', 'G']
C14017007,['O', 'G', 'G']
C52273241,['G', 'G', 'G', 'G']
C50360094,['G', 'G', 'O', 'O', 'G', 'G', 'O']
C58993867,['G', 'G', 'G', 'G', 'O', 'G', 'G', 'G']
C59465103,['G', 'G', 'G']
C04976094,['G']
C36704989,['G', 'G', 'G', 'G']
C20978369,['G', 'G', 'O', 'G']
C49068562,['G', 'G']
C40174181,['G', 'O', 'G', 'G']
C32398938,['G', 'G', 'G', 'G']
C09334805,['G', 'G', 'G', 'O', 'G']
C41658579,['G', 'G']
C41809597,['G', 'G', 'G', 'G', 'G', 'O']
C64795840,['G', 'G', 'G']
C04329265,['G']
C17080463,['O', 'O', 'G', 'G']
C37437360,['G', 'G', 'G']
C58491811,['G', 'G', 'G', 'G', 'G', 'O', 'G', 'G', 'G', 'G']
C01116852,['G', 'G', 'G']
C13276270,['G', 'O', 'G', 'G', 'G']
C35502675,['G', 'G', 'G']
C43162553,['G', 'G', 'O', 'G', 'O']
C16158798,['G', 'G', 'O', 'O']
CHEMBL469944,['G', 'O']
C56066284,['G', 'G', 'G', 'G', 'O', 'G', 'G']
C39405139,['G', 'G', 'G', 'O', 'G']
C39454331,['-']
C67181299,['G', 'G', 'G', 'G', 'G', 'O', 'O']
C62955780,['G', 'G']
C01754034,['G', 'G', 'G', 'O']
C65470399,['O']
C59679721,['O', 'O', 'O']
C13002701,['G', 'G', 'G', 'G']
C35251343,['O', 'G', 'G', 'G', 'G']
C40139786,['O', 'G', 'G']
C13438124,['O', 'G', 'G', 'O', 'G']
C16950004,['G', 'G', 'G', 'G', 'G', 'G']
C13811133,['O', 'G', 'O', 'O']
C37425133,['G', 'G', 'G']
C27691082,['G', 'G', 'G', 'G', 'G', 'G', 'G', 'G']
C49061030,['G', 'G', 'G']
C62333747,['G', 'G', 'G', 'G', 'G']
C37217676,['G', 'G', 'G', 'O']
C65933783,['G', 'G', 'O', 'G', 'G', 'G']
C50441417,['G', 'G', 'G', 'G']
C35583057,['G', 'G', 'G', 'G', 'G']
C49967859,['G', 'G', 'G', 'O', 'G']
C58916955,['O', 'G', 'G', 'G', 'G', 'O', 'G']
C60165386,['G', 'G', 'G', 'G', 'G']
C09028387,['O', 'G']
C64795785,['G', 'G', 'G']
C08482710,['O', 'G', 'G']
C19959822,['G']
C20436749,['G', 'O', 'G', 'O', 'G', 'G', 'G', 'G', 'G']
C01210209,['G', 'G', 'G']
C10211100,['G', 'G', 'O', 'G', 'G', 'G', 'O']
C40259442,['G', 'G']
C21191150,['G', 'G']
C40289565,['G', 'G']
C35754180,['G', 'G', 'G']
C58280749,['O', 'G', 'G']
C52095959,['G', 'G', 'G']
C51754987,['G', 'G', 'G']
C13076575,['G', 'G', 'G', 'G']
C58961543,['G', 'O', 'G', 'G', 'G', 'G']
C39703270,['G', 'G', 'G', 'G', 'G', 'G']
C13061963,['G', 'G', 'G', 'O', 'G']
C20988473,['G', 'G', 'G', 'G', 'G', 'G', 'G']
C53957254,['G', 'G', 'O', 'O', 'G']
C50679361,['G', 'G', 'G', 'G']
C59039087,['G', 'G', 'O', 'G', 'O', 'G', 'O', 'G', 'G']
C44916769,['G', 'G', 'G', 'G', 'G', 'G', 'G', 'G']
C23001903,['G', 'G', 'O', 'G', 'O']
C00827044,['G', 'G']
C20712889,['O', 'G', 'G']
C05323129,['O', 'G', 'G']
C41191353,['G', 'G', 'O', 'G']
C35382074,['G', 'G']
C39994554,['G', 'O', 'O', 'G', 'G', 'G']
C20306309,['O', 'G', 'G', 'G', 'G']
C02194021,['G', 'G', 'G', 'G', 'G']
C02320750,['G', 'G', 'G', 'G', 'G', 'G']
C05330386,['G', 'G', 'G', 'G', 'G', 'O', 'G']
C62332659,['G', 'G', 'G']
C02909056,['O', 'O', 'G']
C49061018,['G', 'G', 'G']
C52943535,['G', 'G', 'G', 'G']
C02278498,['O', 'G', 'O', 'G']
C13463221,['G', 'G', 'G', 'G', 'G']
C26289708,['G', 'G', 'G', 'O', 'G', 'G']
C66584525,['O', 'G', 'G', 'G', 'G']
C39463366,['O', 'G']
C13067428,['G', 'G', 'G', 'O', 'G']
C28380062,['G', 'G', 'G']
C35653124,['G', 'G', 'G']
C58990926,['G', 'O', 'G', 'G', 'G', 'G', 'G', 'O']
C04182455,['G', 'G', 'G']
C04482590,['O', 'G', 'O', 'G']
C14221706,['G', 'G', 'G']
C37172458,['G', 'G', 'O', 'G', 'G']
C11947208,['G', 'G', 'G', 'G']
C58637480,['G', 'G', 'G']
C02344716,['G', 'O', 'G', 'G', 'O']
C56018891,['G', 'G', 'G']
C37350091,['G', 'G']
C35082181,['G', 'G', 'G', 'G']
C05569336,['O', 'G', 'G']
C65566534,['O', 'G', 'G']
C35357801,['G', 'G', 'G']
C09013368,['O', 'G', 'O']
C48849363,['G', 'O', 'G', 'O', 'G']
C08984115,['G', 'G', 'G', 'G', 'G', 'G', 'G']
C13307732,['G', 'G', 'G', 'G']
C15134737,['G', 'O', 'G', 'G', 'G', 'G']
C65031090,['G', 'G', 'G', 'G']
C00728166,['G', 'G']
C60310278,['G', 'G', 'G', 'G', 'G', 'G', 'G']
C59400320,['G', 'G', 'G', 'O', 'G']
C11635217,['G', 'G', 'O']
C21011179,['G', 'G', 'G', 'G']
C41864367,['G', 'G', 'G', 'G', 'G']
C61690095,['G', 'G', 'G', 'G', 'O']
C41192318,['G', 'G', 'G', 'G']
C13264555,['G', 'G', 'O', 'O']
C66954022,['G', 'G', 'G', 'O', 'G', 'G', 'G']
C01305091,['G', 'G', 'O', 'G']
C37232889,['G', 'G', 'G', 'G', 'G', 'G']
C30829730,['G', 'G', 'G', 'O']
C05072701,['G', 'G', 'G', 'G']
C19708654,['O', 'O']
C40670485,['G', 'G', 'G', 'G', 'O']
C01131034,['G', 'G', 'G']
C58974784,['O', 'G', 'G', 'G', 'G', 'G', 'G', 'G']
C46570095,['G', 'G', 'O', 'G', 'G', 'O', 'G']
C09609543,['O', 'G', 'G']
C20345641,['G', 'G']
C04904839,['G', 'G', 'G']
C49212627,['G', 'O', 'G']
C36266271,['G', 'G']
C12079804,['G', 'G', 'G', 'G', 'G', 'O', 'G']
C11691931,['G', 'O', 'G']
C02492884,['O']
C28628107,['O', 'O', 'G', 'G', 'O']
C40927244,['G', 'G', 'G', 'O', 'O']
C54753590,['G', 'G', 'O']
C62333897,['G', 'G', 'G', 'G', 'G']
C60020842,['O', 'G', 'G', 'O', 'G', 'G', 'G']
C13448655,['G', 'G', 'G', 'G', 'G']
C02636143,['G', 'G', 'G', 'O']
C13418123,['G', 'G', 'G', 'G']
C13192167,['G', 'O', 'G', 'G', 'G']
C20524821,['G', 'G', 'G', 'G', 'G']
C04691477,['G', 'O', 'G']
C05798251,['O', 'G', 'G', 'O']
C37742372,['G', 'G', 'O', 'G']
C36618078,['G', 'O', 'O']
C25758162,['O', 'G', 'G', 'G', 'G', 'G', 'G', 'G']
C10545365,['G', 'O', 'O', 'G']
C01061862,['G', 'O', 'G', 'O']
C13008218,['G', 'G', 'G', 'G', 'G', 'O', 'G']
C59014567,['G', 'G', 'G', 'G', 'O', 'G', 'G', 'G']
C27472553,['G', 'G', 'G', 'G', 'G']
C12045494,['O', 'G', 'G', 'G', 'G', 'G', 'G']
C26543663,['G', 'G', 'O']
C24106627,['O', 'G', 'G', 'G', 'O']
C12449028,['G', 'G', 'G', 'O', 'G']
C67578834,['G', 'G', 'G', 'G', 'O', 'G']
C11961984,['G', 'G', 'O', 'G', 'O']
C25902736,['G', 'O', 'G', 'G', 'G', 'G']
C17421652,['G', 'G', 'G', 'G']
C39944067,['G', 'G', 'G', 'G', 'G', 'G']
C15202559,['-']
C39997258,['G', 'G', 'G', 'O', 'G', 'G']
C36903220,['O', 'O', 'O']
C20589835,['O', 'O']
C09630457,['O', 'G']
C15152885,['O', 'O', 'G', 'G', 'G', 'O', 'G', 'G']
C14680543,['G', 'G', 'G', 'G', 'G', 'G', 'G', 'G']
C21316060,['G', 'G', 'G', 'G', 'G', 'O', 'G', 'O', 'G']
C07051741,['O', 'G', 'G', 'O']
C36897324,['G', 'G', 'G', 'G']
C41199760,['G', 'O', 'G', 'O']
C13448504,['G', 'G', 'G']
C21883996,['G', 'G', 'G']
C29558808,['G', 'G', 'G', 'G', 'G', 'O', 'G']
C49432472,['O', 'G', 'O', 'G', 'G']
C59392022,['G', 'G', 'O', 'G', 'G', 'O']
C63165420,['G', 'O', 'G', 'G']
C59365317,['G', 'G', 'G', 'G', 'O']
C36981605,['G', 'G', 'G', 'O', 'G']
C13389745,['O', 'G', 'O', 'G', 'G', 'G', 'G', 'O']
C66254378,['O', 'G', 'G']
C49061015,['G', 'G', 'G']
C38963806,['G', 'O', 'G', 'G']
C45022050,['O', 'O', 'O']
C13275783,['G', 'G', 'G', 'O', 'G']
C13267957,['G', 'G', 'G', 'G']
C46972576,['O', 'G', 'G', 'O', 'O']
C02050159,['-']
C13399882,['O', 'G', 'G', 'G', 'G']
C39997510,['O', 'G', 'G', 'O', 'G', 'G']
C54627880,['G', 'G', 'G']
C36917693,['G', 'G', 'G']
C06721405,['G']
C23551883,['G', 'G', 'G', 'G', 'G']
C33308390,['G', 'O', 'G', 'G']
C37322487,['G', 'G', 'G']
C13320939,['O', 'O', 'G', 'O']
C13449331,['G', 'O', 'G']
C13167865,['G', 'G', 'G', 'G']
C12495005,['O', 'G', 'G', 'G', 'G', 'O']
C21077609,['G', 'G', 'G', 'G', 'G', 'G', 'G', 'G', 'O', 'G', 'G', 'G']
C61691975,['G', 'G', 'G', 'G']
C37256117,['G', 'G', 'G']
C08921353,['G', 'G', 'G', 'G', 'G']
C01027981,['G', 'G', 'O']
C13388621,['O', 'G', 'G', 'G', 'G', 'G', 'O']
C62333302,['G', 'G', 'G', 'G']
C45943371,['G', 'G', 'G', 'G', 'G', 'O', 'G']
C05556957,['G', 'G', 'G', 'G']
C13211065,['G', 'G', 'G', 'G', 'G']
C00427628,['G']
C04812098,['G', 'G', 'G', 'G']
C63563105,['G', 'G', 'G', 'G', 'G']
C10255571,['G', 'G', 'G', 'G', 'G']
C49120996,['G', 'G', 'O']
C66395211,['G', 'G', 'G', 'O', 'G']
C28571549,['O', 'G', 'G', 'O']
C02970675,['O', 'G', 'O', 'G']
C51392340,['G', 'G']
C39850904,['G', 'G', 'G', 'G', 'G', 'O', 'G']
C36985420,['O', 'G', 'G', 'O']
C55137672,['O', 'G', 'G', 'G']
C02710647,['G', 'O', 'O', 'G', 'G', 'O']
C39466729,['G', 'G', 'G', 'G']
C00631199,['G', 'G']
C08854401,['G', 'G', 'O', 'G', 'G', 'G', 'G']
C67249175,['G', 'O', 'O', 'G', 'G', 'O', 'G']
C37991342,['G', 'G', 'G', 'G', 'G']
C20284614,['G', 'G']
C02536780,['G']
C35231327,['G', 'G', 'G', 'G', 'G']
C15828975,['G', 'G']
C13072546,['G', 'G', 'G', 'G']
C22778746,['G', 'G', 'G', 'G', 'G']
C22685002,['G', 'G', 'G', 'O', 'G', 'G', 'G', 'G']
C37199678,['G', 'G', 'G', 'O']
C65609627,['G', 'G', 'G', 'G', 'G']
C03342661,['G', 'G']
C37500787,['O', 'G', 'G', 'O']
C37292268,['G', 'G', 'G', 'G', 'G']
C08864739,['G', 'G', 'G']
C55330571,['G', 'G', 'G']
C12436943,['-']
C66255839,['G', 'G', 'O', 'G']
C21962824,['O', 'O', 'G']
C66161856,['O', 'G', 'O', 'G', 'G', 'G']
C37025944,['G', 'G', 'G']
C04823386,['G', 'O']
C66086865,['G', 'G', 'G', 'G', 'G', 'G', 'G', 'G', 'G']
C66253703,['O', 'G', 'G', 'O', 'G']
C37139571,['G', 'G', 'G']
C55300710,['G', 'G', 'G', 'G', 'G']
C14848050,['O', 'G', 'O', 'G', 'G']
C28379773,['G', 'G', 'O']
C03378097,['G', 'O', 'G', 'G', 'G']
C05997419,['G', 'G', 'G']
C08264762,['G', 'G', 'G', 'G']
C01825573,['G', 'G', 'G', 'G', 'G', 'G', 'G', 'G', 'G']
C39998156,['G', 'G', 'G', 'O', 'G', 'G', 'G']
C42581257,['G', 'O']
C54730833,['G', 'G', 'G', 'O', 'G', 'O']
C66254380,['G', 'G', 'G']
C59462479,['G', 'O', 'G', 'G', 'G', 'G', 'G']
C17072812,['O']
C23777083,['G', 'G', 'G', 'G']
C59180773,['G', 'G', 'G', 'O', 'G']
C37233591,['G', 'O', 'G', 'O', 'G']
C37364702,['O', 'O', 'G', 'G', 'O']
C16588955,['O', 'G', 'G', 'G', 'G', 'G', 'G']
C39512957,['G', 'G']
C40728452,['G', 'G', 'G', 'G', 'G', 'G']
C04422760,['G', 'G', 'G', 'G', 'G', 'G', 'O', 'O']
C22579915,['O', 'G', 'G', 'G', 'G', 'G']
C34794459,['G', 'O', 'G', 'G']
C01022128,['G', 'G', 'G', 'G', 'G', 'O', 'G', 'G']
C46821069,['O', 'G', 'G', 'G', 'G', 'G']
C33297747,['G', 'G', 'G', 'G', 'G', 'O', 'O']
C13981016,['O', 'G', 'O', 'G', 'G', 'G', 'G', 'G']
C23478322,['G', 'G', 'G', 'G', 'G']
C53994295,['G', 'G', 'O', 'G', 'G', 'G']
C11139318,['G', 'G', 'G', 'G', 'O']
C22375325,['G', 'G', 'G', 'G']
C37963472,['G', 'G', 'O', 'G']
C03026993,['O', 'O']
C42137174,['G', 'G', 'G', 'G']
C67319393,['G', 'G', 'G', 'G', 'G', 'G']
C13253708,['G', 'G', 'G', 'G', 'G']
C34764561,['G', 'G', 'O', 'O', 'O', 'G', 'G', 'G']
