C29572066,['G', 'O', 'G', 'G', 'G', 'G', 'G', 'G']
C13816256,['G', 'G', 'G', 'G', 'G', 'G', 'G', 'G', 'G', 'G']
C42871780,['G', 'O', 'G', 'G', 'G']
C13816122,['G', 'G', 'G', 'G', 'G', 'G', 'G', 'G', 'O']
C12196479,['G', 'G', 'O', 'O', 'G', 'G', 'O', 'G', 'G', 'G', 'O']
C13816237,['G', 'G', 'G', 'G', 'G', 'G', 'G', 'G', 'G']
C13816249,['G', 'G', 'G', 'G', 'G', 'G', 'O', 'G', 'G', 'G']
C51820781,['G', 'G', 'G', 'G', 'G']
C13816221,['G', 'G', 'G', 'G', 'G', 'G', 'G', 'G', 'G']
C26747738,['G', 'G', 'G']
C13816113,['G', 'G', 'G', 'G', 'G', 'G', 'G', 'G', 'G']
CHEMBL57496,['G', 'G', 'G', 'G', 'G', 'G', 'G', 'O', 'G', 'G', 'G', 'G', 'G', 'G', 'O', 'G']
CHEMBL9745,['G', 'G']
CHEMBL280973,['O', 'G', 'G', 'G', 'G', 'G']
CHEMBL10478,['G', 'G', 'G', 'G', 'G']
C37227016,['G', 'G', 'G', 'G', 'G', 'G']
C17424159,['G', 'G', 'G']
C48081032,['G', 'G', 'O', 'G']
C54765001,['O', 'G', 'G', 'G', 'G']
C26176308,['G', 'G', 'G', 'G', 'G', 'G', 'G', 'G', 'G', 'G', 'G']
C37039759,['O', 'G', 'G', 'G']
C14954464,['G', 'G', 'G', 'G', 'G', 'G', 'O', 'G', 'G', 'G', 'G']
C62718367,['O', 'G', 'G', 'G']
C40695220,['G', 'G', 'G', 'G', 'G']
CHEMBL60801,['G', 'G', 'G', 'G', 'G', 'G', 'G', 'O', 'G', 'G', 'G', 'G', 'G', 'G', 'O', 'G']
CHEMBL407994,['G', 'G', 'G', 'G', 'O']
C53278524,['G']
C00309664,['-']
CHEMBL354193,['G', 'G', 'G', 'G', 'G', 'G', 'O']
C14156570,['G', 'G', 'G', 'G', 'G', 'O', 'O', 'G', 'G', 'G']
C48235534,['O', 'G', 'G', 'G']
CHEMBL422734,['G', 'G', 'G', 'G', 'G', 'G', 'G', 'G', 'O']
C66244626,['G', 'G', 'G', 'G', 'G', 'G', 'G', 'G', 'G', 'O', 'G', 'G']
C66246494,['G', 'G', 'G', 'G', 'G', 'G', 'G', 'G']
CHEMBL426933,['G', 'G', 'G', 'G', 'G', 'G', 'G', 'G', 'G', 'G', 'G', 'G', 'G', 'G', 'G', 'G', 'G', 'G', 'O']
CHEMBL170431,['G', 'G', 'G', 'G', 'G', 'G', 'G', 'G', 'G', 'G', 'G', 'G', 'G', 'G', 'G']
CHEMBL176679,['G', 'G', 'G', 'G', 'G', 'G', 'G', 'G', 'G', 'G', 'G']
C40709691,['O', 'G', 'O', 'G', 'G', 'O', 'O', 'G', 'G', 'O']
C44676009,['O', 'G', 'G', 'G', 'G', 'G', 'O', 'G', 'G', 'G', 'G', 'G', 'G', 'G', 'G']
CHEMBL57497,['G', 'G', 'G', 'G', 'G', 'G', 'G', 'O', 'G', 'G', 'G', 'G', 'G', 'G', 'O', 'G']
C03821325,['G', 'G', 'G', 'G', 'G', 'G', 'G', 'O', 'G', 'G', 'O', 'G', 'G']
CHEMBL1083795,['G', 'G', 'G', 'G', 'G', 'G', 'G', 'G', 'G', 'G']
C33605180,['G', 'G', 'G', 'G']
CHEMBL274669,['G', 'G', 'O', 'G', 'G', 'G', 'O']
C37626882,['G', 'G', 'G', 'G', 'G', 'G']
C49089378,['G', 'G', 'G', 'G', 'G', 'G', 'G', 'G', 'G', 'G', 'G']
CHEMBL10219,['G', 'G', 'G', 'G', 'G', 'G', 'G', 'G', 'G', 'O', 'G', 'G', 'G', 'G']
C22171972,['G', 'G', 'G']
C41300905,['G', 'G', 'O', 'G', 'G', 'O', 'G', 'G', 'O']
C57773719,['O', 'G', 'O', 'G', 'G', 'G', 'G', 'G', 'O', 'G', 'G']
C20056910,['G', 'G', 'G']
C11950441,['G', 'G', 'G', 'O', 'O', 'G', 'G', 'G', 'G', 'G']
C49087016,['G', 'G', 'G', 'O']
C38101557,['O', 'G', 'O', 'G', 'G', 'G']
C54967456,['G', 'G']
C62813050,['G', 'G', 'G', 'G', 'G']
C36369755,['G', 'G', 'G', 'G', 'G', 'G', 'G']
C61735273,['O', 'G', 'G', 'G', 'G']
C13569428,['G', 'G', 'G', 'O', 'G', 'O', 'G', 'O', 'G']
C63209712,['G', 'G', 'G', 'G', 'G', 'G', 'G', 'G']
C63024608,['G', 'G', 'O', 'G']
C19770110,['-']
C05251989,['G', 'G', 'G', 'G']
C63541287,['G', 'G', 'O', 'G', 'G', 'G']
C13782006,['O', 'G', 'G', 'G', 'G', 'G', 'G', 'G', 'G', 'G', 'G', 'G', 'G']
C40750716,['G', 'O', 'G', 'G', 'G', 'G', 'G']
C40688583,['G', 'G', 'O', 'G', 'G', 'G', 'G', 'O']
C13142814,['O', 'G', 'G', 'G', 'G', 'O']
C33626475,['G', 'G', 'G', 'G', 'O', 'G', 'G', 'O']
C37813913,['G', 'O', 'O', 'G', 'G']
C63201198,['G', 'G', 'G']
C44680600,['G', 'G', 'G', 'G', 'O']
C64053105,['O', 'G', 'G', 'G', 'O']
C04784919,['G', 'O', 'G', 'G', 'O', 'G', 'G', 'G', 'O']
CHEMBL10437,['G', 'G']
C05846644,['G', 'G', 'G', 'G', 'G', 'G', 'G', 'G', 'G']
C12407554,['G', 'G', 'G', 'G', 'G', 'G']
C62100211,['O', 'G', 'G', 'G']
C62858953,['G', 'G', 'G', 'G']
CHEMBL1091214,['G', 'G', 'G', 'G', 'G', 'G', 'G', 'G']
C63280688,['G', 'O', 'G']
C62812770,['G', 'O', 'G', 'G']
C35381073,['G', 'G']
C45231546,['G', 'G', 'G', 'G', 'G']
C39113739,['G']
C66816373,['G', 'G', 'O', 'G', 'G', 'O', 'O', 'G', 'G']
C63201195,['G', 'G', 'G']
C40781997,['O', 'O', 'G', 'G', 'G', 'G', 'G']
C57866566,['O', 'G', 'G', 'G', 'G']
C66826299,['O', 'G', 'O']
C54306412,['G', 'O', 'G', 'G', 'G']
C37048970,['G', 'G', 'G', 'G', 'G']
C52701255,['G', 'G', 'O', 'G', 'G', 'O']
C62048823,['O', 'O', 'O', 'G', 'G', 'G', 'G']
C51117651,['G', 'G', 'G', 'G']
C02540041,['G', 'O']
C22113380,['G']
C10340904,['O', 'G', 'G', 'G', 'G', 'G', 'G']
C64886152,['G', 'G', 'G', 'G', 'G', 'G', 'G', 'G', 'G', 'G']
C40824736,['G', 'G', 'G', 'O', 'O']
C12139827,['O', 'O', 'O', 'G', 'G', 'G', 'G', 'G', 'G', 'G', 'G', 'G', 'G', 'G']
C39115395,['G', 'G']
C22031092,['G', 'G', 'G', 'G', 'O', 'G', 'G', 'G', 'G']
C04417273,['G', 'G', 'G', 'G', 'G', 'G', 'O']
C22007787,['G', 'G', 'G', 'G', 'G', 'G']
C66187268,['O', 'G', 'G', 'O', 'G']
C62813931,['O', 'O', 'G']
C45380403,['G', 'G', 'G', 'G', 'G']
C35616218,['G', 'O', 'G']
C13803655,['G', 'G', 'G', 'G', 'G', 'O', 'O', 'G', 'G', 'G', 'G', 'G', 'G', 'G']
C35566861,['G', 'G']
CHEMBL1090540,['G', 'G', 'G', 'G', 'G']
C03343587,['O', 'O', 'O', 'O', 'G']
C20358282,['G', 'G', 'O']
C12753446,['G', 'G', 'G', 'G', 'O', 'O', 'G', 'G', 'G', 'G', 'G']
C39113603,['G', 'G', 'G']
C36264570,['G', 'G', 'G']
C40760618,['G', 'G', 'O', 'G', 'G', 'G', 'G', 'G']
C44255231,['G', 'G', 'G']
C48845401,['G', 'G', 'G', 'G', 'G', 'G', 'G', 'O']
C63745872,['G', 'G', 'G', 'G', 'G']
C64885188,['G', 'G', 'G', 'G', 'G', 'G', 'G', 'G', 'G', 'G', 'G', 'G', 'G']
C37899372,['G', 'G', 'G', 'G', 'G']
C40782939,['G', 'G', 'G', 'G', 'O', 'G', 'G', 'G', 'G']
C55145043,['G', 'G', 'O', 'G', 'G']
CHEMBL345129,['G']
C51117723,['G', 'G', 'G', 'O', 'O']
C35368132,['G', 'G', 'G', 'G']
C49474209,['G', 'G']
C40705520,['G', 'G', 'G', 'O', 'O', 'G', 'G', 'O']
C36781685,['G', 'G', 'G', 'G', 'G']
C53097384,['G', 'G', 'G', 'G', 'G']
C54308155,['G', 'G', 'O', 'G', 'G', 'G']
C55088751,['G', 'O', 'G', 'O']
C54965777,['O', 'G', 'G', 'G', 'G', 'G']
C04613728,['G']
CHEMBL86865,['O']
C01412701,['G', 'G', 'O', 'O']
C39941236,['G', 'G']
C65383398,['O', 'G', 'O', 'G']
C40705922,['G', 'G', 'G', 'G', 'G', 'G', 'O', 'G', 'G', 'G', 'G']
C05479324,['G', 'G', 'G', 'G', 'G', 'G', 'G', 'G', 'G', 'G']
C52782948,['G', 'G', 'G', 'G', 'G']
C65535524,['O', 'O', 'O']
C20477479,['G', 'G', 'G', 'G', 'G']
C64612577,['G', 'G', 'O', 'G']
C61808399,['G', 'G', 'G', 'O', 'G']
C54822229,['O', 'G', 'G', 'G']
C15065940,['G', 'G', 'G', 'G', 'G', 'G', 'G', 'G']
C40584559,['G', 'G', 'O', 'G']
CHEMBL421040,['-']
C61871376,['O']
C44464413,['G', 'G', 'G']
C55134600,['G', 'O', 'G']
C19936090,['G', 'G', 'G', 'G', 'G', 'G']
C43490858,['G', 'G', 'G', 'G', 'G', 'G']
C13151613,['G', 'G', 'G', 'G', 'G', 'G', 'G', 'G', 'G', 'G', 'G', 'G', 'G', 'O']
C61659926,['G', 'O', 'G', 'G', 'O']
C20532089,['G', 'G', 'O', 'G', 'G']
C35677117,['G', 'G']
C39136571,['G', 'G']
C66242696,['G', 'G', 'G', 'G', 'G', 'G', 'G', 'O', 'G']
C07002129,['O', 'O', 'G']
C42508014,['O', 'G', 'G', 'G', 'G']
C33902778,['G', 'G', 'G', 'G', 'G', 'G', 'G']
C35727881,['G', 'G', 'G', 'G', 'G', 'G', 'G', 'G', 'O', 'G']
C63194375,['G', 'G', 'G', 'O', 'G']
C55161664,['G', 'G', 'G', 'G', 'G', 'G', 'G', 'G', 'G', 'G']
C45105968,['G', 'G', 'O', 'O']
C65425271,['O', 'G', 'O', 'G']
C20440513,['G', 'G', 'G', 'G', 'G']
C00134450,['G', 'G', 'G', 'O']
C43495510,['G', 'G', 'G']
C63172876,['G', 'G', 'G']
C44461243,['G', 'G']
C67273149,['G', 'G', 'G', 'G', 'G', 'G', 'G']
C44470169,['G', 'G', 'G', 'G', 'O']
C64409699,['G', 'G', 'O', 'G', 'O', 'G', 'O', 'G', 'G', 'G']
C40893122,['G', 'G', 'G', 'G', 'G', 'O', 'G']
C49146452,['G', 'G', 'G', 'G', 'G', 'G', 'G', 'G', 'G']
C27653556,['G', 'G', 'G', 'G', 'G', 'G', 'O', 'O', 'G', 'G', 'G', 'G', 'G', 'G', 'G']
C50462894,['O', 'G']
C54160037,['G', 'G', 'G']
C62052278,['O', 'G', 'G', 'G']
C57376066,['G', 'G', 'G', 'G', 'G', 'G', 'G', 'G', 'O', 'G', 'G', 'G', 'G']
C66964202,['G', 'G', 'O', 'G', 'G', 'G', 'G', 'G', 'G', 'G']
C39052803,['-']
C66242797,['O', 'G', 'G', 'G', 'O', 'O']
C35339793,['G', 'G', 'O', 'O', 'G', 'G', 'G']
C45435673,['G', 'G', 'G']
C64173560,['G', 'G', 'O', 'G', 'G', 'G', 'G', 'O', 'G']
C04379173,['G', 'G', 'G', 'G', 'G', 'G', 'G', 'G', 'G', 'G', 'G']
C04411026,['G', 'G', 'G', 'G', 'G', 'G', 'G', 'G', 'O']
C35368131,['G', 'G', 'G', 'G']
C55024136,['G', 'G', 'G', 'G', 'G', 'G']
C57568949,['O', 'O', 'O', 'G']
C67473397,['G', 'G', 'G', 'G', 'G']
C66390668,['G', 'G', 'G', 'G', 'O', 'G', 'G']
C24908173,['G', 'G', 'G', 'G', 'G']
C38091779,['G', 'G', 'G', 'G', 'G', 'G', 'G']
C66732053,['G', 'G', 'O', 'G', 'G', 'O', 'G', 'G', 'G', 'G']
C64157937,['G', 'G', 'O', 'O', 'G', 'G', 'G']
C39855902,['O', 'G', 'G', 'G', 'G', 'O']
C63870651,['G', 'G', 'O', 'G']
C37636079,['G', 'G', 'G', 'G', 'G', 'O']
C50396293,['G', 'G', 'G']
C05613051,['-']
C61699421,['G', 'G', 'G', 'G']
C04262952,['G', 'O', 'G', 'G', 'G', 'G', 'G', 'G', 'G', 'G', 'G', 'G', 'G', 'G']
C42358510,['O', 'G', 'O']
C51037332,['G', 'G', 'G', 'G']
C55087213,['O', 'O', 'G', 'G']
C43218188,['G', 'G', 'O', 'G', 'G', 'G', 'G', 'O', 'G', 'G']
C45238552,['G', 'G']
C35324100,['G', 'G', 'G', 'G', 'G']
C61710602,['G', 'G']
C33624188,['G', 'G', 'G', 'O', 'G', 'G', 'G', 'G', 'G', 'G']
C35661300,['G', 'G', 'O', 'G', 'G', 'G']
CHEMBL408500,['G', 'G', 'G', 'G', 'G', 'G', 'G', 'G', 'G']
C63571691,['G', 'O', 'G', 'O', 'G', 'G']
C17082862,['O', 'G', 'G', 'G', 'G', 'O', 'G']
C08479597,['G', 'G', 'O', 'G', 'G', 'G', 'O', 'G', 'G']
C62132757,['O']
C04984227,['-']
C66390669,['G', 'G', 'O', 'G', 'G', 'G', 'G']
C44219698,['G', 'G', 'O']
C64886702,['G', 'G', 'G', 'G', 'G', 'G', 'O', 'G', 'G', 'G', 'G', 'G', 'G', 'G', 'G']
C61990955,['G']
C44473052,['G', 'G', 'G', 'G']
C04957405,['G', 'O', 'G', 'G', 'G']
C39077904,['G', 'G']
C45225781,['G', 'G', 'O']
C65429148,['G', 'G', 'O', 'G', 'G', 'G', 'G', 'G', 'G']
C01616990,['G']
C43180628,['G', 'G', 'G', 'G', 'G', 'G']
C38975024,['G', 'G', 'G', 'O']
C20265801,['G', 'O', 'G', 'G']
C37740102,['G', 'G', 'G', 'G', 'O', 'G', 'G']
C64885856,['G', 'G', 'G', 'G', 'G', 'G', 'G', 'G', 'G', 'G', 'G', 'G']
C61808389,['G', 'G', 'G', 'O', 'G']
C16887597,['G']
C40331884,['G', 'O', 'G', 'G']
C26274417,['O', 'G', 'G', 'O', 'G', 'G', 'G', 'G', 'G', 'G']
C13810847,['G', 'G']
C63515278,['G', 'G', 'G', 'G', 'G', 'G']
C53045758,['G', 'G', 'G', 'G']
C05459130,['G', 'G']
C57866718,['G', 'G', 'G', 'G']
C26389426,['G', 'G', 'G', 'G', 'G', 'G', 'G', 'G', 'O', 'G', 'G']
C63407576,['G', 'G', 'G', 'O', 'G', 'G', 'G', 'G', 'G']
C55309377,['G', 'G', 'G', 'G']
C38549464,['G', 'O', 'G', 'G', 'O', 'G', 'G', 'G', 'O', 'G', 'G', 'G', 'G']
C43461245,['G', 'G', 'G']
C37659315,['G', 'G', 'G', 'G', 'G', 'O']
C63491692,['G', 'G', 'G', 'O', 'O']
C35677059,['G', 'G', 'G']
C34926942,['G', 'G']
C45168980,['O', 'G', 'G']
C12328401,['G', 'G', 'G', 'G', 'G', 'G', 'G']
C65208102,['O', 'G', 'G']
C34927005,['G']
C03871196,['G', 'G']
C55129084,['G', 'O', 'G', 'G', 'G']
C52838159,['O']
C27193399,['O', 'O', 'G', 'O']
C44255245,['G', 'G', 'G', 'G', 'G']
C38803917,['G', 'G', 'G']
C42871569,['G', 'O', 'G', 'G']
C39135662,['O', 'G', 'G']
C40723717,['O']
C64873934,['-']
C50359175,['G', 'G', 'G', 'G', 'G']
C38040537,['G', 'G', 'G', 'G']
C45534555,['G', 'G', 'G', 'G', 'G', 'G', 'G', 'G', 'G', 'G', 'G']
C64886065,['G', 'G', 'G', 'G', 'G', 'G', 'G', 'G', 'G', 'G', 'G', 'G', 'G', 'G']
C44469506,['G', 'G', 'G', 'G', 'G']
C53159078,['O', 'O']
C55088843,['G', 'O', 'G', 'G', 'G', 'G']
C57837995,['G', 'G', 'G', 'O', 'G']
C19791811,['G', 'G', 'O']
C41050622,['G', 'G', 'G']
C44233969,['G', 'G', 'G', 'G']
C43213409,['G', 'G', 'G', 'G', 'G', 'G', 'G', 'G', 'G', 'G', 'G', 'G']
C55127103,['G', 'G', 'G', 'G']
C38965351,['G', 'G', 'O', 'O']
C40377069,['G', 'G', 'G', 'G']
C51571673,['G', 'G', 'G', 'G', 'G']
C40446375,['G', 'G', 'G', 'G']
C44476921,['G', 'G']
C62603295,['G', 'G', 'G', 'G', 'G']
C62314396,['G', 'G', 'G', 'G', 'G', 'G', 'G']
C62777295,['G', 'O']
C44910177,['G', 'G', 'G', 'G', 'G', 'G']
C67264590,['G', 'G', 'G', 'G', 'G', 'G', 'G', 'G', 'G', 'G']
C39941234,['G', 'G']
C55090887,['G', 'G', 'G', 'G', 'G', 'G', 'G']
C29043701,['O', 'G', 'O', 'O', 'G', 'G', 'G', 'G', 'G', 'G', 'O']
C43495507,['G', 'G', 'G']
C64885829,['G', 'G', 'G', 'G', 'G', 'G', 'G', 'G', 'G', 'G', 'G', 'G', 'G']
C43378830,['G', 'G', 'G', 'O']
C65374867,['G', 'O', 'O', 'G', 'G', 'G', 'O', 'O', 'G']
C66246369,['O', 'G', 'G', 'G', 'G', 'G', 'O', 'G']
C03696946,['G', 'O']
C41050691,['G', 'G']
C08163280,['G', 'G', 'G', 'G', 'O', 'G', 'G', 'G']
C39394615,['G', 'G', 'G', 'G']
C63255113,['G', 'G', 'G', 'O']
C61608196,['G', 'O', 'G', 'G', 'G', 'G', 'G', 'O']
C39064058,['O', 'G']
C41050683,['G', 'G', 'G', 'G']
C62837321,['G', 'G', 'G', 'G', 'G', 'G']
C45221138,['G', 'G', 'G', 'G']
C42428990,['G', 'G', 'G', 'G', 'G', 'G', 'G']
C57866697,['G', 'G', 'G', 'G']
C37557581,['G', 'G', 'G']
C41050625,['G', 'G', 'G', 'O']
C63486284,['O', 'G', 'G', 'O', 'G', 'G']
C62858954,['G', 'G', 'G', 'G', 'G', 'G']
C41512318,['G', 'G', 'G']
C20290962,['G', 'G', 'G']
CHEMBL27760,['O', 'G', 'G', 'G', 'G', 'G', 'G', 'G', 'O', 'G', 'G', 'G', 'G']
C33634178,['-']
C35138448,['G', 'G', 'G', 'G', 'G', 'G']
CHEMBL1089185,['G', 'G']
C36853655,['G', 'G']
C63350040,['G', 'G', 'G']
C62871975,['G', 'O', 'G']
C13529433,['O', 'O', 'G', 'G', 'G', 'G']
C44469957,['O', 'G', 'G']
C45507085,['G', 'G', 'G', 'G']
C36996703,['G', 'G', 'G', 'G']
C59386732,['G', 'O', 'G', 'G', 'G', 'G', 'G', 'O', 'O', 'G']
C52069155,['G', 'O', 'G', 'G']
C53097026,['G', 'G', 'G', 'G', 'G', 'G', 'G', 'G', 'G', 'G']
C20470382,['G', 'G', 'G', 'G']
C62099176,['G', 'G']
C51355530,['G', 'G', 'G', 'G', 'G', 'G', 'G']
C41050748,['G', 'G']
C40834063,['O', 'G', 'G', 'G', 'G', 'G', 'O']
C52046087,['G', 'G', 'O']
C36628855,['O', 'O', 'O']
C36231485,['O', 'G', 'G', 'G', 'G', 'G']
C35379724,['G', 'G']
C45420191,['G', 'G', 'G', 'G', 'G', 'G']
C51694740,['G', 'O', 'G', 'G']
C62536232,['G', 'G', 'G', 'G']
C61844160,['G', 'G', 'G', 'G']
C67641910,['G', 'O', 'O', 'G']
C63710340,['G', 'G', 'G', 'G', 'G', 'O', 'G', 'O']
C65430228,['G', 'G', 'G', 'G', 'G', 'G', 'G', 'G', 'G']
C50396077,['G', 'G', 'G', 'G']
C52785670,['G', 'G', 'G', 'G']
C42040134,['G']
C02500023,['G', 'G']
C51570813,['G', 'G', 'G', 'G', 'G', 'G']
C05460903,['G', 'G', 'G', 'G', 'G', 'G', 'O', 'G', 'G']
C37129104,['G', 'G', 'O']
C11731069,['G', 'G', 'G']
C40225028,['G', 'G', 'G', 'G', 'G', 'O']
C50392991,['G', 'G', 'G']
C37268339,['G', 'G', 'O', 'G']
C49579961,['G', 'G', 'G', 'G', 'G', 'G']
C48833065,['G', 'O', 'O']
C52584631,['G', 'G', 'G', 'G', 'O', 'O', 'G', 'G', 'G', 'G', 'G', 'G']
C40730503,['G', 'G', 'G', 'O', 'O', 'G', 'O']
C04169094,['G', 'G', 'G', 'G']
C36379807,['G']
C05749071,['O', 'G']
C35381098,['G', 'G']
C36922924,['G', 'G', 'G', 'G']
C44250592,['G', 'G', 'G', 'G', 'O']
C34962127,['G', 'G']
C44474402,['G', 'G', 'G', 'G', 'G', 'G', 'G']
C61699010,['G', 'G', 'G', 'G']
C52838985,['G', 'G', 'G', 'O']
C50182074,['O', 'G']
C32541089,['G', 'G', 'G']
C35677071,['G', 'G']
C61843036,['G', 'G', 'G', 'G']
C15674138,['G', 'O', 'G', 'G', 'G']
C26896592,['O', 'G', 'G', 'O', 'G', 'G', 'G', 'O', 'G', 'G']
C45820919,['G', 'O']
C54964742,['G', 'G', 'G', 'G', 'G']
C36880759,['G', 'G', 'G']
C64885724,['G', 'G', 'G', 'O', 'G', 'G', 'G', 'G', 'G', 'G', 'G', 'G', 'G', 'G']
C50183136,['G', 'G', 'O', 'G', 'O', 'G', 'G', 'G']
C45772546,['G', 'G', 'G', 'O', 'G']
C51145100,['G', 'G', 'G', 'G', 'G', 'G', 'O', 'G']
C01747679,['G', 'G', 'G', 'G', 'G']
C05613046,['-']
C51571486,['G', 'G', 'G', 'O', 'G']
C26805552,['G', 'G', 'G', 'O', 'G', 'G', 'G', 'G', 'G', 'G']
C39088100,['G', 'G']
C20329244,['G', 'G', 'G', 'G']
C11848726,['G']
C37412391,['G']
C42040911,['G', 'G']
C45463734,['G', 'G', 'G', 'G', 'O', 'G', 'G']
C40744441,['G', 'G', 'G', 'G', 'G', 'G', 'G', 'G', 'G', 'G', 'G']
C42040416,['G', 'G']
C50243229,['G', 'O', 'G', 'G', 'G', 'G', 'G']
C45821092,['G']
C62368455,['G', 'G', 'G', 'G']
C44471274,['G', 'G']
C43561785,['G', 'G', 'G', 'G']
C62543036,['G', 'G', 'G', 'G', 'G', 'G', 'G', 'G', 'G', 'G', 'G', 'O']
C43376550,['G', 'G', 'G']
C62958088,['G', 'G', 'O', 'O', 'G', 'G']
C62052351,['G', 'O', 'G']
C39702779,['G', 'G', 'G']
C45108066,['G', 'G', 'G', 'G', 'G']
C40446374,['G', 'G', 'G', 'G']
C58837673,['G', 'G', 'G', 'G']
C52048130,['G', 'G', 'G', 'G']
C65374865,['G', 'G', 'G', 'G', 'G', 'O', 'O', 'G', 'G']
C52044823,['G', 'O', 'O', 'G']
C39096028,['G', 'G', 'G', 'G']
C37672389,['O', 'G', 'O', 'G', 'G']
C42506759,['O', 'G', 'G', 'G', 'G', 'G', 'G']
C04715282,['G']
C42953033,['G', 'G', 'G', 'G', 'G']
C41055482,['G', 'G', 'O']
C61806489,['G', 'G', 'G', 'G', 'G']
C03697413,['G', 'O']
C12750008,['O', 'G', 'G', 'G', 'G']
C39090992,['G', 'G', 'G']
C42562748,['G', 'G', 'G', 'G', 'G', 'G']
C67086126,['G', 'G', 'G', 'G', 'G', 'G', 'G', 'G', 'G', 'G', 'O', 'G', 'G']
C67178479,['G', 'G', 'O', 'G', 'G', 'G', 'O', 'G', 'G', 'O', 'G', 'G', 'G']
C37482232,['G', 'G', 'G', 'O', 'G', 'G', 'G']
C01272588,['G', 'O', 'O', 'G', 'G']
C44470784,['G', 'G']
C44801558,['G', 'G', 'G', 'G', 'G', 'G']
C39100433,['G', 'G', 'G', 'G', 'G']
C18194946,['O']
C36203765,['G', 'G', 'O', 'O']
C40514747,['G', 'O', 'G', 'G', 'G', 'O']
C59447162,['G', 'G', 'O', 'G', 'G', 'G', 'G', 'O', 'O', 'G']
C01607136,['G', 'G', 'G', 'G', 'G']
C39142670,['O', 'O']
C40462867,['G', 'G', 'G', 'G', 'G', 'G']
C02046876,['G']
C19865112,['O', 'G', 'G', 'G']
C50465704,['G', 'G', 'G']
C44762752,['G', 'G', 'G', 'G', 'G']
C20999304,['G', 'G', 'G', 'O']
C52019963,['G', 'G']
C55124164,['G']
C44807283,['G', 'G', 'O', 'G', 'O']
C20978370,['G', 'G', 'G', 'G', 'O', 'G', 'G']
C37019209,['G', 'G', 'G', 'G']
C20216427,['-']
C16990869,['-']
C61875055,['O', 'O']
C38049628,['G', 'G', 'G']
C02170264,['-']
C19971620,['G']
C39693434,['G', 'G', 'G', 'G', 'G', 'G', 'G', 'G', 'G', 'G', 'G']
C32617194,['O', 'G', 'G', 'G', 'G', 'G', 'G']
C39134688,['G']
C53127536,['G', 'G', 'G', 'O', 'G']
C52036215,['G', 'G']
C61695221,['G', 'G', 'G', 'G', 'O']
C62099649,['G', 'G']
C39354022,['G', 'O', 'G', 'O', 'G']
C63433761,['G', 'G', 'G', 'G', 'G']
C34064778,['G', 'O']
C49691950,['-']
C43410632,['G', 'O', 'G', 'G']
C19518195,['G', 'G', 'G', 'G']
C39676382,['G', 'G', 'G', 'G', 'G', 'G', 'O', 'G', 'G']
C66153304,['O']
C61698093,['G', 'G', 'G', 'O', 'G']
C45587804,['O', 'G', 'G', 'G', 'G', 'G']
C61414342,['G', 'G', 'G']
C67186949,['G', 'G', 'G', 'O', 'G']
C53118304,['G', 'G', 'G', 'G', 'G', 'G', 'O', 'G', 'G', 'G']
C41583636,['G', 'G', 'G']
C44564093,['-']
C22827402,['G', 'G', 'G', 'G', 'G', 'G']
C55087286,['G', 'G', 'G', 'G', 'G', 'G']
C02559587,['G']
C42873210,['O', 'G', 'G']
C36985197,['O', 'O', 'G', 'G', 'G']
C44252850,['G', 'O', 'G', 'G']
C44469933,['G', 'G']
C45301261,['O', 'G', 'G']
C54085089,['G', 'G']
C52760550,['G', 'G', 'G', 'G', 'G', 'G']
C67472904,['G', 'G', 'G']
C37272295,['G', 'G', 'O', 'G']
C50090562,['G', 'G', 'G', 'G', 'O', 'G', 'G', 'G', 'G']
C41514342,['G', 'G', 'G']
C42040390,['G']
C35255572,['G']
C45378144,['G', 'G', 'G']
C61677349,['G', 'G', 'G', 'G', 'G']
C42040289,['G', 'G', 'G']
C00000746,['G', 'G', 'G', 'G']
C43516576,['G', 'G', 'G', 'G']
C52792010,['G', 'G', 'G', 'G', 'G', 'G', 'G', 'G']
C66077410,['O', 'G', 'G', 'G', 'O']
C44470847,['G', 'G']
C27030003,['G', 'O']
C63985891,['G', 'G', 'O', 'G', 'G', 'G', 'G', 'G', 'G', 'G', 'G', 'G', 'G']
C04110384,['G', 'O']
C00427510,['O', 'O', 'G']
C44236396,['G', 'G']
C61590030,['G']
C37799395,['G', 'G', 'O', 'O']
C44250910,['G', 'G', 'G']
C44075675,['-']
C51549157,['G', 'G', 'G', 'O', 'G']
C63511263,['G', 'G', 'G', 'O']
C19842743,['G', 'O']
C42614128,['O', 'G', 'G', 'G']
C19221829,['G', 'G', 'G', 'O', 'O', 'G', 'G', 'G', 'G', 'G', 'G', 'G', 'G', 'G']
C62101777,['G', 'G', 'G']
C36162131,['-']
C19858028,['G']
C37039580,['G', 'G', 'G', 'G', 'G', 'G']
C52838957,['G', 'G']
C63175587,['G', 'G', 'G']
C35676943,['G', 'G']
C44473212,['G', 'G']
CHEMBL117074,['G', 'G', 'G', 'G', 'G', 'G', 'G', 'G', 'G', 'G']
C61842984,['G', 'G', 'G', 'G', 'G', 'O']
C35359626,['G', 'G', 'G', 'G', 'G', 'G']
C50403250,['G', 'G', 'G', 'G', 'G', 'G', 'G', 'G']
C41050653,['G', 'G', 'G', 'O']
C37857603,['G', 'G', 'G']
C35452486,['G', 'G']
C24620052,['-']
C43209414,['G', 'G', 'G', 'G', 'G', 'G', 'G', 'G', 'G']
C08037140,['G', 'G', 'O']
C41050745,['G', 'G']
C02571879,['G', 'G', 'G', 'G', 'G', 'G', 'G', 'G', 'G', 'G', 'G', 'G']
C16924180,['G', 'O', 'G']
C44255644,['G', 'G', 'G', 'G', 'G']
C48686959,['G', 'G', 'G', 'G']
C39134490,['G', 'G']
C19842748,['G', 'G']
C49805100,['G', 'G', 'G', 'G', 'G']
C34697118,['O', 'G', 'G', 'G']
C57865649,['G', 'O', 'G', 'G']
C48630626,['G', 'G', 'G']
C52838323,['G']
C40695181,['O']
C55088764,['G', 'O', 'G', 'O']
C66245228,['O', 'G', 'G', 'G', 'G', 'G', 'O', 'G', 'G', 'G', 'G', 'G']
C20785631,['G', 'G', 'G', 'G']
C44471666,['G', 'G', 'G', 'G']
C37049695,['G', 'G', 'G', 'G', 'G', 'G']
C01606812,['G', 'G', 'G', 'G', 'G', 'G', 'G', 'G', 'G']
C62831039,['G', 'G', 'G', 'G', 'G']
C63808270,['O', 'G', 'G', 'G', 'G', 'G', 'G', 'G', 'G']
C02487578,['G', 'G', 'G', 'G', 'G']
C52094252,['G', 'G']
C50104024,['G', 'G', 'G', 'G', 'O']
C62099957,['G', 'G']
C54726353,['G', 'G', 'O', 'G', 'G', 'G', 'G', 'G', 'G', 'G']
C42440980,['G', 'G', 'G', 'G', 'G']
C44472135,['G', 'G', 'G', 'G']
C42429202,['G', 'G', 'G', 'G', 'G']
C54076072,['O', 'G', 'G', 'G', 'G']
C44249437,['G', 'G', 'G']
C00122763,['G', 'G', 'G']
C37000441,['G', 'G', 'G', 'G', 'G', 'G', 'G', 'G', 'G']
C36263278,['G', 'G', 'G', 'G']
C29043699,['O', 'G', 'G', 'O', 'G', 'G', 'G', 'G', 'G', 'G', 'G']
C54855290,['G', 'G', 'G']
C44254505,['G', 'G', 'G', 'G', 'G']
C65584929,['G', 'G', 'G', 'G', 'G', 'G', 'G', 'G', 'G']
C37124463,['G', 'G', 'G', 'G', 'G']
C50889660,['G', 'G', 'G', 'O', 'O', 'O']
C02803377,['G', 'O', 'G', 'G']
C37636813,['G', 'G', 'G', 'G', 'O']
C19972283,['G', 'G']
C35580975,['G', 'G', 'G', 'G', 'G']
C38966521,['G', 'G', 'G', 'G', 'G', 'G']
C62780028,['G', 'G']
C41514223,['G', 'G', 'G']
C02917799,['G', 'G', 'G']
C41058858,['G', 'G', 'O']
C19842791,['G', 'G']
C45793311,['-']
C44249439,['G', 'G', 'G']
C43127138,['G', 'G', 'G', 'G', 'G']
C44472032,['O', 'G', 'G']
C41069989,['G', 'G', 'O', 'G', 'G', 'O']
C44472909,['G', 'G']
C14992031,['O', 'G', 'G']
C49953617,['G', 'G', 'G', 'G', 'G', 'G']
C38802784,['G', 'O']
C35541518,['G', 'G', 'G', 'G']
C45554218,['G', 'G', 'G', 'G', 'G', 'G']
C62956190,['G', 'G', 'G', 'G', 'G']
C64678771,['G', 'G', 'G', 'O', 'G', 'G', 'O']
C19842874,['G', 'G']
CHEMBL115510,['G', 'G', 'G', 'G', 'G', 'G']
C44477269,['G', 'G', 'G']
C39132596,['-']
C44475968,['G', 'G', 'G', 'G', 'G']
C52838002,['G']
C17289586,['G', 'G', 'G']
C32802703,['G', 'G', 'G', 'G', 'G', 'G']
C33434178,['O', 'O', 'G', 'G']
C61677346,['G', 'G', 'G', 'G', 'G', 'G', 'O']
C61710601,['G', 'G']
C43112211,['G', 'O', 'G', 'G', 'G', 'G', 'G', 'G', 'G', 'G']
C37798997,['O', 'G', 'O', 'G', 'G', 'G', 'G']
C53167471,['G', 'G', 'G', 'G', 'O', 'O']
C44796464,['G', 'G', 'G']
C61638523,['O', 'G', 'G']
C61698435,['G', 'G', 'G', 'G', 'G']
C33747325,['G', 'G', 'G', 'G', 'G', 'G', 'G', 'G', 'G', 'G', 'G']
C39960690,['G', 'O']
C06302163,['G', 'G', 'G', 'G', 'G']
C19878778,['G', 'G', 'G', 'G', 'G', 'G', 'G', 'G', 'G']
C12820069,['G', 'G', 'G', 'G', 'G', 'G', 'G', 'G', 'G']
C20361889,['G', 'G', 'G', 'G']
C42873176,['G', 'G', 'G']
C15446406,['G', 'G', 'G', 'G', 'G', 'G', 'G', 'G', 'G', 'O', 'G', 'G']
C44251120,['G', 'G', 'G', 'O']
C39248160,['G', 'G', 'G']
C22154230,['G', 'O', 'G', 'G']
C65182706,['O', 'G', 'G', 'O', 'O', 'G', 'G']
C41510952,['G', 'G', 'G']
C47845241,['G', 'G']
C55128382,['G', 'G', 'O', 'G', 'G', 'G']
C39136116,['-']
C67425253,['-']
C11731071,['G', 'G', 'G']
C33852249,['G']
C19753438,['G', 'O', 'G', 'G', 'G', 'G', 'G', 'G']
C22781521,['G', 'G', 'G', 'O']
C42943754,['G', 'G', 'G', 'G', 'G', 'G']
C44470293,['G', 'G']
C44476896,['G', 'G', 'G']
C45552852,['G', 'G', 'G', 'G', 'G', 'G', 'G', 'G', 'G']
C45657782,['G', 'G', 'G', 'G', 'G', 'G', 'O', 'G']
C11914598,['G', 'G', 'G', 'G']
C55131425,['G', 'G', 'G', 'G']
C37660304,['G', 'G', 'G', 'G', 'G', 'G']
C52094248,['G', 'O']
C51820768,['G', 'G', 'G', 'G']
C05562860,['-']
C35677058,['G', 'G', 'G']
C42404556,['G', 'G', 'G', 'G', 'G']
C47463155,['O', 'G', 'G', 'G']
C19488576,['G', 'G', 'G', 'G', 'G']
C42873249,['O', 'G', 'G', 'G', 'G']
C35558325,['G', 'G', 'G', 'G']
C37713867,['G', 'G', 'G', 'G', 'G', 'G']
C39567368,['G', 'G', 'O', 'O', 'G', 'G', 'G', 'G', 'G']
C45227914,['G', 'G', 'G']
C51658931,['G', 'G']
C40744392,['O', 'O', 'G', 'G', 'G', 'G', 'G', 'G']
C35379742,['G', 'G']
C55138606,['G', 'O', 'O', 'O', 'G', 'G', 'G']
C66244000,['G', 'G', 'G', 'G', 'G', 'G', 'G', 'G']
C42384386,['G']
C36266488,['G', 'G']
C45320936,['G', 'G', 'O', 'G']
C16808135,['G', 'G', 'G', 'G']
C11886618,['G', 'O']
C45432090,['G', 'G', 'G']
C48768040,['O', 'O', 'G', 'G', 'G', 'O', 'G', 'G', 'G']
C45276496,['G', 'G', 'G', 'G']
C40448271,['-']
C44464301,['G', 'G', 'G']
C26949895,['G', 'G', 'G', 'G', 'G', 'G', 'G', 'G']
C37658763,['G', 'G', 'G', 'G', 'G', 'G']
C41042529,['G', 'G', 'G', 'G']
C62950709,['G', 'G', 'G', 'G', 'G']
C41207250,['G', 'G', 'G']
C54379969,['O', 'G', 'G', 'O', 'G']
C40448481,['G']
C37713868,['G', 'G', 'G', 'G', 'G', 'G']
C58226012,['G', 'G', 'G', 'O']
C19221537,['G', 'O', 'G', 'G']
C36746452,['G', 'G', 'G', 'G', 'G', 'G']
C62596970,['G', 'G', 'G', 'G', 'G', 'G']
C55024397,['G', 'G', 'G', 'G', 'G', 'G']
C12319671,['G', 'G', 'G', 'G', 'G']
C51520241,['G', 'G', 'G', 'O', 'O', 'G']
C36266506,['G', 'O']
C11731108,['G', 'G', 'O', 'G', 'G']
C45464821,['G', 'O', 'G', 'G', 'G', 'G', 'G', 'O', 'O']
C37460051,['G', 'G']
C34241163,['-']
C42040413,['G', 'G', 'G']
C63428661,['G']
C40694723,['G', 'G', 'G', 'G', 'G', 'G']
C61227644,['G', 'G', 'G', 'G', 'G', 'G', 'G', 'G', 'G', 'G', 'G', 'G']
C62962739,['G', 'G']
C37890810,['G', 'G', 'G', 'G', 'G', 'G', 'G', 'G']
C43569049,['G', 'G', 'G', 'G', 'O']
C39325890,['G']
C51037413,['G', 'G', 'G', 'O', 'G', 'G', 'G', 'O']
C44470748,['G', 'G', 'G']
C13817152,['G', 'G', 'G']
C61843929,['G', 'G', 'G']
C38011168,['G', 'G', 'G', 'G']
C01572156,['O', 'G', 'G', 'G', 'G', 'O', 'G', 'G', 'G', 'G', 'G', 'G']
C31054726,['G', 'G', 'G', 'G', 'G', 'G']
C42452806,['G', 'G', 'G', 'G', 'G', 'O', 'G']
C38049626,['G', 'G', 'G']
C41147824,['G', 'G', 'G', 'G', 'G', 'G', 'G', 'G']
C01715649,['G', 'G', 'G', 'G', 'G', 'G', 'G', 'G', 'G', 'G']
C52723190,['O', 'G', 'G', 'G']
C37712536,['G', 'G', 'G']
C41058659,['G', 'O', 'G']
C40406701,['G', 'G', 'G', 'G', 'G', 'G', 'G', 'G', 'G', 'G', 'G', 'G', 'G']
C57839937,['G', 'G', 'G']
C41514515,['G', 'G', 'G', 'G', 'G']
C36744535,['G', 'G', 'G', 'G', 'G', 'O', 'G', 'G']
C41055388,['G', 'O', 'G']
C45557949,['G', 'G', 'G', 'G', 'G', 'G', 'G', 'G', 'O']
C12748027,['G', 'G', 'G', 'G', 'G']
C04377857,['G', 'G', 'G']
C52157390,['G', 'G', 'G', 'G', 'G']
C37894504,['G', 'G', 'G', 'G', 'G', 'G', 'G']
C36304943,['G']
C06691140,['O']
C60362728,['G', 'G', 'G', 'G', 'G', 'G', 'G', 'G', 'G', 'G']
C67378883,['G', 'O', 'G', 'O', 'G']
C48630886,['G', 'G', 'G']
C37806053,['G', 'G', 'G', 'G', 'O', 'G']
C62336466,['G', 'G', 'G', 'G']
C37571405,['O', 'G', 'G', 'G']
C49500466,['G', 'G', 'G', 'G', 'G']
C44535873,['G', 'G', 'G']
C40448273,['-']
C19842737,['G', 'G', 'G']
C20995759,['O', 'G', 'G', 'G']
C21529313,['O', 'G', 'G', 'G', 'G']
C33594610,['G', 'G', 'G', 'G', 'G', 'G', 'G', 'G', 'G', 'G', 'G', 'G', 'G', 'G']
C62780023,['G', 'O', 'G']
C19813916,['G']
C61692361,['G', 'G', 'G', 'G']
C20396531,['G', 'G', 'G', 'G']
C41058626,['G', 'G', 'G', 'G']
C07539040,['O', 'O', 'G', 'G', 'O']
C62716708,['G']
C62152603,['G']
C62776241,['G', 'G', 'G']
C19866851,['G', 'G', 'G', 'G', 'G']
C05605044,['O', 'G', 'G', 'G']
C44796506,['G', 'G', 'O']
C40675272,['G', 'G', 'G', 'G', 'G', 'O']
CHEMBL325028,['-']
C35492897,['G', 'G', 'G', 'G', 'G']
C12958096,['O', 'O', 'G', 'G', 'G', 'G', 'O', 'O']
C66568418,['G', 'O', 'G', 'G', 'G', 'G']
C54416681,['G', 'G', 'G', 'G']
C57662554,['G', 'G', 'G', 'G', 'G', 'G']
C49281638,['G', 'G', 'G', 'O', 'G', 'G', 'G', 'G', 'G']
C18180628,['-']
C09950987,['G', 'G']
C19842525,['G', 'G', 'G']
C22855453,['O', 'O', 'G', 'O', 'G', 'G']
C06550550,['G', 'G', 'G']
C49692562,['G']
C63897439,['G', 'O', 'G', 'G', 'G', 'G', 'O']
C48038255,['G', 'G', 'O', 'G', 'G', 'G', 'G', 'G', 'G']
C11936984,['G', 'G', 'O', 'O', 'G']
C29485910,['G', 'G', 'G', 'G', 'G', 'G', 'G', 'G', 'G', 'G', 'G', 'G']
C12836581,['G', 'G', 'G', 'O', 'O']
C41513342,['G', 'G', 'G', 'G']
C32500006,['G', 'G', 'G', 'G', 'G', 'G', 'G', 'G']
C39228238,['O', 'G', 'G', 'G', 'G']
C44565273,['G', 'G', 'G', 'G', 'O']
C53128317,['G', 'G', 'G']
C39078805,['O']
C12799094,['G', 'G', 'G', 'G', 'G']
C19367280,['G', 'G', 'G', 'G', 'G', 'G']
C11662823,['G', 'G', 'G', 'G', 'G', 'G', 'O', 'O', 'G', 'G', 'G']
C66245234,['O', 'G', 'G', 'G', 'G', 'G', 'G', 'G', 'O', 'G', 'G']
C00723908,['G', 'G', 'G']
C12146451,['G', 'G', 'G', 'G', 'G', 'G', 'G', 'G']
C51211743,['G', 'G', 'G', 'G', 'G', 'G']
C06201021,['G', 'G', 'G', 'G']
C49806183,['G', 'G', 'G', 'G', 'G']
C51493100,['G', 'G', 'G', 'G']
C44397354,['G', 'G']
C40675469,['G', 'G', 'G', 'G']
C11886578,['G', 'O']
C08472349,['G', 'G', 'G', 'G', 'G', 'G', 'G', 'G']
C01669880,['G', 'G', 'G', 'G', 'O', 'G', 'G']
C05763598,['G', 'G', 'G']
C37812873,['G', 'G', 'O', 'O', 'O', 'G', 'G', 'G']
C29126141,['G', 'G', 'G', 'G', 'G', 'G', 'G', 'G', 'G', 'G', 'G']
C65432379,['G', 'O', 'G', 'G', 'G', 'O', 'G']
C35558328,['G', 'G', 'G', 'G']
C37636338,['G', 'G', 'G', 'G', 'G', 'G']
C44469497,['G', 'G', 'G']
C21984993,['G']
C20397284,['G', 'G', 'G']
C05997148,['G', 'G', 'G']
C44472558,['G', 'G']
C51327087,['G', 'G', 'G', 'G', 'G', 'G', 'G']
C45709433,['G', 'G', 'G']
C44470254,['G', 'G']
C37891569,['O', 'O', 'G', 'G', 'G', 'G', 'G', 'G']
C43460963,['G', 'G', 'G']
C39315154,['O', 'G', 'G', 'G']
C23312289,['G', 'G', 'O', 'G']
C36779338,['G', 'G', 'G']
C51434505,['G', 'G', 'G', 'G', 'G']
C38064833,['G', 'G', 'G', 'G', 'G', 'G']
C24656417,['G', 'G', 'G', 'O']
C45431897,['G', 'G', 'G', 'G']
C02599970,['G', 'G', 'G', 'G', 'G', 'G', 'G', 'G', 'G']
C39984761,['G', 'O']
C44763555,['O', 'G', 'G', 'G', 'G', 'G']
C61813276,['G', 'G', 'G', 'G', 'G', 'G']
C20420034,['O', 'G', 'G', 'G', 'G', 'G', 'G', 'G']
C49185940,['G', 'G', 'G']
C00186268,['G', 'G', 'G', 'G', 'G', 'G']
C37891559,['O', 'O', 'G', 'G', 'G', 'G', 'G', 'G']
C45473910,['G', 'G', 'G', 'G', 'G']
C49012119,['G', 'G', 'G', 'G', 'G', 'G', 'G', 'G']
C49685663,['G']
C12430535,['G', 'O', 'G', 'G', 'G']
C20361884,['O', 'G', 'G', 'G', 'G', 'G', 'O']
C44476857,['G', 'G', 'G', 'G']
C49036243,['G', 'G']
C36081791,['G', 'G', 'G', 'G', 'G', 'G', 'G', 'G', 'G', 'G', 'G', 'G', 'G']
C21635811,['O', 'G', 'G', 'G']
C62545821,['G', 'G', 'G', 'G', 'G']
C04899589,['G', 'G', 'G', 'G', 'G', 'G', 'G', 'G', 'G', 'G']
C62098459,['G', 'G', 'G', 'G', 'G', 'G', 'G']
C61807149,['O', 'O', 'O', 'G', 'G', 'G', 'G', 'G', 'G']
C53125835,['G', 'G', 'G', 'G', 'G', 'G', 'O', 'G', 'G']
C44250083,['G']
C43209522,['G', 'G', 'G', 'G', 'G', 'G', 'G', 'G']
C54345656,['G', 'G', 'G', 'G', 'G']
C28295472,['G', 'G', 'G', 'G', 'G', 'G']
C43021905,['G', 'G', 'G', 'G', 'G', 'G', 'G']
C39631472,['G', 'G', 'G', 'G', 'G', 'G', 'G', 'G', 'G']
C37180678,['G', 'G', 'G', 'G', 'G', 'G']
C55087207,['G', 'O', 'G', 'G']
C52124416,['G', 'G']
C55165150,['G', 'G', 'G', 'G', 'G']
C61829652,['G', 'G', 'G', 'O', 'O']
C63101400,['G', 'G', 'G', 'G', 'G', 'G']
C19331503,['O', 'G', 'G', 'G', 'G', 'G']
C44256467,['O', 'G', 'G', 'O']
C39024584,['G', 'G', 'G', 'G', 'G']
C27794529,['O', 'G', 'G', 'G', 'G', 'G']
C62056524,['G', 'G', 'G', 'G', 'G', 'G', 'G']
C40086363,['G', 'G', 'G', 'G', 'O']
C58267385,['G', 'O', 'G', 'G']
C65967893,['G', 'G', 'G', 'G']
C58117952,['G', 'G', 'G']
C38091939,['G', 'G', 'G', 'G', 'G', 'G']
C20294535,['G', 'G', 'G']
C44559211,['G', 'O', 'G', 'G', 'G', 'G']
C51039002,['G', 'G', 'G', 'G']
C52008172,['G', 'G', 'G', 'G', 'G', 'G']
C36747278,['G', 'G', 'G', 'G', 'G', 'G', 'G']
C34740728,['G', 'G', 'G', 'O', 'G', 'O', 'G']
C55131464,['G', 'G', 'G']
C62603468,['O', 'G', 'G', 'G', 'G']
C36988056,['O', 'G', 'G', 'G']
C45229454,['G', 'G', 'G', 'G']
C40462740,['G', 'G', 'G', 'G', 'G', 'G', 'G', 'G', 'G', 'G']
C12850068,['G', 'G', 'G', 'G', 'G', 'G', 'O']
C14201257,['G', 'G', 'G', 'G']
C62845664,['G', 'G', 'O', 'G']
C44468826,['G', 'O', 'G']
C37283454,['G', 'G', 'G', 'G']
C39053502,['G']
C15022306,['G', 'O', 'O', 'G', 'G', 'G', 'O', 'G', 'G', 'G', 'G']
C22057890,['G', 'G', 'G', 'O', 'O', 'G', 'G']
C35379741,['G', 'G']
C51545806,['G', 'G', 'G', 'G', 'G']
C53870523,['G', 'G', 'G', 'G', 'G', 'G', 'G']
C53870630,['G', 'G', 'G', 'G', 'G', 'G']
C07926703,['G', 'G', 'G', 'G', 'G', 'G', 'G']
C44470701,['G', 'G']
C36834417,['G', 'G']
C37445562,['G', 'G', 'G', 'G', 'G', 'G']
C16837744,['-']
C03140132,['G', 'G', 'O', 'G', 'G', 'G', 'G', 'G', 'G', 'G', 'G']
C42507629,['G', 'G', 'G', 'G', 'G', 'O', 'G']
C44251128,['G', 'O', 'G', 'G']
C63625886,['G', 'G', 'G', 'G', 'G', 'O', 'G', 'G', 'O', 'G', 'G']
C36919957,['G', 'G', 'G', 'G']
C51327089,['G', 'G', 'G', 'G', 'G', 'G', 'G']
C36986977,['G', 'G', 'G', 'G', 'G', 'G']
C13581902,['O', 'G', 'G', 'G', 'G', 'G', 'G', 'O', 'G', 'G', 'G', 'G', 'G', 'O']
C67116784,['G', 'G', 'G', 'G', 'G']
C62529072,['G', 'O', 'G', 'G', 'G', 'G']
C00240535,['G', 'O']
C49392530,['O', 'G', 'G', 'O']
C62597392,['G', 'G', 'G', 'G', 'G', 'G']
C09378236,['G', 'G', 'G', 'G', 'G', 'G', 'G', 'G']
C50090256,['G', 'G', 'G', 'G', 'G']
C44471251,['G', 'G', 'G']
C51735992,['G', 'G', 'G', 'G', 'G', 'G', 'G', 'G', 'G', 'G', 'G', 'G']
C45475657,['G', 'G', 'G', 'G', 'G', 'G', 'G', 'G']
C37248263,['G', 'G', 'G', 'G', 'G', 'G']
C17328547,['G', 'G', 'G', 'G', 'G', 'G', 'G', 'G', 'G', 'G', 'G', 'G']
C39356443,['G', 'G', 'G', 'G', 'G', 'G', 'G']
C02405714,['G', 'G', 'G', 'G', 'G']
C36879186,['G', 'G', 'G', 'G']
C06749216,['G', 'G', 'G', 'G', 'G']
C39631226,['G', 'G', 'G', 'G', 'G', 'G', 'G', 'G', 'G', 'G', 'G']
C19685772,['G', 'G', 'G', 'G']
C55091557,['G', 'G', 'O', 'G']
C11975794,['G', 'O', 'G', 'O']
C61595626,['G', 'G', 'G', 'G']
C52883519,['G', 'G', 'G', 'G', 'G', 'G']
C00521805,['O', 'O', 'G']
C19842690,['G', 'G']
C19973426,['O']
C38677455,['G', 'G', 'G', 'G', 'G', 'G', 'G']
C37899152,['G', 'G', 'G', 'G', 'G', 'O', 'O']
C33500111,['G', 'G', 'G', 'G', 'G', 'G', 'G', 'G', 'G', 'G', 'G', 'G']
C41058566,['G', 'G', 'G']
C49008978,['G', 'G', 'G', 'G', 'G', 'G', 'O', 'G']
C56936280,['O', 'G', 'G', 'G', 'G', 'G']
C44477315,['G', 'G']
C58117941,['G', 'G']
C62029150,['G', 'G', 'G', 'G', 'G', 'G', 'G']
C63189889,['G', 'G', 'G']
C06193055,['G', 'G', 'G', 'G', 'G', 'G', 'G', 'O', 'G', 'G', 'G', 'G', 'G', 'G']
C42483280,['G', 'G', 'G', 'G', 'G', 'O', 'G', 'O']
C19769302,['G', 'G', 'G', 'G']
C33810157,['G', 'G', 'O', 'G']
C42871606,['G', 'G', 'G', 'G', 'G']
C02141880,['G', 'G', 'G', 'G', 'G', 'G', 'G', 'O', 'O']
C42579542,['G', 'G', 'G', 'G', 'G', 'G']
C25218690,['O', 'G', 'G', 'G']
C61830619,['G', 'G', 'G', 'G', 'G', 'O']
C41584035,['G', 'G', 'G', 'G', 'G', 'G']
C44254987,['G', 'O', 'G', 'G', 'G', 'G']
C37479044,['G', 'G', 'O', 'G', 'G', 'G']
C42184753,['G', 'G', 'G', 'G', 'G', 'O']
C67390553,['G', 'G', 'O', 'G', 'G', 'G', 'G', 'G', 'G', 'G', 'G']
C22785852,['G', 'G', 'G', 'G', 'O']
C45070439,['G', 'G', 'G', 'G', 'G', 'G', 'O']
C36232311,['G', 'O', 'O']
C41586445,['G', 'G', 'G', 'G', 'G', 'G']
C01668866,['G', 'G', 'G', 'G', 'O', 'G', 'G', 'G', 'G', 'G', 'G']
C45467102,['G', 'G', 'G', 'G', 'G', 'G', 'G', 'O', 'G', 'G']
C51546837,['G', 'G', 'G', 'G', 'G']
C11817034,['G', 'O', 'G', 'G', 'G', 'G', 'O', 'G', 'G', 'G']
C50565430,['O', 'G', 'G', 'G']
C03981896,['O', 'O', 'G', 'G', 'O']
C45467591,['G', 'G', 'G', 'G', 'G', 'G', 'G', 'G']
C44252428,['G', 'G', 'G', 'G', 'G', 'G']
C37629277,['G', 'G', 'G', 'G', 'G']
C22564628,['G', 'G', 'G', 'G']
C39227987,['G', 'G', 'G', 'G', 'O']
C20122898,['G', 'G', 'G', 'G', 'G', 'G']
C45556120,['G', 'G', 'G', 'G', 'G', 'G', 'G']
C43631720,['G', 'G', 'G', 'G']
C61607915,['G', 'G', 'G', 'G', 'G', 'G', 'O', 'G', 'G']
C37891217,['G', 'G', 'G', 'G', 'G', 'G', 'G']
C43209337,['G', 'G', 'G', 'G', 'G', 'G', 'G']
C21672136,['G', 'G', 'G', 'G', 'G', 'O', 'G']
C66197125,['G', 'G', 'G', 'G', 'G', 'G', 'G', 'G', 'G', 'G', 'O']
C37853162,['G', 'G', 'G', 'G', 'G', 'G', 'G', 'G', 'G', 'G', 'G', 'G', 'O']
C37232533,['G', 'G', 'O']
C19799250,['G', 'G', 'G', 'G']
C51817003,['G', 'G', 'G', 'O', 'G', 'G']
C39097092,['G', 'G', 'G', 'G']
C20305819,['G', 'G', 'G', 'G', 'G', 'G']
C44471236,['G', 'G', 'G']
C35884788,['G', 'G', 'G', 'O']
C59055557,['G', 'G', 'G', 'G', 'G', 'G']
C37636195,['G', 'G', 'G', 'G', 'G']
C49311288,['G', 'G', 'G', 'G', 'G', 'G', 'G', 'O']
C35050507,['G', 'G', 'G', 'G']
C50088978,['G', 'G', 'G', 'G', 'G']
C44253914,['G', 'G', 'G', 'G', 'G', 'O']
C40777768,['G', 'G', 'G', 'G', 'G', 'G', 'G', 'O', 'O']
C13763252,['G', 'G', 'G', 'G', 'G', 'O', 'G', 'O', 'G', 'G', 'G']
C67461765,['O', 'G', 'G', 'G', 'G', 'G', 'G', 'G']
C05237748,['O', 'G', 'G', 'G', 'G']
C41584034,['G', 'G', 'G', 'G', 'G', 'G']
C40959143,['G', 'O', 'G', 'G', 'G', 'G']
C44252228,['G', 'G', 'G']
C62601754,['G', 'O', 'G', 'G', 'G', 'G']
C00038304,['G', 'G', 'G']
C45473909,['G', 'G', 'G', 'G', 'G']
C38995135,['O', 'G', 'O', 'G']
C50348393,['G', 'G', 'G', 'G']
C37722257,['G', 'O', 'O', 'G', 'G', 'G', 'G', 'G', 'G']
C37908338,['G', 'G', 'G', 'G']
C44681827,['O', 'G', 'G', 'G', 'G', 'G', 'G', 'G', 'G', 'G', 'G', 'G', 'G', 'G', 'G']
C62605145,['G', 'G', 'G', 'G', 'G', 'G', 'O', 'G']
C37894428,['G', 'G', 'G', 'G', 'G', 'G', 'G', 'G', 'O']
C23399789,['G', 'G', 'G']
C62547190,['G', 'G', 'O', 'G', 'G', 'G', 'G']
C42878881,['G', 'G', 'G', 'G', 'G', 'G', 'G']
C21319416,['G', 'G', 'G', 'G', 'G', 'O', 'O', 'O', 'G']
C61829668,['G', 'G', 'G', 'G', 'O']
C43253107,['G', 'G', 'G', 'G', 'G', 'G', 'G']
C04811980,['G', 'G']
C43209031,['O', 'G', 'G', 'G', 'G', 'O', 'G', 'G', 'G', 'G']
C45559022,['G', 'G', 'G', 'G', 'G', 'G', 'G', 'G', 'O']
C50285959,['G', 'G', 'G', 'G']
C45548203,['G', 'G', 'G', 'G', 'G', 'G', 'G', 'G', 'G', 'G']
C05812685,['G', 'G', 'G']
C37890715,['O', 'O', 'G', 'G', 'G', 'G', 'G']
C04557161,['G', 'G', 'O', 'G', 'G', 'G', 'G', 'G', 'G']
C08757880,['G', 'G', 'G', 'G', 'G', 'G', 'G', 'G', 'G', 'G', 'G', 'G']
C44468857,['G', 'O', 'G']
C65525853,['G', 'O']
C39431104,['G', 'G', 'G', 'G', 'G', 'G']
C39048522,['G', 'G']
C62548082,['G', 'O', 'G', 'G', 'G', 'G', 'G', 'G']
C36786407,['G', 'G', 'G', 'G', 'G']
C39736666,['O', 'G', 'O', 'G']
C63072743,['G', 'G', 'G', 'G']
C11818816,['O', 'G', 'G', 'G', 'G', 'O']
C36167783,['G', 'G', 'G', 'G']
C49185939,['G', 'G', 'G']
C12620893,['G', 'O', 'G', 'G', 'G', 'G', 'G', 'G', 'G', 'G', 'G']
C63112036,['G', 'G', 'G', 'G', 'G', 'G', 'G', 'G', 'G', 'G', 'G']
C40463628,['G', 'G', 'G', 'G', 'G', 'G']
C01827776,['G', 'G', 'O']
C54186421,['G', 'G', 'G', 'G', 'G', 'G', 'G', 'G']
C43412228,['G', 'G', 'G', 'G', 'G', 'O']
C53256607,['G', 'G', 'G', 'G', 'G', 'G']
C67117160,['G', 'G', 'G', 'O', 'G']
C04185459,['G', 'G', 'G', 'G', 'G']
C01686502,['O', 'G', 'G']
C53981187,['G', 'G', 'G', 'G', 'G', 'G', 'G', 'G']
C20527828,['G', 'G', 'G', 'O', 'O', 'G']
C09396645,['G', 'G', 'G', 'G', 'G', 'G', 'G', 'G', 'O', 'O', 'G', 'G']
C62525900,['G', 'G', 'G', 'G', 'G', 'G']
C45475515,['G', 'G', 'G', 'G', 'G', 'G', 'G', 'G']
C36730705,['O', 'O', 'O', 'O', 'G', 'G']
C18273695,['G', 'G', 'G', 'G', 'G', 'G', 'G', 'G', 'G', 'G', 'O']
C41511564,['G', 'G', 'G', 'G', 'G']
C43418272,['G', 'G', 'G', 'G', 'G', 'G', 'G', 'G', 'G', 'O', 'G']
C65934056,['G', 'G', 'G', 'G', 'G', 'G', 'O', 'O', 'G', 'O']
C62532812,['G', 'G', 'G', 'G']
C41510348,['G', 'G', 'G']
C34697120,['O', 'G', 'G', 'G']
C44253819,['G', 'G', 'G', 'G', 'G']
C35430855,['G', 'G', 'G']
C45503522,['G', 'G', 'G', 'G', 'G', 'G', 'G', 'G', 'G', 'G', 'O']
C61830319,['G', 'G', 'G', 'G', 'G']
C64683804,['G', 'G', 'G', 'G', 'G', 'G', 'G', 'G', 'O', 'G']
C37817942,['G', 'G', 'G', 'O', 'O', 'G', 'O']
C54336293,['G', 'O', 'G', 'G', 'O']
C12543541,['G', 'G', 'G', 'G', 'G', 'G', 'G', 'G', 'G', 'G', 'G', 'O']
C40127749,['G', 'G', 'G', 'G', 'G', 'G']
C16739493,['G', 'G', 'G', 'G', 'O']
C37017704,['G', 'G', 'G', 'G', 'G', 'G', 'G', 'G', 'G']
C11880123,['G', 'G', 'G']
C04990326,['G', 'G', 'G', 'G']
C58056072,['G', 'G', 'G', 'G', 'G', 'G', 'G', 'G', 'O', 'G']
C65435877,['G', 'G', 'G', 'G', 'G']
C01566440,['G', 'G', 'G', 'O', 'G', 'G', 'G', 'G', 'G', 'G']
C49550971,['G', 'G', 'G', 'G', 'G', 'G', 'G']
C16673960,['G', 'G', 'O', 'G', 'O', 'G']
C20911233,['G', 'G', 'G', 'G', 'G', 'G', 'G', 'G', 'G']
C42430348,['G', 'G', 'G', 'G', 'G', 'O']
C49560608,['G', 'G', 'G', 'G', 'G', 'G', 'G', 'G']
C37814973,['G', 'O', 'G', 'O', 'G', 'G', 'G', 'O']
C57288307,['G', 'G', 'G', 'O', 'G', 'G', 'G', 'G', 'G', 'G', 'G']
C56098206,['G', 'G', 'G', 'O', 'G', 'G', 'G', 'G', 'G']
C66236509,['G', 'G', 'G', 'G', 'G', 'O']
C36107671,['G', 'G', 'G', 'G', 'G', 'G', 'G', 'G', 'G', 'G', 'G', 'G', 'G']
C37268605,['G', 'G', 'G', 'G', 'O', 'O', 'O', 'G']
C43091453,['G', 'G', 'G', 'G', 'G']
C37113305,['G', 'O', 'O', 'O', 'G']
C36569780,['G', 'O', 'G', 'G']
C43540448,['G', 'G', 'G', 'G', 'G', 'O']
C51327120,['G', 'G', 'G', 'G', 'O', 'G']
C07449418,['G', 'O', 'G', 'G', 'G', 'G']
C39693584,['G', 'G', 'G', 'G', 'G', 'G', 'G', 'G', 'G', 'G']
C20252139,['G', 'G', 'G', 'G']
C42212409,['G', 'G', 'G', 'G', 'G', 'G', 'G', 'G', 'G']
C35676960,['G']
C65314438,['O', 'O', 'G', 'O', 'G', 'G', 'G']
C45476175,['G', 'G', 'G', 'G', 'G', 'G', 'G', 'G', 'G', 'G']
C44400269,['G', 'G', 'G']
C37727804,['G', 'G', 'G', 'G', 'O', 'G', 'G']
C13132244,['G', 'G', 'G']
C37299269,['O', 'G', 'O', 'G']
C62527754,['G', 'G', 'G', 'O']
C16790947,['G', 'G', 'G', 'O', 'G', 'O', 'G']
C66245699,['O', 'G', 'G', 'G', 'O', 'G', 'G', 'G', 'G', 'G', 'O', 'G']
C07328530,['G', 'O', 'G', 'G', 'G', 'G', 'O']
C52170422,['G', 'G', 'G', 'G', 'G', 'G', 'G', 'G', 'G', 'G']
C12748864,['O', 'G', 'G', 'G', 'G', 'G', 'G']
C64044478,['G', 'G', 'G', 'G']
C51327215,['G', 'G', 'G', 'G', 'G']
C09242368,['G', 'G', 'G', 'O', 'G']
C37724810,['G', 'G', 'G', 'O', 'G', 'G', 'G']
C64684535,['G', 'G', 'G', 'G', 'G', 'G', 'G', 'G', 'O', 'O']
C12843853,['G', 'O', 'G', 'G']
C35430871,['O', 'G', 'G']
C37637042,['G', 'G', 'G', 'G', 'G', 'G', 'G']
C59390991,['G', 'G', 'G', 'O', 'G', 'G', 'G', 'O', 'G', 'G', 'O', 'G']
C64684473,['O', 'G', 'G', 'G', 'G', 'G', 'G', 'O', 'G']
C63756241,['G', 'G', 'O', 'G', 'O', 'G', 'G', 'G', 'G', 'G']
C39944019,['G', 'G', 'G', 'O', 'O', 'O', 'G', 'G', 'G', 'G', 'G']
C63897446,['O', 'G', 'O', 'O', 'G', 'O']
C08071650,['G', 'G', 'G', 'O', 'O', 'G']
C37243595,['O', 'G', 'G', 'G', 'G', 'G']
C39411730,['G', 'G', 'G', 'G']
C42011723,['G', 'G', 'G', 'G', 'G', 'G', 'G', 'G', 'G', 'G', 'G', 'G', 'G', 'G']
C39228577,['G', 'G', 'G', 'O']
C58866905,['O', 'G', 'O', 'G', 'G', 'G', 'G', 'G', 'G', 'G', 'G']
C45557069,['G', 'G', 'G', 'G', 'G', 'G', 'G', 'G']
C64403641,['G', 'G', 'G', 'G', 'O', 'G', 'G', 'G']
C20915833,['G', 'G', 'O', 'G', 'G', 'G', 'G', 'G', 'G']
C60718834,['G', 'G', 'G', 'G', 'G', 'G', 'G']
C51363322,['G', 'G', 'G', 'G']
C05891712,['G', 'G', 'G', 'G', 'G', 'G', 'G', 'G', 'O', 'G', 'G', 'G', 'O']
C19300018,['-']
C21670328,['G', 'O', 'O', 'G']
C35024721,['O', 'G', 'O', 'G', 'G', 'G']
C20864921,['G', 'G']
C45557079,['G', 'G', 'G', 'G', 'G', 'G', 'G']
C52763341,['G', 'G', 'G', 'G', 'G', 'G', 'G', 'O', 'G', 'G', 'G']
C40775405,['G', 'G', 'G', 'G', 'G', 'G']
C33172515,['G', 'G', 'O', 'G', 'G']
C44463971,['G', 'G', 'G', 'G', 'G', 'G', 'G', 'G']
C40759715,['O', 'O', 'G', 'G']
C07189153,['G', 'G', 'G', 'G', 'G', 'G', 'G', 'G']
C14334951,['O', 'G', 'G', 'G', 'O', 'G', 'G']
C45593131,['G', 'G', 'G', 'G', 'G', 'G', 'G']
C04601419,['G', 'G', 'G', 'G', 'G', 'G']
C57211818,['O', 'G', 'G', 'G', 'O', 'G']
C42483390,['G', 'G', 'G', 'G', 'G', 'G', 'G', 'G', 'G', 'O']
C23616322,['O', 'G', 'G', 'G', 'G', 'O']
C45411634,['O', 'G', 'O', 'G', 'O', 'G']
C42442781,['G', 'G', 'G', 'G', 'O', 'G', 'G', 'G', 'G', 'G']
C12383356,['G', 'G', 'G', 'G', 'O']
C13810867,['G', 'G', 'G']
C49555002,['G', 'G', 'G', 'O', 'G', 'O']
C54695610,['G', 'G', 'G', 'G', 'G', 'G', 'G', 'G', 'G']
C20182029,['G', 'O', 'O']
C41511611,['G', 'G', 'G']
C40225920,['G', 'G', 'G']
C64611569,['G', 'O']
C61608072,['G', 'G', 'G', 'G', 'G', 'O', 'G']
C60163021,['G', 'O', 'G', 'G', 'G', 'G']
C59388033,['G', 'G', 'G', 'G', 'G', 'G', 'G', 'O', 'G', 'G', 'O', 'G']
C37741909,['G', 'G', 'G', 'G', 'G', 'G', 'G']
C36839387,['G', 'G', 'O', 'G', 'G', 'G', 'G']
C19842428,['G', 'G']
C35455775,['G', 'G', 'G', 'G', 'G', 'G', 'G', 'G', 'G', 'G']
C61804933,['G', 'G', 'G', 'G', 'G', 'G', 'O', 'G']
C21317690,['O', 'G', 'G', 'G', 'G', 'G', 'O', 'G', 'G']
C39083024,['O']
C37820714,['O', 'G', 'G', 'G']
C43253110,['G', 'G', 'G', 'G', 'G', 'G', 'G', 'G']
C49304143,['G', 'G', 'G', 'G', 'G', 'G', 'O']
C64684168,['G', 'O', 'O', 'G', 'G', 'G', 'G', 'G', 'O', 'G']
C03905380,['G', 'G', 'G', 'G', 'G', 'G', 'G', 'G']
C05573006,['O', 'G', 'O', 'G', 'G']
C04058908,['G', 'G', 'O', 'G', 'G']
C45419397,['G', 'G', 'G']
C58611245,['G', 'G', 'G', 'O', 'O']
C53126010,['G', 'G', 'G', 'G', 'G']
C20915479,['G', 'G', 'G', 'O', 'G', 'G', 'G', 'G', 'G', 'G']
C43209438,['G', 'G', 'G', 'G', 'O', 'G', 'G', 'G', 'G', 'G', 'G', 'G', 'G']
C61830677,['G', 'G', 'G', 'G', 'G', 'O']
C39359615,['G', 'G', 'G', 'O', 'G']
C06341479,['O', 'G', 'G', 'G', 'G', 'G', 'G']
C50703444,['O', 'G', 'O', 'G', 'G', 'G']
C00704313,['G', 'G', 'G', 'O']
C19641565,['G', 'G', 'G']
C42579545,['G', 'G', 'G', 'G', 'G', 'G']
C51625848,['G', 'G', 'G', 'G', 'G', 'O', 'O']
C60649486,['G', 'G', 'G', 'G', 'G', 'G', 'G', 'G', 'G', 'G', 'G']
C02199246,['G', 'G', 'G', 'G']
C50321516,['G', 'G', 'G', 'G', 'G', 'G', 'O', 'G']
C65321183,['G', 'G', 'O', 'G']
C07267656,['G', 'G', 'G', 'G']
C40778093,['G', 'G', 'G', 'O', 'G']
C40017459,['G', 'G', 'G', 'G', 'O', 'G', 'O', 'O', 'G', 'G']
C05025433,['G', 'O', 'G', 'G', 'O', 'G']
C20835456,['O', 'O', 'G', 'G', 'G', 'G', 'G', 'G']
C02652529,['G', 'G', 'G', 'G', 'G', 'G', 'G', 'G', 'G', 'G', 'G', 'G']
C00072149,['G', 'G', 'G', 'G']
C59433872,['G', 'G', 'G', 'G', 'G', 'G', 'G', 'G']
C32577731,['O', 'G', 'G', 'G', 'G', 'G', 'G']
C43537100,['G', 'G', 'G', 'G', 'G', 'G', 'O', 'G', 'G', 'G', 'O', 'G', 'G']
C66176088,['G', 'G', 'G', 'G', 'G', 'G', 'G', 'O', 'O', 'G', 'G']
C03200142,['G', 'G', 'G', 'O', 'G']
C54341909,['G', 'G', 'O', 'G', 'G', 'O', 'G']
C41036712,['G', 'G', 'G', 'G']
C12175541,['G', 'G', 'G', 'G', 'G', 'G', 'G', 'G', 'G']
C20914630,['G', 'G', 'G', 'G', 'G', 'G', 'G', 'G', 'G', 'G']
C66875843,['G', 'G', 'G', 'G', 'G', 'G', 'G', 'O', 'G', 'O']
C10060188,['G', 'G', 'O', 'G', 'O']
C04299756,['G', 'G', 'O', 'G', 'G']
C44793464,['G', 'G', 'O', 'G', 'G', 'G', 'O']
C49224982,['G', 'G', 'G', 'G', 'O', 'O']
C42084704,['G', 'G', 'G', 'G', 'G', 'G', 'G', 'G', 'G', 'O', 'G']
C54186425,['G', 'G', 'G', 'G', 'G', 'G', 'G', 'G', 'G']
C25436232,['G', 'G', 'G', 'G', 'G', 'G', 'G']
C18261170,['G', 'O', 'G', 'O', 'G']
C41732751,['G', 'G', 'G', 'G']
C59040380,['G', 'G', 'G', 'G', 'O', 'G', 'G']
C12360091,['G', 'G', 'G']
C52094735,['G', 'O', 'G', 'G', 'G']
C39011895,['G', 'G', 'G', 'G', 'G', 'G']
C41584017,['G', 'G', 'G', 'G', 'G', 'G']
C13401181,['G', 'G']
C37636763,['G', 'G', 'G', 'G']
C42691757,['G', 'G', 'G', 'O', 'G', 'O', 'G', 'G', 'G', 'G']
C03410482,['G', 'G', 'G', 'G', 'G', 'G', 'G']
C24879185,['G', 'G', 'G', 'G', 'G', 'G', 'G', 'G', 'O', 'O', 'G']
C11178984,['G', 'G', 'G', 'G', 'G', 'G']
C45686353,['G', 'G', 'G', 'G', 'O', 'O']
C51324602,['G', 'G', 'G', 'G', 'G', 'G', 'G']
C59040220,['G', 'G', 'G', 'G', 'G', 'G', 'O']
C43378975,['G', 'G', 'G', 'G', 'G']
C45269083,['G', 'G', 'G', 'G']
C16790924,['G', 'G', 'G', 'G', 'O', 'G', 'G']
C45465086,['G', 'G', 'G', 'G', 'G', 'G']
C08636526,['G', 'G', 'G', 'G', 'G']
C37626718,['G', 'G', 'G', 'O', 'G', 'G', 'G']
C42954089,['G', 'G', 'G', 'G', 'G', 'G', 'G']
C36276204,['G', 'G', 'G', 'G', 'G', 'G', 'G', 'G']
C16657861,['G', 'O', 'G', 'G', 'O', 'G', 'O']
C44474946,['O', 'G', 'G', 'O', 'G', 'G', 'O', 'G']
C45281213,['G', 'G', 'G', 'G', 'G', 'G']
C40918210,['O', 'G', 'G', 'G']
C39361772,['G', 'G', 'G', 'G', 'G', 'G']
C31643958,['O', 'G', 'G', 'G']
C19323239,['G', 'G', 'G', 'G', 'G', 'G', 'G']
C20915234,['G', 'O', 'G', 'G', 'G', 'G', 'G', 'G', 'G']
C59914136,['G', 'G', 'G', 'G', 'G', 'G', 'G', 'G', 'G', 'G', 'O']
C59272919,['G', 'G', 'G', 'G', 'G', 'G', 'G', 'G', 'G', 'G']
C50397622,['G', 'G', 'G', 'G', 'G']
C39772471,['G', 'G', 'G', 'G', 'G', 'G']
C44827070,['O', 'G', 'O', 'G', 'O']
C15348377,['O', 'G', 'G', 'G', 'G', 'G', 'G', 'G', 'G', 'O']
C51145200,['G', 'G', 'G', 'G', 'G', 'G', 'O']
C45475291,['G', 'G', 'G', 'G', 'G']
C40797066,['G', 'G', 'G', 'O', 'G']
C62221913,['O', 'O', 'G', 'G', 'G', 'G']
C39431156,['G', 'G', 'G', 'G', 'O']
C44215494,['G', 'G', 'O']
C33459869,['G', 'G', 'O', 'G', 'G', 'O', 'G', 'G', 'G', 'G', 'G', 'G', 'G', 'G', 'G', 'O']
C44801913,['G', 'G', 'G', 'G', 'O', 'O', 'G', 'G']
C20528247,['G', 'G', 'G', 'G', 'O', 'G', 'G']
C52594634,['G', 'G', 'G', 'G', 'O', 'G', 'G', 'G', 'G', 'G', 'G', 'G', 'G', 'G']
C45597796,['G', 'G', 'G', 'G', 'G', 'G', 'G']
C21056632,['G', 'G', 'G']
C20527877,['G', 'O', 'O', 'O', 'G', 'G', 'G', 'G']
C57061006,['G', 'G', 'G', 'G', 'G', 'G', 'G', 'G', 'G', 'G', 'G', 'G', 'G']
C64684551,['G', 'G', 'G', 'G', 'O', 'G', 'G', 'G', 'O', 'G']
C66955465,['G', 'G', 'G', 'O', 'O', 'O']
C45593663,['G', 'G', 'G', 'G', 'G', 'O']
C67088793,['G', 'O', 'G', 'G', 'O', 'G']
C51360172,['G', 'G', 'G', 'G', 'G']
CHEMBL237350,['G', 'O', 'G', 'G', 'G', 'G']
C51689964,['G', 'G', 'G', 'G']
C32066885,['G', 'G', 'G', 'G', 'G', 'G']
C35747061,['G', 'G', 'G', 'G', 'G', 'G', 'G', 'G', 'G', 'O', 'G', 'G', 'G', 'G']
C45559158,['G', 'G', 'G', 'G', 'G', 'G', 'G', 'G', 'G']
C08314498,['G', 'G', 'G', 'G', 'G', 'O']
C67178481,['G', 'G', 'O', 'G', 'G', 'G', 'G', 'G', 'G', 'G', 'G', 'G', 'G']
C16584343,['G', 'G', 'G', 'O', 'O', 'G']
C62847411,['G', 'G', 'O', 'G', 'G', 'G', 'G']
C12646203,['G', 'G', 'G', 'G', 'G', 'G', 'G', 'G', 'G', 'G', 'G']
C62524782,['G', 'G', 'G', 'G']
C40774191,['G', 'G', 'G', 'G', 'G', 'G']
C66731889,['G', 'G', 'O', 'G', 'G', 'G', 'G', 'G', 'G', 'G', 'G', 'G', 'G', 'G']
CHEMBL427852,['G', 'G', 'O', 'G', 'G', 'G', 'G']
C42859882,['G', 'G', 'G', 'O', 'G', 'G', 'G', 'G', 'O', 'G', 'G']
C15707680,['G', 'G', 'G', 'G', 'G', 'G', 'G', 'G', 'G', 'G']
C18367433,['G', 'G', 'G', 'G', 'G', 'G', 'G', 'G', 'O', 'G']
C05112342,['G', 'O', 'G', 'G', 'O', 'O']
C00804029,['G', 'G', 'G', 'G', 'O']
C37183565,['G', 'O', 'G', 'O']
C33516252,['G', 'G', 'G', 'G', 'G', 'G', 'G', 'O', 'G']
C24440078,['G', 'G', 'G', 'G', 'G', 'G', 'G', 'G', 'G', 'O']
C40896475,['O', 'O', 'O']
C67085968,['G', 'G', 'G', 'G', 'G', 'G', 'G', 'G', 'G', 'G', 'G', 'G', 'G', 'G']
C04738980,['G', 'G', 'G', 'O']
C53870590,['G', 'G', 'G', 'G', 'G', 'G', 'G']
C12458915,['G', 'G', 'G', 'G', 'G', 'G', 'O', 'O', 'G', 'G', 'O']
C20832682,['G', 'G', 'G', 'G', 'G', 'G', 'G', 'G', 'O', 'O', 'G', 'G', 'G']
C41427984,['G', 'G', 'G', 'G', 'G', 'O', 'G', 'G', 'G', 'G', 'G', 'G', 'G']
C67252170,['G', 'O', 'O', 'G', 'G', 'G', 'O', 'O', 'G', 'O']
C16788968,['O', 'G', 'G', 'G', 'G', 'O']
C57212924,['G', 'G', 'G', 'G', 'G', 'G', 'G', 'G', 'G', 'G', 'G', 'G', 'O']
C50183013,['G', 'G', 'G', 'G', 'G', 'G', 'G', 'O', 'G', 'G', 'G']
C52170358,['G', 'G', 'G', 'G', 'G', 'G', 'G', 'G', 'G', 'G']
C07112695,['G', 'G', 'O', 'G', 'G', 'O']
C25002281,['G', 'G', 'G', 'G', 'G']
C56177781,['G', 'G', 'G', 'G', 'G', 'O', 'O']
C01646733,['G', 'G', 'G', 'G', 'G', 'G', 'G', 'G', 'G', 'G', 'G']
C36887202,['G', 'G', 'G', 'G', 'G', 'G', 'O', 'O', 'O']
C64683664,['G', 'G', 'G', 'O', 'G', 'G', 'G', 'G', 'O', 'G']
C37474975,['G', 'G', 'G', 'G', 'G', 'G', 'G', 'G', 'G', 'G', 'G', 'G', 'G', 'G', 'G', 'O']
C23611981,['G', 'G', 'G', 'G', 'G']
C62011257,['G', 'G', 'G', 'G', 'G', 'G', 'G', 'O', 'G', 'G', 'O']
C15707699,['G', 'G', 'G', 'O', 'G', 'G', 'G', 'G', 'G', 'G', 'G', 'G']
C22060364,['G', 'G', 'G', 'G', 'G', 'O', 'G', 'G', 'G', 'O']
C12884096,['G', 'G', 'O', 'G']
C66263250,['G', 'O', 'G', 'G', 'G']
C21450032,['G', 'G', 'G', 'G', 'G', 'G', 'G']
C20832684,['G', 'G', 'G', 'O', 'G', 'G', 'G', 'G', 'O', 'G', 'G']
C45514394,['G', 'G', 'G', 'G', 'O', 'O', 'O', 'G']
C61829492,['G', 'G', 'G', 'G', 'O']
C51355513,['G', 'G', 'G', 'G', 'G', 'G', 'G']
C09513868,['G', 'G', 'G', 'G', 'G', 'G', 'G', 'O', 'G', 'G', 'G']
C08823664,['G', 'G', 'G', 'G', 'G', 'G', 'G']
C36526783,['G', 'G', 'G', 'G', 'G', 'G', 'G', 'G', 'G', 'G', 'O', 'G', 'G']
C42562922,['G', 'G', 'G', 'G', 'G', 'G', 'G', 'G']
CHEMBL406704,['O', 'G', 'G', 'G']
C06863365,['G', 'O', 'G', 'O', 'G', 'G']
C41512476,['G', 'G', 'G', 'G']
C65321185,['G', 'G', 'G', 'G']
C39969628,['G', 'G', 'G', 'G', 'O', 'G', 'G', 'G', 'G', 'G']
C36526212,['G', 'G', 'G', 'G', 'G', 'G', 'G', 'G', 'G', 'G', 'G']
C33459866,['G', 'G', 'G', 'G', 'G', 'O', 'G', 'G', 'G', 'G', 'G', 'O', 'G', 'G', 'G', 'O']
C59990036,['G', 'G', 'G', 'G', 'G', 'G', 'G', 'G', 'G', 'G']
C05822281,['G', 'G', 'G', 'G']
C21324533,['G', 'G', 'G', 'O', 'G', 'G', 'G', 'G', 'G', 'G']
C08299081,['G', 'G', 'G', 'O', 'G', 'G', 'G', 'O', 'O']
C67390990,['G', 'G', 'G', 'G', 'G', 'G', 'G', 'G', 'G', 'O', 'G', 'G', 'G', 'G']
C42954082,['G', 'G', 'G', 'G', 'G', 'G', 'G']
C40471317,['G', 'G', 'G', 'G', 'G', 'O', 'G', 'G']
C08914851,['G', 'O', 'G', 'O']
C33502621,['G', 'G', 'G', 'G', 'O']
C57663426,['G', 'G', 'G', 'G', 'G', 'G', 'G', 'G']
C04556651,['G', 'G', 'G', 'G', 'G', 'G', 'G', 'G', 'G', 'G', 'G', 'O', 'G']
C38748403,['G', 'O', 'G', 'G', 'G', 'G', 'G', 'G', 'G']
C35557118,['G', 'G', 'G', 'G', 'G', 'G']
C45551472,['G', 'G', 'G', 'G', 'G', 'G', 'G', 'G', 'G', 'G']
C52312134,['O', 'G', 'G', 'G', 'G', 'G']
C04013353,['G', 'G', 'G', 'O']
C37299597,['G', 'G', 'G', 'G']
C43209018,['G', 'G', 'G', 'G', 'O', 'G', 'G', 'G', 'G', 'G', 'G', 'G']
C39592739,['O', 'G', 'G', 'G', 'G', 'G']
C37139571,['G', 'G', 'G']
C01329610,['G', 'O', 'G', 'O']
C40998282,['O', 'O', 'O', 'G', 'G']
C06503092,['G', 'G', 'G', 'G', 'G', 'O', 'G', 'G', 'G', 'G']
C64925383,['O', 'G', 'G', 'G', 'O', 'G']
C44016563,['G', 'G', 'G', 'G', 'O', 'G']
C40096416,['G', 'G', 'G', 'G', 'O', 'G', 'G', 'O']
C33404518,['G', 'G', 'G', 'G', 'G', 'G', 'G', 'G', 'O', 'G', 'G', 'G', 'O']
C36535140,['G', 'O', 'G', 'G', 'G', 'G', 'G']
C39631781,['G', 'G', 'G', 'G', 'G', 'G', 'G', 'G', 'G', 'G']
C00250891,['G', 'G', 'G', 'G']
C37298622,['O', 'O', 'G', 'G']
C44253722,['G', 'G', 'G', 'G']
C28220489,['G', 'G', 'G', 'G', 'G', 'O']
C20920710,['G', 'G', 'O', 'G', 'G', 'G', 'G', 'G', 'O', 'G', 'G']
C52462913,['G', 'G', 'O', 'G', 'G', 'G', 'G', 'G', 'G', 'O']
C09253945,['G', 'G', 'G', 'G', 'G', 'G', 'G']
C03533741,['G', 'G', 'G', 'G', 'G', 'G', 'G', 'G', 'G']
C12563034,['G', 'G', 'G', 'G', 'G', 'G', 'O', 'O', 'G']
C45585916,['O', 'G', 'G', 'G', 'G']
C57892338,['G', 'O', 'G', 'G', 'G', 'G', 'G']
C11468765,['O', 'G', 'G', 'G', 'G', 'G', 'G', 'G', 'G', 'G', 'O']
C45502539,['G', 'G', 'G', 'G', 'G', 'G', 'G']
C20973355,['G', 'G', 'G', 'G', 'G', 'G', 'O', 'G', 'G', 'G', 'G']
C37299799,['G', 'G', 'O', 'G']
C50633595,['O', 'G', 'G', 'G']
C45426401,['G', 'G', 'G', 'G', 'G', 'G', 'G', 'G', 'G', 'G', 'G']
C54132999,['G', 'G', 'G', 'G', 'G', 'G', 'O', 'G']
C64413493,['G', 'G', 'G', 'G', 'O', 'G', 'G', 'G', 'O', 'G']
C64055381,['G', 'G', 'G', 'G', 'G', 'G', 'G', 'G', 'G', 'G', 'G']
C51690193,['G', 'G', 'G', 'G', 'G', 'G', 'G']
C09471197,['O', 'G', 'O', 'O']
C67552745,['G', 'G', 'G', 'G', 'G', 'G', 'G', 'G', 'G', 'G', 'G', 'G', 'G', 'G']
C43013453,['G', 'G', 'G', 'O']
C35584618,['G', 'G', 'G', 'G', 'G', 'G']
C20337486,['G', 'G', 'O', 'G']
C13148111,['G', 'G', 'G', 'G', 'G', 'G', 'G', 'O']
C37376602,['G', 'G', 'G', 'G', 'G', 'G', 'G']
C66993644,['G', 'O', 'G', 'G', 'G', 'G', 'G', 'G', 'O', 'O', 'O', 'G']
C44858850,['G', 'G', 'G', 'G', 'O', 'O', 'G', 'O']
C45051214,['G', 'G', 'G', 'G', 'G', 'O', 'G']
C66387884,['O', 'O', 'G', 'G', 'G', 'O']
C34896776,['G', 'G', 'G', 'G', 'G', 'G', 'O', 'G', 'G', 'G', 'G', 'G', 'G', 'G', 'O']
C57663174,['G', 'G', 'G', 'G', 'G', 'G', 'G', 'G', 'G', 'G']
C10341928,['G', 'G', 'O', 'G', 'G']
C06182544,['G', 'G', 'G', 'G', 'G', 'G', 'G', 'O', 'G', 'G']
C42627428,['G', 'G', 'G', 'G', 'G']
C04294237,['G', 'G', 'O', 'G', 'G']
C36750638,['G', 'O', 'G', 'O']
C67420182,['G', 'O', 'G', 'O', 'G', 'G', 'G', 'G', 'O', 'G']
C37735538,['G', 'G', 'O', 'G', 'G', 'G', 'G', 'O']
C38810642,['G', 'G', 'O', 'G', 'G', 'G']
C31862605,['G', 'G', 'G']
C35430888,['G', 'G', 'O']
C41716951,['G', 'G', 'G', 'G', 'G', 'G', 'G', 'G', 'G', 'G', 'G']
C04889998,['G', 'O', 'G', 'G', 'O', 'G', 'G']
C66954472,['G', 'G', 'G', 'O', 'G', 'G', 'G', 'G', 'G', 'G']
C64215268,['G', 'G', 'G', 'O', 'G', 'G', 'G']
C51360056,['G', 'G', 'G', 'G', 'G']
C58994387,['G', 'G', 'G', 'G', 'G', 'O', 'G', 'G', 'G', 'G', 'G']
C64683189,['G', 'G', 'O', 'G', 'G', 'G', 'O', 'G', 'O', 'G']
C20921239,['G', 'G', 'O', 'G', 'G', 'G', 'G', 'G', 'G', 'G']
C38810645,['G', 'G', 'G', 'G', 'G', 'O']
CHEMBL259853,['O', 'G', 'G', 'G']
C09157235,['G', 'G', 'O', 'G', 'O']
C38752159,['G', 'G', 'G', 'G', 'G', 'O', 'G', 'G']
C50084610,['G', 'G', 'G', 'G', 'O', 'G', 'G', 'G', 'G', 'G']
C05461525,['G', 'G']
C00718247,['O', 'O', 'G']
C60377946,['G', 'G', 'O', 'G', 'G']
C09112495,['G', 'O', 'G', 'G', 'G', 'G', 'G']
C47998778,['G', 'G', 'G', 'G', 'G', 'G', 'G', 'G', 'G', 'G']
C49224978,['G', 'G', 'O', 'G', 'O', 'O']
C08781469,['G', 'G', 'G', 'G', 'G']
C44999991,['G', 'G', 'G', 'G', 'G']
C19355532,['G', 'G', 'G', 'O', 'G', 'G', 'G', 'O', 'G', 'G', 'G', 'G', 'G']
C20916357,['G', 'G', 'G', 'G', 'O', 'G', 'G', 'G', 'G', 'G', 'G', 'O']
C04335572,['G', 'O', 'O', 'O', 'O']
C20527448,['G', 'G', 'O', 'G', 'G', 'G', 'G', 'G', 'O']
C05834592,['G', 'G', 'G', 'G', 'G', 'G', 'G', 'G', 'G', 'G', 'O', 'G']
C12622498,['G', 'G', 'G', 'G', 'G', 'G']
C49021331,['G', 'O', 'G', 'G', 'G']
C45584380,['G', 'G', 'G', 'G', 'G', 'G', 'G']
C42506154,['G', 'G', 'G', 'G', 'G', 'G', 'G', 'O']
C41263169,['G', 'G', 'G', 'O', 'G']
C63350016,['G', 'O', 'G', 'G', 'G', 'G', 'G', 'G', 'G', 'O', 'G', 'G', 'G', 'G', 'G']
C35366684,['G', 'O', 'G', 'G', 'O', 'G']
C05335704,['G', 'O', 'G', 'O', 'G']
C26918443,['O', 'G', 'G', 'G', 'G']
C67028887,['G', 'G', 'O', 'G', 'G']
C37073581,['O', 'O', 'G']
C04026189,['G', 'G', 'O', 'G', 'G', 'G', 'G', 'G', 'G', 'G', 'G', 'G', 'G', 'G', 'G']
C38735086,['G', 'G', 'G', 'O', 'G']
C40549437,['G', 'G', 'G', 'G', 'G', 'G', 'G']
C39540175,['G', 'G', 'G', 'G', 'G', 'G', 'G', 'G', 'G', 'O', 'O', 'G']
C66343303,['G', 'O', 'G', 'G', 'G', 'G']
C45709601,['G', 'G', 'G', 'G']
C59385798,['G', 'G', 'G', 'O', 'G']
C39946867,['G', 'G', 'G', 'G', 'G', 'G', 'G', 'O', 'G', 'G', 'G', 'G', 'G', 'G']
C49428689,['G', 'O', 'G', 'G', 'G', 'G']
C24940712,['G', 'G', 'G', 'O']
C44217691,['G', 'G', 'O']
C44781309,['G', 'O', 'G', 'G']
C05167782,['G', 'O', 'G', 'G', 'G']
C04772413,['G', 'G', 'G', 'G', 'G', 'O', 'G', 'G', 'G', 'G', 'G', 'G', 'G']
C58172589,['G', 'G', 'G', 'G', 'G', 'G', 'G', 'O', 'G', 'O', 'G']
C48181556,['G', 'G', 'G', 'G', 'G', 'G', 'G', 'G', 'G']
C08782323,['O', 'G', 'G', 'G', 'G', 'G']
C42820901,['G', 'G', 'G', 'O']
C65828227,['G', 'G', 'G', 'G', 'G', 'G', 'G', 'G', 'G']
C39944018,['G', 'G', 'G', 'O', 'O', 'O', 'G', 'G', 'G', 'G', 'G']
C58356450,['G', 'G', 'G', 'G', 'O', 'G', 'G', 'G', 'G', 'O', 'G', 'G']
C28369841,['G', 'G', 'G', 'G', 'O', 'G', 'G']
C04937080,['G', 'G', 'G', 'G', 'G', 'G', 'G', 'O', 'O', 'G']
C57434287,['G', 'G', 'O', 'G', 'G', 'G', 'G', 'G', 'G', 'G']
C09240267,['G', 'G', 'G', 'G', 'G', 'G']
C45419401,['G', 'G', 'G']
C25524259,['O', 'G', 'G', 'G', 'G', 'G', 'G', 'G', 'G', 'G']
C42431201,['G', 'G', 'O', 'O']
C50441519,['G', 'G', 'G', 'G', 'G', 'G', 'G']
C05238020,['G', 'G', 'G', 'G', 'G']
C12321852,['G', 'O', 'O', 'O']
C42870727,['G', 'O', 'G', 'G', 'O', 'G', 'G', 'G']
C40705316,['O', 'G', 'O', 'O', 'G']
C45474657,['G', 'G', 'G', 'G', 'G', 'G', 'G', 'G', 'G', 'G', 'G', 'G', 'G']
C42562926,['G', 'G', 'G', 'G', 'G', 'G', 'G', 'G']
C21336076,['G', 'G', 'G', 'G', 'O', 'G', 'G', 'G', 'G', 'G', 'G', 'G', 'G']
C47535010,['G', 'G', 'G', 'G', 'G', 'G', 'G']
C38780506,['G', 'G', 'G', 'G', 'O', 'G', 'G']
C40797057,['O', 'G', 'O', 'G']
C37736108,['G', 'G', 'G', 'G', 'G', 'G', 'G', 'O']
C40319331,['G', 'G', 'O', 'G']
C45557341,['G', 'G', 'G', 'G', 'G', 'G', 'G']
C47167473,['G', 'G', 'G', 'G', 'O', 'G', 'G', 'G']
C33916520,['G', 'G', 'G', 'G', 'G', 'G']
C06822095,['G', 'G', 'G', 'G', 'G', 'G', 'G', 'G', 'G', 'G', 'G', 'G', 'G']
C59398822,['O', 'G', 'G', 'G', 'G', 'G', 'G', 'G', 'G', 'G', 'G', 'G', 'G', 'G', 'O']
C54254651,['G', 'G', 'O', 'G', 'G']
C20548443,['G', 'G', 'G', 'O', 'G', 'O']
C49303143,['G', 'G', 'G', 'G', 'G', 'G', 'O']
C21741708,['G', 'G', 'G', 'G', 'G', 'G', 'G', 'O', 'G', 'G', 'G', 'G', 'G']
C06393538,['G', 'G', 'G', 'G', 'G', 'G', 'G', 'G']
C63123450,['G', 'O', 'G', 'G', 'G', 'O', 'G']
C56187288,['G', 'G', 'G', 'G', 'O', 'G', 'G', 'G']
C20913403,['O', 'G', 'G', 'G', 'G', 'G', 'G', 'G', 'G', 'G']
C43537173,['G', 'G', 'G', 'G', 'G', 'O', 'G', 'G', 'G']
C14565248,['G', 'G', 'G', 'G', 'G', 'O', 'G', 'G']
C26089748,['G', 'G', 'G', 'G', 'G', 'G', 'G', 'G', 'G', 'G']
C44264078,['G', 'G', 'G', 'G']
C20512694,['G', 'G', 'G', 'G', 'G']
C58319197,['G', 'G', 'G', 'G', 'O']
C06088470,['G', 'G', 'G', 'O', 'G', 'G']
C16073287,['G', 'G', 'G', 'G', 'G', 'G', 'O']
C42643496,['G', 'G', 'G', 'G', 'G', 'G', 'G', 'G', 'G']
C45741294,['G', 'O', 'G', 'G']
C67381532,['G', 'G', 'O', 'G', 'G', 'G', 'G', 'G']
C40962274,['G', 'G', 'G', 'G']
C67638216,['G', 'G', 'G', 'G', 'G', 'G', 'G', 'G', 'G', 'G']
C21259565,['G', 'G', 'G', 'G', 'G', 'G', 'G', 'G', 'O', 'G']
C03102185,['G', 'G', 'G']
C24770802,['G', 'G', 'G', 'G', 'O', 'G', 'G', 'G', 'G', 'G', 'G', 'G', 'G', 'G', 'G']
C46706772,['G', 'O', 'G', 'O', 'G', 'G', 'G', 'G', 'G']
C58884682,['G', 'G', 'G', 'G', 'G', 'G', 'G', 'G', 'G']
C00888761,['G', 'O', 'G']
C48800808,['G', 'G', 'G', 'G', 'G', 'G', 'G']
C67018237,['G', 'G', 'O', 'G', 'G', 'O', 'O', 'G']
C48674981,['G', 'G', 'G', 'O']
C59426994,['G', 'G', 'G', 'G', 'G']
C39559549,['G', 'G', 'G', 'G', 'O', 'G', 'G', 'G']
C51036546,['G', 'O', 'G']
C64870537,['G', 'G', 'G', 'G', 'G']
C66115435,['G', 'G', 'G', 'G', 'G', 'G', 'O', 'G']
C45597938,['G', 'G', 'G', 'G', 'G', 'G', 'G', 'G', 'G', 'G']
C32788635,['G', 'G', 'G', 'G', 'G']
C36184098,['G', 'G', 'G', 'G', 'O', 'O', 'G']
C61829735,['G', 'G', 'G', 'G', 'G']
C01032566,['G', 'G', 'O', 'G']
C39345024,['G', 'G', 'G', 'O', 'G', 'G', 'O', 'G', 'O', 'O']
C05699847,['G', 'G', 'O', 'G', 'G', 'G', 'G', 'G', 'G', 'G']
C20921493,['G', 'G', 'O', 'O', 'O', 'G', 'G', 'G', 'G', 'O', 'G', 'G']
C37270313,['G', 'G', 'O', 'G']
C08533829,['G', 'G', 'G', 'G', 'G', 'G', 'G', 'G', 'G']
C07002880,['G', 'G', 'G']
C67193409,['G', 'G', 'G', 'G', 'G', 'G', 'G', 'G']
C12543969,['G', 'O', 'O']
C48524533,['G', 'G', 'G', 'G', 'O', 'O', 'G', 'G', 'G', 'G']
C06633813,['G', 'G', 'G', 'G', 'G', 'G', 'G', 'G', 'G', 'G', 'G', 'G']
C06501354,['G', 'G', 'G', 'G', 'G', 'G', 'O', 'O', 'G', 'G', 'G', 'G', 'O', 'G']
C10260909,['G', 'G', 'G', 'G', 'G', 'G']
C42482925,['O', 'G', 'G', 'G', 'G', 'G', 'G', 'G']
C20918164,['G', 'G', 'G', 'G', 'G', 'O', 'G', 'G', 'G', 'G', 'O', 'G']
C44412572,['O', 'O', 'O', 'G']
C21330670,['G', 'G', 'G', 'G']
C59920649,['G', 'G', 'G', 'G', 'G']
C66193239,['G', 'G', 'O', 'O', 'G', 'G']
C08772271,['G', 'G', 'G', 'G', 'G', 'G', 'G', 'G', 'G']
C20374510,['G', 'G', 'O', 'G', 'G', 'G']
C58385511,['G', 'G', 'G', 'G', 'G', 'G', 'G']
C07268351,['G', 'G', 'G', 'G', 'G', 'G', 'O', 'G', 'G', 'G']
C06331429,['G', 'O', 'G', 'G', 'G', 'G', 'O', 'G', 'G', 'G']
C41084000,['G', 'G', 'G', 'O']
C62834336,['G', 'G', 'O', 'G', 'G']
C02712530,['G', 'G', 'O', 'G', 'G', 'G', 'G', 'G', 'O']
C66084944,['G', 'G', 'G', 'G', 'G', 'G', 'G', 'G', 'G', 'G', 'G', 'G', 'G', 'G', 'G']
C14197873,['O', 'G', 'G', 'O', 'G', 'G', 'G', 'G', 'O', 'G', 'O', 'G', 'G', 'G']
C19922931,['G', 'G', 'G', 'G']
C15028717,['G', 'G', 'G', 'G', 'G', 'G', 'G', 'G', 'G']
C39560053,['G', 'G', 'G', 'G', 'G', 'G']
C58903155,['G', 'G', 'G', 'G', 'G']
C32250055,['G', 'G']
C20088319,['G', 'G', 'G', 'G']
C03151494,['G', 'O', 'G', 'G', 'G']
C58861473,['G', 'O', 'G', 'G', 'G', 'G', 'G', 'G']
C43571432,['G', 'O', 'G', 'O', 'G']
C37299521,['O', 'O', 'G', 'G']
C39946868,['G', 'G', 'G', 'G', 'G', 'G', 'G', 'G', 'G', 'G', 'G', 'G', 'G', 'G']
C39021372,['G', 'G', 'G', 'G', 'G', 'G']
C44858805,['G', 'G', 'G', 'G', 'O', 'G', 'O']
C11116898,['G', 'G', 'G', 'G', 'G']
C44768175,['G', 'G', 'G', 'G']
C23667566,['G', 'G', 'G', 'G', 'G', 'G', 'G', 'G', 'G']
C45477933,['G', 'G', 'G', 'G', 'G', 'G', 'G', 'G', 'G']
C22451368,['O', 'O', 'G', 'G']
C09128224,['G', 'G', 'G', 'G', 'G', 'G', 'G', 'O', 'G', 'G', 'G', 'G']
C21082464,['G', 'G', 'G', 'G', 'O', 'G', 'G', 'G']
C62543244,['G', 'G', 'G', 'G', 'G', 'G', 'G', 'G']
C13976778,['G', 'O', 'O', 'O', 'G', 'G', 'G', 'G', 'G', 'G', 'G', 'G', 'G', 'O']
C51992741,['G', 'G', 'G', 'G']
C12661586,['G', 'G', 'G', 'G', 'G', 'G', 'G', 'G', 'G', 'G']
C20915252,['G', 'G', 'G', 'O', 'G', 'G', 'G', 'G', 'O', 'G']
C36347906,['G', 'G', 'G', 'G', 'G']
C05908112,['G', 'G', 'O', 'G', 'G', 'G', 'G']
C50122296,['G', 'G', 'G', 'G', 'G', 'G', 'G', 'G', 'G', 'G', 'G']
C37192420,['O', 'O', 'G', 'O']
C35322472,['G', 'G', 'G']
C14806535,['G', 'G', 'G', 'G', 'G', 'G', 'G', 'G', 'G', 'G', 'G', 'G', 'G', 'G', 'G']
C51886332,['G', 'O', 'G']
C12802340,['G', 'G', 'G', 'G', 'G', 'G']
C28973454,['O', 'G', 'G', 'G', 'G', 'G', 'G', 'O', 'G']
C61997000,['G', 'G', 'G', 'G', 'G', 'G', 'G', 'G', 'G', 'G']
C41080692,['G', 'G', 'O', 'G']
C18526672,['G', 'G', 'G', 'G', 'G', 'G', 'G', 'G', 'G', 'G', 'G', 'O']
C67532236,['G', 'G', 'G', 'G', 'G', 'O', 'O']
C65394843,['G', 'G', 'G', 'G', 'O']
C20672140,['G', 'G', 'O', 'G']
C59887679,['G', 'G', 'G', 'G', 'G', 'O', 'G', 'G', 'G', 'G', 'G']
C42084706,['G', 'G', 'O', 'G', 'G', 'G', 'G', 'G', 'G', 'O', 'G']
C01946432,['O', 'G', 'G']
C20921267,['G', 'G', 'G', 'G', 'G', 'G', 'G', 'G', 'G', 'G', 'G']
C59373857,['G', 'G', 'G', 'G', 'G', 'G', 'O', 'G', 'G', 'G']
C36228712,['G', 'G', 'G', 'G', 'G', 'O', 'G', 'G', 'O', 'O']
C20527511,['G', 'G', 'G', 'O', 'G', 'G', 'G', 'G', 'G', 'G']
C66859866,['G', 'O', 'O', 'G', 'G']
C57896630,['G', 'O', 'O', 'O', 'G', 'G', 'G', 'G', 'G', 'G']
C57288835,['G', 'G', 'G', 'G', 'G', 'G', 'G', 'G', 'G', 'G', 'G', 'G', 'G']
C67314026,['G', 'G', 'G', 'G', 'G', 'G', 'G', 'G', 'G', 'O', 'G', 'G', 'G', 'G', 'G']
C51089588,['G', 'G', 'G', 'G', 'G', 'G']
C48838518,['G', 'G', 'O', 'G', 'G']
C41834016,['G', 'G', 'G', 'G', 'G', 'G']
C37818953,['G', 'G', 'G', 'G', 'G', 'G', 'G', 'G']
C05533741,['O', 'G', 'G', 'G', 'G']
C12247309,['G', 'G', 'G', 'G']
C42678012,['G', 'G', 'G', 'O', 'O', 'G', 'G', 'O']
C21326655,['G', 'G', 'G', 'G', 'G', 'O', 'G', 'G', 'G', 'G']
C21520561,['G', 'G', 'G', 'O']
C37672359,['O', 'G', 'O', 'G', 'G']
C08295023,['G', 'G', 'G', 'G', 'G', 'O', 'G', 'O', 'G', 'O']
C13864433,['G', 'G', 'G', 'G', 'G', 'G', 'G', 'G', 'G', 'G', 'G', 'G', 'G']
C41922666,['G', 'G', 'G', 'G', 'O', 'G', 'G', 'G', 'O', 'G', 'G']
C43542699,['G', 'G', 'G']
C42429485,['G', 'G', 'G', 'G']
C20421653,['G', 'G', 'O']
C55428279,['G', 'G', 'O', 'G', 'G', 'G', 'G', 'G', 'G']
C59829900,['G', 'O', 'G', 'G', 'G', 'O', 'G', 'G', 'G', 'G', 'G']
C37036836,['O', 'G', 'G', 'G', 'G', 'G', 'G']
C33897170,['O', 'G', 'G', 'G', 'O', 'G', 'G', 'O', 'G']
C20912006,['G', 'G', 'O', 'O', 'G', 'G', 'G', 'G', 'G', 'O', 'G', 'G']
C20827673,['G', 'G', 'G', 'O', 'G', 'G', 'G', 'G', 'G']
C66977978,['G', 'G', 'O', 'G', 'G', 'G', 'G']
C51122031,['G', 'O', 'G']
C53548556,['G', 'G', 'G', 'G', 'G', 'O']
C04924233,['G', 'O', 'G']
C20920770,['G', 'G', 'O', 'G', 'G', 'G', 'G', 'G', 'O', 'O', 'G', 'G']
C66189596,['G', 'G', 'G', 'G', 'G', 'G', 'G', 'G', 'G', 'G', 'G', 'G', 'G']
C41856179,['O', 'O', 'G', 'G', 'G', 'G', 'G', 'G', 'G', 'G', 'G', 'G', 'G']
C08772917,['G', 'G', 'G', 'G', 'G', 'G', 'G', 'G', 'G', 'G', 'G', 'G']
C63123127,['G', 'G', 'G', 'G', 'G', 'G', 'G', 'G', 'G', 'G', 'G']
C05957686,['G', 'G', 'G', 'G', 'G', 'G', 'G', 'G', 'G', 'G', 'G', 'G', 'G', 'G', 'G', 'G']
C41852497,['G', 'G', 'G', 'G', 'G', 'G', 'G', 'G', 'G']
C19812047,['G', 'G', 'G', 'G', 'G']
C59883900,['G', 'G', 'G', 'G', 'G', 'G', 'O', 'G', 'G', 'G', 'G', 'G', 'G']
C06631998,['G', 'G', 'G', 'G', 'G', 'G', 'O', 'G', 'G', 'G', 'G', 'G', 'G', 'G', 'G', 'G']
C37049694,['G', 'G', 'G', 'G', 'G', 'O']
C38985638,['G', 'G', 'G', 'G', 'G', 'G', 'G', 'G', 'G']
C64082095,['G', 'G', 'G', 'G', 'G', 'G', 'O', 'G', 'G', 'G', 'G', 'G']
C05040375,['G', 'G', 'G', 'G', 'O', 'G', 'G', 'G']
C35476647,['G', 'G', 'G', 'O', 'G', 'O', 'O', 'G']
C58997610,['G', 'G', 'G', 'G', 'G', 'G', 'G', 'G', 'G', 'G', 'G', 'G']
C13959897,['O', 'G', 'G', 'G', 'G', 'G', 'G', 'G', 'G', 'G', 'G', 'G']
C45592474,['G', 'G', 'G', 'G', 'G', 'G', 'G', 'G', 'G', 'G']
C11684218,['G', 'G', 'G', 'G', 'G', 'G', 'O', 'O', 'G', 'G', 'G', 'G']
C04235553,['G', 'G', 'G', 'G', 'G', 'G', 'G', 'O', 'O', 'G', 'G']
C04221873,['G', 'G', 'G', 'G', 'G', 'G', 'G', 'G', 'G', 'G', 'G', 'G', 'G']
C37522498,['G', 'G', 'G']
C50750882,['G', 'G', 'G', 'G', 'G']
C20921048,['G', 'G', 'G', 'G', 'G', 'G', 'G', 'G', 'G', 'G']
C48447847,['O', 'G', 'G', 'G', 'G', 'G', 'G', 'G', 'G']
C35930005,['G', 'O', 'O', 'G', 'G']
C39994793,['G', 'O', 'G', 'G', 'O', 'G', 'G']
C67360009,['G', 'G', 'G', 'G', 'G', 'G', 'G', 'G', 'G', 'G']
C13977769,['O', 'G', 'G', 'G', 'G', 'G', 'G', 'G', 'G', 'G', 'G', 'G']
C06733193,['G']
C65207351,['G', 'G', 'G', 'O', 'G', 'G', 'G', 'G', 'G', 'G', 'G', 'O', 'O', 'G']
C03764202,['G', 'O', 'G', 'G', 'G']
C22551522,['G', 'G', 'G', 'G']
C13685935,['O', 'G', 'G', 'O', 'G', 'G']
C67041336,['G', 'G', 'G', 'G', 'G', 'G', 'G', 'G', 'G']
C36573585,['G', 'G', 'G', 'G', 'G', 'G', 'G', 'G', 'G', 'G', 'O']
C12623130,['G', 'G', 'G', 'G', 'G', 'G', 'G', 'G', 'G', 'G', 'G', 'G']
C20921317,['O', 'G', 'O', 'G', 'G', 'G', 'G', 'G', 'G', 'G']
C63948415,['G', 'O', 'G', 'G', 'O', 'G', 'G']
C59879076,['G', 'G', 'G', 'G', 'G', 'G', 'G', 'G', 'G']
C20482296,['G', 'G', 'G', 'G', 'G', 'G']
C06904957,['G', 'G', 'G', 'G', 'G', 'G', 'G', 'G', 'G', 'G', 'G']
C40486645,['G', 'G', 'G', 'G', 'G', 'G', 'O']
C08704650,['O', 'G', 'G', 'O', 'G', 'O']
C66672355,['G', 'G', 'G', 'G', 'G', 'O', 'G', 'G']
C54398278,['O', 'O', 'G']
C41187132,['G', 'G', 'G', 'G', 'G']
C04161220,['G', 'G', 'G', 'G', 'G', 'G', 'G', 'G', 'G', 'G']
C38195457,['G', 'G', 'G', 'G', 'G', 'G']
C16846068,['G', 'G', 'G']
C41036774,['G', 'G', 'G', 'G', 'G', 'G', 'G']
C66504180,['G', 'G', 'G', 'G', 'G', 'G']
C50099389,['G', 'G', 'O', 'O', 'G', 'G', 'G', 'G', 'O', 'G']
C52211151,['G']
C66381173,['G', 'G', 'G', 'G', 'G', 'G', 'G']
C44168300,['G', 'G', 'G', 'G', 'G', 'G', 'G', 'G', 'G', 'G']
C43330539,['G', 'G', 'G', 'G', 'G', 'G', 'G', 'G']
C20291902,['G', 'G', 'G', 'G', 'G', 'G', 'O', 'G', 'O', 'G', 'G']
C29853659,['G', 'G', 'G', 'G', 'O', 'O', 'O']
C62671658,['G', 'G', 'G', 'G']
C67444301,['G', 'G', 'G', 'G', 'G', 'G', 'O', 'G', 'G']
C63141525,['G', 'G', 'G', 'G', 'G', 'G']
C44858359,['G', 'G', 'G', 'G', 'G', 'G']
C39700724,['G', 'G', 'G', 'G', 'G']
C40568782,['G', 'G', 'G', 'G', 'G', 'G']
C14709782,['G', 'G', 'G', 'G']
C40303166,['G', 'G', 'G', 'G']
C23872867,['G', 'G', 'G', 'O', 'G', 'G']
C24960848,['G', 'G', 'G', 'G', 'G', 'G', 'O', 'O', 'G', 'G']
C66845279,['G', 'G', 'G']
C62809225,['G', 'G', 'G', 'G', 'G', 'G', 'G']
C21387934,['G', 'G', 'G', 'G', 'G', 'O', 'G', 'G', 'G', 'G', 'G']
C13251262,['G', 'G', 'G', 'G', 'O', 'G', 'G']
C40463819,['G', 'G', 'G', 'O', 'G', 'G']
C12472653,['O', 'G', 'G', 'G', 'G', 'G', 'G', 'G', 'O', 'G']
C06190514,['G', 'G', 'G', 'G', 'G', 'G', 'G', 'O', 'G', 'G', 'G', 'G', 'G', 'G', 'G']
C45502547,['G', 'G', 'G', 'G', 'G', 'G']
C02403778,['G', 'G', 'G']
C37943044,['G', 'G', 'G', 'G', 'G', 'O']
C51331974,['G', 'O', 'O', 'G']
C51054704,['G', 'G', 'G', 'G', 'G', 'G', 'G', 'O', 'G']
C11466380,['G', 'G', 'G', 'O', 'G', 'G', 'G', 'G', 'G', 'G', 'O', 'G']
C06154880,['G', 'G', 'G', 'G', 'G']
C17174203,['G', 'G']
C58929046,['G', 'O']
C22551524,['G', 'G', 'G', 'G']
C22853775,['G', 'G', 'G', 'O', 'G', 'G']
C10243595,['G', 'G', 'O', 'G', 'G', 'G', 'O', 'G', 'G', 'G']
C21911249,['O', 'G', 'G', 'G', 'G', 'G']
C12597087,['G', 'G', 'O', 'O', 'O']
C08686389,['G', 'G', 'G', 'G', 'G', 'G', 'G', 'G', 'G', 'G', 'G', 'G']
C44082972,['O', 'G', 'G', 'G', 'G', 'G', 'G', 'G', 'G', 'G']
C25386494,['G', 'G', 'O', 'G', 'G', 'G', 'G', 'G', 'G', 'G', 'G']
C29664631,['G', 'G', 'G', 'G', 'G', 'O', 'G', 'G', 'G', 'O']
C32909865,['O', 'G', 'G', 'O', 'G', 'G']
C04760369,['G', 'O', 'O', 'O', 'G', 'G', 'G', 'G']
C33638388,['G', 'G', 'G', 'G', 'G', 'G', 'G', 'G', 'G', 'G']
C34748612,['G', 'O', 'G', 'G', 'G']
C20914411,['G', 'O', 'G', 'O', 'G', 'G', 'G', 'G', 'G', 'G', 'G']
C63349831,['G', 'G', 'G']
C63007417,['G', 'G', 'G', 'G', 'G']
C50602230,['G', 'G', 'O', 'O', 'G']
C35122786,['G', 'G', 'G', 'G']
C67476568,['G', 'G', 'G', 'G', 'G', 'G', 'G', 'G']
C12143841,['G', 'G', 'G', 'G']
C62100422,['G']
C00164234,['-']
C42673731,['G', 'G', 'G', 'O', 'G', 'G']
C59880101,['G', 'G', 'G', 'G', 'G', 'G', 'G', 'O', 'G', 'G', 'G']
C35054882,['G', 'G', 'G', 'G']
C13570393,['G', 'G', 'G']
C10004161,['G', 'G', 'G', 'G', 'G', 'G', 'G', 'G', 'G', 'G']
C39070827,['G']
C48114499,['G', 'G', 'G', 'G', 'G', 'G', 'G', 'O', 'G']
C63349890,['G', 'G', 'G', 'G']
C43902297,['G', 'G', 'G', 'G', 'G', 'G', 'G', 'G', 'G', 'G', 'G', 'G']
C63270141,['G', 'G', 'O', 'G', 'G', 'G', 'G', 'G', 'G']
C39564195,['G', 'G', 'O', 'G', 'G', 'G', 'G', 'G', 'G']
C40334236,['G', 'O', 'G', 'O']
C40824359,['G', 'G', 'G', 'G', 'G', 'G', 'O', 'O', 'G']
C58903451,['G', 'G', 'G']
C05294153,['G', 'G', 'O', 'G', 'G', 'G', 'G', 'O', 'G', 'G', 'G', 'G', 'G', 'G', 'G']
C59309457,['O', 'O', 'G', 'G', 'G', 'G', 'G', 'G', 'O', 'G', 'G']
C63491586,['G', 'G', 'O', 'G', 'G']
C67059576,['G', 'G', 'G', 'G', 'G', 'G', 'G', 'G', 'G', 'G', 'O', 'G']
C42268709,['G', 'G', 'G', 'G', 'G', 'G', 'G', 'G', 'G', 'G', 'G', 'G', 'G', 'G']
C51088962,['O', 'O', 'G', 'G']
C32911820,['O', 'O', 'G']
C01324022,['G', 'G', 'G', 'G', 'G']
C66090639,['G', 'G', 'G', 'G', 'G', 'G', 'G', 'G', 'G', 'G', 'G', 'G', 'G', 'O']
C02643848,['G', 'O', 'G', 'G', 'G', 'G', 'G', 'O', 'O', 'G']
C65748538,['G', 'O', 'G', 'G', 'G']
C24535289,['G', 'G', 'G', 'G', 'O', 'G', 'G', 'G', 'G', 'G', 'G', 'G']
C29562192,['G', 'G', 'G', 'G', 'G', 'G', 'G', 'G', 'O', 'G', 'O']
C15532145,['G', 'O', 'G', 'G', 'G', 'G', 'G']
C05483001,['G', 'G', 'G', 'G', 'G', 'G', 'G', 'O', 'G', 'G']
C66265013,['G', 'G', 'G', 'G', 'G', 'G', 'O']
C06475989,['G', 'O', 'G', 'O']
C04982797,['G', 'G', 'G', 'G', 'G']
C17837411,['G', 'G', 'G', 'G']
C27562890,['O', 'G', 'G']
C45047088,['G', 'G', 'G', 'G', 'G', 'O']
C35333772,['O', 'G', 'G']
C49832648,['G', 'G', 'G']
C20713010,['O', 'G']
C06076805,['G', 'O', 'G']
C35792206,['G', 'G', 'G']
C44764016,['G', 'G', 'G', 'G']
C50575123,['G', 'G', 'G', 'G', 'G', 'G', 'O']
C20527988,['G', 'O', 'G', 'G', 'G', 'O', 'G', 'G', 'G', 'G', 'G', 'G']
C64883459,['G', 'G', 'G', 'G', 'G', 'G', 'G', 'G', 'G', 'G']
C17298998,['-']
C65920284,['G', 'G', 'G', 'G', 'G', 'G', 'G', 'G', 'G', 'G']
C39963446,['G', 'G', 'G']
C66716978,['G', 'G', 'G', 'G', 'G', 'O', 'G', 'O', 'O', 'O']
C59914388,['G', 'G', 'G', 'G', 'O', 'O', 'G', 'G', 'G', 'G', 'G']
C66903724,['O', 'G', 'G', 'G', 'G', 'G', 'G', 'G', 'G']
C05285901,['G', 'G']
CHEMBL27943,['O', 'G', 'G', 'G', 'G']
C65742995,['G', 'G']
C38770045,['G', 'G', 'G', 'G', 'O', 'G']
C37934272,['G', 'O', 'G']
C07845416,['G', 'G', 'O', 'G', 'G', 'G', 'G', 'G', 'G', 'G', 'O']
C18988623,['G', 'G', 'G', 'G', 'G', 'O', 'G', 'G', 'G', 'G']
C20796589,['O', 'O', 'G']
C66643522,['G', 'G', 'G', 'G', 'G', 'G', 'O', 'G', 'G', 'G']
C43946862,['G', 'G', 'G', 'G', 'G', 'G', 'G', 'G', 'G', 'G', 'G', 'G', 'O']
C31173546,['G', 'G', 'G', 'O', 'G', 'G']
C41511504,['G', 'G', 'G']
C63350015,['G', 'G', 'G', 'G', 'G', 'G', 'G', 'G', 'G', 'O', 'G', 'G', 'G', 'G', 'G']
C45418910,['G', 'G', 'G', 'G', 'G', 'G', 'G']
C04707910,['G', 'G', 'G', 'O', 'G', 'O']
C36854525,['G', 'O', 'G', 'G']
C20914022,['G', 'G', 'G', 'G', 'G', 'G', 'G', 'G', 'G', 'G', 'G', 'G']
C40969829,['G', 'O', 'G', 'G', 'G']
C00809313,['G']
C43516820,['G', 'G', 'G', 'O', 'G']
C37818945,['G', 'G', 'G', 'G', 'O', 'O', 'G', 'G']
C61805317,['G', 'G', 'G', 'G', 'G', 'G', 'O', 'G']
C03176588,['G', 'G', 'G', 'O']
C39692868,['G', 'G', 'O', 'G', 'G', 'G', 'G', 'O', 'G', 'G', 'O']
C66240414,['G', 'G', 'G', 'G', 'G', 'G', 'G', 'G', 'G', 'G', 'G']
C03605353,['G', 'O', 'G', 'G', 'G', 'G', 'O']
C02022108,['G', 'G', 'O', 'G', 'G', 'G', 'G', 'G', 'G', 'G']
C67341483,['G', 'G', 'O']
C41707369,['G', 'G', 'G', 'O']
C66941873,['G', 'G', 'O', 'G', 'G', 'G', 'G', 'G', 'G', 'O', 'G', 'G']
C62363336,['G', 'G', 'G', 'G']
C66217805,['G', 'O', 'G', 'G', 'G', 'G', 'O', 'G']
C08149065,['G', 'G', 'G', 'G', 'G']
C03626850,['G', 'G', 'G', 'G', 'G']
C67174771,['G', 'G', 'G', 'G', 'G', 'G', 'G', 'G', 'G', 'O', 'G', 'G']
C58570420,['G', 'G', 'G', 'G', 'G', 'G', 'G', 'G', 'G', 'G', 'O', 'G', 'O']
C29902978,['G', 'G', 'G', 'G', 'G', 'G', 'O', 'G', 'G', 'G']
C48545026,['G', 'G', 'G', 'G', 'G', 'G', 'G', 'G', 'G', 'G', 'G', 'G']
C43098267,['G', 'G', 'G', 'G', 'G', 'G', 'O']
C37626453,['G', 'G', 'G', 'G', 'G', 'G', 'G', 'G', 'G']
C42428991,['G', 'G', 'G', 'G', 'G', 'G', 'G']
C50771687,['G', 'G', 'G', 'G', 'G']
C62659032,['G', 'G', 'G', 'G', 'G', 'G', 'G', 'O', 'G']
C20749989,['G', 'G']
C29042452,['G', 'G', 'G', 'G', 'G', 'G', 'G', 'G', 'G', 'G', 'G']
C16482566,['G', 'G', 'G', 'G', 'G', 'G']
C18541049,['O', 'G', 'G', 'O']
C20337483,['G', 'G', 'G', 'G']
C15138957,['G', 'G', 'G', 'G', 'G', 'G', 'G', 'G', 'G', 'G', 'G', 'G']
C39741146,['G', 'G', 'O', 'O', 'O', 'O', 'G', 'G']
C53107001,['G', 'G', 'G', 'G', 'G']
C37155135,['G', 'G', 'G', 'G']
C06281381,['G', 'G', 'G']
C59887428,['G', 'G', 'G', 'G', 'G', 'G', 'G', 'G', 'G', 'G', 'O', 'G', 'G']
C48912305,['G', 'G', 'O', 'G']
C66239937,['G', 'G', 'G', 'G', 'G']
C63839188,['G', 'G', 'G', 'G', 'O', 'G', 'G', 'G', 'G', 'G', 'G']
C35082737,['G', 'G', 'O', 'G', 'G', 'G', 'O']
C43112326,['G', 'G', 'G', 'G', 'G', 'G', 'O', 'G']
C28571986,['G', 'G', 'G', 'G', 'G', 'G', 'G', 'G', 'O']
C62389294,['G', 'G', 'G', 'G', 'G', 'G', 'G', 'O', 'O', 'G', 'G']
C19329536,['G', 'O']
C48237200,['G', 'G', 'G', 'G', 'G']
C05258989,['G', 'G', 'G', 'G', 'G', 'G', 'O', 'G', 'G', 'G', 'O', 'G', 'G', 'G', 'G']
C37934271,['G', 'O', 'G']
C40462647,['G', 'G', 'G', 'G', 'G', 'G', 'G', 'G']
C01882960,['O', 'G', 'G', 'G', 'G']
C41010364,['O', 'O', 'O']
C33140324,['O', 'G', 'G', 'G', 'O', 'G', 'G', 'G']
C42430708,['G', 'G', 'G', 'G', 'O']
C64938969,['G', 'G', 'G', 'G', 'G', 'G', 'O', 'G', 'G']
C00436146,['G', 'G', 'G', 'G']
C06391857,['G', 'O']
C33689089,['G', 'G', 'G', 'G', 'G', 'G', 'G', 'O', 'G', 'G', 'G', 'G', 'G', 'G']
C61886561,['G', 'G', 'G', 'G']
C41515208,['G', 'G', 'G', 'G', 'G']
C48838512,['G', 'G', 'O', 'G', 'G']
C53773884,['G', 'G', 'G', 'G', 'G', 'G']
C40569668,['G', 'O', 'G', 'G', 'G']
C13635279,['G', 'G', 'G', 'G', 'G', 'G', 'G', 'G', 'G', 'G', 'G', 'G', 'G', 'G', 'G', 'G']
C31160556,['G', 'G', 'G', 'G', 'G', 'G', 'G', 'G']
C06631988,['G', 'G', 'G', 'G', 'G', 'G', 'G', 'G', 'G', 'G', 'G', 'G', 'G', 'G', 'G']
C37182089,['G', 'G', 'G', 'G', 'G', 'O']
C22165238,['G', 'G', 'G', 'G', 'G']
C03839073,['G', 'O', 'G', 'G', 'O', 'G', 'G', 'G', 'O', 'G', 'G', 'G', 'G', 'O', 'G']
C44785691,['O', 'G', 'G', 'G']
C64869105,['O', 'G', 'G', 'G']
C43028604,['G', 'G', 'G', 'G', 'G', 'G', 'G', 'G']
C00711539,['G', 'G', 'G', 'G', 'O', 'G']
C41585701,['G', 'G', 'G', 'O', 'G']
C48927184,['O', 'G']
C06134560,['G', 'G', 'G', 'G', 'G', 'G', 'O', 'G', 'G', 'G', 'G', 'O', 'G']
C45419718,['G', 'G', 'G', 'G', 'G', 'G', 'G', 'G', 'G']
C38246082,['G', 'G', 'G', 'G', 'G', 'G', 'G', 'G', 'G', 'G', 'G', 'G']
C39051524,['-']
C52006770,['G', 'G']
C40705872,['G', 'G', 'G', 'G', 'O', 'O', 'G', 'G', 'G', 'G', 'G']
C43243238,['G', 'G', 'G', 'G', 'G', 'G', 'O']
C06631918,['G', 'G', 'G', 'G', 'G', 'G', 'G', 'O', 'G', 'O', 'G', 'G', 'G', 'G', 'G', 'G', 'G', 'G', 'G', 'G']
C65182133,['O', 'G', 'G', 'G', 'G', 'G', 'G', 'G', 'G']
C44252598,['G', 'G', 'G', 'G', 'G']
C66582582,['G', 'O', 'G', 'G', 'G', 'O', 'G', 'G', 'G', 'G']
C06813162,['G', 'G', 'G', 'G']
C19323243,['G', 'G', 'G', 'G', 'G', 'G', 'G']
C43596945,['G', 'G', 'G', 'O', 'O']
C40506053,['G', 'G']
C33125849,['G', 'G', 'G', 'G', 'G', 'G', 'G', 'G', 'G', 'O', 'G', 'G']
C00677416,['O', 'G', 'G', 'G', 'G']
C59913947,['G', 'G', 'O', 'G', 'G', 'G', 'O', 'G', 'G']
C05741023,['O', 'O', 'O']
C05716465,['G', 'G', 'O', 'G', 'G', 'G', 'G', 'G', 'G', 'G', 'G', 'G', 'G', 'G', 'O', 'G']
C41923421,['G', 'G', 'G', 'G', 'O', 'G', 'G', 'G', 'G', 'O', 'G', 'G']
C04097970,['G', 'G', 'G']
C40214542,['G', 'G', 'G', 'G', 'G']
C44782188,['G', 'G', 'O', 'G', 'O', 'G', 'G', 'G', 'G']
C16562369,['G', 'G', 'G', 'O', 'G', 'G', 'G', 'G', 'G', 'G', 'O', 'O', 'O']
C19327648,['-']
C35125041,['G', 'G', 'G', 'G']
C39073618,['-']
C43595339,['G', 'G', 'G', 'G', 'G']
C37268561,['G', 'G', 'G', 'G', 'G', 'O']
C10128383,['G', 'G', 'O', 'G', 'G', 'G', 'G', 'G', 'G', 'G', 'G', 'G', 'G', 'G', 'O']
C06310635,['G', 'G', 'G', 'G', 'G']
C51120741,['G', 'G', 'G', 'G', 'G', 'G', 'O', 'G']
C64858851,['G', 'G', 'G', 'G', 'G', 'G', 'G', 'G', 'O', 'G', 'G', 'G', 'G', 'G', 'G', 'G', 'G']
C20804146,['G', 'G', 'G', 'O', 'G']
C37282820,['G', 'O', 'O']
C40326666,['G', 'G', 'O', 'G', 'G', 'G', 'G']
C13309842,['G', 'G', 'G', 'G', 'G', 'O']
C11885440,['G', 'G', 'G', 'G', 'G', 'G', 'G', 'G', 'G', 'G', 'G', 'O', 'O', 'G']
C14141117,['G', 'O', 'G', 'G', 'G', 'G', 'G', 'G']
C43396044,['O', 'G', 'G', 'G']
C51146857,['G', 'O', 'G']
C41069847,['G', 'O', 'G', 'G']
C49753798,['G', 'G', 'G', 'G', 'G', 'O']
C04663893,['G', 'O']
C22253651,['G', 'G', 'G', 'G', 'G', 'G', 'O']
C59829846,['G', 'G', 'G', 'G', 'O', 'G', 'G', 'G', 'G', 'G']
C42412828,['G', 'G', 'G', 'G', 'O']
C47056895,['G', 'G', 'G', 'G', 'G', 'G', 'G', 'G', 'G', 'G', 'G', 'G', 'G', 'G', 'G']
C58498912,['G', 'G', 'G', 'G', 'G', 'G', 'G', 'G', 'G', 'O', 'G', 'O']
C54405046,['O', 'G', 'G']
C13124877,['G']
C58949050,['G', 'O', 'G']
C37365609,['G', 'G', 'G', 'G']
C39915812,['G', 'G', 'G', 'G']
C39716118,['O', 'G', 'G', 'G', 'G', 'G', 'G', 'G', 'G', 'G']
C39692343,['G', 'O', 'G', 'G', 'G', 'O', 'G', 'G', 'G', 'G', 'O', 'G']
C05575061,['G', 'G', 'G', 'G', 'G', 'G', 'G', 'G', 'O', 'G', 'G', 'O', 'G', 'G', 'G', 'G']
C55082731,['G', 'G', 'G', 'O', 'G', 'G']
C55874909,['G', 'G', 'G', 'G', 'O', 'O', 'O', 'O']
C36853677,['G', 'G', 'G']
C65614193,['G', 'G', 'G', 'G', 'O', 'G', 'G']
C25518591,['G', 'O', 'O', 'G', 'G', 'O', 'G', 'G', 'G', 'G']
C56206868,['O', 'O', 'G', 'G', 'G', 'G', 'G', 'O', 'G']
C55992607,['G', 'G', 'G', 'G', 'G', 'G', 'G']
C06547149,['G', 'G', 'O', 'G', 'G', 'G', 'G', 'G', 'G', 'G', 'O', 'G']
C67469419,['O', 'G', 'G', 'G', 'G', 'G']
C56175349,['O', 'G', 'G', 'G', 'G', 'O', 'O', 'O', 'G']
C35379734,['G', 'G']
C58218445,['G', 'G', 'G', 'G', 'G', 'G', 'G', 'G', 'G', 'G', 'G', 'G']
C38800492,['G', 'G', 'G', 'O', 'G', 'G', 'G', 'G', 'G', 'G', 'G', 'G']
C21326639,['G', 'G', 'G', 'G', 'G', 'G', 'G', 'G', 'G', 'G', 'G']
C36862422,['G', 'G', 'O', 'G']
C03571703,['G', 'O', 'G', 'G']
C48950832,['G', 'G', 'G', 'G', 'G']
C44253994,['G', 'G', 'G', 'O']
C16267906,['G', 'G', 'O', 'G', 'G', 'O']
C13146512,['G', 'G', 'G', 'G', 'O', 'G', 'G', 'G', 'G', 'G', 'G', 'G']
C37727972,['G', 'G', 'G', 'G', 'G', 'G', 'G', 'G']
C48757361,['G', 'G', 'G', 'G', 'G', 'G', 'G']
C62527751,['G', 'G', 'G', 'G']
C32994486,['G', 'G', 'G', 'G', 'G', 'G', 'G', 'G', 'G', 'G', 'O', 'G', 'G', 'G']
C20806059,['G', 'G', 'G', 'G', 'G', 'G', 'O', 'G', 'O', 'G', 'G', 'G']
C02197325,['G', 'G', 'G', 'O', 'G']
C56709460,['O', 'O', 'G', 'G', 'G', 'G', 'G', 'O']
C03628340,['G', 'O', 'G', 'G', 'G']
C45515099,['G', 'G', 'O', 'G', 'G', 'G', 'G', 'G']
C06134174,['G', 'G', 'G', 'G', 'G', 'G', 'O', 'G', 'G', 'G', 'G', 'G']
C49227090,['G', 'G', 'G', 'G', 'G', 'G', 'O']
C42809545,['G', 'G', 'G', 'G', 'G', 'G', 'G', 'G', 'G']
C58121933,['G', 'G', 'G', 'G']
C40684720,['G', 'G', 'G', 'G', 'G', 'O', 'O']
C47970751,['G', 'G', 'G', 'G', 'G', 'G', 'G', 'G', 'G', 'G', 'G', 'G']
C17068010,['G', 'G', 'G', 'G', 'G', 'G', 'G', 'G', 'O', 'G']
C04388860,['O', 'G', 'G', 'O', 'G', 'G', 'G', 'O', 'G', 'G', 'G', 'G', 'G', 'G']
C12467272,['G', 'G', 'G', 'G', 'G', 'G', 'G', 'G', 'G', 'G', 'G']
C01387894,['O', 'G', 'O', 'G']
C39054597,['O', 'G']
C37182380,['G', 'G', 'G', 'G', 'G', 'G', 'G']
C20319488,['G', 'G', 'O']
C01560549,['G']
C06822061,['G', 'G', 'O', 'G', 'G', 'G', 'G', 'G', 'G', 'G', 'G', 'G', 'G']
C02598087,['O', 'G', 'G']
C39100401,['-']
C36589129,['G', 'O', 'O', 'G', 'O', 'G', 'G', 'G']
C16268989,['G', 'G', 'G', 'G']
C21302706,['G', 'G', 'G', 'G', 'G', 'G', 'G', 'G', 'G', 'G', 'G']
C00005761,['G', 'G', 'G', 'G', 'G']
C51146280,['G', 'O', 'G', 'G', 'G', 'G', 'G']
C13310984,['G', 'G', 'G', 'O', 'G', 'O']
C05542106,['G', 'G', 'G', 'G', 'G', 'G', 'G', 'G', 'G', 'G', 'G', 'G', 'G']
C21918924,['G', 'G', 'G', 'G', 'G']
C65690383,['O', 'G', 'G', 'G', 'G', 'G']
C67312819,['G', 'G', 'G', 'G', 'G', 'G', 'G', 'G', 'G', 'G', 'G', 'G', 'G', 'G', 'O']
C05376421,['G', 'G', 'O']
C61495350,['G', 'G', 'O', 'G', 'G', 'G', 'G', 'G', 'G', 'G', 'G', 'G', 'G']
C43595176,['G', 'G', 'G', 'O', 'G', 'G', 'G', 'G', 'G', 'G', 'G']
C40982177,['G', 'G', 'G', 'G', 'G', 'G']
C45503781,['G', 'G', 'G', 'G', 'G', 'G', 'G', 'G', 'G', 'G', 'G']
C22010045,['G']
C15080278,['O']
C35185146,['G', 'G', 'G', 'G', 'G', 'G', 'G', 'G', 'O']
C14361443,['O', 'O', 'O']
C06904951,['G', 'G', 'O', 'G', 'G', 'G', 'G', 'G', 'G', 'G', 'G', 'G']
C58517575,['G', 'G']
C44680644,['G', 'G', 'G', 'G', 'G', 'G', 'O']
C39665491,['G', 'O', 'G', 'G', 'G', 'O', 'G', 'G', 'G', 'G', 'G']
C45661391,['G', 'G']
C35359332,['G', 'G', 'G', 'O']
C20548474,['G', 'G', 'G', 'G', 'G', 'G']
C56206746,['O', 'O', 'G', 'G', 'G', 'G', 'G', 'G', 'G', 'G', 'O', 'G']
C35187008,['G', 'G', 'G', 'G', 'G', 'O', 'G']
C57479355,['G', 'G', 'G', 'O', 'G', 'G', 'G', 'G', 'G', 'G']
C15084751,['G', 'G', 'G', 'G', 'G', 'G', 'G']
C41684333,['G', 'G', 'G', 'G', 'G', 'G', 'G', 'O']
C04671945,['G', 'G', 'G', 'G', 'G', 'O']
C32602837,['G', 'G', 'G', 'G', 'G', 'G', 'G', 'G', 'O', 'G', 'G', 'G', 'G', 'G', 'G', 'O']
C36589431,['G', 'G', 'O', 'O', 'G', 'O', 'G', 'G', 'G']
C06265240,['G', 'G', 'G', 'G']
C08651883,['G', 'O', 'G', 'O', 'G', 'G']
C37723152,['G', 'G', 'G', 'G', 'G', 'G', 'G', 'G']
C19535988,['G', 'G', 'G', 'G', 'G', 'G', 'G', 'G', 'G', 'G', 'G', 'G', 'O']
C40462739,['G', 'G', 'G', 'G', 'G', 'G', 'G', 'G', 'G', 'G']
C50634100,['G', 'G', 'G', 'G', 'G']
C01744474,['G']
C47712490,['O', 'G', 'G', 'G', 'G', 'G', 'G', 'G', 'G', 'G', 'G']
C56977423,['O', 'O', 'O', 'G', 'G']
C56056965,['O', 'G', 'G', 'G']
C44629193,['G', 'O', 'O', 'O', 'G', 'G']
C04221743,['G', 'G', 'O', 'G', 'G', 'O', 'G', 'O', 'O', 'G', 'G', 'O', 'G', 'G']
C56200287,['G', 'G', 'G', 'G', 'G', 'G', 'G', 'O', 'O', 'G', 'G']
C44713395,['-']
C06501264,['G', 'G', 'G', 'G', 'G', 'G', 'O', 'O', 'G', 'G', 'G', 'G', 'G', 'G']
C08048259,['G', 'O', 'O', 'O', 'G', 'O']
C64219647,['G', 'G', 'G', 'G', 'G', 'O', 'G', 'G', 'G']
C00053295,['G', 'G', 'G']
C12467371,['G', 'O', 'G', 'G', 'G', 'G', 'G', 'G', 'G', 'G', 'O', 'G']
C33547341,['G', 'G', 'G', 'G', 'G', 'G', 'G', 'G', 'G', 'G', 'G']
C41834199,['G', 'G', 'G', 'G', 'G']
C39067245,['G', 'O']
C59014643,['G', 'G', 'G', 'G', 'G', 'G', 'G', 'O', 'G', 'O', 'G', 'O', 'O']
C41805009,['G', 'G', 'G', 'G']
C37486176,['G', 'G', 'G', 'G', 'G', 'G', 'G', 'G', 'G']
C45624235,['G', 'O', 'O', 'G', 'G', 'G']
C39098209,['G']
C45918970,['G', 'G', 'G', 'G', 'G']
C00069939,['-']
C05450600,['G', 'G', 'G', 'O', 'G']
C63385449,['G', 'G', 'G', 'G']
C05376648,['O', 'G']
C06275731,['G', 'G', 'G', 'G']
C06546891,['G', 'G', 'O', 'G', 'G', 'G', 'G', 'G', 'G', 'G', 'G', 'O', 'G', 'G', 'G', 'G', 'G', 'G']
C24927166,['G', 'G']
C54109676,['G', 'G', 'G', 'G', 'G', 'G', 'G', 'G', 'G']
C42526600,['G', 'G', 'O', 'G', 'G', 'O', 'O']
C06462140,['G', 'G', 'G', 'G', 'G', 'G', 'G', 'G', 'G', 'O', 'G']
C63686179,['G', 'G', 'O', 'G', 'G', 'G', 'O', 'O', 'O', 'G', 'G', 'G']
C40720729,['G', 'G', 'O', 'G', 'G', 'G', 'G', 'G', 'G', 'G']
C08708073,['G', 'G', 'G', 'O', 'G', 'O']
C16382956,['-']
C05204781,['-']
C15008612,['G', 'G', 'G', 'G', 'G', 'G']
C05716200,['G', 'G', 'O', 'G', 'G', 'G', 'G', 'G', 'G', 'G', 'G', 'G', 'G', 'G', 'O', 'G']
C12749988,['G', 'G', 'G', 'G']
C66055277,['G']
C56979399,['G', 'G', 'O', 'G', 'G', 'G', 'O', 'G', 'G', 'G', 'G', 'G']
C07654348,['G', 'G', 'G', 'G', 'G', 'G', 'G']
C13052332,['G', 'G', 'G', 'G', 'G', 'G']
C42953314,['G', 'G', 'G', 'G', 'G', 'G', 'G', 'G', 'G', 'G', 'G']
C43249008,['G', 'G', 'G', 'G', 'G', 'G', 'G']
C43516435,['G', 'G']
C19986197,['G']
C07258105,['G', 'O', 'G', 'G', 'G', 'G', 'G', 'G', 'G', 'G', 'G', 'G']
C32218058,['G', 'G']
C61720180,['G', 'O', 'G', 'G', 'G', 'G', 'G']
C46905755,['G', 'G', 'G', 'G', 'G', 'G', 'G', 'G', 'G', 'G', 'G', 'G', 'G', 'G']
C00001242,['-']
C40362631,['G', 'G', 'G', 'G']
C05869252,['G', 'G', 'O', 'G', 'G', 'G', 'G', 'G', 'G', 'G']
C48839731,['O', 'G', 'O', 'G', 'G']
C54009855,['-']
C05058829,['G', 'G', 'G', 'G']
C35385421,['G', 'G', 'G', 'G', 'G', 'G', 'O', 'G', 'G', 'G', 'G', 'G', 'G', 'G']
C44517927,['G', 'G', 'G', 'G', 'O']
C67344001,['G', 'G', 'G', 'G', 'G', 'G']
C45423988,['G', 'G', 'G', 'G', 'G', 'G', 'G']
C66731870,['G', 'G', 'G', 'O', 'G', 'G', 'G', 'G', 'G', 'G', 'G', 'G', 'G', 'G']
C33880697,['G', 'G', 'G', 'G', 'G', 'G', 'O', 'G', 'G']
C50957954,['G', 'O', 'G', 'G', 'G', 'G', 'G', 'G', 'G', 'G', 'G']
C03189465,['G', 'G', 'G']
C39691649,['G', 'G', 'G', 'G', 'G', 'G', 'G', 'O', 'G']
C58929108,['G', 'G']
C04899505,['G', 'G', 'G', 'G', 'G', 'G', 'G', 'G', 'G', 'O']
C00406778,['G', 'G', 'G', 'G', 'O', 'O', 'G', 'G', 'G', 'G']
C13309844,['G', 'G', 'G', 'G', 'G', 'O']
C01667421,['-']
C42212418,['G', 'G', 'G', 'G', 'G', 'G', 'O', 'G', 'G']
C35271311,['G', 'G', 'G', 'G', 'G', 'G', 'O', 'G']
C05742212,['O', 'G', 'G', 'G', 'G', 'G']
C12786574,['O', 'O', 'G', 'G', 'O', 'G']
C28807896,['G', 'G', 'G', 'G', 'G', 'G', 'O', 'G', 'G']
C63110904,['-']
C37818976,['G', 'G', 'G', 'G', 'O', 'O', 'O', 'G', 'G']
C01562955,['-']
C01682849,['-']
C05253764,['G', 'G', 'O']
C12447038,['O', 'G', 'G', 'G']
C35747050,['G', 'G', 'G', 'G', 'G', 'G', 'G', 'G', 'G', 'G', 'G', 'G', 'O', 'O']
C05423788,['G', 'G', 'O', 'G', 'G', 'O', 'G', 'G', 'G', 'G', 'G', 'G', 'G']
C34792934,['G', 'G', 'G', 'G', 'O']
C20548984,['G', 'G', 'G', 'G', 'G', 'G', 'G']
C06681443,['G', 'G', 'O', 'O', 'G']
C13172714,['G', 'G', 'G', 'O', 'G', 'G', 'O']
C13345540,['G', 'G', 'G', 'G', 'G', 'G']
C09167809,['O', 'G', 'G', 'O', 'G', 'G', 'G', 'G', 'O', 'G', 'G', 'O', 'G']
C04277635,['-']
C08636898,['G', 'G', 'G', 'G', 'G', 'G', 'G', 'O', 'G', 'G']
C49511726,['G', 'G', 'G', 'G', 'G', 'G', 'O']
C65129086,['G', 'G', 'G', 'O', 'G']
C25539237,['O', 'G', 'O', 'G', 'G', 'G', 'O']
C00157062,['-']
C41979732,['G', 'G', 'G', 'O', 'G', 'G', 'G', 'G']
C23872775,['G', 'G', 'G', 'G', 'G']
C40224173,['G', 'G', 'O', 'G', 'G', 'G', 'G', 'G', 'O']
C55302319,['G']
C56710096,['O', 'O', 'G', 'G', 'G', 'G', 'G', 'G', 'G', 'G', 'G', 'G', 'O', 'O']
C36819471,['G', 'G', 'G', 'G']
C39069451,['G']
C20881250,['G', 'G', 'O', 'O', 'G', 'G']
C59186747,['G', 'G', 'G', 'G', 'G', 'G', 'G', 'G']
C13014561,['G', 'G', 'O', 'G', 'G', 'G']
C06134301,['G', 'G', 'O', 'G', 'G', 'G', 'G', 'G', 'G', 'O', 'G']
C33509365,['-']
C33925836,['G', 'G', 'G', 'G', 'O']
C13094984,['O', 'G', 'G', 'G', 'O']
C13267156,['G', 'G', 'G', 'G', 'G', 'G', 'O']
C65748539,['G', 'G', 'G', 'O', 'G']
C15952507,['G', 'O', 'G', 'G', 'G', 'G', 'G', 'G', 'G', 'G', 'O', 'G', 'O', 'O']
C06134294,['G', 'G', 'O', 'G', 'G', 'G', 'G', 'G', 'G', 'G', 'G', 'O', 'G']
C50685337,['G', 'G', 'G', 'G', 'G']
C04529748,['-']
C12711431,['G', 'O', 'G', 'G', 'G', 'G', 'G', 'O', 'G', 'G', 'O', 'G']
C67174753,['G', 'G', 'G', 'G', 'G', 'G', 'G', 'G', 'G', 'G', 'O', 'G', 'G']
C32075702,['G', 'G', 'G', 'G', 'G', 'G', 'G', 'G']
C16692686,['G', 'G', 'G', 'O']
C62101362,['O', 'G', 'O']
C36378029,['-']
C19801101,['-']
C04741128,['G', 'G', 'O', 'G']
C04291243,['G']
C06600966,['G', 'G', 'G', 'O', 'G', 'G', 'G', 'G', 'O', 'G', 'G', 'O', 'G']
C41622846,['G', 'G', 'G', 'G', 'G', 'G', 'G', 'G', 'G', 'G', 'G', 'G', 'G', 'G']
C17158018,['-']
C65208106,['G', 'G', 'G', 'O', 'G', 'G', 'G', 'G', 'G', 'G', 'G', 'G', 'O']
C44776334,['G', 'G', 'G', 'G', 'G', 'G', 'G', 'G', 'G']
C00032001,['G', 'G', 'O', 'G', 'G', 'G']
C52537818,['G', 'G', 'G', 'G', 'G', 'G', 'G', 'G', 'O', 'G', 'G', 'G', 'G']
C34747413,['O', 'G', 'G', 'G', 'O']
C40001500,['G', 'G']
C16809201,['G', 'G', 'G', 'G', 'G', 'O', 'G', 'G', 'G', 'G', 'G', 'G', 'G', 'G', 'G', 'G', 'G']
C64101091,['O', 'G', 'G', 'G', 'G', 'G']
C08879447,['G', 'G', 'G', 'G', 'G', 'O']
C05731965,['G', 'G', 'G', 'O', 'G', 'G']
C12821935,['O', 'G', 'G', 'G']
C13203414,['G', 'G', 'G', 'G', 'O', 'G', 'G', 'G']
C65874533,['G', 'G', 'G', 'G', 'G']
CHEMBL35833,['-']
C50641920,['G', 'G', 'G', 'G', 'G', 'O']
C13014800,['G', 'G', 'O', 'O', 'G', 'G']
C08398927,['G', 'G', 'G', 'G', 'G', 'G', 'G', 'G', 'G', 'G']
C06424651,['G', 'G', 'O', 'G']
C43209406,['G', 'G', 'G', 'G', 'G', 'G', 'G', 'G', 'G', 'G', 'O', 'G', 'G', 'G']
C35007170,['G', 'G', 'G', 'G', 'G']
C26441761,['G', 'G']
C05527863,['O', 'G']
C01615910,['-']
C04724580,['O', 'O', 'O', 'G', 'O', 'G']
C20732516,['-']
C52708778,['O']
C05631253,['G', 'G', 'G', 'G', 'O', 'O', 'G', 'G', 'G', 'G']
C37862229,['G', 'G', 'G', 'G', 'G', 'O', 'G', 'G', 'G']
C13317175,['G', 'G', 'G', 'G', 'G', 'G']
C02644223,['G', 'G', 'G', 'O', 'O', 'G', 'G']
C65621825,['G', 'G', 'G', 'G', 'G', 'G', 'G', 'G', 'G', 'G', 'G', 'G']
C39582238,['G', 'G', 'G', 'G', 'G', 'O']
C54166558,['O', 'G', 'O', 'G', 'G', 'G', 'G']
C60377220,['G', 'G', 'G', 'G', 'G', 'G', 'G', 'G', 'G', 'G', 'G']
C00866001,['G', 'G', 'G', 'G']
C56055493,['G', 'G', 'O', 'G']
C04918921,['O', 'O', 'G', 'G', 'O']
C13363582,['G', 'O', 'G', 'O']
C63235581,['G', 'G', 'G', 'G', 'G', 'G']
C67028961,['O', 'G', 'O', 'G', 'G']
C35598405,['G', 'G', 'G', 'G']
C06546860,['G', 'G', 'O', 'G', 'G', 'G', 'G', 'O', 'G', 'G', 'O', 'G']
C57434919,['G', 'G', 'G', 'G', 'G', 'G', 'G', 'G', 'G', 'G', 'G', 'G']
C66778414,['O', 'G', 'G', 'O', 'G', 'G']
C07942902,['G', 'G', 'G', 'O']
C06780403,['O', 'O', 'O', 'O']
C02379267,['O', 'O', 'G', 'G', 'G', 'O', 'G', 'G', 'G']
C40310248,['G', 'O', 'G', 'G', 'G']
C09088067,['G', 'G', 'G', 'G']
C04862994,['G', 'G', 'G', 'G', 'G', 'O']
C64797013,['G', 'G', 'G', 'G']
C45586026,['G', 'G', 'G', 'G', 'G', 'G', 'O']
C66660788,['O', 'G', 'O', 'G', 'G', 'G', 'O']
C20361282,['G', 'G', 'G', 'G', 'G', 'G', 'G']
C16882611,['O', 'G', 'G', 'G']
C13023517,['O', 'G', 'G', 'G', 'G', 'O']
C54729927,['O', 'G', 'G', 'G', 'G', 'G', 'G']
C39068019,['G', 'G']
C17074312,['G', 'G']
C44877004,['G', 'G', 'G', 'G', 'G', 'G', 'G', 'G', 'G', 'G', 'G']
C10862816,['G', 'G', 'G', 'G', 'G']
C65490291,['G', 'G', 'G', 'G', 'G', 'G']
C08952410,['G', 'G', 'G', 'G', 'G', 'G', 'G', 'G', 'G', 'O', 'G', 'G', 'G']
C13087292,['G', 'G', 'G', 'G', 'G', 'G']
