CHEMBL575705,['G', 'G', 'G', 'O']
CHEMBL574879,['O', 'G', 'G', 'G']
CHEMBL575087,['O', 'G', 'G', 'G']
CHEMBL575903,['O', 'O', 'G', 'G']
C03311711,['O', 'G', 'G', 'O', 'G', 'G']
C49511563,['G', 'G', 'G', 'G', 'G', 'G', 'G', 'G', 'O']
C09120075,['G', 'G', 'G', 'G', 'G', 'G']
CHEMBL483818,['G', 'G', 'G', 'G', 'G', 'G', 'G', 'G']
CHEMBL483817,['G', 'G', 'G', 'G', 'G', 'G', 'G', 'G']
CHEMBL451084,['G', 'G', 'G', 'G', 'G']
C04703715,['G', 'O', 'G', 'G', 'G', 'G', 'G']
C01452956,['G', 'G', 'G', 'G', 'G', 'G']
C08927825,['G', 'O', 'G', 'O', 'O', 'G']
C03843251,['O', 'O', 'G', 'G']
C35225431,['G', 'G', 'G', 'G', 'G', 'O', 'G']
C15826111,['G', 'O', 'G', 'G', 'G']
C21877628,['G', 'G', 'G', 'G', 'G', 'G', 'G', 'O', 'G']
C05911012,['G', 'G', 'G', 'G']
C33810849,['G', 'G', 'O', 'G', 'G', 'G']
C20332236,['G', 'O', 'G', 'G', 'O', 'O']
C20835427,['G', 'G', 'O', 'O', 'G', 'O']
C14286089,['O', 'G', 'O', 'G', 'G', 'G']
C20977971,['O', 'O', 'G', 'G', 'G', 'O', 'O']
C38752817,['G', 'O', 'G', 'G', 'G', 'O']
C22197211,['G', 'G', 'G', 'G', 'O', 'G']
C16730498,['G', 'G', 'G', 'G', 'G', 'O', 'G']
C09781882,['O', 'G', 'G', 'G', 'O', 'G']
C63709935,['G', 'G', 'G', 'G', 'G', 'G']
C09103696,['O', 'O', 'G', 'G', 'O', 'G', 'G']
C20886110,['G', 'G', 'G', 'G', 'G', 'G', 'G']
CHEMBL505096,['G', 'G', 'G', 'G', 'O']
CHEMBL596032,['G', 'G', 'G', 'G', 'G', 'G', 'G']
C40011873,['G', 'G', 'G', 'G', 'O']
C38744796,['O', 'G', 'O']
C59862661,['G', 'G', 'G', 'G', 'G', 'G']
CHEMBL573750,['O', 'O', 'G', 'G']
C44416371,['G', 'G', 'O', 'G', 'G']
C20585012,['G', 'G', 'G', 'G', 'G', 'G', 'G', 'G', 'G']
C21318688,['G', 'G', 'G', 'G', 'O', 'G']
C39164136,['G', 'G', 'G', 'G', 'G']
C36038794,['O', 'O', 'O', 'G', 'G', 'G', 'G', 'O', 'O']
C20220814,['G', 'G', 'G', 'G', 'G', 'G', 'G', 'O', 'G']
CHEMBL573751,['O', 'O', 'G', 'G']
C22019562,['G', 'O', 'G', 'O', 'G', 'G', 'O']
C32100855,['O', 'G', 'G', 'G', 'G', 'O']
C59317167,['G', 'G', 'G', 'G', 'O', 'G', 'G', 'G']
C40839449,['O', 'G', 'G', 'G', 'G', 'G', 'O']
C48163965,['O', 'G', 'O', 'O']
C32935393,['O', 'G', 'G', 'G', 'O', 'G']
C33563389,['G', 'O', 'G', 'G', 'G', 'O', 'G']
C23141676,['G', 'G', 'O', 'G', 'O', 'G', 'O', 'O']
C12862927,['G', 'G', 'G', 'G', 'G', 'G', 'G', 'G']
C15881697,['G', 'O', 'G', 'G', 'G', 'G', 'G']
C44178330,['G', 'O', 'G', 'O', 'G', 'G', 'G', 'O']
C58505940,['G', 'G', 'O', 'G']
C09385122,['G', 'G', 'G', 'G', 'O']
C03305235,['G', 'G', 'G', 'G', 'G', 'G', 'G']
C49388895,['G', 'G', 'G', 'O', 'G']
C03366516,['O', 'G', 'G', 'G', 'G', 'O', 'G']
C15924036,['G', 'O', 'G', 'G', 'G']
C24091889,['G', 'G', 'G', 'O', 'G', 'G', 'O', 'G']
C44942286,['G', 'G', 'G', 'O', 'G', 'G', 'G', 'O']
C02090006,['G', 'O', 'O', 'G', 'G', 'G']
C23444561,['G', 'G', 'G', 'G', 'G', 'G', 'G']
C35429435,['O', 'G', 'O', 'O', 'G', 'G', 'G']
CHEMBL489334,['G', 'G', 'G', 'G', 'O']
C32901646,['G', 'G', 'O', 'O', 'G']
C65056782,['O', 'G', 'G', 'G', 'G', 'G', 'O']
C09284497,['G', 'O', 'O', 'G', 'G', 'G', 'G']
C05648799,['G', 'O', 'O']
C09837407,['G', 'G', 'G', 'O', 'G', 'G', 'G']
CHEMBL595122,['G', 'G', 'G', 'G', 'G', 'G', 'G']
C05234272,['G', 'G', 'G']
C06909551,['O', 'G', 'G', 'G']
C49510881,['O', 'G', 'G', 'G', 'G', 'G', 'G', 'G']
C09630285,['G', 'G', 'G', 'G', 'G', 'G', 'G', 'G', 'G']
C46657991,['G', 'G', 'G', 'G', 'G', 'G', 'O', 'G']
C40012545,['G', 'G', 'G', 'G', 'G', 'G', 'G']
C09335368,['G', 'G', 'G', 'G', 'G', 'O']
C64390622,['O', 'O', 'G', 'G', 'O']
CHEMBL606156,['O', 'G', 'G', 'G', 'G', 'G', 'G', 'G']
C66410907,['G', 'G', 'O', 'O']
C08391413,['G', 'O', 'G', 'O', 'G']
C40789895,['O', 'G', 'G', 'G']
CHEMBL475058,['G', 'G', 'G', 'G', 'G', 'G', 'G', 'G']
C12533921,['G', 'G', 'O', 'G']
CHEMBL594382,['G', 'G', 'G', 'G', 'G', 'O', 'G']
C10462731,['G', 'G', 'G', 'G', 'G', 'G', 'G', 'O']
C07897328,['O', 'O', 'G', 'G']
C49505684,['G', 'G', 'G', 'O', 'G']
C59794370,['O', 'G', 'G', 'O', 'G']
C61719499,['G', 'G', 'G', 'G']
C33382885,['O', 'O', 'G', 'G', 'G', 'G', 'O', 'G']
CHEMBL606370,['G', 'G', 'G', 'G', 'G', 'G', 'G', 'G', 'G']
C49937769,['G', 'G', 'G', 'G', 'G', 'G', 'G']
C18594870,['G', 'G', 'G', 'G', 'O']
C01134606,['O', 'G', 'G', 'G', 'G', 'G', 'G', 'G']
C04803111,['G', 'G', 'O', 'O', 'G']
C39953022,['G', 'G', 'G', 'G', 'G', 'G', 'G']
C03404460,['G', 'G', 'G', 'G', 'G']
C66929989,['G', 'G', 'G', 'G', 'G']
C10594268,['G', 'G', 'G', 'G', 'G', 'G', 'O', 'G', 'G', 'G', 'G']
C00802258,['O', 'G', 'G']
CHEMBL489333,['G', 'G', 'G', 'G', 'G']
C15240762,['G', 'G', 'G', 'G', 'G', 'G', 'G', 'G']
C43990179,['G', 'G', 'G', 'G', 'G', 'G', 'G']
C63491625,['G', 'G', 'G', 'G', 'G', 'G', 'G']
C07723967,['G', 'G', 'O', 'G', 'G', 'G', 'G', 'G']
C09283868,['G', 'O', 'G', 'G', 'O', 'O', 'G', 'G', 'O']
C63399615,['G', 'G', 'G', 'G', 'G', 'G', 'G', 'O']
CHEMBL595353,['G', 'G', 'G', 'G', 'G', 'O', 'G']
CHEMBL573749,['G', 'O', 'G', 'G', 'G']
C64580734,['O', 'G', 'G', 'O', 'G', 'G', 'O']
C10202951,['G', 'G', 'O', 'O', 'G']
C15731823,['G', 'G', 'G', 'G', 'G']
C40284953,['G', 'G', 'G', 'G', 'G', 'O']
C05512080,['O', 'O', 'G', 'G']
C21870977,['O', 'O', 'G']
C36058405,['G', 'O', 'O', 'O', 'G', 'G', 'O', 'O', 'G']
C33267299,['G', 'G', 'G', 'G', 'G', 'G', 'O', 'G']
C16982043,['G', 'O', 'G', 'O', 'G', 'G']
C23126316,['G', 'G', 'G', 'G', 'G', 'O', 'G']
C38755733,['G', 'G', 'G', 'O', 'G']
C20754009,['O', 'G', 'G', 'G', 'G', 'G', 'O']
C44648730,['O', 'O', 'G']
C67428079,['O', 'O', 'O', 'G']
C01110537,['G', 'G', 'G', 'G', 'O', 'O']
C32835906,['G', 'O', 'G', 'G', 'O']
C24966488,['G', 'G', 'G', 'G', 'G']
C40006688,['O', 'G', 'G', 'G', 'G', 'G', 'G']
C14893951,['G', 'G', 'G', 'G', 'O', 'G', 'G', 'G']
C08117005,['G', 'G', 'O', 'G', 'G']
C15943354,['O', 'G', 'G', 'G', 'G', 'G', 'G', 'G']
C25010666,['G', 'G', 'O', 'G', 'O', 'G', 'G']
C38750899,['G', 'G', 'G', 'G', 'G', 'G']
C45631175,['G', 'G', 'G', 'G', 'G', 'G', 'G', 'G']
C39536612,['G', 'G', 'G', 'O', 'G', 'G', 'G', 'G', 'O']
C06322398,['G', 'G', 'G', 'G', 'G', 'G', 'G']
C64893293,['G', 'G', 'G', 'G', 'G', 'G']
C20585014,['G', 'G', 'O', 'G', 'G', 'G', 'G', 'G', 'G']
C39962686,['G', 'G', 'G', 'O']
C22832211,['O', 'O', 'G', 'G', 'G', 'G']
C03959282,['O', 'O', 'G', 'G', 'G', 'G']
C38845147,['G', 'G', 'O', 'G', 'O', 'G', 'G', 'O']
C02946784,['O', 'G', 'G']
C14342310,['G', 'G', 'G', 'G', 'G', 'G', 'G', 'G']
C38744453,['G', 'O', 'G', 'G']
C12617280,['O', 'G', 'G', 'G', 'G', 'G']
CHEMBL575904,['G', 'O', 'G', 'G', 'G']
C22014000,['G', 'G', 'G', 'O', 'G', 'G', 'G']
C09065749,['G', 'G', 'G', 'G', 'G', 'G']
C44967380,['G', 'G', 'G', 'G', 'G', 'G', 'O', 'G']
C38750901,['G', 'G', 'G', 'G', 'G', 'G']
C36087066,['G', 'G', 'O', 'G', 'G', 'O', 'G']
C09575962,['G', 'G', 'O', 'G', 'O']
C38800395,['G', 'G', 'G', 'G', 'G', 'G', 'O', 'G']
CHEMBL584378,['G', 'O', 'G', 'G']
CHEMBL576936,['G', 'G', 'G', 'O', 'G']
C31631440,['G', 'G', 'G', 'G', 'G']
C10696678,['G', 'G', 'G', 'G', 'G', 'O', 'G']
C09326731,['G', 'G', 'G', 'G', 'G', 'G', 'G']
C38976647,['G', 'G', 'G']
C39355823,['G', 'G', 'G', 'G', 'O']
CHEMBL594634,['G', 'G', 'G', 'G', 'G', 'O', 'G']
C33258570,['O', 'G', 'G', 'G', 'G', 'G', 'O']
C09578247,['G', 'G', 'G', 'G', 'O', 'O']
C11690106,['G', 'G', 'O', 'G', 'G']
C43644530,['G', 'G', 'G', 'G', 'G', 'O', 'O']
C58537914,['G', 'G', 'G', 'G', 'G', 'O', 'O']
C19665498,['G', 'O', 'G', 'G', 'G']
C65370290,['O', 'O', 'G', 'O']
C09661907,['G', 'G', 'G', 'G', 'G', 'G', 'G']
C39361239,['G', 'G', 'G', 'G', 'G']
C63731763,['G', 'G', 'G', 'G', 'G', 'G']
C10063017,['G', 'G', 'G', 'G', 'G', 'G', 'O']
C65229460,['G', 'O', 'G', 'G', 'G', 'O']
C14282053,['G', 'G', 'G']
CHEMBL573064,['G', 'O', 'G', 'G']
CHEMBL575278,['G', 'O', 'G', 'G', 'G']
C45971401,['G', 'G', 'G', 'G', 'G', 'O']
C02404444,['O', 'G', 'O', 'G', 'G']
C09544750,['G', 'G', 'O', 'O', 'G', 'O']
C35818923,['O', 'G', 'O', 'G', 'G', 'G', 'O']
C39899062,['G', 'O', 'O', 'G', 'G', 'G', 'G']
C27438420,['O', 'G', 'G', 'G']
C40336515,['G', 'O', 'G', 'G', 'G']
C60349910,['G', 'O', 'G', 'G', 'G', 'G']
C23345441,['G', 'G', 'G', 'G', 'G', 'G', 'G', 'G', 'G', 'G']
C16051198,['G', 'G', 'O', 'G', 'G', 'G', 'G']
C39591862,['G', 'G']
C12756068,['G', 'O', 'G', 'O', 'G', 'G', 'G', 'G', 'G']
C02695988,['G', 'G', 'G', 'O', 'G', 'G', 'O']
C05376180,['G', 'G', 'G', 'G']
C23989382,['G', 'O', 'O', 'G', 'G', 'G']
C20830354,['O', 'G', 'G', 'O', 'G']
C08738546,['G', 'G', 'G', 'G', 'O', 'O', 'G', 'G']
C09008777,['G', 'G', 'G', 'O', 'G']
C09573912,['G', 'G', 'G', 'G', 'G', 'G']
C64626686,['G', 'G', 'G', 'G', 'G', 'G', 'G', 'G']
C09876898,['G', 'G', 'G', 'O', 'O', 'G']
C16927014,['G', 'G', 'G', 'G', 'G', 'G', 'G']
C33441377,['O', 'G', 'G', 'G', 'O', 'G']
C13109376,['G', 'G', 'G', 'G', 'G', 'G', 'O', 'G', 'G']
C36087438,['G', 'G', 'O', 'O', 'G', 'G', 'G']
C57961884,['G', 'G', 'G', 'G', 'G']
C06373288,['O', 'O', 'O', 'G', 'G', 'G']
C58455816,['G', 'O', 'G', 'G', 'O', 'O']
C54130977,['O', 'O', 'O', 'G', 'G', 'G']
C08014393,['G', 'G', 'G', 'O', 'G', 'O']
C38479026,['G', 'G', 'G', 'G']
C25062218,['O', 'O', 'G', 'O', 'O', 'G']
C35375817,['G', 'G', 'G', 'O', 'O', 'G', 'G', 'O']
C09551213,['G', 'G', 'G', 'G', 'G', 'G', 'G', 'O']
C36680990,['G', 'G', 'G', 'O', 'G']
C22302529,['G', 'O', 'G', 'G', 'G', 'G', 'G', 'G']
C01887917,['G', 'G', 'G', 'O', 'G', 'G', 'G']
C12649666,['G', 'G', 'G', 'G', 'G', 'G']
C00949378,['G', 'G', 'G', 'G', 'O']
C02902231,['G', 'O', 'G', 'G']
CHEMBL604065,['G', 'G', 'G', 'G', 'G', 'O', 'G']
C15399308,['G', 'O', 'G', 'G']
C20356522,['G', 'G', 'G', 'G', 'O', 'O']
C32699171,['G', 'G', 'G', 'G', 'G', 'G', 'G', 'G']
C61522832,['G', 'O', 'G']
C66688000,['O', 'G', 'G', 'O', 'O', 'G']
C08724886,['G', 'G', 'O', 'G', 'G', 'O', 'G']
C02459584,['G', 'G', 'G', 'G', 'G', 'G', 'G']
C13561616,['G', 'O', 'G']
C09616937,['G', 'G', 'O', 'G', 'G', 'G', 'G', 'G']
C08946202,['O', 'G', 'G', 'O', 'G', 'G', 'G', 'O']
C23716038,['O', 'G', 'G', 'G']
C65306132,['G', 'G', 'O', 'G', 'G', 'G', 'G']
C35704359,['O', 'O', 'G', 'G', 'G', 'G', 'G', 'O']
C38485214,['G', 'G', 'G', 'G', 'G', 'G', 'G', 'G']
C20891335,['G', 'G', 'O', 'G', 'G', 'G', 'G', 'G']
C18222209,['G', 'G', 'G', 'O']
C00656505,['G', 'O', 'G', 'G', 'G', 'G']
C22001066,['G', 'G', 'G', 'G', 'G', 'G', 'G']
C22589138,['G', 'G', 'G', 'G', 'G', 'O', 'G']
C14077015,['O', 'G', 'G', 'G', 'O']
C09491389,['G', 'G', 'O', 'G', 'G', 'O', 'O']
C24291265,['G', 'O', 'G', 'G', 'G']
C08850592,['G', 'G', 'G', 'G']
C66205873,['O', 'G', 'G', 'G', 'G', 'O']
C46910253,['G', 'G', 'G', 'G', 'G', 'G', 'G', 'G']
C20356344,['G', 'G', 'G', 'G', 'O', 'O']
C20356560,['G', 'G', 'G', 'G', 'O', 'G', 'O']
C39886076,['G', 'G', 'G', 'G', 'G', 'G', 'G']
C37296073,['G', 'G', 'G', 'G', 'O']
C20785026,['O', 'O', 'G', 'G', 'G', 'G']
C09057694,['G', 'O', 'G', 'G', 'G']
C20154761,['G', 'G', 'G', 'G', 'G', 'O']
C13362258,['G', 'G', 'G', 'G', 'G', 'O', 'G']
C22476267,['G', 'G', 'G', 'G', 'G', 'O', 'O', 'O']
C13101546,['G', 'G', 'G', 'G', 'G', 'G', 'G']
C36796610,['G', 'G', 'G', 'G', 'G', 'O', 'G']
C40823039,['G', 'G', 'G', 'O', 'O', 'G', 'G']
C09241179,['G', 'G', 'G', 'G', 'G', 'G']
C32124157,['G', 'G', 'G', 'O', 'O']
C09482858,['G', 'G', 'G', 'G', 'G', 'G', 'G']
C39353607,['O', 'G', 'G', 'G', 'G', 'O', 'O']
C44885972,['G', 'G', 'G', 'G', 'G', 'O', 'G']
C20857726,['O', 'G', 'G', 'G', 'G', 'G', 'G']
C10694535,['G', 'G', 'G', 'G', 'O', 'G']
C64612859,['G', 'O', 'G', 'G', 'O', 'G']
C04954942,['G', 'O', 'G', 'O', 'G']
C12984480,['O', 'G', 'G', 'G', 'O']
C23624403,['O', 'O', 'G', 'O', 'G', 'G', 'O']
C20157011,['G', 'G', 'G', 'G', 'G', 'G']
C62702584,['G', 'G', 'O', 'O']
C36357310,['O', 'G', 'G', 'G', 'G', 'G']
C32109727,['O', 'G', 'G', 'G', 'O']
C65138375,['G', 'G', 'G', 'G', 'G', 'G', 'G', 'G']
C08569933,['G', 'G', 'G', 'G', 'O']
C15006212,['G', 'O', 'G', 'G', 'G', 'O', 'G']
C16844311,['G', 'O', 'G', 'G']
C01889013,['G', 'G', 'G', 'G', 'G', 'G', 'G']
C41246234,['G', 'G', 'G', 'G', 'O', 'O', 'G']
C08909973,['G', 'G', 'G', 'G', 'G', 'G', 'G']
C33441500,['O', 'G', 'G', 'G', 'O', 'O']
C61534756,['O', 'O', 'G']
C16516064,['G', 'G', 'G', 'G', 'G', 'G', 'O']
C65712970,['O', 'G', 'G', 'G', 'G', 'G']
C38707580,['G', 'G', 'G', 'G', 'G', 'G', 'G']
C01167945,['G', 'G', 'G', 'G', 'G']
C40340981,['G', 'G', 'G']
C00310066,['G', 'G', 'O', 'O', 'O']
C31631854,['O', 'O', 'G', 'O', 'G']
C09646536,['O', 'G', 'G', 'G', 'G', 'O']
C25588000,['G', 'G', 'G', 'G', 'G', 'O', 'G']
C21704446,['G', 'O', 'G', 'G', 'G', 'G']
C15227474,['G', 'O', 'G']
C21228569,['G', 'G', 'G', 'G', 'O', 'G']
C40049577,['G', 'G', 'O', 'G', 'G', 'G']
C17064446,['G', 'G', 'G', 'G', 'G', 'G']
C09722695,['G', 'O', 'O', 'G', 'G', 'G', 'G']
C13149777,['G', 'G', 'O', 'G', 'G', 'G', 'G', 'G']
C01803198,['O', 'G', 'O', 'G']
C01740693,['O', 'G', 'G', 'O', 'G']
C23138728,['G', 'G', 'G', 'G', 'G', 'O', 'O']
C09575547,['G', 'G', 'O', 'G']
C11698046,['G', 'G', 'O', 'O', 'G']
C00345515,['G', 'G', 'O', 'G']
C40426933,['O', 'G', 'G', 'G', 'G', 'O']
C46642197,['O', 'G', 'G', 'G', 'G', 'G', 'G']
C66909231,['O', 'G', 'G', 'G', 'G']
C10907565,['G', 'G', 'G', 'O', 'G', 'G', 'G', 'G']
C08707420,['G', 'G', 'G', 'G', 'G', 'O', 'O']
C16219147,['G', 'G', 'G', 'G', 'G', 'O', 'G', 'G', 'G']
C16485344,['G', 'G', 'G', 'G', 'O', 'G']
C06602979,['G', 'G', 'G', 'G', 'G', 'O']
C40840373,['G', 'G', 'G', 'G', 'G', 'G']
C12071778,['G', 'G', 'G', 'O', 'G', 'G', 'G', 'G']
C49448516,['G', 'G', 'G', 'G', 'G', 'G', 'O', 'G', 'G', 'G']
C00850478,['G', 'G', 'O', 'G', 'G', 'G']
C05754479,['G', 'O', 'G', 'G', 'O', 'G']
C20139060,['G', 'G', 'G', 'G', 'G', 'G', 'G', 'O']
C39728367,['G', 'G', 'G', 'O', 'G', 'G']
C09075030,['G', 'G', 'G', 'G', 'G', 'G']
C16730665,['G', 'G', 'G', 'G', 'G', 'G', 'G']
C35482012,['G', 'G', 'O', 'G']
C13393078,['G', 'O', 'G', 'G', 'G', 'G', 'O']
C05638338,['G', 'G', 'G', 'G', 'G', 'G']
C45785920,['G', 'G', 'O', 'G', 'G', 'G', 'G']
C64971364,['G', 'G', 'G', 'G', 'G', 'G', 'O', 'G']
C38744547,['G', 'G', 'O', 'G', 'G']
C22516418,['G', 'G', 'G', 'G', 'G', 'G', 'O']
C09831116,['G', 'G', 'O', 'G', 'O', 'O']
C35494274,['O', 'O', 'G', 'G', 'G', 'G', 'G']
C18202770,['G', 'G', 'G', 'G', 'G']
C05316576,['O', 'G', 'G', 'O']
C49389148,['G', 'G', 'G', 'G', 'G']
C12734144,['G', 'O', 'G', 'G']
C08777519,['G', 'G', 'G']
C53548698,['G', 'O', 'G', 'O', 'G', 'O']
C40035683,['G', 'O', 'O', 'O', 'G', 'G']
C27102664,['G', 'G', 'O', 'G', 'G', 'G', 'G']
C02550901,['G', 'G', 'G']
C41315916,['O', 'G', 'G', 'O', 'G']
C15006210,['O', 'O', 'G', 'G', 'G', 'G', 'G']
C61541210,['G', 'G', 'G']
C40341976,['O', 'G', 'G', 'G']
C11268949,['G', 'O', 'O', 'G', 'G', 'G']
C05360570,['G', 'G', 'G', 'G', 'G', 'G', 'G']
C16428180,['G', 'G', 'G', 'G', 'G']
C67615927,['O', 'G', 'G', 'G', 'G', 'G', 'O']
C15082194,['G', 'G', 'G', 'G', 'O']
C44942629,['G', 'G', 'G', 'G', 'G', 'G', 'O', 'G']
C62092455,['G', 'G', 'G', 'O', 'G', 'G']
C10923993,['G', 'G', 'G', 'G', 'G', 'G', 'O']
C60129842,['G', 'G', 'G', 'G', 'G', 'G', 'G']
C36064730,['G', 'G', 'O', 'G', 'G', 'G', 'O', 'G', 'G']
C33258764,['G', 'G', 'G', 'G', 'G', 'O']
C60343798,['G', 'G', 'G', 'G', 'G', 'G', 'G', 'G']
C32615290,['G', 'G', 'G', 'G', 'G', 'O', 'G']
C60862332,['O', 'G', 'G']
C39232018,['G', 'G', 'G', 'G', 'O']
C20154814,['G', 'G', 'G', 'G', 'O', 'G', 'G']
C40336562,['G', 'O', 'G', 'G', 'G']
C09846326,['O', 'O', 'G', 'G', 'G', 'G', 'O']
C20436298,['G', 'O', 'O']
C34857155,['G', 'O', 'O', 'G', 'G', 'G', 'G', 'O']
C67268078,['G', 'O', 'G', 'G', 'G']
C12567123,['G', 'G', 'O', 'G', 'G', 'G', 'G', 'G']
C20828841,['G', 'G', 'O', 'G', 'O', 'G', 'G', 'G']
C24044625,['G', 'G', 'G', 'O', 'G']
C36772882,['G', 'G', 'G', 'G', 'G', 'G', 'O', 'G']
C32124367,['G', 'G', 'G', 'O', 'O']
C34724127,['G', 'G', 'O', 'G', 'G', 'G', 'O']
C12129803,['G', 'G', 'G', 'G', 'G']
C12523839,['O', 'G', 'G']
C08316099,['G', 'G', 'G']
C49382238,['O', 'G', 'G', 'O', 'G']
C41253784,['G', 'O', 'G', 'G', 'O', 'G', 'G', 'O']
C20547240,['G', 'G', 'G', 'G', 'G', 'G']
C23564497,['G', 'G', 'G', 'G', 'O', 'G', 'G']
C08592081,['G', 'G', 'G', 'G', 'G', 'G', 'G']
C01021063,['O', 'G', 'G', 'G']
C38678181,['G', 'G', 'O', 'G', 'G', 'G', 'G', 'G']
C09129482,['G', 'O', 'G', 'G', 'G', 'O', 'G']
C06334368,['G', 'G', 'G', 'G', 'O']
C48236045,['G', 'G', 'O', 'O', 'O', 'G', 'G']
C49411361,['G', 'G', 'O', 'G', 'G', 'G', 'O']
C26149655,['O', 'G', 'G', 'G', 'G', 'G', 'O', 'G', 'O']
C39592832,['G', 'G', 'G']
C57480198,['G', 'G', 'O', 'G', 'G', 'G', 'G']
C45915572,['G', 'G', 'G', 'G', 'G', 'G', 'G', 'G']
C37217031,['G', 'O', 'O']
C09494306,['O', 'G', 'G', 'G', 'G', 'G', 'G']
C35227431,['O', 'G', 'G', 'G', 'G', 'G', 'G', 'G', 'G']
CHEMBL596020,['G', 'G', 'G', 'G', 'G', 'O', 'G']
C09090313,['G', 'G', 'G', 'G', 'G', 'G']
C05668297,['G', 'G', 'G', 'G', 'O']
C48333333,['G', 'G', 'G', 'G', 'O', 'G']
C21740503,['G', 'G', 'G', 'G', 'O', 'G', 'O', 'G', 'G']
C00850480,['G', 'G', 'G', 'G', 'O', 'O']
C24822887,['G', 'O', 'G', 'G', 'G', 'G', 'G']
C65151077,['G', 'G', 'G', 'G', 'G', 'G', 'G', 'G']
C09228779,['G', 'G', 'G', 'G', 'G', 'G']
C32256904,['G', 'O', 'G', 'G', 'G', 'G', 'G', 'G']
C09454140,['O', 'G', 'G', 'G', 'G', 'G', 'G']
C09315124,['G', 'G', 'G', 'G', 'G', 'G', 'G']
C09065723,['G', 'G', 'G', 'G', 'G', 'G', 'G']
C23802466,['O', 'G', 'G', 'G']
C64981279,['G', 'G', 'O', 'O', 'G']
C09348962,['G', 'G', 'O', 'G', 'G', 'G', 'G', 'G']
C10985121,['G', 'G', 'G', 'O', 'G', 'G', 'G']
C02908732,['G', 'G', 'G', 'G', 'G', 'O', 'O']
C29983897,['G', 'G', 'O', 'G', 'O', 'G', 'G', 'G', 'G']
C09224470,['G', 'G', 'G', 'G', 'G', 'G', 'G']
C06974043,['G', 'O', 'G']
C39446754,['O', 'G', 'G', 'G', 'G']
C35697588,['G', 'G', 'O', 'G', 'G', 'G', 'G', 'G']
C36085741,['G', 'G', 'G', 'G', 'G', 'G', 'O']
CHEMBL551445,['G', 'G', 'G', 'G', 'G', 'G', 'G']
C64981119,['G', 'O', 'O', 'G']
C09540773,['G', 'O', 'G', 'G', 'G']
C38485227,['G', 'G', 'G', 'O', 'G', 'G', 'G', 'G']
C20581841,['G', 'G', 'G', 'G', 'G', 'G']
C10610259,['G', 'O', 'G']
C36821706,['G', 'O', 'G', 'G', 'G', 'O', 'G']
C67262231,['G', 'G', 'O', 'G']
C15678737,['O', 'O', 'G', 'G', 'G', 'G', 'G', 'G', 'O']
C06743608,['G', 'G', 'G']
C37549905,['G', 'G', 'G', 'G']
C36589956,['G', 'G', 'G', 'G', 'G', 'G']
C21368632,['G', 'G', 'O', 'G', 'G', 'G', 'O']
C39701676,['G', 'G', 'G', 'O', 'G', 'G', 'G']
C08838869,['G', 'G', 'G', 'G', 'G']
C57296715,['G', 'G', 'G', 'G', 'G', 'G', 'O']
C35640482,['G', 'G', 'O', 'G', 'O', 'G']
CHEMBL575905,['G', 'G', 'G', 'O', 'O']
C18144851,['G', 'G', 'O', 'O', 'G', 'G', 'O', 'G']
C15939701,['G', 'G', 'G', 'G', 'G', 'G', 'G']
C45971447,['G', 'G', 'G', 'G', 'O', 'O']
C09331056,['O', 'O', 'G', 'G', 'G']
C60237946,['G', 'G', 'G', 'G', 'G', 'G', 'O', 'G']
C11193975,['O', 'O', 'G', 'G', 'G', 'G', 'G', 'G']
C04766391,['G', 'G', 'G', 'G', 'G', 'O', 'O']
C60304353,['O', 'G', 'G', 'O', 'G', 'G', 'O']
C35636451,['O', 'G', 'G', 'G', 'G', 'G', 'G']
C12151749,['G', 'G', 'G', 'G', 'G', 'O', 'G', 'G']
C44890922,['O', 'G', 'G', 'O', 'G']
C13135032,['G', 'G', 'G', 'G', 'G', 'G', 'G']
C38746063,['G', 'O', 'G', 'G', 'G', 'G']
C00847929,['G', 'O', 'G']
C20830893,['G', 'G', 'G', 'G', 'G', 'G', 'G', 'G', 'G']
C39470298,['G', 'G', 'G', 'G', 'G', 'G', 'G', 'G']
C33293126,['G', 'G', 'G', 'G', 'G', 'G']
C32914679,['O', 'O', 'G', 'G', 'O', 'G', 'O']
C19890263,['G', 'G', 'O', 'G', 'G', 'G', 'O']
C46623523,['O', 'G', 'G', 'G', 'O', 'O', 'G']
C59446649,['O', 'G', 'G', 'O', 'G', 'G', 'G']
C09102071,['G', 'G', 'G', 'G', 'O', 'G']
C19388867,['G', 'G', 'G', 'G', 'G', 'G', 'G', 'G']
C39611013,['G', 'G', 'G', 'G', 'G']
C62092976,['G', 'G', 'G', 'O', 'G', 'G']
C39363438,['G', 'G', 'O', 'G', 'G', 'G']
C19913587,['G', 'G', 'G', 'G', 'G', 'G', 'G']
C38499687,['G', 'G', 'O', 'G', 'G', 'G', 'G', 'G', 'G']
C12098265,['G', 'G', 'G', 'G', 'G', 'O', 'O', 'O']
C48910709,['G', 'G', 'G', 'G', 'G']
C33059045,['G', 'G', 'O', 'G', 'G', 'G', 'O', 'G']
C08275977,['G', 'G', 'G', 'O', 'G']
C21673685,['G', 'G', 'G', 'G', 'O', 'G', 'G']
C04776964,['G', 'G', 'G']
C66913561,['G', 'G', 'G', 'G', 'O']
C36061576,['O', 'G', 'G', 'G', 'G', 'G', 'G']
C00662003,['G', 'G', 'G']
C05516284,['G', 'G', 'O', 'G']
C01833420,['G', 'G', 'G', 'G', 'G', 'O', 'O']
C03468193,['G', 'G', 'G', 'G', 'G', 'G', 'O', 'O']
C66977362,['O', 'O', 'G', 'G', 'G', 'O']
C21934025,['G', 'G', 'O', 'G', 'G', 'G', 'G']
C26006621,['G', 'O', 'G', 'G']
C39429896,['G', 'G', 'O', 'G']
C39942491,['G', 'G', 'G', 'G', 'G', 'G', 'G']
C48265730,['G', 'G', 'G', 'G', 'G', 'G', 'O']
C21090332,['G', 'O', 'G', 'G', 'G', 'G', 'G']
C30517973,['O', 'G', 'G', 'G', 'G', 'O']
C50672096,['G', 'G', 'G', 'O']
C12312157,['G', 'G', 'G', 'G', 'G']
C24882587,['G', 'G', 'G', 'G', 'G', 'G']
C55817372,['G', 'O', 'G', 'G', 'G']
C34850681,['G', 'G', 'G', 'G', 'G', 'O', 'O']
C45343080,['G', 'G', 'O', 'G', 'G', 'G', 'G', 'G']
C02756707,['G', 'O', 'G']
C06647633,['G', 'G', 'G', 'G', 'O']
C25115229,['G', 'G', 'G', 'G', 'G', 'G', 'G', 'G']
C27026030,['G', 'G', 'G', 'G', 'G', 'G']
C09102067,['G', 'G', 'G', 'G', 'O', 'G']
C08595108,['G', 'G', 'O', 'G', 'G', 'O']
C19863382,['G', 'G', 'G', 'G', 'G', 'G']
C23968363,['O', 'O', 'G', 'G', 'G', 'G', 'G', 'G']
C49008882,['G', 'G', 'G', 'G', 'G', 'G', 'G']
C25252637,['G', 'G', 'O', 'G', 'G', 'G', 'G', 'G', 'G']
C06344438,['G', 'G', 'G']
C09382061,['G', 'G', 'G', 'O', 'O', 'O']
C39588031,['G', 'G', 'G', 'O', 'G', 'G', 'O']
C33173144,['G', 'G', 'G', 'G', 'G', 'G']
C09066215,['G', 'G', 'G', 'O', 'G']
C08231110,['G', 'G', 'G', 'G', 'O', 'G']
C12555942,['O', 'G', 'G', 'G', 'G', 'G']
C39300753,['G', 'G', 'O', 'G', 'G']
C10131694,['G', 'G', 'G', 'G', 'G']
C08897285,['G', 'G', 'G', 'G', 'G', 'G', 'O']
C36807411,['G', 'G', 'G', 'G', 'G', 'O']
C23327647,['G', 'G', 'G', 'G', 'G', 'G', 'G', 'G']
C33254466,['G', 'G', 'G', 'O', 'G', 'G', 'G', 'G']
C35513795,['G', 'G', 'G', 'G', 'O']
C09272705,['G', 'G', 'G', 'G', 'G', 'G']
C09499708,['G', 'O', 'G', 'G', 'G', 'G', 'G', 'G', 'G', 'G']
C63694173,['G', 'O', 'O', 'G', 'G']
C24527937,['G', 'G', 'G', 'O', 'G', 'O', 'G']
C12681685,['G', 'O', 'G', 'G', 'G', 'G', 'G']
C36625606,['G', 'G', 'G', 'G', 'O', 'G', 'G', 'G', 'G']
C32857623,['G', 'G', 'O', 'O', 'O', 'G']
C10062832,['G', 'G', 'G', 'G', 'G', 'O', 'G']
C22596805,['G', 'G', 'G', 'G', 'G', 'O', 'G']
C22059644,['G', 'G', 'G', 'G', 'G', 'G', 'G', 'G']
C24765655,['G', 'G', 'G', 'G', 'G', 'G', 'G']
C35209423,['G', 'G', 'O', 'G', 'O', 'G', 'O']
C02314446,['G', 'G', 'G', 'G', 'G', 'G', 'O']
C35447504,['G', 'G', 'G', 'G', 'O', 'G', 'G', 'G']
C17135600,['G', 'G', 'G', 'G', 'G', 'O']
C00846068,['G', 'G', 'O']
C09276929,['G', 'G', 'G', 'O', 'G', 'O', 'O', 'G']
C43990115,['G', 'G', 'G', 'G', 'G', 'G', 'O']
C33626702,['G', 'O', 'G', 'O', 'O', 'G', 'G', 'O']
C03864215,['G', 'G', 'G', 'G', 'G', 'G']
C22958730,['G', 'O', 'G', 'G']
C17880133,['G', 'G', 'G', 'G', 'G', 'G', 'G']
C18357715,['O', 'G', 'O', 'G', 'G', 'G', 'G']
C02909364,['G', 'O', 'G', 'G', 'G', 'G', 'O']
C00127708,['G', 'O', 'O', 'G']
C20132762,['G', 'G', 'G', 'G', 'G', 'G']
C36053282,['G', 'G', 'O', 'O', 'G', 'G', 'O', 'G']
C09598948,['G', 'G', 'G', 'O', 'G', 'G', 'G', 'G', 'O']
C64700870,['O', 'G', 'G', 'O', 'G', 'G', 'G']
C22599784,['O', 'G', 'O', 'G', 'G', 'G', 'G']
C01116008,['G', 'G', 'G', 'G', 'G', 'G', 'G', 'G']
C32964216,['G', 'O', 'G', 'G', 'G', 'G']
C35837118,['G', 'G', 'G', 'G', 'G', 'G', 'O']
C64713870,['G', 'G', 'O', 'G', 'G', 'G']
CHEMBL559057,['G', 'G', 'G', 'G', 'G', 'G', 'G']
C08744453,['O', 'G', 'G', 'G', 'G', 'G', 'G', 'O']
C12703322,['G', 'G', 'G', 'O']
C10869020,['G', 'G', 'G', 'G', 'O', 'G', 'O']
C39593760,['G', 'G', 'G', 'G', 'G']
C12776119,['G', 'G', 'G', 'G', 'G', 'G', 'G']
C45480476,['G', 'G', 'G', 'G', 'G', 'O', 'G', 'O']
C09973671,['G', 'G', 'G', 'G', 'G', 'G', 'G', 'O']
C56997384,['G', 'G', 'G', 'G', 'G', 'G', 'O']
C59486869,['G', 'G', 'G', 'O', 'G']
C16924485,['G', 'O', 'O', 'G', 'O', 'G', 'O']
C41090014,['G', 'G', 'G', 'G', 'G', 'G', 'O']
C39590887,['G', 'G', 'O', 'G']
C03009112,['G', 'O', 'G', 'G', 'G', 'G', 'G']
C38173736,['G', 'O', 'G']
C23643424,['G', 'G', 'G', 'G', 'O', 'G', 'O', 'G']
C35926323,['G', 'G', 'G', 'O', 'O', 'G', 'G']
C40467145,['G', 'G', 'O']
C65032946,['G', 'G', 'G', 'G', 'O', 'G', 'G', 'G']
C41279248,['G', 'G', 'G', 'G', 'G', 'G', 'G', 'G']
C35025327,['G', 'G', 'O', 'G', 'G', 'G', 'G']
C32115283,['G', 'G', 'G', 'O', 'G']
C09187418,['G', 'O', 'O', 'G', 'O', 'G']
C32038023,['G', 'G', 'G', 'G', 'G', 'G', 'G']
C23644714,['G', 'G', 'G', 'G', 'G', 'O', 'G']
C10633312,['G', 'G', 'G', 'G', 'G', 'G', 'G', 'G']
C01007198,['G', 'G', 'G', 'O']
C13593572,['O', 'G', 'G', 'G', 'G', 'O', 'G', 'G']
C14951662,['G', 'G', 'G', 'G', 'G']
C10616868,['O', 'O', 'G', 'G', 'G', 'G', 'G']
C11692941,['G', 'G', 'G', 'G', 'G']
C19550490,['G', 'G', 'G', 'O', 'O']
C40734512,['G', 'G', 'O', 'G', 'G']
C64924906,['G', 'G', 'O', 'G', 'G', 'G', 'G', 'O']
C55133879,['O', 'O', 'O', 'G', 'G']
C01361751,['G', 'G', 'G', 'G', 'O']
C66240287,['O', 'G', 'G', 'G', 'G']
C41083304,['G', 'O', 'G', 'G', 'G', 'O', 'G', 'G']
C09515578,['O', 'O', 'G', 'G']
C64702759,['G', 'O', 'G', 'G', 'O', 'G', 'O']
C61539418,['G', 'G', 'O', 'G']
C08828484,['G', 'G', 'O', 'G', 'G', 'G']
C62089246,['G', 'G', 'G', 'G', 'G']
C09560168,['G', 'O', 'G', 'G', 'G', 'G', 'O']
C11698014,['G', 'O', 'O', 'O', 'G']
C65295382,['O', 'G', 'G', 'G', 'G', 'G', 'O']
C38746266,['O', 'G', 'O', 'G']
C64390791,['G', 'G', 'G', 'G', 'G']
C15699980,['G', 'G', 'G', 'O', 'G', 'G', 'O']
C15731071,['O', 'G', 'G', 'G', 'G', 'G']
C10740427,['G', 'G', 'O', 'G', 'G', 'O', 'G', 'O', 'G']
C58201851,['G', 'G', 'G', 'G', 'G']
C49320600,['G', 'G', 'G']
C20863758,['G', 'G', 'G', 'G', 'G', 'G', 'G']
C67079529,['O', 'G', 'O', 'G', 'O', 'G']
C02647593,['G', 'G', 'G', 'G', 'G', 'G']
C51998984,['O', 'G', 'O', 'G', 'G', 'G']
C14607014,['O', 'G', 'G', 'G', 'O']
C33293192,['G', 'G', 'G', 'G', 'G', 'G', 'G']
C10186697,['G', 'G', 'G', 'G', 'G', 'O', 'G', 'O']
C32999844,['G', 'G', 'G', 'G', 'G', 'O']
C09487159,['G', 'O', 'G', 'G', 'G', 'O', 'G', 'G']
C12071780,['G', 'G', 'G', 'O', 'G', 'G', 'G', 'G']
C15859271,['G', 'G', 'G', 'G', 'G', 'G', 'G']
C02947236,['G', 'G', 'O', 'O']
C32975708,['G', 'O', 'G', 'G', 'G', 'G', 'G']
C11534750,['G', 'G', 'O', 'G', 'G', 'G', 'G', 'G', 'G', 'G', 'G', 'G']
C09276928,['G', 'G', 'G', 'O', 'G', 'O', 'O', 'G']
C58150152,['O', 'G', 'G', 'G', 'G', 'G', 'O']
C06901936,['O', 'G', 'O', 'G']
C14704807,['G', 'G', 'G', 'G', 'O', 'G', 'G']
C08923036,['G', 'G', 'G', 'O', 'G', 'G', 'O', 'G']
C09310177,['G', 'G', 'G', 'G', 'O', 'G', 'G']
C20437369,['G', 'G', 'G', 'G']
C24625293,['G', 'O', 'G', 'G', 'G', 'G', 'G', 'G']
C09403439,['G', 'G', 'G', 'G', 'O', 'G', 'G', 'O']
C20180920,['G', 'G', 'G', 'G', 'G', 'G', 'G']
C20494825,['O', 'G', 'G', 'G', 'G']
C13021032,['G', 'G', 'G', 'O', 'G', 'O']
C08741320,['G', 'G', 'O', 'G', 'G', 'G', 'O']
C01326926,['G', 'G', 'G', 'G', 'G', 'O', 'G']
C19353937,['G', 'G', 'G', 'O', 'G', 'G', 'O']
C65319625,['G', 'G', 'G', 'O', 'G', 'G', 'O', 'G']
C04622078,['G', 'G', 'G', 'O']
C64928151,['G', 'G', 'G', 'G', 'G', 'G', 'G']
C10720713,['G', 'G', 'G', 'O', 'G', 'O', 'O']
C38746081,['G', 'O', 'G', 'O', 'G', 'G']
C22241958,['G', 'O', 'G', 'G', 'O', 'G', 'G']
C14093569,['G', 'G', 'G', 'G', 'G', 'G', 'G']
C64567579,['G', 'G', 'O', 'G', 'O', 'G', 'O', 'G', 'G', 'G']
C45936384,['G', 'G', 'G', 'G', 'G', 'G', 'G', 'G']
C35452582,['O', 'G', 'G', 'G', 'G', 'G', 'G']
C12427238,['G', 'G', 'G', 'G', 'G', 'G', 'G']
C39519552,['G', 'G', 'G', 'G', 'G', 'G', 'O']
C20926118,['G', 'G', 'G', 'O', 'G']
C36211582,['G', 'G', 'G', 'G', 'G', 'G', 'G', 'G', 'G']
C13557221,['G', 'O', 'O', 'G', 'O', 'G']
C04354639,['G', 'G', 'G', 'O', 'G', 'G']
C67452481,['G', 'G', 'G', 'G', 'G']
C01412045,['G', 'G', 'G', 'G', 'G']
C19883954,['O', 'G', 'G', 'O', 'G', 'G', 'O']
C12793615,['G', 'G', 'G', 'O', 'G', 'G', 'G', 'G']
C39747085,['G', 'G', 'G', 'G', 'G']
C20503258,['G', 'O', 'O', 'G', 'G', 'O']
C09318013,['O', 'G', 'G', 'G', 'G', 'G', 'G', 'G']
C02417692,['G', 'O', 'G', 'G', 'G', 'G', 'G']
C39956409,['O', 'O', 'O', 'G', 'G']
C03221022,['G', 'G', 'O', 'G', 'G', 'O', 'O']
C28316132,['O', 'G', 'G', 'G', 'G', 'G', 'G', 'G']
C24617038,['G', 'G', 'G', 'O', 'G', 'G']
C09117304,['G', 'O', 'G', 'G', 'O', 'G', 'G', 'O']
C58789648,['O', 'G', 'O', 'O']
C06549376,['G', 'G', 'G', 'G', 'G', 'G', 'G']
C14981013,['O', 'G', 'G', 'G', 'G']
C09647293,['G', 'G', 'O', 'G', 'G']
C13272883,['O', 'G', 'O', 'G', 'G', 'G', 'G', 'G']
C35949044,['G', 'G', 'G', 'G', 'O', 'G', 'G', 'G']
C33302800,['G', 'G', 'G', 'G', 'G', 'G']
C40373313,['O', 'G', 'G', 'G', 'G']
C19355245,['G', 'G', 'G', 'G', 'G', 'G', 'G']
C24139491,['G', 'G', 'G', 'G', 'G', 'G', 'G', 'G', 'G']
C40280985,['O', 'G', 'G', 'G', 'O', 'O', 'G', 'G']
C33471395,['G', 'G', 'G', 'G', 'O']
C49368780,['O', 'O', 'G', 'G', 'O', 'G', 'G', 'G', 'G']
C01236506,['G', 'G', 'G', 'G', 'G', 'G', 'O']
C33533317,['G', 'G', 'G', 'G']
C04366460,['G', 'G', 'G', 'O']
C08663714,['G', 'G', 'O', 'O', 'G']
C33255007,['G', 'G', 'G', 'G', 'G', 'G', 'G', 'G']
C22453405,['O', 'G', 'G', 'G']
C23126144,['G', 'G', 'G', 'G', 'G', 'G']
C12575537,['G', 'O', 'G', 'G', 'O', 'G']
C12855475,['O', 'G', 'G', 'O', 'O']
CHEMBL572840,['G', 'G', 'O', 'O']
C49962859,['G', 'G', 'G', 'G']
C33708672,['G', 'G', 'G', 'O', 'G', 'G', 'G', 'G']
C12820121,['G', 'O', 'G', 'G']
C65988544,['O', 'G', 'G', 'G', 'O', 'G', 'G', 'G']
C07408928,['G', 'G', 'G', 'G', 'O']
C57652995,['O', 'G', 'G', 'G', 'G', 'O']
C39445626,['G', 'G', 'G', 'G', 'O', 'G']
C36063443,['G', 'G', 'G', 'G', 'G', 'G', 'G', 'G', 'O']
C61638759,['G', 'G', 'G', 'G', 'O']
C11429604,['G', 'G', 'G', 'G', 'G', 'G', 'O', 'G', 'O']
C35636732,['G', 'G', 'G', 'O', 'G', 'G', 'G']
C06945116,['G', 'G', 'G', 'G', 'G', 'O', 'G']
C06627274,['G', 'G', 'G', 'G', 'G']
C13015699,['G', 'G', 'G', 'G', 'G']
C41585729,['G', 'O', 'G', 'G', 'G']
C39934399,['G', 'G', 'G']
C39593763,['G', 'O', 'G', 'G']
C20066754,['O', 'G', 'O', 'G', 'G', 'G', 'G']
C65026734,['G', 'G', 'G', 'G', 'G', 'G']
C15907294,['O', 'G', 'G', 'G', 'O']
C60415014,['O', 'G', 'G', 'G', 'G', 'G', 'O']
C04346912,['G', 'G', 'O', 'G', 'G', 'O', 'G']
C11242338,['O', 'G', 'G', 'G', 'G', 'G', 'G', 'G', 'G']
C32924686,['G', 'G', 'G', 'G', 'G', 'G', 'O']
C35698216,['G', 'G', 'O', 'G', 'G', 'G', 'G', 'G', 'G', 'G']
C63861921,['G', 'G', 'G', 'G', 'G', 'G', 'G', 'G', 'G']
C16187161,['G', 'G', 'G', 'G', 'O', 'G', 'G']
C66249680,['G', 'G', 'G']
C18357713,['O', 'O', 'O', 'G', 'G', 'G', 'G']
C39981689,['G', 'G', 'G', 'G', 'G', 'G', 'G', 'G', 'G']
C06594951,['G', 'G', 'G', 'G']
C04537835,['O', 'G', 'O', 'G']
C13164599,['G', 'G', 'G', 'G', 'G', 'G']
C35926087,['G', 'G', 'G', 'G', 'G', 'O', 'G', 'G']
C64538955,['O', 'G', 'G', 'O', 'G', 'G', 'G', 'G', 'G']
C33933373,['G', 'G', 'G', 'O', 'O', 'O']
C64792938,['G', 'G', 'G', 'G', 'O', 'G', 'O']
C16649537,['G', 'G', 'G', 'O', 'O', 'O', 'O', 'G']
C21859887,['O', 'G', 'G', 'G', 'G', 'G', 'G']
C64987247,['O', 'O', 'G', 'G', 'G', 'G', 'G', 'G']
C09912160,['O', 'G', 'G', 'G', 'G', 'G']
C04952920,['G', 'G', 'G', 'G']
C61608283,['O', 'G', 'O', 'G']
C12537287,['G', 'O', 'G', 'G', 'O', 'G']
C67614731,['G', 'G', 'G', 'O', 'G', 'O']
C12150375,['G', 'G', 'G', 'G', 'G', 'G', 'G', 'G']
C35672436,['O', 'O', 'G', 'G', 'G']
C20356589,['G', 'G', 'G', 'G', 'G', 'G', 'G']
C35769976,['G', 'G', 'G', 'G', 'G', 'G', 'O', 'G', 'O', 'G']
C62101250,['O', 'O']
C13302720,['O', 'G', 'G', 'O']
C28381539,['G', 'O', 'O', 'G', 'G', 'G', 'G']
C40367960,['G', 'G', 'G', 'G', 'G', 'G', 'G', 'O']
C64046611,['G', 'G', 'G', 'G', 'G', 'G', 'G', 'G']
C02719882,['O', 'O', 'G', 'G', 'G', 'G', 'G', 'G']
C36049900,['G', 'G', 'O', 'G', 'G', 'G', 'G', 'G', 'G']
C06825907,['O', 'G', 'O', 'G']
C65260730,['G', 'O', 'G', 'G', 'O']
C25522832,['G', 'G', 'G', 'G', 'G', 'G']
C63709863,['G', 'G', 'G', 'G', 'G', 'G']
C46543114,['G', 'G', 'G', 'G', 'G', 'G', 'G']
C09492821,['G', 'G', 'O', 'G', 'G', 'G', 'G']
C36400909,['O', 'G', 'G', 'G', 'G', 'G', 'G']
C41548058,['O', 'G', 'G', 'O']
C39936113,['O', 'O', 'G', 'G', 'G', 'G', 'G']
C49367817,['O', 'G', 'G', 'G', 'G', 'O', 'G', 'O', 'G']
C08620004,['G', 'G', 'G', 'G', 'O', 'G', 'O']
C01151022,['G', 'G', 'G', 'G', 'O']
C39997019,['G', 'G', 'G', 'O', 'O', 'G', 'G']
C04512641,['O', 'G', 'G']
C09112432,['G', 'G', 'G', 'G', 'O', 'O', 'G']
C13465026,['G', 'G', 'G', 'O', 'G', 'G', 'G']
C39918054,['G', 'G', 'G', 'G', 'G']
C63084241,['O', 'O', 'O']
C39280371,['O', 'G']
C13060221,['G', 'G', 'G', 'G', 'G', 'G', 'G', 'O']
C39272474,['G', 'G', 'G', 'O', 'O']
C20736679,['O', 'G', 'O', 'G', 'G']
C21713826,['G', 'G', 'G', 'O', 'G', 'O', 'O']
C09840147,['G', 'G', 'G', 'G', 'G', 'O', 'G', 'G']
C35026248,['G', 'G', 'G', 'G', 'O', 'G', 'G']
C26946437,['G', 'G', 'G', 'G', 'G', 'O', 'G', 'G']
C14012435,['G', 'G', 'G', 'G', 'O', 'G', 'G']
C14308416,['G', 'G', 'G', 'G', 'G', 'G', 'G']
C16759678,['G', 'G', 'G', 'O', 'G', 'O']
C17303512,['G', 'O', 'G', 'O', 'G', 'G', 'G', 'G', 'G']
C17070677,['O', 'G', 'G', 'G', 'O', 'O']
C36085627,['G', 'G', 'G', 'O', 'G', 'G', 'O']
C25459403,['G', 'G', 'G', 'G', 'G', 'G', 'O', 'G']
C09500314,['G', 'G', 'G', 'G', 'G', 'G', 'O']
C60383930,['G', 'G', 'O', 'G', 'O', 'G', 'G', 'G', 'G']
C09116521,['G', 'G', 'G', 'G', 'G', 'G', 'G']
C39725991,['G', 'G', 'G', 'G', 'G', 'G']
C39267237,['G', 'G', 'G', 'G', 'G', 'G', 'G']
C33293049,['G', 'G', 'G', 'G', 'G', 'G', 'G', 'G']
C09076073,['G', 'G', 'G', 'G', 'G', 'G', 'O', 'G']
C64604927,['G', 'G', 'G', 'G', 'G', 'O', 'G']
C08754077,['G', 'G', 'O', 'G', 'G', 'G', 'G', 'G', 'G']
C64888440,['G', 'G', 'O', 'O', 'G', 'O', 'G', 'G', 'O']
C20201646,['O', 'G', 'G', 'O']
C40153776,['O', 'O', 'G', 'G']
C21150969,['G', 'O', 'G', 'G', 'O', 'G']
C08382925,['G', 'G', 'O', 'G', 'G', 'O', 'G']
C30770599,['O', 'G', 'G', 'G', 'G', 'G', 'G', 'G', 'G']
C46498964,['G', 'G', 'G']
C39164367,['G', 'G', 'G', 'G', 'O']
C33723919,['G', 'G', 'O', 'O', 'O']
C66240283,['G', 'G', 'G', 'O', 'G', 'G']
C09029658,['G', 'G', 'G', 'G', 'G', 'G', 'G', 'G', 'G']
C05057852,['G', 'G', 'G', 'G', 'G', 'G', 'G', 'G']
C12895545,['G', 'G', 'G', 'O', 'G', 'G', 'G']
C06533894,['O', 'G', 'G']
C41082814,['G', 'G', 'G', 'G', 'G']
C20097986,['G', 'G', 'G', 'G', 'G', 'G', 'G']
C22059690,['G', 'G', 'O', 'G', 'G', 'O', 'G']
C36064099,['O', 'O', 'G', 'G', 'G', 'G', 'G', 'O', 'G']
C38744671,['G', 'G', 'G']
C24908516,['G', 'O', 'O', 'G', 'O', 'G']
C39537521,['G', 'G', 'G', 'G', 'G', 'G', 'O', 'G']
C10070535,['G', 'O', 'G', 'G', 'G', 'G', 'G', 'G', 'O', 'O']
C35926508,['G', 'G', 'G', 'O', 'O', 'O', 'O', 'G', 'G']
C21573322,['G', 'G', 'G', 'G', 'G', 'O']
C12428400,['G', 'G', 'O']
C35664380,['G', 'G', 'G', 'G', 'G', 'G', 'G', 'G', 'G']
C41634214,['O', 'O', 'G', 'G', 'G']
C09284498,['G', 'G', 'G', 'G', 'G', 'O', 'G']
C57466388,['G', 'O', 'G', 'O', 'O']
C55341552,['G', 'G', 'G', 'G', 'G', 'G', 'G']
C04991874,['G', 'G', 'G', 'O', 'O']
C14957349,['G', 'G', 'G', 'G', 'G', 'G', 'O', 'G', 'G']
C21016875,['G', 'G', 'G', 'G']
C09142163,['G', 'G', 'G', 'G', 'G']
C29983894,['G', 'G', 'O', 'G', 'O', 'G', 'G', 'G', 'G']
C59870220,['G', 'O', 'G', 'G', 'G', 'G']
C67600157,['G', 'G', 'G', 'G', 'G', 'G', 'G', 'O']
C64435295,['G', 'G', 'G', 'G']
C04980654,['G', 'G', 'O', 'G', 'G']
C59870210,['G', 'O', 'G', 'G', 'G', 'O', 'G']
C03911511,['G', 'O', 'G']
C62642420,['O', 'G', 'G', 'G', 'O']
C49670143,['G', 'O', 'G', 'G']
C39578744,['G', 'G', 'G', 'O', 'G', 'G', 'G', 'G']
C40549275,['G', 'O', 'G', 'G', 'O', 'G']
C11919232,['O', 'G', 'G', 'O', 'O', 'G', 'G']
C09405419,['G', 'G', 'G', 'G', 'G', 'G', 'G']
C15074665,['O', 'G', 'G', 'G', 'G', 'G']
C03766007,['G', 'G', 'G', 'O', 'G', 'G', 'G', 'G', 'O']
C38485266,['G', 'G', 'G', 'G', 'G', 'G', 'G', 'G']
C23817570,['G', 'G', 'G', 'G', 'G', 'G']
C58385503,['G', 'G', 'G', 'O', 'G']
C14228762,['G', 'G', 'G', 'G', 'G', 'G', 'G', 'G']
C15640606,['G', 'G', 'G', 'G', 'O', 'G']
C39532396,['G', 'G', 'G', 'G', 'G', 'G', 'G', 'G']
C42143097,['O', 'G', 'G', 'G']
C19026813,['G', 'G', 'O', 'G', 'O', 'G', 'G', 'G']
C39734854,['G', 'O', 'G', 'G', 'G', 'G']
C66906340,['G', 'G', 'G', 'G', 'G']
C21859943,['O', 'G', 'G', 'G', 'G', 'G', 'G', 'G']
C18157181,['G', 'G', 'G', 'G', 'G', 'G', 'O', 'G']
C15733035,['G', 'O', 'G', 'G', 'G', 'G', 'O']
C09500699,['G', 'G', 'G', 'G', 'G', 'G']
C63818324,['O', 'G', 'O']
C09154283,['G', 'G', 'O', 'G', 'G', 'G', 'G', 'G']
C66469392,['O', 'G', 'O', 'G']
C04287862,['O', 'O', 'G', 'G']
C39762109,['G', 'G', 'G', 'G', 'O', 'G', 'O', 'G', 'G']
C45830000,['O', 'O', 'G', 'G', 'G', 'G', 'G', 'O', 'G']
C03898470,['G', 'G', 'G', 'O']
C23642500,['O', 'O', 'G', 'G', 'G', 'O', 'G', 'G']
C23556955,['O', 'G', 'O', 'G', 'O', 'G', 'G', 'G']
C09500534,['G', 'G', 'G', 'O', 'G', 'G', 'G']
C21706868,['G', 'G', 'G', 'G', 'G', 'G', 'G', 'G', 'G', 'G', 'G']
C35230957,['O', 'O', 'O', 'O']
C36086373,['G', 'G', 'G', 'G', 'G', 'G', 'G']
C03448773,['G', 'G', 'G', 'G', 'O']
C35401063,['O', 'G', 'G', 'G', 'G', 'G', 'G']
C02502946,['G', 'O', 'G', 'G']
C08656474,['G', 'G', 'G', 'O']
C02837432,['O', 'G', 'G']
C21252943,['G', 'O', 'O', 'G']
C17076510,['G', 'G', 'G', 'G']
C33281054,['G', 'G', 'G', 'G', 'G', 'G', 'G', 'O', 'G']
C40060152,['G', 'G', 'G', 'G', 'G', 'G', 'G']
C06409161,['G', 'G', 'G', 'G', 'G', 'G', 'G', 'G']
C35694143,['O', 'G', 'O', 'G', 'G', 'G', 'G', 'G']
C65026784,['G', 'G', 'G', 'G', 'G', 'O']
C36003086,['G', 'G', 'G', 'O', 'O', 'G', 'G']
C53102755,['O', 'G', 'G', 'G', 'G']
C22440746,['G', 'O', 'G', 'G']
C08912212,['G', 'G', 'G', 'G', 'G', 'G', 'O']
C07048818,['O', 'G', 'G', 'O', 'G']
C49405151,['G', 'G', 'G', 'O', 'G', 'G', 'G', 'O']
C60391828,['G', 'O', 'G', 'O', 'G', 'G', 'G', 'G']
C13189599,['G', 'G', 'G', 'G', 'O', 'G', 'O', 'G']
C12315368,['O', 'O', 'G', 'G', 'G']
C01240816,['G', 'G', 'G', 'G', 'G', 'G', 'G']
C17376546,['O', 'O', 'G']
C49400139,['O', 'G', 'G', 'O', 'G', 'G', 'G']
C12386013,['G', 'G', 'G', 'G', 'G', 'O', 'G', 'O']
C16509428,['G', 'O', 'G', 'G', 'G', 'G', 'G', 'O', 'G', 'G']
C59872614,['G', 'G', 'O', 'G', 'G', 'O', 'G']
C09595939,['O', 'O', 'O', 'G', 'O', 'G']
C33773997,['G', 'G', 'G', 'G', 'G', 'G']
C13063830,['G', 'G', 'O', 'G', 'G', 'G', 'G', 'G', 'G']
C09798447,['G', 'G', 'G', 'G', 'O', 'O', 'G', 'G', 'G']
C09550952,['G', 'G', 'G', 'G', 'G', 'O', 'G', 'G', 'O']
C06408446,['G', 'O', 'G', 'G', 'G', 'G']
C41548055,['O', 'G', 'G', 'O']
C33029170,['G', 'G', 'O', 'G', 'G']
C15029684,['G', 'O', 'G', 'O', 'G', 'O']
C09134618,['G', 'G', 'O', 'G', 'G', 'G', 'G', 'G']
C59715373,['O', 'G', 'G']
C09963550,['G', 'G', 'G', 'G', 'G', 'G', 'G', 'G']
C32891692,['G', 'G', 'O', 'G', 'G', 'G', 'G', 'G']
C12244382,['O', 'G', 'O', 'G', 'G', 'O', 'G', 'G']
C12413344,['G', 'G', 'G', 'O', 'G', 'G']
C26163573,['G', 'O', 'G', 'G']
C33869557,['O', 'G', 'O', 'G', 'G', 'G']
C15912036,['G', 'G', 'G']
C54186558,['G', 'O', 'G', 'G']
C12792487,['G', 'G', 'G', 'G', 'O', 'O', 'G']
C12645628,['G', 'G', 'G', 'G', 'G', 'G', 'G']
C26780916,['O', 'G', 'G', 'G', 'G', 'G', 'O']
C09102917,['G', 'G', 'O', 'O', 'G', 'G', 'O']
C03309014,['O', 'O', 'G', 'G', 'O']
C46797348,['G', 'G', 'G', 'G', 'G', 'G', 'G', 'G']
C13549050,['G', 'G', 'O', 'O']
C63269726,['G', 'G', 'G', 'G', 'G', 'G', 'G', 'G']
C25173146,['G', 'G', 'G', 'O', 'G']
C00934343,['O', 'O', 'G', 'G', 'G']
C62794987,['G', 'O', 'G', 'G']
C45716481,['G', 'G', 'G', 'G', 'G']
C38742195,['O', 'G', 'G', 'G', 'G', 'O', 'O', 'G']
C21863256,['O', 'G', 'G', 'G', 'G', 'G', 'G', 'G']
C07594880,['O', 'G', 'G', 'G', 'O', 'G']
C06631086,['G', 'O', 'G', 'G']
C67026913,['O', 'O', 'G', 'G', 'G', 'G']
C17282477,['G', 'G', 'G', 'G']
C14010948,['G', 'G', 'G', 'G', 'O', 'G', 'G']
C45525136,['G', 'G', 'G', 'G', 'G', 'G', 'G', 'G']
C20891339,['G', 'G', 'O', 'G', 'G', 'G', 'G', 'G']
C39480812,['G', 'G', 'O', 'G', 'G', 'G', 'G', 'O']
C53555718,['G', 'O', 'O']
C52860878,['G', 'O', 'G']
C34970975,['G', 'G', 'G', 'O', 'G', 'G', 'G', 'G']
C13117644,['G', 'G', 'G', 'G', 'G', 'G', 'O']
C35799504,['O', 'O', 'G', 'O', 'O', 'G']
C09056980,['G', 'G', 'O', 'G', 'G', 'O']
C38667027,['G', 'G', 'G', 'G', 'O', 'G', 'G', 'G', 'O']
C13406684,['G', 'G', 'G', 'G', 'G', 'G', 'G']
C10216641,['G', 'G', 'O', 'G', 'O', 'G', 'G', 'G']
C10383028,['G', 'O', 'O', 'G', 'G', 'G', 'O', 'G']
C24788661,['G', 'G', 'G', 'G', 'G']
C33808764,['G', 'O', 'G', 'G', 'G', 'G', 'G']
C67604980,['O', 'G', 'G', 'G', 'O', 'G']
C04771148,['O', 'O', 'O', 'G']
C13189601,['G', 'G', 'G', 'G', 'O', 'G', 'O', 'G']
C39979136,['G', 'G', 'O']
C40563203,['G', 'G', 'G', 'G', 'O']
C39022039,['G', 'O', 'G', 'G']
C35373359,['O', 'G', 'G', 'G', 'G', 'G']
C65105357,['G', 'G', 'G', 'G', 'G', 'G']
C09856259,['G', 'G', 'G', 'G', 'G', 'G', 'G']
C15912365,['G', 'G', 'O', 'G', 'G', 'G', 'G']
C58744295,['G', 'O', 'G', 'G', 'G']
C34877019,['G', 'G', 'O', 'G', 'O']
C39950122,['G', 'G', 'G', 'G', 'G']
C19943313,['O', 'G', 'G', 'G', 'G', 'O', 'G', 'G', 'G', 'G', 'G']
C65246297,['G', 'G', 'O', 'G', 'G', 'G']
C09642535,['G', 'G', 'O', 'G', 'G', 'O']
C14135499,['G', 'G', 'G', 'O', 'O', 'G']
C35693422,['G', 'G', 'G', 'G', 'G', 'G', 'G', 'G', 'G']
C04478001,['G', 'O', 'O', 'G', 'G']
C53158029,['G', 'G', 'O', 'G', 'O']
C32739196,['G', 'O', 'G', 'G', 'G', 'G']
C14242292,['G', 'O', 'G', 'G', 'G', 'G', 'G', 'G']
C46078761,['G', 'O', 'G', 'G', 'G', 'G', 'G']
C18415365,['G', 'G', 'G', 'G', 'G', 'G', 'G', 'G', 'G']
C09529245,['O', 'G', 'G', 'G', 'O', 'G', 'G', 'G']
C05626619,['G', 'G', 'G', 'G', 'G']
C59251215,['G', 'G', 'G', 'O', 'O', 'G', 'G', 'G']
C09016211,['G', 'G', 'G', 'G', 'G', 'G', 'G', 'G']
C43210814,['G', 'G', 'G', 'O']
C60373322,['G', 'G', 'G', 'G', 'O', 'G', 'G', 'G', 'G']
C06753010,['G', 'G', 'G', 'G']
C62507132,['G', 'G', 'G', 'G', 'G', 'G', 'G']
C32358282,['G', 'O', 'O', 'G', 'G', 'G', 'G', 'G', 'G']
C22456471,['G', 'O', 'O', 'O']
C40905063,['G', 'G', 'G', 'G', 'G', 'O', 'G', 'G']
C09519638,['G', 'G', 'G', 'G', 'G', 'G', 'G', 'G']
C17095141,['G', 'G', 'G', 'G']
C20207821,['G', 'G', 'G', 'G', 'O', 'O', 'G']
C50672095,['G', 'G', 'G', 'O']
C38994204,['G', 'O', 'O', 'G', 'O', 'O']
C09989895,['G', 'O', 'G', 'G', 'G', 'G', 'G']
C36088758,['G', 'G', 'G', 'G', 'G', 'G', 'G', 'G']
C16750573,['G', 'G', 'G', 'G']
C08011508,['G', 'G', 'G']
C43182411,['G', 'G', 'G', 'G', 'G', 'G']
C36211661,['G', 'G', 'G', 'G', 'G', 'G', 'O', 'G', 'G', 'G']
C46728557,['G', 'O', 'G', 'G', 'G', 'G']
C35967056,['G', 'G', 'G', 'G', 'G', 'G', 'G', 'O']
C46653134,['G', 'G', 'G', 'G', 'G', 'G', 'G', 'G', 'G', 'G', 'G']
C33268094,['G', 'G', 'G', 'G', 'G', 'G', 'G', 'O', 'G']
C04941202,['G', 'G', 'G', 'G', 'O']
C15775949,['G', 'G', 'G', 'G', 'G', 'G', 'G', 'G', 'O']
C54643108,['G', 'G', 'G', 'G', 'G']
C09087889,['G', 'G', 'G', 'G', 'G', 'G']
C07673749,['O', 'G', 'G']
C14185127,['G', 'G', 'O', 'O', 'G', 'G', 'G']
C06486164,['G', 'G', 'G', 'G', 'G', 'G', 'O', 'G']
C36052866,['G', 'G', 'G', 'O', 'G', 'G', 'G', 'G', 'G']
C39607809,['O', 'G', 'G', 'O', 'G', 'G', 'G']
C48134859,['O', 'G', 'O', 'G', 'G']
C21633846,['G', 'G', 'G', 'G', 'G', 'G', 'G', 'G']
C26232105,['O', 'G', 'G', 'G', 'O', 'G', 'O']
C25171531,['G', 'O', 'G', 'O', 'O', 'O', 'G', 'G', 'O']
C35492936,['G', 'G', 'G', 'O', 'G', 'G']
CHEMBL578022,['G', 'G', 'G', 'O', 'O']
C11791520,['O', 'G', 'G', 'G', 'O', 'G', 'G']
C50275774,['G', 'G', 'O', 'O', 'G']
C06157004,['G', 'G', 'G']
C25157459,['G', 'G', 'O', 'G', 'G', 'O', 'G']
C65356204,['G', 'G', 'G', 'G', 'G', 'O']
C24718338,['G', 'O', 'G', 'O', 'G', 'O', 'G']
C39983904,['G', 'G', 'G', 'G']
C33255066,['G', 'G', 'O', 'G', 'G', 'G', 'G']
C08646629,['G', 'O', 'O', 'G', 'G', 'G', 'G']
C15684150,['G', 'G', 'G', 'G', 'G', 'G', 'G']
C09512013,['G', 'G', 'G', 'G', 'O', 'G']
C09206035,['G', 'O', 'G', 'G', 'G']
C65363226,['G', 'O', 'G', 'O', 'O', 'G']
C35590287,['O', 'G', 'G', 'G']
C63279417,['G', 'G', 'G', 'G', 'G']
C22513025,['O', 'G', 'G', 'G', 'O', 'G', 'G', 'G']
C38680589,['O', 'G', 'G', 'G']
C15504218,['O', 'G', 'G', 'G', 'G']
C21713732,['G', 'G', 'G', 'G', 'G', 'G', 'G']
C05442858,['G', 'G', 'G', 'G']
C17918376,['O', 'G', 'G', 'G', 'G']
C36668615,['G', 'O', 'G']
C58482060,['G', 'O', 'G', 'G', 'G', 'G']
C33277599,['G', 'G', 'G', 'O', 'G', 'G']
C09348702,['G', 'O', 'G', 'G', 'G', 'O', 'G']
C21918178,['G', 'G', 'G', 'O', 'G', 'G', 'O']
C35835082,['O', 'G', 'O', 'G', 'G', 'G', 'G', 'G', 'G']
C12590482,['G', 'G', 'G', 'G', 'G', 'G', 'O', 'G']
C49096957,['O', 'G', 'G', 'O']
C38873986,['O', 'O', 'O', 'G', 'G', 'G']
C27909669,['G', 'G', 'G', 'O', 'G', 'G', 'O']
C58493135,['O', 'G', 'G', 'G', 'G', 'G', 'G', 'G']
C50654553,['G', 'G', 'G', 'G']
C07383927,['O', 'G', 'G', 'G', 'G', 'O']
C09375050,['G', 'O', 'G', 'G', 'G']
C16044643,['O', 'O', 'G', 'G', 'G', 'G', 'G']
C01142170,['G', 'O', 'G', 'G']
C27489451,['G', 'G', 'G', 'G', 'G', 'G', 'G', 'G']
C09307402,['O', 'G', 'G', 'G', 'O', 'G']
C20564477,['G', 'G', 'G', 'G', 'G', 'O', 'G']
C46022625,['O', 'G']
C32899889,['G', 'G', 'G', 'G', 'G']
C33281309,['G', 'G', 'G', 'G', 'G', 'G']
C05172090,['O', 'O', 'G', 'G', 'G', 'G']
C12757160,['O', 'G', 'G', 'G', 'O', 'G', 'G']
C01032639,['G', 'G', 'G', 'G']
C40176430,['O', 'O']
C07164082,['O', 'G', 'G', 'G', 'G', 'G']
C05993506,['G', 'G', 'G', 'G', 'O']
C32893437,['G', 'G', 'G', 'O', 'G', 'G', 'G', 'G']
CHEMBL480725,['G', 'G', 'G', 'O', 'G', 'G', 'G', 'G']
C18042558,['G', 'G', 'O', 'G', 'O', 'G', 'G']
C46619477,['G', 'G', 'G', 'O', 'G', 'G', 'G']
C12599621,['G', 'G', 'G', 'G', 'G', 'O', 'G', 'G', 'G']
C49405022,['G', 'G', 'G', 'G', 'G', 'G', 'G']
C39997073,['G', 'G', 'G', 'G', 'O', 'G', 'G']
C21655462,['G', 'O', 'G', 'G', 'G', 'O', 'G', 'G']
C39531756,['G', 'G', 'G', 'G', 'G', 'G', 'G']
C15942982,['G', 'G', 'G', 'G', 'G', 'G']
C09388523,['G', 'G', 'G', 'G', 'G', 'G', 'G']
C08968223,['G', 'O', 'G', 'G', 'G', 'G', 'G']
C64394465,['G', 'G', 'O', 'G', 'G']
C00178860,['G', 'G', 'G', 'G', 'G']
C66278184,['G', 'O', 'G', 'G', 'G', 'G', 'O']
C39896716,['G', 'G', 'G', 'G', 'G', 'G', 'O', 'G']
C39480758,['G', 'G', 'G', 'G', 'O', 'G', 'O']
C40016954,['O', 'G', 'G', 'O', 'G', 'G', 'G', 'O', 'G', 'G']
C13992329,['G', 'G', 'O', 'G', 'G', 'G']
C64565701,['G', 'O', 'G', 'O', 'G', 'G', 'G', 'G', 'G']
C64428134,['G', 'G', 'O', 'G', 'G', 'G', 'G', 'G', 'G']
C27817092,['G', 'G', 'G', 'G', 'G']
C65148097,['G', 'O', 'G', 'G', 'G']
C08140244,['G', 'G', 'G', 'G', 'G', 'G']
C23054927,['G', 'G', 'G', 'G', 'G', 'G']
C39920769,['G', 'O', 'O']
C36053670,['O', 'O', 'G', 'G', 'G', 'G', 'G', 'G']
C33267416,['G', 'G', 'O', 'G', 'G', 'G', 'O', 'G']
C14990195,['G', 'O', 'G', 'O', 'G', 'G', 'G', 'O']
C35987773,['G', 'G', 'G', 'G', 'G', 'G', 'G', 'G']
C36308843,['G', 'G', 'G', 'G', 'G', 'O']
C28651806,['O', 'O', 'G', 'G', 'G', 'G']
C12073122,['G', 'G', 'G', 'O', 'G', 'G']
C13757432,['G', 'G', 'G', 'O']
C60127165,['G', 'G', 'G', 'G', 'O', 'G', 'G', 'G', 'O', 'G', 'G']
C57414337,['O', 'G', 'G', 'O', 'G', 'G']
C31305432,['G', 'G', 'G', 'G', 'G', 'G', 'O']
C04477722,['G', 'G', 'G', 'G', 'G']
C21532058,['G', 'G', 'G', 'G', 'O', 'G']
C35703793,['G', 'G', 'G', 'O', 'G', 'G', 'G', 'G', 'G']
C64789894,['O', 'G', 'G', 'G', 'O', 'O']
C08634509,['O', 'G', 'G', 'G', 'G', 'G', 'G']
C26140895,['G', 'O', 'G', 'G', 'G', 'G', 'G', 'O']
C64201887,['G', 'G', 'G', 'O', 'G', 'G']
C04135336,['G', 'G', 'O', 'G', 'G', 'G', 'G']
C08761089,['O', 'G', 'G', 'G', 'G', 'O', 'G', 'G']
C14006073,['O', 'G', 'G', 'G', 'G', 'O']
C04914003,['O', 'G', 'O']
C36788355,['G', 'G', 'G', 'G', 'O', 'G', 'G', 'O']
C30262776,['G', 'G', 'G', 'G', 'G', 'G', 'O', 'G']
C67216627,['G', 'O', 'G', 'G', 'G', 'G', 'G']
C66845909,['G', 'G', 'G', 'G']
C21150437,['G', 'O', 'G', 'G', 'G', 'G']
C12556431,['O', 'G', 'O', 'G', 'G', 'G']
C39377173,['G', 'G', 'G', 'G', 'O']
C65306148,['G', 'G', 'G', 'G', 'G', 'G', 'G']
C08910595,['G', 'G', 'G', 'G', 'O', 'O', 'G', 'G']
C33037897,['G', 'O', 'O', 'O', 'O', 'G']
C29134577,['G', 'O', 'G', 'G']
C39037389,['G', 'G', 'O', 'G', 'G', 'G']
C03525977,['G', 'G', 'G', 'G', 'G', 'G', 'G', 'O', 'G', 'O']
C35560907,['G', 'G', 'G', 'O', 'G', 'G']
C35987712,['G', 'G', 'G', 'O', 'O', 'G', 'G', 'G', 'G']
C18161806,['G', 'G', 'G', 'G', 'G']
C10249404,['G', 'G', 'G', 'O', 'G', 'G', 'G', 'G', 'O']
C46141467,['O', 'G', 'G', 'G', 'G', 'G']
C20717754,['G', 'G', 'G']
C00170905,['G', 'G', 'G', 'G']
C09666167,['G', 'G', 'O', 'G', 'G', 'G', 'G', 'G']
C09494118,['O', 'O', 'G', 'G']
C42802009,['G', 'G', 'O', 'O', 'G', 'G', 'G']
C46913131,['G', 'G', 'G', 'G', 'G', 'G', 'G', 'O']
C35694187,['G', 'O', 'O', 'G', 'G', 'G', 'G', 'G']
C20152987,['G', 'G', 'O', 'G', 'O', 'G', 'G']
C06619174,['G', 'G', 'G', 'G', 'G', 'G']
C01058065,['G', 'G', 'O', 'O', 'G', 'O', 'G']
C36052868,['G', 'G', 'G', 'G', 'G', 'G', 'G', 'G', 'G']
C46768439,['G', 'G', 'G', 'G', 'G', 'G']
C49463981,['G', 'G', 'O']
C09910618,['O', 'G', 'G', 'G', 'O', 'G', 'G', 'G', 'G', 'G']
C00751476,['G', 'G', 'O', 'O', 'O', 'G', 'G', 'G', 'G', 'G']
C25732156,['G', 'G', 'G', 'G', 'G', 'O', 'O']
C12552015,['G', 'G', 'G']
C08840312,['G', 'O', 'G', 'O', 'G', 'G']
C23907735,['G', 'G', 'G', 'G', 'G', 'G', 'G', 'O', 'G']
C35748919,['G', 'G', 'G', 'O', 'G', 'G', 'G', 'G', 'G', 'G']
C49416082,['G', 'O', 'G', 'G', 'O']
C08644201,['G', 'G', 'O', 'O', 'G', 'G', 'G']
C14884846,['G', 'G', 'G', 'O', 'G', 'G', 'G', 'G']
CHEMBL516458,['G', 'O', 'O', 'G', 'G', 'G']
C35697917,['G', 'G', 'O', 'G', 'G', 'G', 'G', 'O', 'G']
C21450505,['G', 'G', 'G', 'G', 'O']
C09277782,['G', 'G', 'O', 'G', 'G', 'G', 'G']
C36071903,['O', 'G', 'G', 'O', 'G', 'G', 'G', 'G', 'G']
C49405039,['G', 'G', 'G', 'G', 'G', 'G', 'G']
C40734687,['G', 'O', 'G', 'G']
C12926248,['G', 'G', 'G', 'G', 'G', 'G', 'O']
C30010065,['O', 'O', 'O', 'O', 'O']
C57426619,['G', 'G', 'G', 'G', 'O', 'G', 'O']
C23827867,['G', 'G', 'G', 'O']
C39592429,['G', 'G', 'G']
C09092981,['O', 'G', 'O', 'O', 'G', 'G', 'G']
C67376403,['G', 'G', 'G', 'G', 'G']
C14625825,['G', 'O', 'G', 'G', 'G', 'G', 'G']
C25224965,['G', 'G', 'G', 'G']
C38744475,['G', 'G', 'G', 'G', 'G']
C04356007,['G', 'G', 'G', 'G', 'G', 'G']
C09318016,['O', 'G', 'G', 'G', 'G', 'G', 'G', 'O']
C44456889,['G', 'G', 'G', 'G', 'O', 'G', 'G']
C40107823,['G', 'G', 'G', 'G', 'G', 'O']
C39336873,['O', 'G', 'G', 'G', 'G', 'G', 'G']
C05578694,['G', 'G', 'G', 'O']
C39956174,['G', 'G', 'G', 'G']
C57473107,['G', 'G', 'G', 'G', 'O', 'O']
C32329204,['G', 'O', 'G', 'G', 'G', 'O']
C00324835,['G', 'G', 'O', 'G', 'G']
C17703058,['G', 'G', 'G', 'G', 'G', 'G', 'G', 'G', 'G', 'O']
C09208724,['G', 'G', 'G', 'O', 'G', 'G', 'O', 'G']
C01908650,['G', 'O', 'G', 'O', 'G', 'G', 'O']
C00848534,['G', 'G', 'G', 'G']
C09081325,['G', 'G', 'G', 'G', 'G', 'G', 'G']
C37281781,['G', 'G', 'O', 'G']
C35312036,['G', 'O', 'G', 'G', 'G']
C61715027,['G', 'O', 'O', 'G', 'G']
C65147192,['O', 'G', 'G', 'G', 'G', 'G', 'O', 'G']
C41549014,['G', 'G', 'O', 'G', 'O']
C00954516,['O', 'O', 'O']
C66255420,['O', 'O', 'G']
C08812129,['G', 'G', 'G', 'G', 'O', 'G', 'G', 'G', 'G', 'G']
C09081631,['G', 'G', 'G', 'G', 'G', 'G', 'G']
C06794232,['O', 'G', 'G', 'G', 'G']
C04477694,['G', 'O', 'G', 'G']
C02914150,['G', 'G', 'G', 'G', 'G']
C13554937,['G', 'G', 'G', 'G', 'G', 'G', 'G']
C13038840,['G', 'G', 'G', 'G', 'G', 'O', 'G']
C06453011,['G', 'G', 'O', 'O']
C32961384,['G', 'G', 'G', 'G', 'G', 'G', 'O']
C14200845,['G', 'G', 'O', 'G']
C14111300,['G', 'G', 'G', 'G', 'G', 'G', 'O']
C37053227,['O', 'G', 'G']
C32095010,['G', 'G']
C51700571,['G', 'G', 'G', 'O', 'G']
C22131592,['G', 'G', 'O', 'G', 'G']
C58952206,['G', 'G', 'G', 'O', 'G', 'G', 'G', 'G', 'G']
C13006105,['G', 'G', 'G', 'G', 'G', 'G', 'G', 'O']
C34792868,['O', 'G', 'O', 'O', 'G', 'O']
C37254415,['G', 'G', 'O']
C38745586,['G', 'G', 'O', 'G']
C13483295,['G', 'G', 'G', 'G', 'G', 'O', 'G', 'G', 'G']
C04273343,['G', 'O', 'O', 'G', 'G', 'G', 'G']
C20572950,['O', 'O', 'G', 'G', 'G', 'O', 'O']
C17201160,['G', 'G', 'G', 'G', 'G', 'G', 'G', 'O']
C57531174,['G', 'G', 'G', 'G', 'G']
C17081178,['G', 'G', 'G']
C21238535,['G', 'G', 'G', 'G', 'G', 'O', 'G']
C09783350,['G', 'G', 'G', 'O', 'G', 'G']
C64921925,['G', 'G', 'G', 'G', 'G', 'G', 'G']
C25433115,['G', 'O', 'G', 'G', 'O', 'O']
C06776438,['G', 'G', 'G', 'G', 'G', 'G']
C36053600,['G', 'G', 'O', 'G', 'G', 'G', 'G', 'O', 'G', 'G']
C31657908,['G', 'G', 'G', 'G']
C44388635,['G', 'G', 'G', 'G']
C05188759,['G', 'G', 'G', 'G', 'G', 'G', 'G']
C64788397,['G', 'G', 'G', 'G']
C17744100,['G', 'G', 'G', 'G', 'G', 'O', 'G', 'O']
C08591635,['O', 'G', 'G', 'G', 'G', 'G']
C48759848,['G', 'G', 'O', 'G']
CHEMBL575918,['G', 'O', 'G', 'G', 'G']
C12948382,['O', 'G', 'G', 'G', 'O', 'O']
C02946816,['O', 'G', 'O', 'G']
C01154606,['G', 'G', 'G', 'G', 'G', 'G', 'O']
C35458573,['G', 'O', 'G', 'G', 'G', 'G', 'G']
C20340073,['G', 'G', 'G', 'G']
C63843771,['G', 'G', 'G', 'G']
C35453199,['G', 'G', 'G', 'G', 'G', 'G']
C22442345,['O', 'G', 'G']
C00862910,['G', 'G', 'G', 'G', 'G']
C12648151,['G', 'G', 'G']
C35751491,['G', 'G', 'G', 'G', 'G', 'O', 'G', 'O', 'O']
C21859663,['O', 'G', 'G', 'G', 'G', 'O', 'O']
C08840316,['G', 'O', 'G', 'G', 'G', 'G']
C21877420,['G', 'G', 'O', 'G', 'G', 'G', 'G', 'O']
C04942633,['G', 'O']
C05248224,['G', 'O', 'O']
C36540060,['G', 'G', 'G', 'G', 'G', 'G', 'G', 'G', 'G', 'G']
C66132348,['O', 'G', 'O', 'O', 'O', 'G']
C35966441,['G', 'G', 'G', 'G', 'G', 'G', 'G']
C09277781,['G', 'O', 'G', 'G', 'G', 'G', 'G']
C08728012,['G', 'O', 'G', 'G', 'G', 'G']
C05331569,['O', 'O', 'G', 'O', 'G']
C23982484,['G', 'G', 'G', 'G', 'G']
C13811217,['G', 'O', 'O', 'G', 'G', 'G']
C62702645,['G', 'O', 'G', 'O', 'G']
C40139255,['G', 'G', 'O', 'G', 'O', 'G', 'G', 'G']
C02123660,['G', 'G', 'G', 'O', 'G', 'G', 'O', 'O']
C39468806,['G', 'G', 'G', 'G']
C09994331,['G', 'G', 'G', 'G', 'G']
C23967738,['G', 'G', 'G', 'G', 'O']
C51584698,['G', 'G', 'G', 'G', 'G', 'G', 'O', 'G', 'G']
C23516913,['G', 'G', 'G', 'O', 'G', 'G']
C33138103,['G', 'G', 'G', 'G', 'G', 'G', 'G', 'G']
C58457990,['G', 'G', 'O', 'G', 'O', 'G', 'G']
C36959375,['G', 'O', 'O', 'G']
C03879692,['G', 'O', 'O', 'O', 'G']
C23956090,['G', 'G', 'G', 'G', 'G']
C35147050,['G', 'G', 'G', 'G', 'O', 'G', 'G']
C09101373,['G', 'G', 'G', 'G', 'G', 'G', 'G']
C00539962,['G', 'G']
C41603450,['G', 'G', 'O', 'O']
C64408411,['G', 'O', 'G']
C06842432,['O', 'O', 'G', 'G', 'G', 'G', 'G']
C11424357,['O', 'G', 'G', 'G', 'O', 'G']
C13625241,['G', 'G', 'G', 'G', 'G', 'G']
C59819244,['G', 'G', 'G', 'G', 'G', 'G', 'G', 'G']
C20618409,['G', 'G', 'G', 'G', 'G', 'O', 'G']
C28059408,['G', 'G', 'G', 'G']
C59420147,['O', 'G', 'G', 'O', 'G', 'G', 'G']
C10870955,['O', 'G', 'G', 'G', 'G', 'G', 'G']
C18219425,['G', 'G', 'G']
C13132875,['G', 'G', 'O', 'G', 'G', 'O', 'O', 'G']
C59835847,['G', 'G', 'G', 'G', 'G', 'G', 'G', 'G']
C13297902,['G', 'G', 'G', 'G', 'G', 'G', 'G', 'G']
C37399645,['G', 'G', 'G', 'G', 'G', 'O']
C10072845,['G', 'G', 'G', 'G', 'O', 'O', 'O']
C16932689,['O', 'G', 'G', 'O', 'G', 'O', 'G']
C64502857,['G', 'G', 'O', 'G']
C15109184,['G', 'O', 'G', 'G', 'G']
C65497211,['G', 'G', 'G', 'O', 'O', 'G']
CHEMBL373364,['G', 'G', 'G', 'G', 'G', 'G', 'G', 'G', 'O', 'G']
C41105475,['G', 'G', 'O', 'G', 'G', 'G']
C61465556,['G', 'G', 'G', 'G', 'G']
C40827349,['O', 'G', 'G', 'G']
C06897053,['O', 'G', 'O', 'G']
C42788380,['G', 'O', 'G', 'G', 'G']
C05017738,['G', 'O', 'G', 'G']
C39703542,['O', 'G', 'G', 'G', 'O', 'G', 'G']
C09753739,['G', 'G', 'G', 'G', 'O', 'G']
C03294509,['G', 'G', 'G', 'G', 'G', 'G', 'G']
C33281417,['G', 'G', 'G', 'G', 'G', 'O', 'G']
C00949099,['G', 'O', 'G', 'G', 'O']
C64230569,['O', 'G', 'G', 'O', 'O', 'G']
C09502182,['G', 'G', 'O', 'G', 'G', 'G', 'G', 'G']
C33299370,['G', 'G', 'G', 'G', 'O', 'G']
C15866200,['G', 'G', 'G', 'G']
C20424206,['O', 'O', 'O', 'G']
C40292022,['O', 'O', 'G']
C39580234,['G', 'G', 'G', 'G', 'O', 'O', 'O']
CHEMBL1165042,['G', 'G', 'G', 'G', 'G', 'G', 'G', 'G']
C35283871,['G', 'G', 'G']
C03641482,['G', 'G', 'G', 'G', 'G']
C67108482,['G', 'G', 'G', 'G']
C32975701,['G', 'G', 'G', 'O', 'G', 'G']
C13204545,['G', 'G', 'G', 'O', 'G', 'O', 'O', 'G', 'O']
C00808873,['G', 'G', 'G', 'O', 'O']
C01067622,['G', 'G', 'G', 'G', 'G']
C12560862,['O', 'O', 'G', 'G', 'G', 'O']
C13402500,['G', 'O', 'O', 'G', 'G', 'G', 'G', 'G', 'G', 'G']
C06230975,['G', 'G', 'O']
C35694151,['G', 'O', 'O', 'G', 'G', 'G', 'O', 'G']
C36050177,['G', 'G', 'G', 'O', 'G', 'G', 'G', 'O', 'G']
C01201884,['G', 'G', 'O', 'G']
C21150693,['G', 'G', 'G', 'O', 'G', 'O', 'G']
C58648545,['G', 'G', 'G', 'O', 'G', 'G', 'G', 'G']
C06975472,['O', 'G', 'G', 'G', 'G', 'G']
C09660425,['G', 'O', 'G', 'O']
C06615729,['G', 'O', 'G', 'G', 'G', 'G', 'G']
C67288956,['G', 'G', 'G', 'O', 'G', 'G']
C11405967,['G', 'G', 'G', 'G', 'G', 'G', 'G']
CHEMBL1164578,['G', 'G', 'G', 'G', 'G', 'G', 'G', 'G', 'G']
C33260334,['O', 'O', 'G', 'G', 'G', 'G', 'G']
C00222396,['G', 'G', 'G']
C07099781,['O', 'G', 'G', 'O']
C21540575,['O', 'G', 'G']
C50655304,['G', 'G', 'G', 'G']
C04348995,['G', 'G', 'G', 'G', 'O', 'O']
C58172685,['O', 'G']
C13496436,['O', 'G', 'G', 'G', 'G']
C22958183,['G', 'G', 'O', 'G']
C17915380,['G', 'O', 'O', 'G', 'G', 'G', 'O', 'G']
C41303115,['O', 'G', 'G', 'G', 'G']
C40837954,['G', 'G', 'G', 'G', 'G', 'G']
C46691253,['G', 'O', 'O', 'G', 'G']
C64580389,['G', 'G', 'G', 'G', 'G', 'G', 'G', 'G']
C12781495,['G', 'O', 'G', 'G']
C34725631,['G', 'G', 'O', 'G', 'G', 'G', 'G', 'G', 'G']
C15022992,['G', 'G', 'G', 'G', 'G', 'G']
C48266123,['O', 'O', 'G', 'G']
C36049927,['G', 'G', 'G', 'O', 'G', 'G', 'G', 'O', 'G']
C09260325,['G', 'G', 'G', 'G', 'G', 'G']
C36050426,['G', 'G', 'O', 'O', 'G', 'G', 'G', 'G', 'O']
C36752841,['O', 'G', 'G', 'G', 'G', 'G', 'G']
C09159620,['G', 'G', 'G', 'G', 'G', 'G']
C04482104,['G', 'G', 'G', 'G', 'G']
C22612928,['O', 'G', 'G', 'O']
C09712236,['G', 'G', 'G', 'O', 'G', 'G']
C02569434,['G', 'G', 'O', 'G']
C32959065,['G', 'G', 'G', 'O', 'G', 'G']
C35727082,['O', 'O', 'G', 'G', 'G', 'G', 'G', 'G']
C66831138,['G', 'G', 'G', 'G', 'G', 'G', 'G']
C01774317,['G', 'G', 'G', 'G', 'G', 'G', 'G']
C14371340,['G', 'O', 'O', 'G', 'G', 'O']
C09332638,['O', 'G', 'G']
C34793368,['G', 'G', 'G', 'G', 'O', 'G', 'G']
C39217956,['G', 'G', 'G', 'G']
C21578404,['G', 'G', 'G', 'G', 'G']
C14972992,['G', 'G', 'G', 'G', 'G', 'G']
C51357795,['G', 'G', 'O', 'G', 'O', 'G']
C20463106,['G', 'G', 'G', 'G', 'G']
C33349931,['O', 'G', 'O', 'G', 'G', 'G', 'G']
C32973626,['G', 'G', 'G', 'O', 'G', 'G', 'G', 'G']
C16156318,['G', 'O', 'G', 'G', 'G']
C38994415,['O', 'O', 'O', 'G']
C39592613,['G', 'G', 'G', 'G', 'O']
C33273796,['G', 'G', 'G', 'G', 'G', 'G', 'G']
C09465790,['G', 'G', 'G', 'G', 'G', 'G', 'G', 'G', 'G']
C39273187,['G', 'O', 'G', 'G']
C39277171,['G', 'G', 'G', 'O', 'O']
C35693579,['G', 'G', 'G', 'G', 'G', 'G', 'G', 'G', 'G', 'G']
C00710962,['G', 'O', 'G']
C21151148,['O', 'G', 'G', 'O', 'G', 'O', 'G']
C03043639,['O', 'O', 'O', 'G', 'G']
C60241373,['G', 'G', 'G', 'G', 'O', 'G', 'G']
C65322853,['G', 'O', 'G', 'O', 'O']
C13720853,['G', 'G', 'G', 'G', 'G', 'G']
C62495972,['G', 'G', 'G', 'G']
C48791098,['G', 'G', 'G']
C53736611,['G', 'G', 'G', 'G']
C62695284,['G', 'G', 'G', 'O', 'G', 'G', 'G', 'O']
C08662267,['G', 'G', 'O', 'G', 'O', 'O']
C21177189,['O', 'G', 'G', 'G', 'O', 'O']
C40827377,['G', 'G', 'G', 'G']
C38873988,['O', 'O', 'G', 'G', 'G', 'G']
C31819022,['G', 'G']
C02616090,['G', 'G', 'O']
C00811279,['G', 'G', 'O', 'G', 'G']
C54155254,['G', 'G', 'O', 'G', 'G', 'G']
C55996081,['G', 'G', 'G', 'G', 'G']
C17262597,['O', 'G', 'G', 'O', 'G', 'G', 'G']
C38942720,['G', 'G', 'G', 'G', 'G', 'G']
C05572314,['G', 'G', 'G', 'O']
C58595807,['G', 'G', 'G', 'O', 'G', 'G']
C58149928,['G', 'G', 'G', 'G', 'O', 'G', 'G', 'O', 'G']
C32916827,['G', 'G', 'G', 'G', 'G', 'O', 'G']
C19171778,['O', 'G', 'G', 'G', 'G']
C50102311,['G', 'G', 'G', 'G', 'G', 'G']
C67591535,['O', 'G', 'G', 'O', 'G', 'O']
C37399726,['G', 'G', 'G', 'G', 'G', 'G']
C08619025,['G', 'G', 'G', 'G', 'G', 'G', 'G']
C61088406,['G', 'G', 'G', 'G', 'G', 'G', 'G', 'G']
C64427498,['G', 'O', 'G', 'G', 'G', 'G', 'G']
C02956842,['G', 'G', 'G', 'G', 'G', 'G', 'O', 'G', 'G']
C03324953,['O', 'O', 'G', 'G', 'G', 'G']
C17729200,['O', 'G', 'G', 'G', 'G']
C40339958,['G', 'G', 'G', 'G', 'O']
C40322733,['G', 'G', 'G', 'G']
C39545035,['G', 'O', 'O', 'G', 'G', 'G', 'G']
C08314949,['G', 'O', 'G', 'O', 'G']
C16844057,['G', 'O', 'G', 'G', 'G']
C13239033,['G', 'G', 'G', 'G', 'G', 'G', 'G', 'O', 'G', 'G', 'O']
C23430719,['G', 'G', 'G', 'O', 'G']
C40310501,['G', 'G', 'O', 'G']
C35564810,['G', 'O', 'O', 'G', 'G']
C00943313,['O', 'G', 'O', 'G', 'O', 'O']
C21237278,['G', 'G', 'O', 'G', 'G']
C09466829,['G', 'G', 'G', 'O', 'G', 'G', 'G']
C02094899,['O', 'G', 'G']
C08684091,['G', 'O', 'G', 'G', 'G', 'G', 'G', 'O', 'G', 'G']
C24539393,['G', 'G', 'G', 'G', 'O']
C05387792,['G', 'G', 'G', 'O', 'G']
C39489741,['O', 'G', 'G', 'G', 'G', 'O', 'G', 'G', 'G']
C13033353,['G', 'G', 'G', 'G', 'G', 'G', 'G', 'G']
C09159131,['G', 'O', 'G', 'G', 'G', 'G']
C12565266,['G', 'O', 'G', 'G', 'G']
C00522226,['G', 'O', 'G', 'G', 'G']
C12821430,['G', 'O', 'G']
C38742790,['G', 'G', 'G']
C56309812,['G', 'G', 'G', 'G', 'G', 'G']
C36772896,['G', 'G', 'G', 'G', 'G', 'O', 'G']
C18354836,['G', 'O', 'G', 'G', 'G', 'G', 'G', 'G', 'G', 'G', 'G', 'G']
C16524321,['G', 'G', 'O']
C05027427,['G', 'G', 'G', 'O']
C09478544,['G', 'O', 'O', 'G', 'G', 'G']
C13133035,['G', 'G', 'O', 'G']
C21178153,['O', 'O', 'O', 'O', 'G', 'G', 'G']
C08745501,['G', 'G', 'G', 'G', 'G', 'G', 'G']
C64696609,['G', 'G', 'G', 'G', 'G', 'G', 'O']
C39769751,['G', 'O', 'G', 'G', 'G', 'G', 'G', 'G']
C36052865,['G', 'G', 'G', 'O', 'G', 'G', 'O', 'O', 'G']
C13040597,['G', 'G', 'G', 'O', 'G', 'O', 'G']
C40316619,['G', 'G', 'G', 'G', 'G']
C01921306,['G', 'G', 'G', 'O', 'O', 'O']
C07803207,['G', 'O', 'O', 'G']
C09340594,['G', 'G', 'G', 'G', 'G', 'O', 'O']
C02660800,['G', 'O', 'G', 'G']
C09516609,['G', 'G', 'O', 'G', 'G']
C10308597,['O', 'G', 'O', 'G', 'G', 'G', 'O', 'O']
C60013663,['G', 'O', 'G', 'G', 'G', 'G', 'G']
C49400323,['O', 'G', 'O', 'G', 'G', 'G', 'G']
C35964510,['G', 'G', 'G', 'G', 'G', 'G', 'O', 'G', 'G']
C36730937,['G', 'O', 'O', 'G']
C55040387,['O', 'G', 'G', 'G', 'G', 'O']
C12580143,['G', 'G', 'G', 'G', 'O', 'G', 'G']
C46656639,['G', 'G', 'G', 'G', 'O', 'G', 'O']
C22315075,['G', 'G', 'G', 'G', 'G', 'G']
C00644150,['G', 'O', 'O']
C01253371,['G', 'G', 'O', 'O']
C23545316,['O', 'O', 'O', 'G', 'G', 'G', 'G']
C04684123,['G', 'O', 'O', 'G', 'G']
C39592610,['G', 'G', 'G', 'G', 'G']
C13810532,['G', 'G', 'G', 'G', 'G']
C28913357,['G', 'G', 'G', 'O', 'G']
C47837326,['G', 'G', 'G', 'O', 'G', 'O', 'G']
C17124384,['G', 'G', 'G', 'O', 'G']
C24172138,['G', 'G', 'G', 'G', 'G', 'G', 'O']
C63711694,['G', 'G', 'G', 'G', 'G', 'G', 'G', 'G']
C12753696,['G', 'G', 'G', 'G', 'G', 'G']
C56017181,['G', 'O', 'G', 'G']
C13786004,['G', 'G', 'G', 'G', 'G']
C66783475,['O', 'G', 'G', 'G', 'O']
C60391829,['G', 'O', 'G', 'G', 'O', 'G', 'O', 'G', 'G', 'G']
C21278128,['G', 'G', 'O', 'G', 'O', 'O', 'G']
C04566766,['G', 'G', 'G', 'G', 'G', 'G']
C02717817,['O', 'G', 'G', 'O']
C08573132,['G', 'G', 'O', 'G', 'G']
C08850479,['O', 'G', 'G', 'G', 'G', 'O']
C48552646,['G', 'G', 'G', 'G', 'G', 'O', 'O', 'G']
C63296309,['O', 'O', 'G', 'G', 'O', 'G', 'O']
C40675699,['G', 'G', 'G', 'G', 'G']
C13181409,['G', 'G', 'G', 'G', 'G', 'G', 'G', 'G']
C09243304,['G', 'G', 'G', 'O', 'G', 'G']
C16935808,['G', 'G', 'O']
C55895835,['G', 'G', 'G', 'G', 'G', 'G', 'G', 'G']
C09427953,['G', 'G', 'G', 'G', 'G', 'G', 'G']
C40995267,['G', 'G', 'G', 'G', 'G', 'O', 'G', 'G']
C35598225,['G', 'G', 'O', 'G', 'G']
C12873573,['O', 'O', 'G', 'G', 'G']
C21883967,['G', 'G', 'G', 'G']
C57315473,['G', 'G', 'G', 'G', 'G', 'G']
C01229165,['G', 'G', 'G']
C15923240,['G', 'G', 'O', 'G', 'G', 'G']
C08426849,['G', 'G', 'G', 'G', 'G', 'G', 'G', 'G']
C22627996,['G', 'G', 'G', 'O']
C09224418,['G', 'G', 'G', 'G', 'G', 'G', 'G']
C59370482,['G', 'G', 'G', 'G', 'O', 'G']
C16514896,['G', 'G', 'O', 'G', 'G', 'G', 'G']
C21518206,['G', 'G', 'G', 'G']
C35966439,['G', 'O', 'G', 'O', 'G', 'G', 'G']
C40116661,['G', 'G', 'G', 'O', 'G', 'G']
C64050493,['G', 'G', 'G', 'G', 'G', 'G', 'G', 'G']
C58385421,['O', 'G', 'G', 'G', 'G']
C51714586,['G', 'G', 'G', 'G', 'O', 'O']
C09883532,['G', 'O', 'O', 'G', 'G', 'O']
C10859503,['G', 'G', 'G', 'G', 'O', 'G', 'O']
C10386493,['G', 'G', 'O', 'O', 'G', 'O', 'G', 'G', 'G']
C45890807,['G', 'G', 'G', 'G', 'G', 'O']
C03406013,['O', 'G', 'G', 'G', 'G', 'G']
C35988211,['G', 'G', 'G', 'G', 'G', 'G', 'O', 'G']
C34792589,['G', 'G', 'O', 'G', 'O', 'G', 'G']
C18521697,['G', 'O', 'O', 'O', 'G', 'G']
C51714195,['G', 'G', 'G', 'G', 'G', 'O', 'O']
C11497542,['G', 'G', 'G', 'G', 'O']
C20417837,['G', 'G', 'G', 'G', 'G', 'G', 'G']
C03312552,['G', 'O', 'G', 'G', 'O', 'O', 'G', 'G']
C02672011,['G', 'G', 'G', 'O', 'G', 'G']
C60487298,['G', 'G', 'G', 'G', 'G', 'G', 'G', 'G']
C67551292,['G', 'G', 'O', 'G', 'G', 'G']
C23936101,['G', 'G', 'G', 'G', 'G']
C22450187,['G', 'O', 'O', 'G']
C18250793,['O', 'G', 'G', 'O']
C67274161,['G', 'G', 'G', 'G']
C65882680,['O', 'G', 'G', 'G', 'G', 'O']
C52912707,['G', 'G', 'G', 'G', 'G', 'G', 'O']
C35435978,['G', 'O', 'G', 'O', 'G', 'G']
C00986588,['G', 'G', 'G', 'G']
C59167432,['O', 'O', 'G', 'G']
C13052956,['G', 'G', 'G', 'G', 'G', 'G', 'G', 'G', 'G', 'G']
C01033129,['O', 'G']
C64890670,['G', 'G', 'G']
C53106661,['G', 'G', 'G', 'O', 'G']
C12884019,['G', 'G', 'G', 'G', 'G', 'O']
C10385731,['G', 'G', 'G', 'G', 'G', 'G', 'G']
C59335138,['G', 'G', 'O', 'G', 'O', 'G']
C07685384,['G', 'G', 'G', 'G']
C14472419,['G', 'G', 'G', 'G', 'G', 'O']
C11378203,['G', 'O', 'O', 'O', 'G', 'O', 'O', 'G', 'G']
C39469796,['G', 'G', 'G', 'G', 'G']
C08588765,['O', 'O', 'G', 'G', 'O', 'G']
C00090576,['G', 'G']
C65946114,['G', 'O', 'G', 'G', 'G']
C36050251,['G', 'G', 'G', 'G', 'G', 'G', 'G', 'G', 'O']
C35828413,['G', 'G', 'G', 'G', 'G', 'O', 'O', 'O', 'G']
C34724956,['G', 'G', 'G', 'G', 'G', 'G', 'O']
C20564243,['G', 'G', 'G', 'G', 'G', 'G', 'G']
C19808585,['G', 'O', 'G', 'O', 'G']
C06032820,['G', 'G', 'O']
C17597621,['G', 'G', 'O', 'G', 'G', 'O', 'G', 'G']
C14542350,['G', 'G', 'G', 'G', 'O']
C00369104,['G', 'G']
C13731596,['G', 'G', 'G', 'G']
C57848760,['G', 'G', 'O']
C56199835,['G', 'G', 'G', 'G', 'O', 'O', 'G', 'G']
C21279796,['G', 'G', 'G', 'O', 'G', 'G']
C21803227,['G', 'G', 'O', 'G']
C04142133,['G', 'G', 'G', 'G', 'G', 'O', 'O']
C13800963,['G', 'O', 'G', 'G', 'O', 'G', 'G', 'G']
C40316325,['O', 'G', 'O']
C13206218,['O', 'G', 'G', 'O', 'G', 'G', 'G', 'G', 'G']
C39851382,['G', 'G', 'G', 'G', 'G', 'O']
C38704632,['G', 'G', 'G', 'G']
C40149859,['G', 'G', 'G', 'G', 'G', 'G', 'G', 'G']
C16936046,['G', 'O', 'G', 'G', 'G', 'G', 'O']
C58369547,['O', 'G', 'O']
C08340818,['G', 'G', 'G', 'G', 'G', 'G', 'G', 'G']
C39482083,['G', 'G', 'G', 'G', 'G', 'G']
C36736741,['G', 'G', 'G', 'G', 'G']
C67373860,['G', 'G', 'O']
C34979492,['G', 'G', 'G', 'G', 'O', 'G', 'G', 'G', 'G']
C14046045,['O', 'G', 'G', 'G', 'G', 'O', 'G', 'G']
C04683983,['O', 'O', 'O', 'G', 'O']
C06738899,['G', 'O', 'O', 'G']
C09520420,['G', 'G', 'G', 'G', 'O']
C12619841,['O', 'G', 'G', 'O', 'O', 'G', 'G']
C01219131,['G', 'G', 'G', 'G', 'O']
C66500727,['G', 'G', 'G', 'G', 'G']
C41122604,['G', 'G', 'G', 'O', 'G', 'G']
C39994231,['G', 'G', 'O', 'G', 'O']
C10249381,['O', 'G', 'G', 'G', 'G', 'G']
C13352419,['G', 'G', 'O', 'G', 'G', 'G', 'G', 'G', 'G']
C17112820,['G', 'G', 'G', 'G']
C40342002,['G', 'O', 'G', 'G', 'G']
C49623805,['G', 'G', 'O', 'G']
C64924315,['O', 'G', 'G', 'O', 'G']
C36050341,['G', 'G', 'G', 'O', 'O', 'G', 'G', 'O', 'G']
C66467707,['G', 'G', 'O', 'G', 'G']
C39030063,['G', 'O', 'O', 'G', 'G', 'G']
C32124442,['G', 'G', 'G', 'O', 'G']
C12833180,['G', 'G', 'G', 'G', 'G', 'G', 'G']
C09598837,['G', 'G', 'G', 'G', 'G', 'G', 'G', 'G']
C30530134,['O', 'G', 'G', 'G', 'G']
C02098724,['G', 'G', 'G', 'G', 'O', 'G', 'O', 'O']
C36063193,['G', 'G', 'G', 'G', 'G', 'G', 'G', 'G', 'G']
C13206187,['G', 'G', 'G', 'G', 'G', 'O', 'O', 'G', 'G', 'O']
C11933635,['G', 'G', 'G', 'G', 'G', 'O', 'G']
C39938785,['G', 'G', 'G', 'G', 'G']
C35967633,['G', 'G', 'G', 'G', 'O', 'G']
C14550785,['G', 'G', 'G', 'G']
C08592357,['G', 'G', 'G', 'O', 'O', 'G', 'G']
C13456323,['G', 'G', 'G', 'O', 'G', 'G', 'G', 'G']
C05373779,['G', 'O', 'G', 'G', 'G', 'G']
C39950497,['G', 'G', 'G', 'G', 'G', 'G']
C23328959,['G', 'G', 'G', 'G', 'O', 'G', 'G', 'G', 'G']
C51645653,['O', 'G', 'O', 'G', 'G']
C39482081,['G', 'G', 'G', 'G', 'G', 'G']
C33068547,['G', 'G', 'G', 'G', 'G', 'G', 'O']
C38620283,['G', 'G', 'G', 'G', 'G', 'G', 'G', 'G']
C51324795,['G', 'G', 'G']
C27571576,['O', 'G', 'O']
C39935930,['G', 'O', 'G', 'G', 'G']
C65271915,['O', 'O', 'O', 'G', 'G', 'O']
C13417907,['G', 'G', 'G', 'G', 'O', 'G', 'G', 'G', 'O']
C18143232,['G', 'G', 'G', 'G', 'G', 'G']
C35988214,['G', 'G', 'G', 'G', 'G', 'O', 'G', 'G']
C65168278,['O', 'O', 'G', 'O', 'G']
C20325159,['G', 'O', 'G', 'O', 'G', 'G']
C13256836,['G', 'G', 'G', 'O', 'G', 'G', 'G']
C55144132,['G', 'O', 'G', 'G']
C32074771,['G', 'G', 'G']
C08791499,['O', 'O', 'O', 'G', 'G', 'G', 'G', 'G']
C64891137,['G', 'G', 'G', 'G']
C48941958,['O', 'G', 'G', 'O', 'G', 'G', 'G']
C26819436,['G', 'G', 'O', 'G', 'G', 'G', 'G', 'G', 'O', 'G']
C31295790,['G', 'G', 'G', 'G', 'O', 'G', 'O']
C32074212,['G', 'O', 'O', 'G', 'G', 'G']
C32958972,['G', 'G', 'G', 'O', 'G', 'G', 'G']
C35693810,['G', 'G', 'O', 'G', 'G', 'G', 'O', 'G']
C08172513,['G', 'G', 'G', 'G', 'O', 'G']
C08708758,['G', 'G', 'O', 'G', 'G', 'G']
C03337364,['G', 'G', 'G', 'G', 'G', 'G']
C25160451,['G', 'O', 'G', 'G', 'G', 'G', 'G', 'G', 'G']
C13397512,['G', 'G', 'O', 'G', 'G', 'G', 'G', 'G', 'G', 'G']
C60375863,['G', 'G', 'G', 'G', 'G', 'G', 'G', 'G', 'G']
C01475910,['G', 'G', 'G', 'G', 'O', 'G', 'G']
C37944532,['O', 'G', 'O']
C10048637,['G', 'G', 'G', 'G', 'G', 'G']
C05165160,['O', 'O', 'G']
C21732852,['G', 'O', 'G', 'G', 'G']
C04851059,['G', 'G', 'G']
C62041341,['G', 'O', 'G']
C27020828,['G', 'O', 'G', 'G', 'G', 'G']
C44322718,['G', 'G', 'G', 'O', 'G', 'G', 'G', 'G', 'G']
C13083108,['G', 'G', 'G', 'O', 'G', 'G', 'G']
C38980756,['G', 'G', 'G', 'G', 'G']
C04566499,['G', 'G', 'O', 'G']
C62508414,['G', 'G', 'G', 'G']
C14010916,['G', 'G', 'O', 'G', 'G', 'G', 'G']
C63145949,['G', 'G', 'G', 'G']
C40323624,['G', 'G', 'G', 'G']
C11772673,['G', 'G', 'G', 'G', 'G', 'G', 'G', 'G']
C41124669,['G', 'G', 'O', 'G']
C51128682,['G', 'G', 'O', 'O']
C11995308,['G', 'G', 'G', 'G', 'G', 'G', 'G', 'O']
C60554304,['G', 'G', 'G', 'O', 'O', 'O', 'G']
C58825058,['G', 'O', 'G', 'G', 'G', 'G']
C09953044,['G', 'G', 'G', 'G', 'G', 'G']
C37245018,['G', 'G', 'G', 'G']
C65920282,['G', 'G', 'G', 'G', 'G', 'G', 'G']
C13315045,['G', 'G', 'G', 'G', 'G', 'O', 'G', 'G', 'G', 'G']
C55688791,['O', 'G', 'G', 'G']
C17085195,['O', 'G', 'G', 'G', 'G', 'O', 'O']
C20760539,['G', 'G', 'O', 'G', 'G', 'G']
C03833754,['O', 'G', 'G', 'G']
C54682722,['G', 'G']
C37178378,['G', 'G', 'G', 'G']
C51712468,['G', 'G', 'G', 'O', 'O']
C24775465,['G', 'O', 'O', 'G', 'G', 'G', 'G', 'G']
C16695739,['G', 'G', 'G', 'G', 'G', 'O', 'G', 'G']
C51626210,['G', 'G', 'G', 'G', 'G']
C35715366,['G', 'G', 'O', 'G', 'G', 'G', 'G', 'G']
C64228677,['G', 'G', 'G', 'G', 'G', 'G', 'G']
C37673292,['G', 'G', 'O', 'O', 'G']
C00622062,['G', 'G', 'G', 'G', 'G', 'G', 'O', 'G']
C39280072,['G', 'G', 'G', 'G', 'G']
C45457930,['G', 'G', 'G', 'G', 'G', 'G', 'G', 'G']
C34974943,['O', 'O', 'G', 'O', 'G', 'G', 'G', 'G', 'G']
C04406169,['O', 'O', 'G', 'G']
C46705256,['G', 'G', 'G', 'G', 'G', 'G', 'G', 'G', 'O']
C65168280,['G', 'O', 'G', 'O', 'O']
C09380920,['G', 'G', 'G', 'G', 'G', 'G']
C62930867,['G', 'G', 'G', 'G', 'G', 'G', 'G']
C60183666,['O', 'O', 'G', 'G', 'G', 'G', 'O']
C25176015,['G', 'G', 'O', 'G', 'O', 'G']
C03070946,['G', 'G', 'G', 'G']
C22224020,['G', 'O', 'O', 'G', 'G', 'O']
C13205106,['G', 'G', 'G', 'G', 'G', 'O', 'O', 'G', 'G']
C32973556,['G', 'G', 'G', 'G', 'G', 'G', 'G', 'G']
C35967636,['G', 'G', 'O', 'G', 'G', 'G']
C25833433,['G', 'G', 'G', 'G', 'G']
C12542121,['G', 'G', 'O', 'O', 'O']
C19744352,['G', 'G', 'G', 'G', 'G', 'G', 'G']
C49528573,['G', 'G', 'G', 'G']
C58225775,['G', 'O', 'G', 'G', 'G', 'G', 'G']
C25473407,['G', 'G', 'G', 'G', 'G', 'G', 'O']
C13456320,['G', 'O', 'G', 'G', 'G', 'G', 'G']
C13037860,['O', 'G', 'O', 'G', 'G', 'G', 'O']
C23945709,['G', 'G', 'G', 'G', 'G', 'G', 'G', 'G', 'O', 'O', 'G', 'G']
C18180279,['O', 'G']
C04411592,['G', 'O', 'G', 'G', 'G']
C09018867,['G', 'O', 'G', 'G']
C13461553,['G', 'G', 'O', 'O', 'G']
C04738469,['O', 'O', 'G']
C35696238,['G', 'G', 'G', 'G', 'G', 'G', 'G', 'G', 'G', 'G']
C55631992,['O', 'G', 'G', 'G', 'G', 'G', 'G']
C14322936,['G', 'G', 'G', 'O']
C21876251,['G', 'G', 'G', 'G', 'G', 'G', 'G', 'G']
C15678666,['O', 'O', 'G', 'G', 'O', 'G', 'G']
C39467582,['O', 'G', 'G', 'G', 'G', 'G']
C35597812,['G', 'G', 'G', 'G']
C39949511,['G', 'G', 'G', 'G']
C32973779,['G', 'G', 'G', 'G', 'O', 'G', 'G', 'G']
C63911286,['G', 'G', 'G', 'G', 'G', 'O']
C65694671,['G', 'G', 'O', 'G']
C40139303,['G', 'G', 'G', 'O']
C25840191,['G', 'G', 'G', 'O', 'G', 'G', 'G', 'O', 'G', 'G']
C45644418,['G', 'G', 'G', 'G', 'G', 'G', 'O']
C65514967,['O', 'O', 'G', 'G', 'G', 'G']
C21048563,['G', 'G', 'O']
C44839970,['G', 'G', 'G', 'G', 'G', 'G']
C08985462,['G', 'G', 'G', 'G', 'G']
C19808320,['G', 'G', 'O']
C30822076,['G', 'G', 'G', 'O', 'G']
C09440272,['O', 'G', 'G', 'G', 'G', 'G', 'G', 'G', 'G']
C11423402,['O', 'G', 'G', 'G', 'G', 'G', 'G']
C39964425,['G', 'G', 'G', 'G', 'G', 'G', 'G', 'G', 'G']
C03885416,['G', 'G', 'G']
C14607751,['G', 'G', 'G', 'G', 'G']
C13206755,['G', 'G', 'G', 'G', 'G', 'O', 'G', 'G', 'O']
C09677740,['G', 'G', 'G', 'G', 'G', 'G']
C39975720,['G', 'O', 'G', 'G', 'G', 'O']
C13201450,['G', 'G', 'G', 'G', 'G', 'G', 'O', 'G', 'G', 'G']
C37037592,['G', 'G', 'O']
C19221839,['G', 'G', 'G', 'G', 'G', 'O']
C09817920,['G', 'G', 'O', 'G', 'G', 'G', 'G', 'O', 'G', 'G']
C66121739,['G', 'G', 'O', 'G', 'G', 'G']
C44319420,['G', 'G', 'G', 'G', 'G', 'O', 'G', 'G']
C54498917,['O', 'G', 'G', 'G', 'G', 'G', 'G', 'G']
C65361136,['G', 'G', 'G', 'G', 'G', 'G', 'G']
C37052684,['G', 'G', 'G']
C04354193,['G', 'O', 'G', 'G', 'G']
C51006674,['G', 'G', 'G', 'G', 'G', 'G', 'G', 'G']
C01133442,['G', 'G', 'G', 'G']
C40901800,['O', 'G', 'G', 'G', 'G', 'O']
C44320696,['G', 'G', 'G', 'G', 'G', 'G', 'O', 'G', 'G']
C27562043,['G', 'G', 'G', 'G', 'G', 'O', 'G', 'G']
C08910271,['G', 'G', 'G', 'G', 'O', 'G']
C36640880,['G', 'G', 'G', 'G', 'G', 'G', 'G']
C31630780,['O', 'G', 'G', 'G', 'G', 'O', 'G', 'G', 'G', 'G', 'G']
C16090622,['G', 'G', 'G', 'G', 'G', 'G']
C66580890,['G', 'G', 'G', 'G', 'O']
C12850911,['O', 'O', 'G', 'G']
C64359788,['O', 'O', 'G', 'O', 'G', 'G']
C67534877,['G', 'G', 'G', 'G', 'G', 'G']
C35692725,['G', 'G', 'G', 'G', 'O', 'G', 'G', 'G', 'G', 'G']
C37929447,['G', 'G', 'O']
C02649964,['G', 'O', 'G', 'G', 'O', 'G']
C13203978,['G', 'G', 'G', 'G', 'G', 'O', 'G', 'G']
C00913639,['G', 'O', 'O', 'G', 'O', 'G']
C35697396,['G', 'G', 'G', 'G', 'G', 'G', 'G', 'G', 'G']
C28240216,['G', 'G', 'G', 'G', 'G', 'G', 'G']
C31660847,['G', 'G', 'G', 'O', 'G', 'O', 'G']
C09153391,['G', 'G', 'G', 'G', 'G', 'G']
C37254517,['G', 'G', 'G']
C39863497,['O', 'G', 'G', 'G']
C13073412,['G', 'G', 'G', 'G', 'G', 'G', 'G', 'G']
C15448546,['G', 'G', 'G', 'G', 'G', 'O']
C21153864,['G', 'G', 'G', 'G', 'G', 'G', 'G', 'O']
C01210635,['O', 'O', 'G', 'G', 'G', 'G']
C36329886,['G', 'G']
C12883304,['G', 'G', 'G', 'O', 'G', 'G']
C35692767,['G', 'G', 'G', 'G', 'G', 'G', 'G', 'O', 'O']
C40130050,['G', 'G', 'G', 'O', 'O', 'O', 'O']
C66121872,['G', 'G', 'G', 'G', 'O', 'G', 'G', 'O']
C65357507,['G', 'O', 'G', 'G', 'G', 'G']
CHEMBL1164315,['G', 'O', 'G', 'G', 'G', 'G', 'G', 'G', 'G']
C39936561,['G', 'G', 'G', 'O', 'G']
C51689180,['G', 'G', 'G', 'O', 'G', 'O', 'G']
C00913637,['G', 'O', 'G', 'G', 'O', 'G']
C08899677,['G', 'G', 'G', 'O', 'G', 'G', 'G']
C09006765,['G', 'G', 'G', 'G', 'G', 'G', 'G']
C64746763,['G', 'G', 'O', 'G', 'O', 'G']
C14200493,['O', 'O', 'G', 'G']
C20621004,['G', 'G', 'O', 'G', 'G']
C41055025,['G', 'G', 'O']
C20643993,['O', 'G', 'G', 'G', 'G', 'G', 'G', 'G', 'O']
C46916604,['G', 'G', 'G', 'G', 'G', 'G', 'O']
C35597811,['G', 'G', 'G', 'G']
C56157794,['O', 'G', 'G', 'O', 'G']
C59282389,['G', 'G', 'G', 'O', 'G', 'G']
C15048128,['G', 'G', 'G', 'G', 'G', 'G', 'G', 'G', 'O', 'G', 'G']
C66497147,['G', 'G', 'G']
C35428646,['G', 'G', 'G', 'G', 'G', 'G', 'O']
C63908802,['G', 'G', 'G', 'G', 'G']
C40070209,['O', 'G', 'O', 'G', 'G', 'G']
C09347770,['G', 'G', 'G', 'G', 'O', 'G']
C21728246,['G', 'G', 'G', 'G', 'G', 'G', 'O']
C59266761,['G', 'G', 'G', 'O', 'O']
C13069930,['G', 'G', 'G', 'G', 'G', 'G', 'G']
C05235947,['G', 'G', 'G', 'O', 'O', 'G']
C66505633,['O', 'G', 'G', 'G', 'G', 'G', 'G', 'G', 'G']
C35734424,['O', 'G', 'G', 'G']
C33350087,['G', 'G', 'G', 'O', 'G', 'O', 'G']
C13667753,['G', 'G', 'G', 'G', 'G', 'G', 'G', 'O']
C49492491,['G', 'G', 'G', 'G', 'G', 'O']
C57308156,['G', 'G', 'O', 'G', 'G', 'O', 'G', 'G', 'G', 'G']
C00243731,['O', 'G', 'G']
C40400732,['G', 'G', 'G', 'G', 'G', 'O', 'O', 'G']
C22473440,['G', 'G', 'G', 'G', 'G']
C58457386,['G', 'G', 'G', 'G', 'G']
C07127524,['G', 'G', 'G', 'G', 'G', 'G', 'G', 'O', 'O']
C13401406,['O', 'G', 'O', 'G', 'G', 'G']
C05291558,['G', 'G', 'G', 'G', 'O']
C37052686,['G', 'G', 'G']
C36064957,['G', 'G', 'G', 'G', 'G', 'G', 'G', 'G', 'G']
C65454853,['O', 'G', 'G', 'G']
C65529424,['G', 'G', 'G', 'G']
C10534476,['G', 'G', 'G', 'G', 'G', 'G', 'G', 'G']
C57951324,['G', 'G', 'G', 'G', 'G', 'G']
C65311246,['G', 'O', 'G', 'G', 'O']
C35694472,['G', 'G', 'G', 'G', 'O', 'G', 'G', 'O']
C61889609,['O', 'G', 'G', 'G']
C34923465,['G', 'G', 'G', 'G', 'G', 'G', 'G', 'G']
C32972800,['G', 'G', 'G', 'G', 'G', 'G', 'G', 'O', 'G']
C15288729,['O', 'G', 'G', 'G', 'G', 'G', 'G']
C13187481,['O', 'O', 'G', 'G', 'G', 'O', 'G']
C41288868,['G', 'G', 'G', 'G', 'G', 'G']
C35432623,['G', 'G', 'O']
C33088160,['G', 'G', 'G', 'G']
C67491269,['G', 'O', 'G', 'G', 'G']
C23425757,['G', 'O', 'G', 'O']
C13176368,['O', 'O', 'G', 'G', 'G', 'G', 'G', 'O']
C39670185,['O', 'G', 'G', 'G', 'G']
C13059527,['G', 'G', 'G', 'G', 'G']
C35752665,['O', 'G', 'G', 'G', 'G', 'G', 'O', 'G', 'O', 'G']
C52964426,['G', 'G', 'O', 'O', 'G', 'G']
C06684357,['G', 'G', 'G', 'G', 'G']
C10534475,['G', 'O', 'G', 'G', 'G', 'G', 'G', 'G']
C46135132,['G', 'O', 'G', 'O', 'G', 'G', 'G', 'G']
C08593658,['O', 'G', 'G', 'G', 'G', 'G', 'G', 'O']
C66492332,['G', 'G', 'O']
C05274294,['O', 'O', 'G']
C63490954,['G', 'G', 'O', 'G', 'O', 'G', 'G']
C08306460,['O', 'O', 'G']
C66740252,['G', 'G', 'G']
C13096729,['G', 'G', 'G', 'G', 'G', 'O', 'G']
C12340918,['G', 'G', 'G', 'G']
C33058988,['O', 'G', 'G', 'G', 'G', 'G', 'G']
C40354703,['G', 'G', 'G', 'O']
C14607762,['G', 'G', 'G', 'G', 'G']
C50655343,['G', 'G', 'G', 'G', 'O']
C09155496,['G', 'G', 'O', 'G']
C49412719,['G', 'G', 'G', 'G', 'G']
C66395929,['G', 'O', 'G', 'G', 'G', 'G', 'G']
C46587289,['G', 'O', 'G', 'G', 'G', 'O', 'G']
C56073108,['G', 'G', 'G', 'G', 'G', 'G']
C39959019,['G', 'G', 'G', 'G']
C63768323,['G', 'O', 'G', 'O', 'G', 'G']
C06653678,['G', 'G', 'G', 'G', 'G', 'G', 'G', 'G']
C12703307,['G', 'G', 'G', 'G', 'G', 'G', 'G']
C16080573,['G', 'G', 'G', 'O', 'G']
C09108962,['G', 'G', 'G', 'G', 'O', 'G']
C37254452,['G', 'G', 'G']
C36621529,['G', 'G', 'G', 'G', 'G', 'G', 'G', 'G']
C51619839,['G', 'G', 'G', 'G', 'G', 'G', 'O']
C63911310,['G', 'O', 'G', 'G', 'G', 'G', 'G']
C15779602,['G', 'G', 'G']
C20356415,['G', 'G', 'G', 'G', 'O', 'G']
C10908748,['O', 'G', 'G', 'G', 'O', 'G', 'O', 'O']
C32606903,['G', 'G', 'G', 'G', 'G', 'G', 'G', 'G']
C49589902,['G', 'G', 'G', 'G', 'G']
C67029327,['O', 'G', 'G', 'G', 'O']
C32635331,['G', 'G', 'G', 'O', 'G', 'G', 'G', 'G']
C44300252,['G', 'G', 'G', 'G', 'G', 'O', 'O', 'G']
C13444205,['O', 'G', 'G', 'G', 'O', 'G', 'G', 'G', 'G', 'G', 'G']
C36050235,['G', 'G', 'O', 'G', 'G', 'G', 'G', 'G', 'G', 'G']
C14654990,['G', 'G', 'G', 'G', 'O', 'G']
C49485055,['G', 'G', 'G', 'G', 'G', 'O', 'G', 'G']
C59383174,['G', 'O', 'O']
C13335936,['O', 'G', 'G', 'G', 'G', 'G', 'O', 'G', 'G', 'G']
C39469948,['O', 'G', 'O', 'G', 'G']
C01324698,['O', 'G', 'G', 'G', 'O', 'G']
C28082978,['G', 'G', 'G', 'G', 'G', 'O']
C19847787,['G', 'G', 'O']
C17195211,['G', 'G', 'G', 'G', 'G']
C09533406,['G', 'O']
C01334445,['G', 'G', 'G', 'G', 'G', 'O']
C02968507,['G', 'G', 'G', 'G', 'G', 'G', 'G']
C61889610,['O', 'G', 'G', 'G']
C49122938,['G', 'G', 'G', 'O', 'O']
C39709836,['O', 'G', 'G', 'G', 'O', 'G', 'G', 'G', 'G']
C09892472,['G', 'G', 'G', 'G', 'G', 'O']
C54592022,['O', 'G', 'G', 'G', 'G', 'G', 'O', 'O']
C59335691,['G', 'G', 'O', 'G', 'G', 'G', 'O', 'O', 'G']
C02886334,['O', 'G', 'G', 'G', 'G', 'G', 'G']
C16739703,['G', 'G', 'G', 'G', 'G', 'G']
C49395759,['G', 'G', 'G', 'G', 'G']
C54531777,['G', 'G', 'G', 'G', 'O', 'G']
C46738287,['G', 'G', 'G', 'G', 'G', 'G', 'O', 'G', 'G']
C36828134,['G', 'G', 'G', 'G', 'G', 'G', 'O', 'G', 'G']
C64137670,['G', 'G', 'G', 'O', 'G', 'G', 'G', 'O', 'O']
C58647568,['G', 'G', 'G', 'G', 'G', 'G', 'G']
C52857628,['G', 'O', 'G']
C23231569,['G', 'G', 'G', 'G', 'O']
C50926348,['G', 'G', 'O']
C16547722,['G', 'G', 'G', 'O', 'G', 'G', 'O', 'O']
C09646629,['G', 'G', 'G', 'G', 'G']
C10029435,['G', 'G', 'O', 'G']
C52743564,['G', 'G', 'G', 'G', 'G', 'G', 'G']
C57479627,['G', 'G', 'G', 'G', 'G', 'G', 'G', 'G']
C44321009,['G', 'G', 'G', 'G', 'G', 'G', 'O', 'G']
C22325884,['O', 'G', 'G', 'G', 'G', 'G', 'O']
C59203448,['G', 'G', 'G', 'G', 'O', 'O']
C13201525,['G', 'G', 'G', 'G', 'G', 'G', 'G', 'G', 'G']
C63281428,['G', 'G', 'G', 'G', 'G', 'G']
C66664708,['G', 'G', 'O', 'G', 'G', 'G']
C09195505,['G', 'O', 'O', 'G', 'G']
C44297481,['O', 'O', 'G', 'O', 'G', 'G', 'G', 'G']
C21505912,['G', 'G', 'G']
C09313401,['G', 'G', 'G', 'G', 'G', 'G']
C54096746,['G', 'G', 'G', 'G', 'G', 'G']
C51676141,['G', 'G', 'G', 'G', 'O', 'G']
C37865930,['G', 'G', 'G', 'G', 'O', 'O']
C17242386,['G', 'G', 'G', 'G', 'G', 'G']
C05797473,['O', 'G', 'G', 'O']
C42326648,['G', 'G', 'G', 'G', 'G', 'G', 'G', 'G']
C64236560,['G', 'G', 'G', 'G']
C13018759,['O', 'G', 'G', 'G', 'O', 'G', 'G', 'G', 'G']
C37637460,['G', 'G', 'G', 'G', 'G', 'G', 'G', 'G']
C09284939,['G', 'G', 'G', 'G', 'O', 'O', 'G']
C40385412,['G', 'G', 'G', 'O']
C21701588,['G', 'G', 'G', 'G']
C04604003,['G', 'O', 'G']
C49487887,['O', 'G', 'G', 'G', 'G', 'G', 'G']
C13206239,['O', 'O', 'G', 'G', 'G', 'G', 'G']
C09047786,['G', 'G', 'G', 'G']
C13191669,['G', 'G', 'O', 'O', 'G', 'G', 'G']
C02278272,['G', 'G']
C58433811,['G', 'G', 'O', 'G']
C17190711,['G', 'G', 'G', 'G', 'G', 'G']
C36354103,['G', 'G', 'G', 'G', 'O', 'G', 'G']
C39484827,['G', 'G', 'G', 'G', 'G', 'G', 'G', 'G', 'O']
C36743124,['G', 'G', 'O']
C33111270,['G', 'G', 'G', 'G', 'O', 'O', 'G']
C50976871,['G', 'G', 'G', 'G', 'G', 'G', 'G', 'O', 'G']
C48949025,['G', 'G', 'G', 'G', 'G', 'G', 'G']
C10880645,['G', 'G', 'G', 'G', 'G', 'G', 'G', 'O']
C39569317,['G', 'G', 'O', 'G', 'O', 'G', 'G', 'G', 'G', 'O']
C13192064,['G', 'G', 'O', 'G', 'O', 'G', 'G']
C51994716,['G', 'G', 'G']
C50585832,['G', 'G', 'G', 'G']
C13201753,['G', 'G', 'G', 'G', 'G', 'G', 'G', 'G', 'G']
C64790854,['G', 'O', 'G', 'G']
C44321010,['G', 'G', 'G', 'G', 'G', 'G', 'O', 'G']
C05084017,['O', 'O', 'G', 'G', 'G']
C01065857,['G', 'G']
C46842019,['O', 'G', 'G', 'O', 'G', 'G', 'G', 'O']
C51011824,['G', 'G', 'G', 'G', 'O', 'G', 'G']
C13099023,['G', 'G', 'G', 'G']
C28353850,['G', 'G', 'O', 'G', 'G', 'G']
C27300474,['G', 'G', 'O', 'G', 'G', 'G', 'G']
C01068243,['G', 'G', 'G', 'G', 'G']
C13640682,['G', 'G', 'G', 'G', 'G', 'G']
C02312264,['G', 'G', 'G', 'G', 'G', 'G', 'G', 'G', 'G']
C12647950,['G', 'O', 'G', 'O', 'O']
C17205915,['O', 'G', 'G', 'G', 'G']
C52430536,['O', 'G', 'G', 'G', 'G', 'G', 'O']
C06929834,['G', 'G', 'O', 'G', 'G', 'G', 'O', 'G']
C36384646,['O', 'G', 'G', 'G', 'G', 'G']
C06084924,['O', 'G', 'G', 'G', 'O', 'G']
C35448417,['G', 'G', 'O', 'O', 'G']
C10251565,['G', 'G', 'G', 'G', 'G']
C20564122,['G', 'G', 'G', 'G', 'G', 'G', 'G']
C20564313,['G', 'G', 'G', 'G', 'G', 'G', 'G']
C36748256,['G', 'G', 'G', 'G', 'O']
C14128567,['G', 'G', 'G']
C24070524,['O', 'G', 'G', 'G', 'G']
C67076902,['G', 'G', 'G', 'G', 'G', 'G']
C05539762,['O', 'G', 'G', 'G', 'G', 'G', 'G', 'G', 'O']
C24052764,['G', 'G', 'O', 'G']
C12703006,['G', 'G', 'G', 'G', 'G', 'G']
C20943264,['G', 'O', 'G', 'G', 'G', 'G', 'G']
C32971920,['G', 'G', 'G', 'G', 'G', 'G', 'G', 'O']
C64896238,['G', 'G', 'G', 'G', 'G', 'G', 'G', 'G', 'G', 'G']
C22874885,['G', 'G', 'G', 'G', 'G', 'G', 'G']
C56554768,['G', 'G', 'G', 'G', 'G', 'G', 'G', 'G']
C14244049,['G', 'O', 'O', 'G', 'G', 'G', 'O']
C39154718,['G', 'G', 'G', 'G', 'G', 'G', 'G', 'G', 'G', 'G']
C04033858,['G', 'G', 'G', 'G', 'G']
C01177709,['G', 'G', 'G', 'G', 'G', 'G', 'G']
C32973394,['G', 'G', 'G', 'G', 'O', 'G', 'G', 'G', 'G']
C30665754,['G', 'G', 'O', 'G', 'G', 'G', 'G', 'G', 'G']
C42109804,['O', 'G', 'G', 'G']
C15000945,['G', 'G', 'G', 'G', 'G', 'G', 'G']
C64435297,['G', 'G', 'G', 'O']
C44910733,['G', 'G', 'O', 'G', 'O', 'G', 'O']
C32771987,['O', 'G', 'G', 'O', 'G', 'G', 'O']
C09341282,['G', 'G', 'G', 'G']
C13248157,['G', 'G', 'G', 'G', 'O', 'G', 'G', 'G', 'O']
C16336120,['G', 'G', 'G', 'G', 'G', 'G', 'G', 'G', 'G']
C04891330,['G', 'O', 'G', 'G']
C20562100,['G', 'G', 'G', 'O', 'G', 'G']
C06460362,['G', 'G', 'G', 'G', 'O', 'G', 'G', 'G', 'G', 'O']
C03984368,['G', 'O', 'G', 'G', 'G', 'G', 'O', 'G', 'G']
C50837104,['G', 'G', 'G', 'G', 'G']
C06459032,['G', 'G', 'G', 'G', 'G', 'G', 'G', 'G', 'O', 'G', 'G']
C59203054,['G', 'G', 'O', 'G', 'G', 'G', 'G']
C06481734,['G', 'G', 'G', 'O', 'G', 'G', 'G']
C63254352,['G', 'G', 'G', 'G', 'G', 'G']
C09820140,['G', 'G', 'G', 'O', 'G', 'G']
C13243517,['G', 'O', 'O', 'G', 'G', 'G', 'G', 'G', 'G']
C23908617,['G', 'G', 'G', 'G', 'G', 'G', 'G', 'G']
C51030589,['G', 'G', 'G', 'G', 'G', 'G', 'G', 'G', 'G']
C50836618,['G', 'G', 'G', 'G', 'G', 'O', 'G', 'G']
C13178828,['G', 'G', 'G', 'O', 'G', 'G', 'G', 'G', 'G']
C41541691,['G', 'G', 'G', 'G', 'G', 'G', 'G', 'G']
C35344143,['G', 'G', 'G', 'O', 'G', 'G', 'O']
C51652909,['G', 'G', 'G', 'G', 'G', 'G', 'G']
C56144758,['O', 'G', 'G', 'G', 'G', 'G', 'G', 'G']
C28049541,['O', 'G', 'G', 'G', 'O', 'G', 'O']
C44324865,['O', 'G', 'G', 'O', 'G', 'G', 'G', 'G', 'G']
C09668617,['G', 'G', 'G', 'G', 'G']
C13020402,['O', 'G', 'O', 'G', 'G', 'G', 'G', 'G']
C46543256,['G', 'G', 'G', 'G', 'G', 'G', 'O']
C13190361,['G', 'G', 'G', 'G', 'G', 'G']
C02764813,['G', 'G', 'G', 'G', 'G', 'G', 'G', 'G', 'O']
C12526119,['G', 'G', 'G', 'G', 'G', 'G']
C07154138,['G', 'G', 'G', 'G']
C02312328,['G', 'G', 'G', 'G', 'G', 'G', 'G', 'G']
C09412656,['G', 'O', 'G', 'G', 'G', 'G', 'G']
C43043024,['G', 'G', 'G', 'G', 'G', 'G']
C42578269,['G', 'G', 'G', 'G', 'O']
C17077601,['G', 'G', 'O', 'G', 'G', 'G', 'O']
C01127468,['G', 'G', 'O', 'G', 'G', 'G', 'G']
C13204616,['O', 'O', 'G', 'G', 'G', 'G', 'G', 'O', 'G']
C01351243,['O', 'G', 'G', 'G', 'G', 'G']
C21601590,['G', 'G', 'G', 'O', 'G', 'G', 'O', 'G', 'G', 'G']
C54398322,['G', 'G', 'O']
C51030573,['G', 'G', 'G', 'G', 'G', 'G', 'O']
C15920038,['G', 'G', 'G', 'G', 'G', 'G']
