C27528599,['O', 'G', 'O', 'G', 'G', 'G', 'G']
C59016222,['G', 'G', 'G', 'O', 'G', 'G', 'G']
C60340397,['G', 'O', 'G', 'G', 'G', 'G']
CHEMBL405653,['G', 'G', 'G', 'G', 'G', 'G', 'G', 'G', 'G', 'G']
C17067487,['G', 'G', 'G', 'G', 'G', 'O']
C27528921,['G', 'G', 'G', 'G', 'G', 'O', 'O', 'G']
C12290998,['G', 'G', 'G']
C09942606,['G', 'G', 'G', 'O']
C15232694,['G', 'G', 'O', 'G', 'G', 'G', 'G', 'O']
C28360128,['G', 'G', 'O', 'G', 'G', 'G', 'G']
C27528574,['O', 'G', 'O', 'G', 'O', 'G', 'O']
C20175390,['G', 'G', 'G', 'G', 'G']
C11959091,['G', 'G', 'O', 'O', 'G', 'O', 'O', 'O']
C02956249,['O', 'O', 'O']
C40845548,['O', 'G', 'G', 'O', 'G', 'G', 'G']
C24218149,['G', 'G', 'G', 'G', 'O', 'G']
C03373748,['O', 'G', 'G', 'G', 'G', 'G', 'O', 'G']
C06143841,['O', 'G', 'O']
CHEMBL505886,['G', 'G', 'G', 'G', 'G', 'G', 'G', 'G', 'G']
C40738877,['O', 'G', 'G', 'O', 'G', 'G', 'G']
C04984205,['O', 'O', 'G', 'G', 'G', 'G', 'G', 'G']
C21629015,['G', 'G', 'O', 'G', 'G', 'G', 'O', 'G']
C33261145,['G', 'G', 'O', 'G', 'G', 'G', 'G', 'G']
C00132961,['G', 'O', 'O', 'O', 'G', 'G']
C37857067,['O', 'O', 'G', 'G', 'G', 'G']
C58847518,['G', 'G', 'G', 'O']
C65565284,['G', 'G', 'G', 'G', 'G', 'G']
C06299011,['O', 'O', 'G', 'G', 'G', 'G']
C20874673,['G', 'O', 'G', 'G', 'G', 'G', 'G', 'G']
C19673792,['O', 'G', 'G', 'G', 'G', 'O']
C03464288,['G', 'G', 'O', 'G', 'G', 'G', 'G', 'G']
C04421176,['O', 'G', 'G']
C49065166,['G', 'O']
C23607056,['G', 'G', 'G', 'G', 'G']
C08919644,['G', 'O', 'G', 'G']
C14850697,['G', 'G', 'G', 'G', 'G', 'G', 'G', 'O']
C06889761,['G', 'G', 'G', 'G', 'G', 'G', 'G']
C09445089,['G', 'G', 'G', 'O', 'G']
C31249809,['G', 'G', 'G', 'G', 'G', 'G', 'G', 'G']
C11790339,['G', 'G', 'O', 'G', 'O', 'G']
C20319772,['G', 'G', 'G', 'G']
C27635358,['G', 'G', 'G', 'O', 'G', 'G', 'G', 'G']
C57434982,['G', 'O', 'G', 'G', 'O']
C02182973,['G', 'G', 'O']
C33171472,['G', 'O', 'G', 'G']
C34022671,['G', 'G', 'O']
C21639549,['G', 'O', 'G', 'G']
CHEMBL404984,['G', 'G', 'G', 'G', 'G', 'G', 'G']
CHEMBL386324,['G', 'G', 'G', 'G']
C21467671,['G', 'G', 'G', 'G', 'O', 'G', 'G']
C58356726,['G', 'G', 'G', 'G', 'G', 'G', 'O', 'G', 'G', 'G', 'G']
C20303627,['G', 'G']
C22076485,['G', 'G', 'G', 'G', 'G', 'G']
C14270783,['G', 'O', 'G', 'G', 'G']
C32216341,['G', 'O', 'G', 'G', 'G', 'G', 'G']
C67259577,['G', 'G', 'G', 'O', 'G']
C27528910,['G', 'O', 'G', 'G', 'G', 'G', 'G', 'G']
CHEMBL216807,['G', 'G', 'G', 'G']
C49919997,['G', 'G', 'G', 'G', 'G', 'G', 'G']
C09650456,['O', 'O', 'G', 'G', 'G', 'G']
C60214745,['G', 'O', 'G', 'G', 'G']
C27532467,['O', 'G', 'G', 'G', 'G', 'O']
C46769001,['O', 'G', 'G', 'O', 'G']
C41351256,['G', 'G', 'G', 'G', 'O']
C21639645,['G', 'O', 'G', 'O']
C36031343,['G', 'G', 'G', 'G', 'G', 'G', 'O', 'O']
C60941555,['G', 'O', 'G', 'O', 'O']
C07666000,['O', 'O', 'G', 'G']
C14022107,['G', 'G', 'G', 'G', 'O', 'G', 'G', 'G', 'O']
C27663579,['G', 'O', 'O', 'G', 'G', 'O', 'G', 'G', 'G', 'G']
CHEMBL264682,['G', 'G', 'G', 'G', 'G', 'G', 'G']
C40313834,['O', 'G', 'G', 'G', 'G', 'G', 'G', 'G', 'G', 'O']
C23329186,['G', 'G', 'G', 'O', 'G', 'G', 'G']
C02459158,['G', 'O', 'G', 'G', 'G']
C59835180,['G', 'G', 'G', 'G', 'G', 'O', 'G', 'G']
C04690148,['G', 'G', 'G']
C44592975,['G', 'G']
C40315908,['G', 'O', 'O', 'G', 'G', 'G', 'G', 'G', 'G', 'G', 'O']
C08561187,['G', 'G', 'G', 'G', 'G', 'G', 'G', 'G', 'G', 'O']
C00430182,['G', 'O']
CHEMBL385214,['G', 'G', 'G', 'G']
C66170284,['G', 'O', 'O', 'O', 'O', 'G', 'G']
C39971304,['O', 'G', 'G', 'G']
C34840760,['O', 'G', 'G', 'G', 'G']
C36874499,['G', 'G', 'G', 'O', 'G']
C07129773,['G', 'G', 'G', 'G', 'G', 'G', 'G', 'G']
C32129225,['O', 'O', 'G', 'G', 'G']
C13496740,['O', 'O', 'G', 'O', 'G', 'O']
C38166522,['O', 'O', 'O']
C60375936,['G', 'G', 'O']
C49927721,['G', 'G', 'G', 'G', 'O', 'O', 'O', 'O']
C00504435,['O', 'O', 'G', 'G', 'O', 'O']
C58846074,['G', 'G', 'G', 'G', 'G']
C11724985,['O', 'G', 'O']
C12769981,['G', 'G', 'G', 'G', 'G', 'O', 'O']
C50005899,['G', 'G', 'O', 'G', 'O']
C09239983,['G', 'G', 'O', 'G', 'G', 'O', 'G', 'G']
C21076865,['G', 'G', 'G', 'G', 'G', 'O', 'G']
C24964291,['O', 'O', 'G', 'G', 'G', 'O']
C18203366,['O', 'G', 'G']
C66092261,['G', 'G', 'G', 'G', 'G', 'G', 'G', 'G', 'G', 'G']
C06207651,['O', 'O', 'G', 'G', 'G', 'G', 'G']
C56778695,['G', 'G', 'G', 'G', 'G', 'G', 'G', 'G', 'G']
C04321525,['G', 'G', 'G', 'O', 'O']
C40281053,['G', 'G', 'G']
C38512097,['O', 'G', 'G', 'G', 'O', 'G', 'G', 'G']
C01724552,['G', 'G', 'G', 'G', 'G', 'O', 'G']
CHEMBL264416,['G', 'G', 'G', 'G', 'G', 'G', 'G', 'G']
CHEMBL260399,['G', 'G', 'G', 'G', 'G', 'G', 'G', 'G', 'G', 'G']
C40315122,['G', 'G', 'G', 'G', 'G', 'G', 'G', 'G', 'G', 'O']
C05003010,['G', 'G']
C32188380,['G', 'O', 'O', 'G', 'G', 'G', 'G']
C00445800,['G', 'G']
C16392673,['G', 'G', 'G', 'G', 'G']
C51635866,['O', 'G', 'G']
C32154922,['G', 'G', 'G', 'G', 'G', 'G', 'G']
C32950767,['G', 'G', 'G', 'G', 'G', 'O', 'G', 'G', 'O']
C05501292,['G', 'G', 'G', 'O']
C09795375,['G', 'G', 'G']
C04249089,['G', 'G', 'G', 'G']
C48572544,['G', 'O', 'G', 'G', 'G', 'G', 'G']
C34990206,['G', 'G', 'G', 'G', 'O', 'G']
C01076361,['O', 'O', 'G']
C66908398,['G', 'G', 'G', 'G', 'G', 'G', 'G', 'O', 'G', 'G', 'G', 'G']
C15317255,['G', 'G', 'G', 'G', 'G', 'G']
C66696617,['G', 'O', 'G', 'G', 'G', 'G', 'G']
C10345902,['G', 'G', 'G', 'G', 'G', 'G', 'G', 'G', 'G']
C32209066,['O', 'G', 'G', 'G', 'G']
C37206625,['G', 'G']
CHEMBL405655,['G', 'G', 'G', 'G', 'G', 'G', 'G']
C12631681,['G', 'O', 'G', 'G', 'G']
C63492758,['G', 'G', 'G', 'G', 'G', 'G', 'O', 'G', 'O']
C23328416,['G', 'G', 'G', 'G', 'O', 'G', 'G']
C07523616,['O', 'G', 'G', 'G', 'O', 'G', 'G']
C00513974,['O', 'O', 'O', 'O', 'G', 'G']
C63094050,['O', 'O', 'G', 'G', 'G', 'G', 'G', 'G']
C40315898,['O', 'G', 'G', 'G', 'G', 'G', 'G', 'G', 'G', 'G']
C21220064,['G', 'G', 'O', 'G', 'G', 'G']
C16161948,['G', 'O', 'G', 'G', 'G']
C01504978,['G', 'G', 'G']
C40504706,['G', 'G', 'G', 'O', 'G']
C27794281,['G', 'G', 'O', 'G', 'G', 'G', 'G']
C59566617,['G', 'G', 'O']
C37360268,['G', 'G', 'O', 'G']
C02679473,['G', 'G', 'G', 'G', 'O']
C03284113,['G', 'G', 'G', 'G']
C61910884,['G', 'G', 'G', 'G', 'O']
C04024383,['G', 'G', 'O', 'G', 'G', 'G', 'G', 'G']
C02611443,['G', 'G', 'G', 'G', 'G']
C04869058,['G', 'O', 'O', 'G', 'G', 'G', 'G']
C59888720,['G', 'G', 'G', 'G', 'G', 'O']
C67450454,['O', 'G', 'G', 'O', 'G']
C08415898,['G', 'G', 'G']
C27909869,['G', 'G', 'G', 'G', 'G', 'O', 'G', 'G']
C12595671,['G', 'O', 'O']
C02790640,['G', 'G', 'G', 'O']
C18193104,['G', 'G']
C04838456,['G', 'G', 'O', 'G', 'G', 'G', 'G', 'G']
C10316276,['G', 'G', 'G', 'G', 'G', 'G', 'G']
C38070099,['G', 'G', 'O', 'G', 'G']
C33025313,['G', 'G', 'O', 'G', 'G', 'G', 'O', 'O']
C23329183,['G', 'G', 'G', 'O', 'G', 'G', 'G']
C51173019,['G', 'G', 'G']
C32903255,['G', 'G', 'G', 'G', 'G', 'G', 'G']
C58029326,['G', 'G', 'G', 'G', 'G', 'G', 'O', 'G', 'G', 'G']
C22605069,['G', 'G', 'G']
C09813418,['G', 'O', 'O']
C07654603,['G', 'G', 'G', 'G', 'G', 'G', 'G', 'G']
C10505075,['G', 'G', 'O', 'G', 'G', 'G', 'G', 'G', 'G']
C28563010,['G', 'G', 'G', 'G', 'G']
C06057591,['G', 'G', 'O', 'G', 'G', 'G', 'G', 'G', 'G']
C04861719,['G', 'G', 'G', 'G', 'G', 'G', 'G', 'G']
C37274037,['O', 'O', 'O', 'G', 'G']
C11115628,['O', 'O', 'G', 'G', 'G', 'G', 'G']
C22229813,['G', 'O', 'G', 'G', 'G', 'O', 'G', 'G']
C27093226,['G', 'G', 'G']
C20432782,['G', 'G']
C06140415,['G', 'G', 'G']
C63579831,['G', 'G', 'O']
C32230362,['O', 'O', 'G', 'G', 'O', 'G', 'G']
CHEMBL408149,['G', 'G', 'G', 'G', 'G', 'G', 'G', 'G', 'G']
C66541637,['G', 'G', 'G', 'G', 'G', 'G', 'G', 'G']
C14103791,['G', 'G', 'O', 'G', 'G']
C01412360,['G', 'G', 'G', 'G', 'O']
C00047502,['G', 'G', 'G', 'G', 'O']
C49906293,['G', 'G', 'G', 'O', 'G']
C39847191,['O', 'G', 'G']
C05219290,['G', 'G']
C05028011,['G', 'G', 'O']
C14197133,['G', 'G', 'G', 'O']
C11785388,['G', 'G', 'G']
C05832811,['G', 'G', 'G', 'G', 'G', 'G', 'G']
C61047310,['G', 'G', 'G', 'G']
C09590915,['G', 'G', 'O']
C07115601,['G', 'G', 'G', 'G', 'G', 'G', 'G', 'G', 'G']
C20126531,['G', 'G', 'G', 'G', 'O', 'O']
C59020438,['G', 'O', 'O', 'G', 'G', 'G', 'G']
C62372357,['G', 'O', 'G', 'G', 'O', 'G', 'O', 'G']
C49927972,['G', 'G', 'G', 'G', 'G', 'G', 'G', 'G']
C36954576,['O', 'G', 'G']
C59261032,['G', 'G', 'G', 'O', 'G', 'G', 'G', 'G']
C66861835,['O', 'O', 'G', 'G', 'G', 'G', 'G']
C43373790,['G', 'G', 'G', 'G', 'O', 'G', 'G']
C06332543,['G', 'G', 'G', 'G', 'G', 'G', 'G', 'G', 'G']
C32230567,['O', 'G', 'O', 'G', 'G', 'G']
CHEMBL239673,['G', 'O', 'O']
C63654870,['G', 'G', 'G', 'G', 'G', 'O', 'G', 'G', 'G']
C66696822,['G', 'G', 'G', 'G', 'G', 'O', 'G']
CHEMBL428967,['G', 'G', 'G', 'G', 'G', 'G', 'G', 'G', 'G', 'G']
C39364976,['G', 'G', 'G']
C25157940,['G', 'G', 'G', 'G', 'G', 'G', 'G', 'G', 'G', 'G']
C11825268,['G', 'G', 'G', 'G', 'G', 'O']
C07002562,['G', 'G', 'G', 'O', 'G', 'G']
C41661057,['G', 'G', 'G', 'G']
C57692656,['G', 'G', 'G', 'G', 'G', 'G']
C01105509,['G', 'G', 'G', 'G', 'O']
C50101715,['G', 'G', 'G', 'G', 'G']
C05156752,['G', 'G']
CHEMBL849,['G', 'G']
C06534166,['O', 'G', 'O', 'G', 'O', 'G']
C40271540,['O', 'G', 'G']
C22789754,['O', 'G', 'G', 'G', 'G', 'G', 'G', 'G']
C12932212,['G', 'G', 'G', 'G', 'G', 'G', 'G', 'G', 'G', 'G', 'G']
C37127548,['G', 'G', 'G', 'O', 'G']
C14456490,['G', 'G', 'G', 'G']
C39550629,['G', 'G', 'G']
C00382311,['G', 'G', 'G', 'G', 'O']
C49897647,['G', 'G', 'G', 'G', 'G']
C29888590,['G', 'G', 'G', 'G', 'G', 'G', 'O', 'G']
C21243860,['G', 'G', 'G', 'G', 'G']
C00074206,['G', 'G', 'O', 'G', 'G', 'G', 'O']
C49903066,['G', 'O', 'O', 'G', 'G', 'G', 'G']
C65331393,['G', 'G']
C37206864,['G', 'O']
C35254068,['G', 'G', 'G', 'G', 'O', 'G']
C06112850,['G', 'G', 'O']
C36957366,['G', 'G', 'O', 'G', 'O']
C37986412,['G', 'G', 'G', 'G', 'O']
C37883640,['O', 'O', 'G', 'G', 'O', 'O']
C04807109,['G', 'G', 'O', 'G', 'G']
C26533764,['G', 'G', 'G']
C36849021,['O', 'G', 'G', 'G']
C41356405,['G', 'G', 'G', 'G']
C67369273,['G', 'G']
C38710968,['G', 'O']
C27799331,['O', 'G', 'G', 'G', 'O', 'G', 'G', 'G', 'G']
C49924670,['G', 'G', 'G', 'G', 'G', 'G', 'O']
C33557139,['G', 'G']
C05710625,['G', 'G', 'G', 'O', 'O', 'G', 'G']
C23447294,['O', 'G', 'G', 'G', 'G', 'G']
C66164400,['G', 'G', 'O', 'O', 'G']
C66183447,['O', 'G', 'G', 'O', 'O']
C04808936,['G', 'G', 'G', 'G', 'G', 'G', 'O', 'G']
C27642559,['G', 'G', 'G', 'G', 'G', 'G', 'O', 'G', 'G']
C04995038,['O', 'O', 'G', 'G', 'G', 'G', 'O']
C40280848,['G', 'G']
C35451566,['G', 'G', 'G', 'G', 'O', 'O', 'G']
C00331910,['G', 'G']
C37067868,['O', 'O', 'O', 'G']
C47387666,['G', 'G', 'G', 'G', 'G', 'G']
C26463475,['G', 'G', 'O', 'G', 'G', 'G', 'G', 'G', 'G']
C08775406,['G', 'G', 'G', 'G', 'G', 'G', 'G']
C38118083,['G', 'G', 'G', 'G', 'O']
C45928991,['O', 'O', 'G', 'G', 'G', 'G', 'G']
C49880936,['G', 'G', 'G', 'G', 'G', 'G']
C57244173,['G', 'G', 'G', 'G', 'G', 'G', 'G', 'G']
C08975534,['O', 'O', 'O']
C39288935,['O', 'O', 'G', 'O', 'G', 'G', 'G']
C04064384,['G', 'G', 'O', 'G', 'G', 'G']
C51362871,['G', 'G']
C65509384,['G', 'O']
C28640779,['G', 'G', 'G', 'G', 'O', 'O', 'G', 'O']
C04591614,['G', 'G', 'G', 'O', 'G', 'G']
C62610410,['O', 'G', 'O']
C57692604,['G', 'O', 'G', 'G', 'G', 'O']
C37881128,['G', 'O', 'O', 'G', 'G']
C22229816,['G', 'G', 'G', 'O', 'G', 'G', 'G', 'G']
C21821423,['G', 'G', 'O']
C05556605,['G', 'G', 'G', 'G']
C47334405,['G', 'G', 'G', 'G', 'G', 'G', 'G', 'G', 'G']
C01112671,['G', 'G', 'G', 'G', 'O']
C40766409,['O', 'G', 'G', 'G', 'G']
C03583535,['G', 'G', 'G']
C02932999,['G', 'G', 'O', 'G', 'G', 'G', 'O', 'G', 'G', 'G']
C32768117,['G', 'G', 'G', 'G']
C03199897,['G', 'G', 'G', 'G', 'G', 'O', 'G', 'G', 'G', 'G']
C37025928,['G', 'G', 'G']
C51362669,['G', 'G']
C20526310,['G', 'G', 'O', 'O']
C37856852,['G', 'O', 'G', 'G', 'O', 'G']
CHEMBL240533,['G', 'O', 'G']
C36989364,['G', 'G', 'G', 'G', 'O']
C21266640,['G', 'G', 'G', 'G', 'G']
C00257192,['O', 'G', 'G', 'G', 'G', 'G', 'G']
C32117472,['G', 'O', 'G', 'G', 'G']
C34787740,['G', 'G', 'G', 'O']
C45652026,['G', 'G', 'G', 'G', 'G', 'G', 'G', 'G']
C14545890,['O', 'G', 'G', 'G', 'G']
C07584000,['O', 'G', 'G', 'G', 'G']
C05162238,['G', 'O', 'G', 'O', 'G']
C49891888,['G', 'G', 'G', 'G', 'G']
C56226772,['G', 'G', 'G']
C37543586,['O', 'O', 'G', 'G', 'G', 'G']
C58122632,['G', 'G', 'G', 'G', 'G', 'G', 'O']
C66730349,['G', 'O', 'G', 'G', 'G', 'G', 'G', 'G']
C02316782,['G', 'G', 'G', 'G', 'O', 'G']
C55050966,['G', 'G']
C37121477,['G', 'G', 'G', 'O']
C37334008,['G', 'G']
C60094328,['G', 'O', 'O']
CHEMBL264434,['G', 'G', 'G', 'G', 'G', 'G', 'G']
C31809217,['O', 'G', 'G', 'G']
C12583314,['G', 'G', 'G', 'O', 'G']
C06819566,['G', 'G', 'O', 'G']
C43560527,['G', 'G']
C32787751,['O', 'O', 'O', 'O', 'G', 'G', 'G', 'O', 'G']
C38113559,['G', 'G', 'O', 'G', 'O']
C21227151,['G', 'G', 'G', 'G']
C17194747,['G', 'G', 'G', 'G', 'O', 'O', 'O']
C20886101,['G', 'G', 'O']
C60375937,['G', 'G', 'O']
C58775207,['O', 'O', 'G', 'G', 'G', 'G', 'G', 'G', 'G', 'G', 'G']
C00222269,['G', 'G']
C06793970,['G', 'G', 'G', 'G', 'G', 'G', 'G', 'G']
C37560935,['G', 'G', 'O']
C42365396,['G', 'O', 'G']
C40228057,['O', 'O', 'G', 'G', 'G', 'G', 'O']
C24714296,['O', 'G', 'G', 'O']
C05328232,['O', 'G', 'G']
C63101946,['G', 'G', 'G', 'G', 'G', 'G', 'O', 'O']
C05427475,['O', 'G', 'G']
C25819075,['G', 'O', 'G', 'G', 'G', 'G', 'G', 'G']
C01412364,['O', 'O', 'G', 'G', 'O']
C20605647,['G', 'G']
C05431606,['G', 'G', 'G', 'G', 'G', 'G', 'O', 'O', 'O']
C27572863,['G', 'G', 'G', 'O']
C02504687,['G', 'G', 'G', 'G', 'G', 'G', 'O']
C64418724,['O', 'G', 'G']
C37765037,['O', 'G', 'G', 'O', 'O']
C20614024,['G', 'G', 'G', 'G']
C02407757,['G', 'O', 'O']
C37197700,['G', 'G', 'G', 'O', 'G']
C12569727,['G', 'G', 'O', 'G', 'O']
C01514756,['G', 'O']
C37059803,['O', 'O', 'G', 'G', 'G', 'G']
C49895612,['G', 'G', 'G', 'G', 'G']
C66161972,['O', 'O', 'G', 'G', 'G', 'G']
C09463777,['G', 'G', 'O', 'G', 'G']
C23446562,['O', 'G', 'G', 'G', 'G', 'G']
C49924792,['G', 'G', 'G', 'O', 'G']
CHEMBL264175,['G', 'G', 'G', 'G', 'G', 'G', 'G']
C63597777,['G', 'G', 'G', 'O']
C24773593,['O', 'G', 'G', 'G', 'G', 'G', 'G']
C38898010,['G', 'G', 'G', 'G', 'G', 'G', 'G', 'G']
C40245199,['G', 'G']
C37071958,['G', 'G', 'G', 'O', 'O']
C49153447,['G', 'G', 'G', 'G', 'G']
C06471174,['G', 'G', 'O', 'G', 'O']
C39552732,['G', 'G', 'G', 'G', 'G']
C11114863,['O', 'G', 'G', 'G', 'G', 'G', 'G']
C40140621,['G', 'G', 'O', 'G']
C66183481,['G', 'O', 'G', 'G', 'G']
C37876438,['G', 'G', 'G', 'G', 'G']
C52098428,['G', 'G', 'G', 'G', 'G', 'G', 'G']
C27992128,['O', 'G', 'O', 'G', 'G', 'G', 'G']
C57656983,['O', 'G', 'G', 'G', 'G', 'G']
C30398415,['G', 'G', 'G', 'G', 'G', 'G', 'G', 'G']
C61892931,['G', 'G', 'G', 'G', 'G', 'G']
C39842485,['G', 'O', 'G', 'G', 'G']
C36145787,['O', 'G', 'G', 'G', 'G', 'G', 'G', 'G', 'G']
C36614749,['G', 'O', 'G', 'O', 'O', 'G', 'G']
C01212606,['G', 'G', 'G', 'O']
C59824743,['G', 'G', 'G', 'G']
C07056000,['O', 'G', 'G']
C32188358,['G', 'O', 'O', 'G', 'G', 'G', 'G']
C21821192,['O', 'G', 'G']
C13561659,['O', 'G', 'G', 'O', 'G']
C00278014,['G', 'O', 'G']
C05399647,['G', 'G', 'G', 'O', 'G', 'G', 'G', 'G']
C48022670,['G', 'O']
C02325028,['O', 'G', 'O']
C48544980,['O', 'O', 'G']
C31774107,['G', 'G', 'G', 'G']
C08924172,['G', 'O', 'G', 'G', 'G', 'G', 'G', 'G']
C30882721,['G', 'G', 'G', 'G', 'G', 'G', 'O']
C59324322,['G', 'G', 'O', 'G', 'G', 'O', 'G', 'G']
C22996505,['G', 'G']
C50186687,['G', 'G', 'O']
C01001446,['G', 'G', 'O', 'G', 'G', 'G', 'G', 'O']
C48441918,['G', 'G', 'G']
C34990204,['G', 'G', 'G', 'O', 'O', 'G']
C00387856,['G', 'G', 'G', 'G', 'G', 'G']
C48856186,['O', 'G', 'G', 'G', 'G', 'G', 'G']
C35587219,['O', 'G', 'G', 'G', 'G', 'G', 'G']
C36991083,['G', 'G', 'G', 'G', 'G', 'G', 'G']
C06795698,['G', 'G', 'G', 'G', 'G', 'G', 'G', 'G']
C00430345,['O', 'G']
C01019521,['G', 'G', 'G', 'G', 'O']
C17032039,['G', 'G', 'G', 'O', 'G', 'G', 'G', 'G', 'G']
C41588585,['G', 'G', 'G', 'G', 'G']
C61539410,['G', 'G', 'G', 'G', 'G', 'G']
C37192083,['G', 'G', 'G', 'G', 'G']
C16729827,['G', 'O', 'G', 'G', 'G']
C36992575,['G', 'G', 'G', 'G', 'G', 'G']
C05403125,['G', 'O', 'G', 'G', 'G']
C17193968,['O', 'G', 'O']
C59292486,['G', 'G', 'O', 'G', 'O', 'G', 'G']
C21500031,['G', 'G', 'G', 'O', 'O']
C13198621,['G', 'G', 'G', 'G', 'G', 'G', 'G']
C38321101,['G', 'O', 'G']
C39458304,['O', 'G', 'G']
C61955036,['G', 'G', 'G']
CHEMBL264176,['G', 'G', 'G', 'G', 'G', 'G', 'G', 'G', 'G']
C08626799,['O', 'G', 'G', 'G']
C00105816,['G', 'O', 'O']
C43298961,['G', 'G']
C51362729,['G', 'G']
C37365440,['G', 'G', 'G', 'G', 'O', 'G']
C49903265,['G', 'G', 'G', 'G', 'G', 'G', 'O']
C13691027,['G', 'G']
C59924063,['G', 'G', 'G', 'G', 'G', 'G', 'G', 'G']
C38646036,['G', 'G', 'G', 'G', 'G', 'G']
C43535233,['G', 'G', 'G', 'G', 'O']
C09528310,['G', 'O', 'G', 'G', 'O']
C20526313,['G', 'G', 'O', 'O']
C01046388,['G', 'G', 'G']
C49065170,['G', 'G']
C49924459,['G', 'G', 'G', 'G', 'O', 'O', 'G']
C06187304,['O', 'O', 'O', 'G', 'G']
C12488079,['G', 'O', 'O', 'O']
C37299288,['G', 'O', 'G', 'O']
C64567916,['G', 'G', 'G', 'G', 'G']
C66794848,['G', 'G', 'G']
C00621513,['G', 'G', 'G', 'G', 'G', 'O']
C36978023,['G', 'G', 'G', 'G', 'O', 'G']
C12275378,['G', 'G']
C38610386,['G', 'G', 'G', 'G', 'O']
C03314334,['G', 'G', 'G', 'G']
C00152456,['G']
C36970899,['G', 'G', 'G', 'O', 'O', 'G']
C50831446,['G', 'O', 'G', 'G', 'G', 'G', 'G']
C01241942,['G', 'G', 'O']
C21229582,['O', 'O', 'G', 'G']
C59011110,['G', 'G', 'G', 'G', 'G', 'G', 'G', 'O']
C32183640,['O', 'G', 'G', 'G', 'G', 'G']
C32183548,['O', 'O', 'G', 'G', 'O', 'G']
C16183355,['G', 'G', 'G']
C27903638,['O', 'G', 'G', 'G']
C02205546,['G', 'G', 'G', 'G', 'O', 'G', 'G']
C37104108,['G', 'G', 'G', 'O', 'G']
C67371867,['G', 'G']
C49903282,['O', 'O', 'G', 'G', 'G']
C13382125,['G', 'G', 'G', 'G', 'O', 'G', 'G', 'G', 'G']
C57694348,['G', 'G', 'G', 'G', 'G', 'G']
C37181564,['G', 'G', 'G', 'G', 'G']
C49885334,['O', 'O', 'G', 'G', 'G']
C66794847,['G', 'G', 'O']
C35451897,['G', 'O', 'G', 'G', 'O']
C08497528,['G', 'G', 'O', 'G', 'G', 'G', 'G']
C39941039,['G', 'G', 'G', 'G', 'G']
C37408655,['G', 'G']
C59967788,['G', 'G', 'O', 'G', 'G', 'G', 'G', 'G']
C21731305,['G', 'G', 'G', 'G', 'G', 'G', 'G', 'G']
C59010519,['G', 'G', 'O']
C37137322,['G', 'G', 'G', 'O', 'G']
C52908563,['G', 'O', 'O', 'G', 'G']
C32183486,['O', 'G', 'G', 'G', 'G', 'G', 'G']
C36956259,['G', 'G', 'G', 'O', 'G']
C02196307,['G', 'G', 'G', 'G', 'O']
C40738662,['G', 'G', 'G', 'G', 'G']
C09241795,['G', 'G', 'G', 'O', 'O']
C49902924,['G', 'G', 'G', 'O', 'O', 'G']
C49409471,['G', 'O', 'G', 'O', 'G', 'G', 'G', 'G', 'G']
C37936104,['G', 'O']
C37893569,['O', 'O', 'G', 'G', 'G', 'O']
C37317806,['G', 'G', 'O', 'O', 'G']
C38119166,['G', 'O', 'G', 'G', 'O']
C06239295,['G', 'O', 'G', 'G', 'O', 'G']
C50164796,['G', 'G', 'G', 'G', 'G', 'O', 'G']
C49920275,['G', 'G', 'G', 'O', 'G']
C16493546,['G', 'G', 'G']
C06387494,['G', 'G', 'G', 'O']
C25157923,['G', 'G', 'G', 'G', 'G', 'G', 'G', 'G', 'G', 'G']
C37197430,['G', 'G', 'G']
C19720606,['G', 'G', 'G', 'G', 'G']
C64468063,['G', 'G', 'G', 'G', 'G', 'G', 'G', 'G', 'G', 'G', 'G']
C21013354,['G', 'G', 'G', 'G', 'G', 'G']
C00353566,['G', 'O', 'G', 'G', 'G']
C37392395,['G', 'G', 'G', 'G', 'G', 'O', 'O']
C49521303,['G', 'G', 'G', 'G', 'G', 'G', 'G', 'O']
C59404793,['G', 'O']
C49926212,['G', 'G', 'G', 'O', 'O']
C39852050,['O', 'G', 'G', 'O']
C07457496,['G', 'O', 'O', 'G']
C35451269,['O', 'G', 'G', 'G', 'G']
C06997055,['G', 'G', 'G']
C13980937,['O', 'O', 'O', 'G', 'O', 'O', 'G', 'G', 'G']
C37151917,['G', 'O', 'G', 'G', 'G', 'G']
C08345467,['G', 'G', 'G', 'G', 'G', 'G', 'G', 'G', 'G']
C41299790,['G', 'G', 'G', 'G', 'G', 'O']
C37177100,['G', 'G', 'G', 'G', 'G', 'G']
C20528808,['O', 'G', 'G', 'G']
C37503812,['O', 'O', 'G', 'O', 'G']
C49544221,['G', 'G', 'G', 'G', 'G', 'O', 'G']
C50732387,['G', 'G', 'G', 'G', 'G', 'O', 'G', 'G']
C37884740,['G', 'G', 'G', 'G', 'G']
C38118084,['G', 'G', 'G', 'G', 'O']
C37333972,['O', 'G']
C49544262,['G', 'G', 'G', 'G', 'G', 'G', 'O']
C07292111,['G', 'O', 'O', 'G', 'G', 'G', 'G', 'G', 'G', 'G']
C62772125,['G', 'O', 'O', 'O', 'O', 'G', 'G']
C41661045,['G', 'G', 'G', 'G', 'G']
C01446697,['G', 'G', 'G']
C43955018,['G', 'G', 'O', 'G', 'G']
C49921473,['G', 'O', 'G', 'G', 'G']
C29963210,['G', 'G', 'G', 'G', 'G', 'O', 'G']
C37124062,['G', 'G', 'G', 'G', 'O']
C37856853,['G', 'G', 'G', 'G', 'O', 'G']
C11947025,['O', 'G', 'O', 'G', 'G', 'O', 'O']
C64810075,['G', 'G', 'G', 'G', 'G']
C01630689,['G', 'G', 'G', 'G', 'O', 'G', 'O']
C40419587,['G', 'G']
C37779667,['G', 'O', 'G', 'G', 'O', 'G']
C04065871,['G', 'G', 'O', 'G']
C04588077,['G', 'G', 'G']
C44389329,['G', 'O', 'G', 'G', 'O', 'G']
C37009275,['G', 'G', 'G', 'G', 'G', 'O']
C49154795,['O', 'G', 'G', 'G', 'G', 'G', 'G']
C51720927,['G', 'G', 'O', 'G', 'G']
C40224733,['O', 'O', 'G', 'G', 'G', 'G']
C67014064,['O', 'G', 'G', 'O', 'G']
C28165384,['O', 'G', 'O']
C37865182,['G', 'G', 'G', 'G', 'G']
C16089567,['G', 'G', 'O']
C66188901,['O', 'G', 'G', 'G', 'G', 'O', 'O', 'G']
C15550444,['G', 'G', 'O', 'G', 'G', 'G', 'G']
C36953436,['G', 'G', 'G', 'G', 'G']
C35450903,['G', 'G', 'G', 'G', 'O']
C40795300,['G', 'G', 'G', 'G']
C06513000,['G', 'G', 'O']
C36973160,['G', 'G', 'G', 'G', 'G', 'G']
C59343611,['G', 'G', 'G', 'G', 'G', 'G', 'G', 'G']
C38512005,['G', 'G', 'G', 'G', 'G', 'G', 'G', 'G']
C37067735,['G', 'G', 'G', 'O', 'O', 'G']
C09676135,['G', 'O', 'G', 'G']
C37206740,['O', 'O']
C13467712,['O', 'G']
C36919591,['G', 'G', 'G', 'G', 'G', 'G']
C49927887,['G', 'G', 'G', 'G', 'O', 'G', 'G']
C06525403,['O', 'G', 'G', 'G', 'G', 'G', 'G', 'O']
C06791820,['O', 'O', 'G']
C40284026,['G', 'G']
C34952063,['G', 'G', 'G', 'G', 'G', 'G', 'G', 'G', 'G', 'O', 'O']
C34651900,['G', 'G']
C49927819,['G', 'G', 'G', 'G', 'O', 'G']
C41392205,['G', 'G', 'G', 'G', 'G']
C09589280,['G', 'G', 'G', 'O']
C19642013,['G', 'G', 'G', 'G']
C49148840,['G', 'G', 'G', 'G', 'G', 'G']
C66183195,['G', 'G', 'O', 'G', 'O', 'O']
C16488870,['G', 'G', 'G']
C38587365,['G', 'G', 'G', 'G', 'G', 'O', 'G', 'G']
C03295089,['G', 'G', 'O', 'O', 'G', 'G', 'G']
C49376781,['G', 'G', 'G', 'O', 'G', 'G']
C12651926,['G', 'O', 'O', 'O', 'O', 'G']
C13404199,['G', 'G', 'G', 'O', 'G', 'G', 'G']
C06762831,['G', 'G', 'G', 'O', 'G', 'G', 'G']
C20554482,['G', 'G', 'G', 'G', 'G', 'G']
C14943992,['O', 'G', 'G']
C11733711,['G', 'G', 'G', 'G', 'O']
C37177098,['G', 'G', 'G', 'G', 'G', 'G']
C05267961,['G', 'G', 'G', 'G']
C00107182,['O', 'G', 'G']
C01599345,['G', 'G', 'G']
C58415127,['G', 'G', 'G']
C36953471,['G', 'G', 'O', 'G', 'G', 'G']
C58238439,['O', 'G', 'G', 'G', 'G']
C00131525,['G', 'G', 'G', 'G', 'G', 'G']
C04266313,['G', 'G', 'G', 'G']
C57602949,['G', 'O', 'G', 'G', 'G', 'G']
C16227855,['G', 'G', 'G', 'G']
C37884594,['G', 'G', 'G', 'G', 'G']
C06819707,['G', 'G', 'G']
C21811334,['G', 'G', 'G', 'G', 'G']
C57749700,['G', 'G', 'G', 'O']
C11825738,['G', 'G', 'O', 'O', 'G', 'O', 'G', 'G', 'O']
C14477069,['G', 'G', 'G', 'G']
C49546047,['G', 'G', 'G', 'G', 'O']
C05369978,['G', 'G']
C05442689,['G', 'G', 'O']
C02772286,['G', 'G', 'G', 'G', 'O', 'G', 'G']
C00912113,['G', 'G']
C37923674,['G', 'O', 'G', 'O', 'G']
C01411625,['G', 'G', 'G']
C08425913,['G', 'G', 'G']
C40720332,['G', 'G', 'G', 'G', 'O', 'G', 'G', 'G']
C16617745,['G', 'G']
C21660319,['G', 'O']
C49924675,['G', 'G', 'G', 'G', 'G', 'G', 'G']
C05100908,['O', 'G', 'G']
C44219212,['G', 'G', 'G', 'G', 'G']
C21816164,['G', 'G', 'O', 'G']
C23298639,['G', 'G', 'G', 'G', 'G', 'G', 'G', 'G']
C12973445,['G', 'G', 'G', 'O', 'G']
C35017132,['G', 'G', 'G', 'G', 'G', 'G']
C20559479,['G', 'G', 'G', 'G', 'O', 'O', 'G']
C04866886,['O', 'O', 'G']
C49864575,['G', 'G', 'O']
C20476190,['G', 'G', 'O', 'G', 'O']
C07742393,['G', 'G', 'O', 'G', 'G', 'G', 'G', 'G']
C05370640,['G', 'G', 'G', 'G', 'G', 'G', 'O', 'O', 'G']
C02066153,['G', 'O', 'G', 'G', 'G', 'G', 'G', 'G', 'G']
C40055483,['G', 'G', 'G']
C65815953,['G', 'O', 'G', 'O', 'G']
C50274163,['G', 'G', 'G', 'G', 'G', 'G', 'O']
C01030057,['G', 'G']
C02502976,['O', 'O', 'G']
C05867917,['G', 'G', 'G', 'G', 'G', 'G']
C02941572,['G', 'G', 'G', 'O', 'O', 'G', 'G', 'G', 'G', 'G']
C49544278,['G', 'G', 'G', 'G', 'G', 'G', 'G']
C65515678,['G', 'G', 'G', 'G', 'G', 'G', 'G', 'G']
C52331594,['G', 'O', 'G', 'G', 'G']
C66154341,['G', 'O', 'O', 'G', 'O', 'G']
C02932995,['G', 'G', 'G', 'G', 'O', 'G', 'G', 'O', 'O', 'G']
C36953366,['G', 'G', 'G', 'O', 'G']
C04356710,['G', 'G', 'G', 'G', 'G', 'O']
C36953282,['G', 'G', 'O', 'G', 'G', 'G']
C21029828,['G', 'G', 'G', 'O', 'O', 'G', 'G', 'G']
C37011896,['G', 'G', 'G', 'O']
C37067691,['G', 'G', 'G', 'G', 'O', 'G']
C20141962,['G', 'G', 'O', 'G', 'G', 'G', 'G', 'O']
C49903159,['O', 'O', 'G', 'G', 'G', 'G']
C43560520,['G', 'G']
C12603939,['G', 'O', 'O', 'G', 'G']
C00139034,['G', 'G', 'G', 'G', 'O']
C02296410,['O', 'G', 'G', 'G']
C40404489,['G', 'G', 'G', 'G', 'G', 'O', 'G', 'G', 'G', 'G', 'G']
C53580599,['G', 'G']
C36993675,['G', 'G', 'G', 'G', 'G']
C05688730,['G', 'G', 'G', 'G']
C64675594,['G', 'G', 'G', 'G', 'G', 'G']
C37104230,['G', 'G', 'G', 'G', 'O', 'O', 'G']
C50164498,['G', 'G', 'G', 'G', 'G', 'G']
C02216927,['G', 'G', 'G', 'O']
C00809035,['O', 'G']
C49064467,['G', 'G', 'G']
C38705081,['G', 'G', 'G', 'O', 'G']
C62771963,['G', 'G', 'G', 'G']
C62541936,['G', 'G']
C21818660,['G', 'G', 'G', 'G', 'G', 'O']
C49889594,['G', 'G', 'G', 'G', 'G']
C19762614,['G', 'G']
C35840259,['G', 'G', 'G', 'G', 'G']
C20095397,['G', 'O', 'G', 'G', 'G']
C59850646,['G', 'G', 'G', 'G', 'G', 'G', 'G', 'G']
C37137404,['G', 'G', 'G', 'G', 'G', 'G', 'O', 'G']
C37103532,['G', 'G', 'G', 'G', 'O']
C37067695,['G', 'G', 'G', 'G', 'O', 'G']
C25344955,['G', 'G', 'G', 'G', 'G', 'G', 'G', 'G', 'G']
C37074501,['G', 'O', 'G', 'G', 'O']
C52255591,['G', 'G', 'G', 'G', 'G', 'G', 'G']
C66163856,['O', 'O', 'G', 'G', 'G', 'G']
C61839525,['G', 'G', 'G', 'G', 'G']
C09762024,['G', 'G', 'O']
C05129072,['O', 'G', 'G', 'O', 'O']
C02252229,['O', 'G', 'G', 'G', 'G']
C48884706,['G', 'G', 'G', 'G', 'G', 'G', 'G', 'G']
C14479811,['G', 'O', 'G']
C37060108,['O', 'G', 'O', 'G']
C37392891,['G', 'G', 'G', 'G', 'G', 'O', 'O']
C40282218,['G', 'G', 'G', 'G', 'G', 'G', 'G', 'G']
C46813700,['G', 'G']
C66183432,['O', 'G', 'G', 'G', 'O']
C53095326,['G', 'G', 'G', 'G', 'G', 'G', 'O']
C50593164,['G']
C51362889,['G', 'G', 'G']
C40004399,['G', 'G', 'G', 'G']
C11822208,['G', 'O', 'O', 'G', 'G', 'G', 'O']
C13645386,['G', 'G', 'G', 'G']
C37279056,['G', 'G', 'G', 'G', 'O', 'G']
C16243693,['G', 'G', 'G', 'G', 'O']
C37383525,['G', 'G']
C37890311,['G', 'G', 'G', 'G', 'G', 'G']
C37953026,['G', 'O', 'G', 'G', 'G', 'G']
C37075581,['G', 'G', 'G', 'G', 'O']
C20828236,['G', 'G', 'G', 'G', 'G']
C57497055,['G', 'G', 'G']
C05553029,['O', 'G', 'G', 'O', 'G']
C38827834,['O', 'G', 'G', 'G', 'G', 'O']
C09008380,['G', 'O', 'G']
C04038681,['O']
C58847378,['G', 'G', 'G', 'G']
C61372979,['O', 'G', 'G', 'G', 'G', 'G', 'G']
C11888664,['O', 'G', 'G', 'G', 'G', 'O', 'O']
C62769966,['G', 'G', 'G', 'G', 'O']
C03134626,['O', 'G']
C02396604,['G', 'G', 'G', 'G']
C06685231,['O', 'G', 'G']
C44270768,['G', 'O']
C32906733,['G', 'G', 'G', 'G', 'G']
C20366375,['G', 'G', 'G', 'O', 'G', 'G', 'O']
C38705084,['G', 'G', 'G', 'G', 'G']
C37231516,['G', 'G', 'G', 'G', 'G']
C01253074,['G', 'O']
C37069747,['G', 'O', 'G', 'G', 'O']
C39506382,['O', 'G', 'G']
C59403567,['G', 'G', 'G', 'G', 'G', 'G', 'G', 'O', 'G', 'G']
C04862872,['O', 'O', 'O']
C20891774,['G', 'G']
C49374149,['G', 'G', 'O', 'G', 'O', 'G']
C41584501,['G', 'G', 'G', 'G', 'G', 'G', 'G']
C35047092,['O', 'G', 'G', 'G']
C02438405,['G', 'G']
C14456471,['G', 'G', 'G']
C66353027,['G', 'O', 'O', 'G', 'G', 'G']
C04029210,['G', 'G', 'G', 'G', 'G', 'G', 'O', 'G']
C21237687,['G', 'G', 'G', 'G']
C19231196,['G', 'G', 'G', 'O', 'G']
C43682654,['G', 'G', 'G', 'G', 'G']
C37212979,['G', 'O', 'G', 'G', 'G']
C12559557,['G', 'G', 'G', 'G', 'G', 'G', 'G']
C20420174,['G', 'G', 'G', 'G', 'G', 'G', 'O']
C41586767,['G', 'G', 'G', 'G']
C62541898,['G', 'G']
C06738782,['G', 'G']
C13110834,['G', 'G', 'G']
C37054549,['G', 'O', 'G', 'G', 'G', 'G', 'G']
C37073207,['G', 'G', 'G', 'G', 'G', 'O']
C00239331,['O', 'G', 'G', 'G', 'G', 'G', 'G']
C37277592,['G', 'G', 'O', 'G', 'G', 'G']
C06838916,['G', 'G', 'G', 'G', 'G', 'G', 'G', 'G']
C17370655,['G', 'O', 'G', 'G']
C51039827,['O', 'O']
C36924837,['G', 'G', 'G', 'G']
C61640189,['G', 'G', 'G', 'G', 'G']
C13564472,['O', 'G', 'G', 'G', 'O', 'G']
C40621698,['G', 'G', 'G', 'G', 'G']
C20479809,['G', 'G']
C36973098,['G', 'G', 'G', 'G', 'O']
C65877656,['G', 'G', 'G', 'G']
C41587209,['G', 'G', 'G', 'G']
C02590168,['G', 'G', 'G', 'G', 'G']
C04849084,['G', 'G', 'G', 'G', 'G']
C37324890,['G', 'O']
C01446284,['G', 'G']
C48524904,['G', 'G', 'G', 'G', 'G', 'O', 'G', 'G']
C13186005,['G', 'G', 'G', 'G', 'G', 'G', 'G']
C08780594,['G', 'O', 'G']
C36854646,['G', 'G', 'G', 'G', 'O']
C59367351,['G', 'G', 'G', 'O', 'G']
C57684555,['G', 'G', 'G', 'G', 'G', 'G', 'G']
C67111703,['G', 'G', 'G', 'O', 'O', 'G', 'G']
C62023248,['G', 'G', 'G']
C37775902,['G', 'G', 'G', 'G', 'G']
C35084449,['G', 'G', 'O', 'O', 'O']
C51362753,['G', 'G']
C24879539,['O', 'G']
C11799759,['G', 'G', 'G', 'G', 'G', 'G']
C17000012,['G', 'O', 'O', 'G']
C31980001,['G', 'G', 'G', 'G', 'O']
C08685106,['G', 'G', 'O', 'O', 'G']
C29080870,['G', 'G', 'G', 'G', 'G', 'O']
C58846759,['G', 'O', 'G', 'G', 'G']
C37019483,['G', 'G', 'G', 'G', 'G', 'O', 'G']
C01403779,['G', 'G', 'G', 'G']
C36990735,['G', 'G', 'G', 'G', 'G', 'G', 'G']
C01608991,['G', 'G', 'G', 'G', 'G', 'G']
C13479380,['O', 'O', 'G', 'G']
C19241374,['G', 'G', 'G', 'G', 'G', 'G', 'G', 'G', 'G', 'G']
C37884605,['G', 'G', 'G', 'G', 'G']
C40018675,['O', 'G', 'G']
C54000635,['G', 'G', 'O', 'G', 'G', 'G', 'G', 'G']
C52341610,['G', 'O', 'G', 'G']
C05332919,['G', 'G', 'G', 'G', 'G', 'G', 'G', 'G', 'G']
C04914544,['G', 'O', 'G', 'G']
C01071879,['G', 'G']
C00345400,['O', 'G', 'G', 'G', 'O', 'O', 'G']
C35745327,['G', 'G', 'G', 'G', 'G', 'O', 'G', 'G', 'G', 'G', 'G']
C37123612,['G', 'G', 'G', 'G', 'O', 'O', 'O', 'G']
C16852604,['O', 'O', 'G']
C55004247,['G', 'G', 'G', 'O', 'G']
C64521482,['G', 'G', 'G', 'G', 'G', 'G', 'G']
C04175088,['G', 'O', 'O']
C36953365,['G', 'G', 'G', 'O', 'G']
C32197562,['G', 'G', 'G', 'G', 'G']
C35552869,['G', 'O', 'O', 'O']
C04915479,['G', 'O', 'G']
C37856767,['G', 'G', 'G', 'G', 'G']
C40267959,['G', 'G']
C59851541,['G', 'O']
C40847660,['G', 'G']
C08548706,['G', 'G', 'G', 'G']
C02803260,['G', 'O', 'G']
C09833359,['G', 'G', 'O', 'G', 'G', 'G', 'G']
C42328355,['G', 'O', 'G', 'G', 'O']
C21259903,['G', 'G', 'G', 'O', 'O']
C37123469,['G', 'G', 'G', 'G', 'G', 'G', 'G']
C65331145,['G', 'G']
C44053933,['G', 'G', 'G', 'G', 'O']
C01182529,['G', 'G', 'G', 'G']
C50504100,['G', 'G', 'O', 'G', 'G']
C36778555,['G', 'G', 'O', 'G', 'G', 'G']
C36335361,['G', 'O', 'G', 'O', 'G']
C13668173,['G', 'G', 'G']
C13774568,['G', 'G', 'O', 'G', 'G']
C36990737,['G', 'G', 'G', 'G', 'O', 'O']
C04032150,['G', 'G', 'G', 'O']
C66183965,['O', 'O', 'G', 'G', 'O', 'G']
C03999297,['G', 'G', 'G', 'G', 'G', 'G', 'G', 'O', 'G']
C44271780,['G', 'G', 'G', 'G']
C49954410,['G', 'G', 'G', 'O', 'O', 'O']
C04000027,['G', 'G', 'G', 'G', 'G', 'G', 'G', 'G', 'O', 'O']
C03878905,['G', 'O', 'O', 'G', 'G', 'G']
C35324446,['G', 'G']
C03051874,['O', 'G']
C61640188,['G', 'G', 'G', 'G', 'G']
C41652730,['G', 'G', 'G']
C35316383,['G', 'G', 'O']
C61794625,['G', 'G', 'O', 'G', 'O', 'G', 'G', 'G', 'G']
C62040003,['G', 'G', 'G', 'G', 'O', 'O']
C45939500,['O', 'G', 'G', 'G', 'G', 'G', 'G', 'O']
C14163870,['G', 'G', 'G']
C36934482,['G', 'G', 'O', 'O']
C54106197,['G', 'G', 'G', 'O', 'O']
C30880541,['G', 'G', 'G', 'O', 'G', 'O', 'G', 'G', 'O', 'G', 'G']
C02474946,['O', 'G', 'O', 'G']
C13388525,['G', 'G', 'G', 'O', 'G', 'G', 'G', 'G']
C48438622,['G', 'G', 'O']
C37934827,['G', 'O', 'G', 'G', 'G', 'O']
C41706057,['G']
C37104231,['G', 'G', 'G', 'G', 'O', 'G', 'G']
C14475320,['G', 'G', 'G', 'G']
C66368286,['G', 'G', 'G', 'G', 'G', 'G']
C05501026,['G', 'G', 'G', 'G', 'G', 'O', 'G', 'G']
C59334009,['O', 'G', 'G', 'G', 'G', 'O']
C66154408,['G', 'G', 'O', 'G', 'G', 'G', 'G', 'G']
C08873304,['G', 'G', 'G']
C04469030,['G', 'G', 'G']
C32879820,['G', 'G']
C43463691,['-']
C00355859,['O', 'G', 'G', 'G', 'G']
C00499534,['O', 'G']
C13690140,['O', 'G', 'O', 'G', 'G', 'G', 'G']
C04775030,['G', 'G', 'G', 'G', 'O', 'G']
C21231260,['O', 'O', 'G', 'O']
C12872068,['G', 'G']
C49214489,['G', 'G', 'G', 'G', 'G', 'G']
C03892465,['G', 'G', 'O', 'O', 'O', 'G', 'G', 'G']
C51718240,['G', 'O', 'O', 'O', 'G']
C61539502,['G', 'G', 'G', 'G', 'G', 'G', 'G', 'G']
C19913393,['G', 'G', 'O', 'O']
C12903088,['G', 'G', 'G', 'G', 'O', 'G', 'G', 'G', 'G', 'G']
C67633604,['G', 'G', 'G', 'G', 'G', 'G', 'G', 'G', 'G', 'G', 'G']
C03370846,['G', 'G', 'G']
C37216217,['G', 'G', 'O', 'G', 'O', 'G']
C36953717,['G', 'G', 'O', 'G', 'G']
C00327441,['G', 'G', 'G', 'G', 'G', 'G', 'G']
C06819679,['G', 'O', 'G']
C07719029,['G', 'G', 'G', 'G', 'G', 'G', 'G']
C37876053,['O', 'G', 'G', 'G', 'O']
C03709983,['G', 'G', 'G']
C49991661,['G', 'O', 'G']
C00407760,['O', 'G']
C49896536,['G', 'G', 'G', 'O']
C13427876,['G', 'O', 'G', 'G', 'G', 'G', 'G', 'O']
C36977618,['G', 'G', 'O', 'G', 'G']
C57693979,['G', 'O', 'G', 'G', 'G', 'G']
C12848555,['G', 'G', 'G', 'O', 'G']
C19241373,['G', 'G', 'G', 'G', 'G', 'G', 'G', 'G', 'G', 'G']
C02918464,['G', 'G']
C66199875,['G', 'G', 'G', 'G', 'G', 'G', 'O', 'G', 'G']
C13062790,['G', 'G']
C35682858,['G', 'G']
C01019513,['G', 'G']
C49924551,['G', 'O', 'G', 'G', 'G', 'G']
CHEMBL392127,['G', 'O', 'G']
C39457839,['G', 'G', 'G', 'O']
C63055991,['G', 'G', 'G', 'G', 'G']
C37073206,['G', 'O', 'G', 'G', 'O', 'G']
C21728730,['G', 'G', 'G']
C02948838,['G', 'G', 'G', 'G', 'G', 'G', 'O', 'O', 'O']
C66360615,['G', 'G', 'G', 'G', 'G', 'G', 'O', 'G', 'G']
C06678963,['G', 'G']
C50268148,['G', 'G', 'G', 'O', 'O']
C66335528,['G', 'G', 'G', 'G', 'G', 'G', 'G', 'G', 'G']
C55503071,['G', 'O', 'G']
C59367357,['G', 'G', 'G', 'O', 'G']
C41795677,['G', 'G', 'G', 'G', 'G', 'O']
C36589930,['G', 'G', 'G']
C43682646,['G', 'G', 'G', 'O', 'G']
C62345831,['G', 'G', 'G', 'G', 'G', 'G']
C20606382,['G', 'O', 'G', 'G']
C27469731,['G', 'G', 'G', 'G', 'G', 'O']
C06365115,['G', 'G', 'G', 'G', 'G', 'G', 'G']
C39726224,['G', 'G', 'G', 'G']
C41049698,['G', 'G', 'G', 'O', 'G']
C40945518,['G', 'G', 'G', 'G']
C06834281,['G', 'G', 'G', 'G', 'O', 'G', 'G', 'G', 'G']
C39359447,['G', 'G']
C41388353,['G', 'G', 'G', 'G', 'G']
C36931981,['G', 'G', 'G', 'G', 'G', 'G', 'G']
C07467164,['G', 'G']
C39714010,['G', 'G', 'G', 'O', 'O']
C22451363,['G', 'G', 'G', 'O']
C41193269,['G', 'G', 'G', 'G', 'G']
C05174115,['G', 'G', 'O', 'O']
C37104253,['G', 'G', 'G', 'O', 'G']
C04733260,['O', 'O', 'G', 'O', 'G', 'O']
C07695767,['G', 'G', 'G', 'G', 'G', 'G', 'G', 'G', 'G', 'G']
C11734738,['O', 'G', 'G', 'G', 'G']
C35737509,['G', 'G', 'G', 'O', 'G']
C08905744,['G', 'O', 'O', 'G', 'G', 'G', 'G', 'G', 'G', 'G']
C40188633,['O', 'G', 'G', 'G', 'G', 'G', 'G', 'O']
C45629132,['G', 'G', 'O', 'G', 'G']
C57797971,['G', 'G']
C45024943,['G', 'G', 'G', 'G', 'O', 'O']
C44725982,['G', 'G', 'G', 'G', 'O', 'G']
C42322921,['G', 'G', 'G', 'G', 'G', 'G', 'O']
C21660324,['G', 'O']
C50328690,['G', 'G', 'G', 'G', 'G']
C57454760,['G', 'G', 'G', 'G', 'G', 'G', 'G', 'O']
C20552727,['G', 'G', 'G', 'G', 'O']
C02151438,['G', 'G', 'G', 'G', 'G', 'G', 'G', 'G']
C37199954,['G', 'G', 'G', 'G', 'G']
C37775872,['G', 'G', 'G', 'G', 'G']
C07195715,['G', 'G', 'G']
C05559993,['G', 'G', 'G', 'O', 'O', 'O']
C56838400,['O', 'G', 'G', 'G', 'G']
C37274551,['G', 'G', 'G', 'G', 'G', 'G']
C07606425,['G', 'G', 'G', 'G', 'G', 'G', 'G', 'G']
C01341001,['O', 'G', 'G', 'O']
C51362981,['G', 'G']
C49137011,['G', 'G', 'G', 'O', 'O']
C41085526,['G', 'G', 'G', 'O', 'G', 'O']
C13931902,['G', 'G', 'G', 'G', 'G', 'O']
C40485965,['G', 'G', 'G', 'G']
C37112509,['G', 'G', 'G', 'G']
C51392995,['G', 'G']
C57358954,['G', 'G', 'G', 'G']
C32116448,['G', 'G', 'G', 'G', 'G']
C66970823,['G', 'G', 'G', 'G', 'G', 'G', 'O']
C19820405,['G', 'G', 'G', 'O', 'O', 'O', 'G']
C02471847,['G', 'G']
C51689643,['G', 'G', 'G', 'G', 'G', 'O', 'G', 'G', 'G', 'G']
C36934289,['G', 'G', 'G', 'O', 'O', 'O']
C65331598,['G', 'G']
C13043868,['G', 'G', 'G', 'G', 'O', 'O', 'G', 'G']
C13309990,['G', 'G', 'G', 'G', 'G', 'G', 'G']
C37934709,['G', 'G', 'G', 'G', 'G']
C50831444,['G', 'G', 'G', 'G', 'G', 'G', 'G']
C26961475,['G', 'G', 'G', 'G', 'G', 'G', 'G']
C43756785,['G', 'G', 'G']
C36922685,['G', 'G', 'G']
C13389742,['G', 'G', 'O', 'G', 'G', 'G', 'G', 'O']
C64687161,['G', 'G', 'G', 'G', 'G', 'G', 'G', 'G', 'G']
C53582615,['G', 'O', 'G', 'G', 'O', 'G', 'G']
C13278343,['G', 'G', 'G', 'O', 'G', 'G', 'G', 'G']
C36931984,['G', 'G', 'G', 'G', 'G', 'O', 'G']
C39837477,['G', 'G', 'G', 'G', 'G', 'G']
C51717073,['G', 'O', 'G', 'G', 'G', 'O', 'G']
C31943964,['G']
C38107848,['G', 'G', 'G']
C41706053,['G']
C51637995,['G', 'G']
C36636289,['G', 'O', 'G', 'G']
C48619270,['G', 'O']
C59181092,['G', 'G', 'O', 'O', 'G']
C05788809,['G', 'G']
C10228724,['G', 'G', 'G', 'G', 'G', 'G', 'G', 'G']
C44215606,['G', 'G', 'G', 'G', 'G']
C20893030,['G', 'G']
C06734306,['G', 'G', 'G', 'G', 'G', 'G', 'O', 'G']
C49546378,['G', 'G', 'G', 'G', 'G', 'O', 'G', 'G']
C39751858,['G']
C00190731,['G', 'O']
C39835439,['G', 'O', 'G']
C36926928,['O', 'G']
C35019129,['G', 'G', 'G', 'G', 'G']
C58632647,['G', 'O', 'G', 'G', 'G', 'G']
C13774847,['G', 'G', 'O', 'G', 'G', 'O', 'G', 'G']
C13739084,['G', 'G', 'G']
C67256143,['G', 'G', 'G']
C43539638,['G', 'G', 'G']
C37014563,['G', 'G', 'G', 'G', 'G', 'O', 'G']
C41113276,['G', 'G', 'G', 'G', 'G', 'G', 'G']
C37185567,['G', 'G', 'O', 'G', 'G']
C37337444,['G', 'G', 'G', 'O']
C37089053,['O', 'G', 'G', 'G', 'G']
C65620775,['G', 'G', 'O', 'G', 'O', 'G', 'G', 'O']
C37777786,['G', 'G', 'O', 'G', 'G']
C66970841,['G', 'G', 'G', 'G', 'G', 'G', 'O']
C66164603,['G', 'G', 'G', 'G', 'O']
C04181097,['G']
C35429831,['G', 'G', 'G', 'G', 'G', 'G', 'G', 'O', 'O', 'O']
C41588754,['G', 'G', 'G']
C61848972,['O', 'G', 'O', 'G', 'O']
C62138495,['O', 'G', 'G', 'G', 'G', 'G']
C40320375,['G', 'G', 'O', 'G', 'G', 'G', 'G', 'G']
C04704066,['G', 'G']
C36791506,['G', 'G', 'O', 'O', 'O']
C41464938,['G', 'G', 'G']
C35564367,['G', 'G', 'O', 'G', 'O']
C37936841,['O', 'G', 'G']
C27530289,['G', 'G', 'G', 'G', 'G', 'G', 'G', 'G']
C15084706,['G', 'G']
C04356990,['G', 'G', 'G', 'G', 'G', 'G', 'G', 'G', 'G', 'O']
C41345570,['G', 'G', 'G', 'O', 'O', 'G']
C49902929,['G', 'O', 'G', 'G', 'G']
C06749322,['G', 'G', 'G', 'G', 'G']
C39862653,['G', 'G', 'O']
C37588190,['G', 'O', 'G', 'G', 'G', 'G', 'G', 'G']
C21507941,['G', 'G', 'G', 'O', 'O']
C45862610,['G', 'O', 'G', 'G', 'O', 'O', 'O', 'G', 'G', 'G', 'O']
C57710753,['G', 'G']
C12293417,['G', 'G', 'G', 'G', 'G']
C52253906,['G', 'O', 'G', 'G', 'G', 'G', 'G']
C37787516,['G', 'G', 'G', 'G', 'G', 'O', 'G']
C52226871,['O', 'O', 'G']
C36532868,['G']
C08715423,['G', 'G', 'G']
C34724896,['G', 'G', 'G', 'G']
C22333014,['G', 'G', 'G', 'G', 'G', 'G', 'G']
C63048968,['G', 'G', 'G', 'G', 'O']
C52488559,['G', 'O', 'O', 'O', 'G']
C64638114,['G', 'G', 'G', 'G', 'G', 'G']
C01646196,['G', 'O']
C37306625,['G', 'G', 'O', 'O', 'O']
C10096214,['G', 'G', 'O', 'G', 'G']
C49855476,['G', 'G', 'G', 'G', 'O']
C48439319,['G', 'G', 'G', 'G', 'O', 'O']
C49534475,['O', 'G', 'G']
C66367716,['G', 'G', 'G', 'G', 'G', 'G', 'G']
C52098453,['G', 'G', 'G', 'G', 'G', 'G']
C37845215,['G', 'G', 'G', 'G', 'G', 'G', 'G']
C00198257,['G', 'O', 'O', 'O', 'G', 'G']
C37361643,['G', 'G', 'G']
C37265296,['G', 'O', 'G', 'G']
C66381927,['G', 'G', 'G', 'G', 'G', 'G', 'G', 'G', 'G', 'O']
C50342792,['G', 'G', 'O', 'O', 'G']
C09225773,['G', 'O', 'G']
C57568123,['G', 'G', 'G', 'G', 'G', 'G']
C61849950,['G', 'G', 'G', 'O', 'O']
C06378768,['G', 'G', 'G', 'G', 'O', 'G', 'O']
C48961900,['G', 'G', 'G']
C40722295,['G', 'G', 'G', 'G', 'G', 'G', 'G']
C23242289,['G', 'G', 'G', 'O', 'G', 'G', 'G', 'G']
C43763494,['G', 'G', 'G', 'G', 'G', 'G', 'G']
C49595136,['G', 'G', 'G', 'G', 'O', 'G', 'G']
C41623362,['G', 'G', 'G', 'O', 'G']
C37507793,['G', 'G', 'G', 'G', 'G']
C36995329,['G', 'O', 'G', 'O', 'O']
C48417795,['G', 'G']
C13311117,['G', 'G', 'G', 'O', 'G', 'G', 'G', 'G']
C22452220,['G', 'O', 'G']
C37136702,['G', 'G', 'G', 'G', 'O', 'G']
C18055888,['G', 'G', 'O']
C13415440,['G', 'G', 'G', 'G', 'G', 'G', 'G', 'G']
C13183942,['G', 'G', 'G', 'O', 'G', 'G', 'G']
C36357593,['G', 'O']
C27977620,['G', 'G', 'G', 'G']
C19759901,['G', 'G', 'G', 'G', 'G', 'G']
C07505267,['G', 'G', 'O']
C57707697,['G', 'G', 'O', 'O', 'G']
C04955936,['O', 'G', 'G']
C52253286,['G', 'G', 'G', 'G', 'G', 'G', 'G']
C62788223,['O', 'G', 'O', 'G', 'O']
C13399474,['G', 'G', 'G', 'G', 'O', 'G', 'G', 'G']
C44544844,['G', 'G', 'G', 'G', 'G', 'G', 'G', 'G', 'O']
C52252500,['G', 'G', 'G', 'G', 'G']
C04030546,['O', 'G']
C08185008,['O', 'G', 'G']
C20135155,['G', 'G', 'G', 'G', 'G']
C45213285,['G', 'G', 'G', 'G', 'G', 'G']
C44725981,['G', 'G', 'G', 'O', 'G', 'G']
C13257863,['G', 'G', 'G', 'O', 'G', 'G', 'G']
C57768695,['G', 'G', 'G', 'G', 'G', 'G']
C65655588,['G', 'G', 'G', 'G', 'G', 'G', 'G', 'G', 'G']
C19984899,['G', 'G', 'G', 'G', 'G', 'O', 'G']
C37014002,['G', 'G', 'G', 'G', 'G', 'G']
C54714120,['G', 'G', 'G', 'G', 'O', 'G']
C08687005,['G', 'O', 'O']
C28724597,['G', 'G', 'G', 'G', 'G', 'G']
C47353136,['O', 'G', 'G', 'G', 'G', 'G']
C05022146,['G']
C21230769,['O', 'O', 'G', 'G', 'G']
C00460822,['G', 'G', 'G']
C50851993,['G', 'G', 'G', 'O', 'G']
C54745558,['G', 'O', 'G', 'G', 'G', 'O', 'G', 'G']
C54465995,['G', 'G', 'G', 'G', 'G']
C37763806,['G', 'G', 'G', 'G', 'G']
C48854936,['G', 'G', 'G', 'G', 'O', 'G', 'G']
C37317034,['G', 'G', 'G', 'O', 'O', 'G']
C52811714,['G', 'G', 'O']
C00452692,['G', 'G', 'O', 'G', 'G', 'G', 'G']
C52250260,['G', 'G', 'G', 'G', 'G', 'G', 'O']
C20560531,['G', 'G', 'G', 'G', 'O', 'O']
C13510404,['O', 'G', 'G', 'O', 'G', 'G', 'O']
C01446652,['G', 'G', 'G', 'G', 'G']
C30882260,['G', 'G', 'G', 'O', 'G', 'G', 'G', 'G']
C06504783,['O', 'G', 'O', 'G', 'G', 'G', 'G']
C46693578,['G', 'G', 'G', 'G', 'G', 'G', 'G', 'G', 'G', 'G', 'G', 'G']
C46983560,['G', 'G', 'G', 'G', 'O', 'G', 'G', 'O', 'G']
C13745328,['G', 'G', 'G', 'G', 'G', 'G', 'G']
C05070399,['G', 'G', 'G']
C38173754,['G', 'G', 'G', 'G', 'G', 'G', 'O']
C00187280,['G', 'G', 'G', 'G', 'O', 'O']
C01038270,['G', 'G', 'G']
C56146654,['G', 'G', 'G', 'G', 'G', 'O', 'G', 'G']
C41393466,['G', 'G', 'O', 'G', 'G', 'G']
C62655784,['G', 'G', 'G', 'O']
C54598019,['G', 'G', 'G', 'G', 'G']
C50358967,['G', 'O']
C54665552,['G', 'G', 'G', 'G', 'G']
C13173707,['G', 'G', 'G', 'G', 'G', 'G', 'O']
C14480003,['G', 'G', 'G']
C44296821,['G', 'G', 'G', 'G', 'G', 'O', 'G']
C48395882,['G', 'G', 'G', 'G', 'G', 'G']
C09344254,['G', 'G', 'G', 'G']
C34916141,['G', 'G', 'G', 'G']
C37136829,['G', 'G', 'G', 'G', 'G', 'O', 'G']
C37059885,['G', 'G', 'G', 'O', 'O', 'G']
C67589665,['G', 'G', 'G', 'G', 'G', 'G', 'O', 'O', 'G']
C09578622,['G', 'G']
C34252817,['O', 'G']
C66199314,['G', 'O', 'G', 'O', 'G', 'G', 'G', 'G', 'G', 'G', 'G']
C00202942,['G']
C49860165,['G']
C02933310,['O', 'O', 'G', 'G', 'G']
C61691376,['G', 'G', 'G', 'G', 'O', 'O', 'O']
C63038448,['G', 'G', 'G', 'G']
C54713106,['G', 'G', 'G', 'G', 'G', 'G']
C20524245,['G', 'O', 'G', 'G', 'O', 'G']
C15230667,['G', 'G', 'G']
C43976808,['G', 'G', 'G', 'G', 'G']
C04698343,['G', 'G', 'G', 'G', 'O', 'G', 'G']
C51662539,['O', 'G', 'G', 'G', 'G']
C04771914,['G']
C62090530,['G', 'O', 'G', 'G', 'G', 'G', 'G', 'G', 'G']
C35233229,['G', 'O', 'G', 'G', 'G']
C03418745,['O', 'G']
C35661740,['G', 'G', 'G', 'G', 'G']
C37060089,['G', 'G', 'G', 'G', 'O', 'O', 'G']
C21229535,['G', 'G', 'G']
C38703427,['G', 'G']
C62442562,['G', 'G', 'G', 'G', 'G', 'G', 'G', 'G']
C50665863,['G', 'G', 'G', 'O', 'G', 'G', 'O']
C41839046,['G', 'G', 'G', 'G', 'G']
C34386982,['G', 'G', 'G', 'G', 'G', 'G']
C64567242,['G', 'G', 'G', 'O', 'G', 'O', 'G', 'G']
C51756327,['G', 'G', 'O', 'G', 'O', 'O', 'G', 'G', 'G']
C40341102,['G', 'O', 'G', 'G']
C00477681,['O', 'O']
C32473494,['G', 'G', 'G', 'G', 'G']
C13088705,['G', 'G', 'G', 'O', 'G', 'G', 'G']
C00706993,['G', 'G', 'O', 'O']
C48825336,['G', 'G', 'G', 'G', 'G', 'G']
C04698214,['G', 'G', 'G', 'G', 'O', 'G', 'G', 'G', 'G']
C02512009,['G', 'G', 'G', 'G', 'O', 'G', 'G', 'G', 'O']
C13075683,['G', 'G', 'G', 'G', 'G', 'G', 'G', 'G']
C45331748,['G', 'G', 'G', 'G', 'G', 'G', 'G', 'G']
C01025526,['G', 'G', 'G', 'G', 'G', 'G', 'G', 'O']
C20604498,['G', 'G', 'G']
C41121282,['G', 'G', 'G', 'G', 'G']
C09334252,['G', 'G', 'G']
C01794012,['G', 'G', 'G', 'G', 'G', 'G', 'G', 'G', 'G']
C46566980,['G', 'G', 'G', 'G', 'G', 'G']
C53067370,['G', 'G', 'G', 'G']
C37954168,['G', 'G', 'G', 'G', 'G', 'O']
C04027722,['G', 'G', 'G', 'G', 'G', 'G', 'G', 'O']
C05371577,['G', 'G']
C61840680,['G', 'G', 'G', 'G', 'O']
C48417804,['G', 'G']
C35560046,['G', 'G', 'G', 'G', 'O', 'G', 'G']
C13172567,['G', 'G', 'G', 'O', 'G', 'G', 'G']
C20560526,['G', 'G', 'G', 'G', 'G', 'O']
C06626722,['O', 'G', 'O']
C13416662,['G', 'G', 'G', 'G', 'G', 'O', 'G', 'O']
C49534366,['G', 'G', 'G']
C44562125,['G', 'G', 'G', 'G', 'G']
C04839228,['G', 'G', 'G']
C35586741,['G', 'G', 'G', 'G', 'G']
C13311620,['G', 'G', 'G', 'G', 'G', 'O', 'G']
C32004719,['G', 'G']
C05368215,['G', 'G', 'G', 'G', 'G', 'G', 'G', 'G', 'G', 'O', 'O']
C32655145,['G', 'O', 'G', 'G']
C23243842,['G', 'G', 'G', 'O', 'G', 'O', 'G', 'O']
C36592004,['G', 'O', 'G', 'G', 'G', 'G', 'G', 'O', 'G', 'G']
C13942151,['G', 'G', 'G', 'O', 'G', 'G', 'G', 'O']
C13416513,['G', 'G', 'G', 'G', 'G', 'G', 'G', 'O']
C42580617,['G', 'G', 'G', 'G', 'G']
C35133310,['G', 'G', 'G', 'G', 'G', 'G', 'G']
C05932584,['G', 'G', 'G']
C13468916,['G', 'G', 'G', 'G', 'G', 'G', 'G', 'O']
C13094267,['G', 'G', 'G', 'G', 'G', 'O', 'G']
C65350883,['G', 'G', 'G']
C20700328,['G', 'G', 'G', 'G', 'G']
C59247891,['O', 'O', 'G', 'G', 'O', 'O', 'G']
C02140005,['O', 'O']
C49147668,['G', 'G', 'G', 'O', 'O', 'G', 'G', 'G', 'O']
C17113631,['G', 'G', 'G', 'G', 'O']
C36617245,['G', 'G', 'G']
C04671045,['G', 'G', 'G']
C51920004,['G', 'G', 'G', 'G', 'G']
C50499331,['G', 'G', 'G', 'G', 'G', 'G']
C50482617,['G', 'G', 'G', 'G', 'G']
C23138350,['G', 'G', 'O', 'G', 'O', 'G', 'G', 'O']
C55591348,['G', 'G', 'G', 'G', 'G', 'G', 'G', 'O']
C04026274,['G', 'G', 'G']
C44825847,['G', 'G', 'G', 'G', 'G', 'G', 'G']
C12346653,['O', 'G', 'O', 'G', 'G', 'G', 'G', 'G']
C04476214,['O', 'G', 'G', 'G', 'G', 'G', 'O']
C36337225,['G', 'G', 'G', 'G', 'G', 'G']
C40448550,['G']
C13343254,['G', 'G', 'G', 'G', 'G', 'G', 'G', 'O']
C52254593,['G', 'G', 'G', 'G', 'G', 'O']
C62765800,['G', 'G', 'G', 'O']
C13415728,['G', 'G', 'G', 'G', 'G', 'O', 'G', 'O']
C36573961,['G', 'G', 'G', 'G', 'G', 'G', 'G', 'G', 'G', 'G', 'G', 'G']
C21950587,['G', 'G']
C13178798,['G', 'G', 'G', 'O', 'G', 'O', 'G', 'O']
C04581089,['O', 'O', 'G', 'G', 'G', 'O', 'G', 'G']
C04973834,['O', 'O']
C18222961,['G']
C35698928,['G', 'G', 'G', 'G', 'G', 'G', 'G', 'G']
C13224439,['G', 'G', 'G', 'G', 'G', 'G', 'G', 'O']
C05736372,['G', 'G', 'G', 'G', 'O']
C13389671,['G', 'G', 'G', 'G', 'G', 'G', 'G', 'O']
C50491758,['G', 'G', 'G', 'G', 'G']
C12526124,['O', 'G', 'G', 'G']
C35149807,['G', 'G', 'G', 'G', 'O', 'G', 'G', 'G']
C13021313,['O', 'G', 'G', 'O', 'G', 'G', 'G', 'G']
C44731115,['G', 'G', 'G']
C06316583,['G', 'G', 'G']
C05598908,['G', 'G']
C49403583,['G', 'G', 'O', 'G', 'G', 'G', 'G', 'G']
C13416688,['G', 'G', 'G', 'G', 'G', 'G', 'G', 'G', 'G']
C02305115,['G', 'O', 'G', 'G', 'G']
C12417011,['G', 'G', 'G']
C35521403,['G', 'G', 'G', 'G', 'G', 'G', 'G', 'G', 'O', 'G', 'G']
C47385747,['G', 'O', 'G', 'G', 'G', 'G']
C13468963,['G', 'G', 'G', 'G', 'G', 'G', 'G', 'G']
C13343078,['G', 'G', 'G', 'G', 'G', 'G', 'G', 'O']
C52858969,['G', 'O', 'G', 'G', 'O']
C35667924,['G', 'G', 'G', 'G', 'G', 'G', 'G', 'G']
C22018010,['O', 'G', 'G', 'O', 'G', 'G', 'O']
C36912700,['G', 'G']
C03893936,['G', 'G', 'O']
C13468983,['G', 'G', 'G', 'G', 'G', 'G', 'G', 'O']
C66824503,['G', 'G', 'G', 'G', 'G', 'G', 'G', 'G']
C37624853,['G', 'G', 'G', 'G', 'G', 'G']
C00001462,['G']
C50593984,['G', 'G']
C02562034,['G', 'G', 'G', 'O', 'G', 'G', 'G']
C62231262,['G', 'G', 'G', 'G', 'G']
C49526379,['G', 'G', 'G']
C05682072,['O', 'O', 'G']
C66507641,['G', 'G', 'G', 'G', 'G', 'G', 'G', 'G']
C40041923,['G', 'G', 'G', 'G']
C40377917,['G', 'G', 'O', 'G']
C05764799,['G', 'G', 'G', 'G', 'G', 'G', 'G', 'G']
C62490731,['G', 'G', 'O']
C48356246,['G', 'G', 'G', 'O', 'G', 'G', 'G', 'O']
C49452804,['G', 'G']
C33373327,['O', 'G', 'G', 'G']
C07505311,['G', 'G', 'O']
C18276776,['G', 'O']
C04106873,['G', 'G', 'G']
C62065464,['G', 'G', 'G', 'G', 'G', 'G', 'O', 'G']
C62766324,['G', 'O', 'G', 'G']
C44839487,['G', 'G', 'O', 'G', 'G', 'G', 'G', 'G', 'G']
C29011050,['G', 'G', 'G', 'G', 'O', 'G', 'G', 'O']
C35233227,['G', 'G', 'G', 'O', 'G']
