C63194377,['G', 'G', 'G', 'G', 'O']
C50244728,['O', 'O', 'O']
C44216672,['G', 'G', 'G', 'O']
C12378882,['O', 'G', 'G', 'G', 'G']
C51639311,['O', 'G', 'O', 'G']
C40471515,['O', 'O', 'O']
C61145157,['G', 'G', 'G', 'G']
C54920293,['G', 'G', 'G', 'G', 'G', 'G', 'O', 'G', 'G', 'G']
C41733788,['G', 'G']
C62744108,['G', 'O', 'G', 'O', 'O', 'G', 'G']
C48836910,['O', 'G', 'O']
CHEMBL557599,['O', 'O', 'G', 'G', 'G', 'G', 'G']
C54303035,['G', 'G', 'G', 'O']
C62870408,['G', 'O', 'G']
C58594939,['G', 'G', 'G', 'G', 'G', 'G', 'G', 'G', 'G']
C03155131,['G', 'G', 'O']
C40486080,['G', 'G', 'G', 'G', 'G', 'G']
C14050932,['G', 'G', 'G', 'G', 'O', 'G', 'G', 'O']
C62135766,['G', 'O', 'O']
C44888670,['G', 'G', 'G', 'G', 'G', 'G']
CHEMBL534929,['O', 'G', 'G', 'G', 'G', 'G', 'G', 'G', 'G']
C07664633,['G', 'G', 'G', 'G', 'G', 'G', 'G', 'G']
C51661852,['O', 'G', 'G', 'O', 'G', 'O']
C35370865,['G', 'G', 'G', 'G', 'G', 'G', 'O', 'G', 'G']
C44215785,['G', 'G', 'G', 'G', 'O']
C24006520,['G', 'O', 'O', 'G', 'O', 'G']
C35083820,['G', 'G', 'G', 'G', 'G', 'O']
C42430089,['O', 'O', 'O']
C20830164,['G', 'G', 'G', 'G', 'G', 'G', 'G', 'G']
CHEMBL176768,['G', 'G', 'G', 'O', 'G', 'G']
C63833429,['O', 'G', 'O']
C40520984,['G', 'O', 'G', 'G', 'O']
C07277579,['O', 'O', 'G', 'G', 'G', 'O', 'G', 'G']
C62893486,['G', 'G', 'G', 'G']
CHEMBL47094,['G', 'G', 'O', 'O', 'G', 'G', 'G']
CHEMBL558983,['O', 'G', 'G', 'G', 'G', 'G', 'O', 'G']
C42109357,['G', 'G', 'G', 'G', 'G', 'O', 'O', 'G', 'G']
C39662847,['G', 'G', 'G', 'O', 'G', 'G', 'O', 'G', 'O']
C27677692,['G', 'G', 'G', 'O', 'G', 'G', 'G', 'G', 'G']
CHEMBL415909,['G', 'G', 'G', 'G', 'G', 'G', 'G']
C30500894,['G', 'G', 'G', 'G', 'G', 'G', 'G', 'G']
C17887731,['O', 'O', 'O', 'G', 'G', 'G']
C50641718,['G', 'G', 'G']
C63919966,['G', 'G', 'G', 'G', 'G', 'G', 'G', 'G', 'G']
CHEMBL558363,['O', 'O', 'G', 'G', 'G', 'G', 'G']
C10085684,['G', 'G', 'G', 'G', 'G', 'G', 'G', 'G']
C21818344,['O', 'G', 'G', 'G', 'O', 'G', 'G', 'G']
C36288375,['G', 'G', 'G']
C39662705,['G', 'G', 'G', 'G', 'G', 'G', 'O']
C19733777,['G', 'G', 'G', 'G']
C50250994,['O', 'O', 'O', 'G']
C59404231,['G', 'G', 'G', 'G', 'G', 'O', 'G', 'G', 'G', 'O']
C61995368,['G', 'O', 'G', 'G', 'G', 'G', 'G']
C12387650,['G', 'O', 'G', 'G', 'G', 'G']
C42476712,['G', 'G', 'G', 'G', 'G', 'G', 'O']
C11936078,['O', 'O', 'G', 'G', 'G', 'G', 'O']
C09608613,['O', 'G', 'G', 'G', 'G', 'G']
C39533197,['G', 'G', 'O', 'G', 'G', 'G', 'G', 'G']
C44925368,['G', 'G', 'G', 'O', 'G']
C44217604,['G', 'G', 'G', 'O', 'O']
C50243026,['G', 'O', 'O']
C39447854,['G', 'G', 'G', 'G', 'G', 'G', 'O']
C16842462,['G', 'G', 'O', 'G', 'G', 'G', 'G']
C20510679,['G', 'G', 'O', 'G', 'G', 'G', 'G', 'G']
C62136604,['O', 'O', 'O']
C50251531,['G', 'O', 'G', 'O', 'O', 'G']
C09968206,['G', 'G', 'G', 'G', 'G', 'G', 'O', 'O']
C39482740,['G', 'G', 'G', 'G', 'G', 'O', 'G', 'G']
C39657905,['G', 'G', 'G', 'G', 'G', 'G', 'G', 'O']
C40557634,['G', 'O', 'G', 'G', 'G', 'O']
C16392295,['G', 'G', 'G', 'G', 'G', 'O']
C33263636,['G', 'G', 'G', 'O', 'G', 'G', 'G', 'G']
C41254870,['O', 'G', 'G', 'O', 'G', 'G', 'G', 'G', 'G']
C04062776,['G', 'G', 'G', 'G', 'G', 'G', 'O', 'G', 'G']
C41253771,['G', 'G', 'G', 'O', 'G', 'O', 'G', 'G', 'G']
C44871678,['G', 'G', 'G', 'G', 'G', 'G', 'O', 'G', 'G']
CHEMBL47041,['G', 'G', 'G', 'O', 'G', 'O']
C63281350,['G', 'G', 'O', 'G', 'O', 'G', 'O', 'G']
C43737462,['G', 'O', 'G', 'G', 'O', 'G', 'O', 'G', 'G']
C37982989,['G', 'O', 'G', 'G', 'O', 'O']
C06964533,['O', 'G', 'G', 'G', 'G', 'G']
C29071269,['G', 'G', 'G', 'G', 'G', 'G', 'G', 'G', 'G', 'G']
CHEMBL153866,['G', 'O', 'G', 'G']
C20929309,['G', 'O', 'O', 'G', 'G', 'G', 'G', 'O', 'G', 'G']
CHEMBL34368,['G', 'O', 'G', 'G']
C21465342,['G', 'G', 'G', 'G', 'O', 'G', 'G', 'G', 'G', 'G']
C31520772,['G', 'O', 'G', 'G', 'G']
CHEMBL291187,['G', 'G', 'O', 'O', 'G', 'G', 'G']
C15934617,['G', 'G', 'G', 'G', 'G', 'G', 'G', 'G', 'G']
C39592681,['O', 'G', 'G', 'G', 'G', 'G', 'O']
C50672128,['G', 'G', 'G', 'G', 'G']
C59577954,['G', 'G', 'O', 'G', 'O', 'G', 'G', 'G', 'G', 'G', 'G', 'G']
C61146057,['G', 'G', 'G', 'G', 'G', 'G', 'G']
C40482698,['O', 'G', 'G', 'O', 'O']
C44283593,['G', 'O', 'G', 'O']
CHEMBL52562,['O', 'O']
C62902700,['G', 'G', 'G', 'O']
C33263622,['O', 'G', 'G', 'O', 'G', 'G', 'G', 'G']
C14870771,['G', 'G', 'G', 'G', 'G']
C50659941,['G', 'O', 'G', 'G', 'G', 'G']
C39750189,['O', 'G', 'O', 'G', 'G', 'G', 'G', 'G']
C14745395,['G', 'G', 'G', 'G', 'G', 'G', 'G']
C67458749,['G', 'G', 'G', 'G']
CHEMBL432111,['G', 'G', 'G', 'G', 'G', 'G']
C59818735,['G', 'G', 'G', 'O', 'G', 'G', 'G']
C33882137,['G', 'G', 'G', 'G', 'G', 'G', 'G', 'G', 'O', 'G', 'G', 'G']
C40798275,['G', 'G', 'O', 'G']
C33735658,['G', 'G', 'G', 'G', 'G', 'G', 'G', 'G', 'G', 'G', 'O']
C45253884,['G', 'G', 'O', 'O', 'G', 'G']
C05633257,['G', 'G', 'G', 'G', 'O', 'G', 'G', 'G', 'G', 'O', 'G', 'G']
C24770453,['G', 'G', 'G', 'G', 'G', 'G']
CHEMBL42459,['G', 'G', 'O', 'O', 'G', 'G']
C41583016,['O', 'G', 'O', 'G']
C22627575,['G', 'G', 'G', 'G']
C27603858,['G', 'G', 'G', 'G', 'G', 'G', 'G', 'G', 'G', 'G']
C63503150,['G', 'G', 'G', 'G', 'G', 'G', 'G', 'G', 'G', 'G']
C36360783,['G', 'G', 'O', 'G', 'G', 'G']
C32466605,['G', 'G', 'O', 'G', 'G', 'G', 'G', 'G', 'G', 'G']
C35593797,['G', 'G', 'G', 'G', 'G', 'O', 'G', 'G', 'G', 'G', 'G']
CHEMBL295648,['G', 'G']
C50632434,['G', 'O', 'G', 'G', 'G']
C50244564,['O', 'O', 'O']
C17155417,['O', 'G', 'G', 'O', 'G', 'G']
C59108703,['G', 'G', 'G', 'G', 'G', 'G', 'G']
C14242407,['G', 'G', 'G', 'G', 'G', 'G', 'G', 'G', 'O']
C20416059,['G', 'G', 'G', 'G', 'G', 'O', 'G']
C42549527,['G', 'G', 'G', 'G', 'O', 'G', 'O']
C00421737,['G', 'G', 'G', 'G', 'O']
C19955853,['O', 'G', 'G', 'O', 'G', 'G', 'G']
C33735657,['G', 'G', 'G', 'G', 'G', 'G', 'G', 'G', 'G', 'G', 'O']
C65492529,['G', 'G', 'G', 'G', 'G', 'G']
C23593302,['G', 'G', 'G', 'G', 'G', 'O', 'G']
C63194378,['G', 'G', 'G', 'G', 'O']
C33630212,['O', 'G', 'G', 'G', 'G', 'G']
CHEMBL288683,['G', 'G', 'G', 'O', 'G', 'G']
C66688561,['G', 'G', 'G', 'G', 'G', 'G', 'G', 'O', 'G']
C30827726,['G', 'G', 'G', 'G', 'G', 'O', 'O', 'O']
CHEMBL152256,['G', 'O', 'O']
CHEMBL47089,['G', 'G', 'O', 'G', 'G', 'G']
C37017968,['G', 'G', 'G', 'O']
C35084187,['G', 'G', 'G', 'G', 'O']
CHEMBL295657,['G', 'G', 'O', 'O', 'G', 'O']
CHEMBL406254,['O', 'O', 'G', 'G', 'G', 'G']
C61146040,['O', 'G', 'G', 'G']
C39657907,['G', 'G', 'G', 'O', 'G', 'G', 'G', 'O']
C66450976,['G', 'G', 'G', 'O', 'G', 'G']
C15666629,['O', 'G', 'G', 'G', 'G', 'G', 'O']
C22526238,['G', 'G', 'G', 'G', 'G', 'G', 'G', 'G']
C36342509,['G', 'O', 'O', 'G', 'G', 'G']
C61834380,['G', 'G', 'G', 'G', 'G', 'O']
C22143441,['G', 'G', 'O', 'O', 'O', 'G', 'O']
C37881151,['G', 'O', 'G', 'G', 'G', 'G']
C32754672,['O', 'O', 'G', 'G', 'G', 'G']
C21313915,['G', 'O', 'G', 'G', 'G', 'G', 'O']
C35096948,['G', 'G', 'G', 'G', 'G', 'G', 'G', 'G']
C09479171,['G', 'G', 'G', 'G', 'G', 'G', 'G']
C12785785,['G', 'G', 'G', 'G', 'G', 'G', 'G']
C44291823,['O', 'G', 'G', 'O']
C08694105,['G', 'G', 'G', 'G', 'G', 'O', 'G', 'G']
C12702693,['G', 'O', 'G', 'G', 'G', 'G', 'G', 'G', 'G', 'G', 'G', 'G']
C50016025,['O', 'G', 'G', 'G', 'G']
CHEMBL405761,['O', 'O']
C58089271,['G', 'G', 'G', 'G', 'G', 'G', 'G', 'G']
C42420190,['G', 'G', 'G', 'O', 'G', 'G', 'O']
C50986386,['G', 'G']
C41704351,['G', 'G', 'G', 'G']
C09468455,['G', 'G', 'O', 'G', 'G', 'O', 'G', 'G']
C49686348,['G', 'G', 'G', 'O', 'G', 'G', 'G']
C17155878,['G', 'G', 'G', 'G', 'G', 'G', 'O', 'G', 'G', 'G', 'G']
C12525036,['G', 'O', 'G', 'O', 'G', 'G', 'G']
C54822546,['G', 'G', 'G', 'G']
CHEMBL6497,['G', 'G']
C09544951,['G', 'G', 'G', 'G', 'G', 'G', 'G']
C15909209,['G', 'G', 'G', 'G', 'G', 'G', 'G']
CHEMBL296195,['G', 'G', 'O', 'G', 'G', 'O']
C17273886,['G', 'G', 'G', 'O', 'G', 'G', 'G', 'O', 'G', 'G', 'O']
C49455427,['G', 'O']
CHEMBL288569,['G', 'G', 'O', 'O', 'G', 'G']
C08830436,['G', 'G', 'G', 'G', 'G', 'G']
C39000234,['G', 'G', 'G', 'G', 'G', 'G', 'O', 'O']
C39485917,['G', 'G', 'G', 'G', 'G']
C37426636,['G', 'G', 'G', 'G', 'G', 'G', 'G', 'O', 'O', 'G', 'G', 'O']
C12770691,['O', 'O', 'G', 'G', 'G', 'G', 'G', 'G']
C42062282,['G', 'G', 'O', 'G', 'G', 'G', 'G']
C17053127,['G', 'G', 'G', 'O', 'G', 'G']
C07314489,['G', 'G', 'G', 'G']
C03277688,['G', 'G', 'G', 'G', 'G', 'O', 'G', 'O', 'G']
C14072515,['G', 'G', 'G', 'G', 'G', 'G', 'G', 'O', 'O', 'G']
C21602769,['G', 'G', 'G', 'G', 'G', 'G', 'O', 'G', 'G', 'G']
C60363406,['O', 'O', 'O', 'G', 'G', 'G', 'G', 'G']
C28264743,['G', 'G', 'O', 'O', 'O', 'G', 'G', 'G']
C05137654,['G', 'O', 'G', 'G', 'G', 'O', 'G']
C45530955,['O', 'O', 'G', 'G', 'G', 'G', 'G', 'G']
CHEMBL46502,['G', 'G', 'G', 'O', 'G', 'G']
CHEMBL290528,['G', 'G', 'G', 'G', 'G', 'G']
C22482799,['G', 'G', 'G', 'O', 'G', 'O', 'O']
CHEMBL45424,['G', 'G', 'O', 'O', 'G', 'O']
C13011980,['G', 'G', 'G', 'G', 'G', 'O']
C09043949,['G', 'G', 'G', 'G', 'G', 'O', 'G', 'G', 'G', 'G', 'G', 'G']
C34689685,['G', 'G', 'O', 'G', 'G', 'G', 'G', 'G', 'G']
C02332422,['G', 'G', 'G', 'G', 'G', 'O', 'O', 'G', 'G']
C30822659,['G', 'G', 'G', 'G', 'G', 'G', 'G', 'O', 'G', 'G']
C32100190,['G', 'G', 'G', 'G', 'G', 'G', 'G', 'G', 'G']
C08589438,['G', 'G', 'G', 'G', 'G', 'G', 'G', 'G']
C33555317,['O', 'G', 'G', 'G', 'G', 'G', 'G']
C64885675,['G', 'G', 'G', 'G', 'G', 'G', 'G', 'G', 'G', 'O']
C64847090,['G', 'G', 'G', 'G', 'G', 'G', 'G', 'O', 'G', 'G']
C38827317,['O', 'G', 'G']
C09407452,['G', 'O', 'G', 'G', 'G', 'G', 'G', 'G']
C59177365,['G', 'G', 'G', 'G', 'O', 'G', 'G', 'G', 'G', 'O']
C15731446,['G', 'G', 'G', 'G', 'G', 'O', 'G', 'G', 'G']
C62897863,['G', 'G', 'O', 'G']
C51693436,['O', 'G', 'G', 'G']
C17136155,['G', 'G', 'G', 'G', 'G', 'G']
C59416887,['G', 'G', 'G', 'G', 'G', 'G']
C66221853,['G', 'G', 'G', 'G', 'O', 'G', 'G', 'O']
C42380975,['G', 'G', 'G', 'O', 'G', 'G', 'G', 'O']
C60376469,['G', 'G', 'G', 'O', 'G', 'G', 'G']
C50026755,['G', 'G', 'G', 'G', 'G', 'G']
C40335945,['G', 'G', 'O', 'G']
C62897944,['G', 'G', 'O', 'G']
C23422399,['G', 'O', 'G', 'G', 'G', 'G', 'G', 'G']
C03372192,['G', 'G', 'G', 'G', 'G', 'G', 'G', 'O']
C14358643,['O', 'G', 'G', 'G', 'G', 'G', 'G', 'G', 'G', 'G', 'G']
C12879572,['G', 'G', 'G', 'O', 'G', 'G', 'G', 'G']
C66625789,['G', 'G', 'O', 'G', 'G', 'G', 'G', 'O']
C21786227,['G', 'G', 'G', 'O', 'G', 'O', 'G']
C24124048,['G', 'G', 'G', 'G', 'G', 'G', 'O']
C40202239,['G', 'G', 'G', 'G', 'G', 'G', 'O', 'G', 'O']
C67090659,['O', 'G', 'G', 'G', 'G', 'G', 'G', 'G', 'G']
C50112347,['G', 'G', 'G', 'G', 'G', 'O', 'G', 'G', 'G']
C01128622,['O', 'G', 'G', 'G', 'G', 'G', 'G', 'G', 'G']
C33919814,['G', 'G', 'G', 'G', 'G', 'O', 'O']
C66174450,['O', 'G', 'G', 'G', 'G', 'G', 'G', 'G']
C05993159,['G', 'G', 'G', 'G', 'G', 'G', 'G']
C23363539,['G', 'G', 'G', 'G', 'O', 'G', 'G', 'G', 'O']
C14930958,['O', 'G', 'G', 'G', 'G', 'G', 'G', 'O', 'O']
C08227031,['G', 'G', 'O', 'G', 'O', 'G']
CHEMBL353811,['G', 'O']
CHEMBL285640,['G', 'G']
C21408833,['G', 'G', 'G', 'G', 'G', 'G', 'G']
C38577252,['O', 'G', 'G', 'G', 'G', 'G', 'G']
C58699470,['O', 'G', 'G', 'G', 'G', 'G']
C08723908,['G', 'G', 'G', 'G', 'G', 'O', 'G', 'G']
C63279588,['G', 'G', 'G', 'G', 'O', 'G', 'G', 'O', 'G', 'G']
C38517561,['G', 'G', 'G', 'G', 'G', 'G', 'G', 'G', 'G', 'G']
C00736161,['O', 'G', 'G', 'O', 'G', 'G', 'O', 'G']
C53393348,['G', 'G', 'G', 'G']
C36998433,['G', 'G', 'G', 'O', 'G']
C48953027,['G', 'G', 'G', 'G', 'G', 'G', 'G']
C64525522,['O', 'G', 'G', 'G', 'G', 'G', 'G', 'G', 'G', 'G']
C22767021,['O', 'G', 'G', 'G', 'G', 'G', 'G']
C39845849,['G', 'G', 'O', 'G', 'G', 'G', 'G']
C25151590,['G', 'G', 'G', 'O', 'G', 'O', 'G', 'G', 'G']
C34899993,['G', 'G', 'G', 'G', 'G', 'G', 'G', 'G', 'G', 'G']
C63991030,['O', 'G', 'G', 'G', 'G', 'O', 'G', 'G']
C33034333,['G', 'G', 'G', 'G', 'G', 'O', 'G', 'G', 'G']
C51483939,['G', 'G', 'G', 'G', 'G', 'G']
C44551693,['O', 'G', 'G', 'G', 'O', 'O']
C18200285,['O', 'G', 'O']
C24123455,['G', 'G', 'G', 'G', 'G', 'G', 'G']
C50371514,['G', 'O', 'G', 'G', 'O']
C43670199,['G', 'G', 'G']
C22837367,['O', 'G', 'G', 'G', 'G', 'G', 'O']
C62285401,['G', 'G', 'G', 'G', 'O']
C03492948,['G', 'G', 'G', 'G', 'G', 'G', 'G']
C25590964,['G', 'G', 'G', 'G', 'G', 'G', 'G', 'G']
C50244701,['G', 'O', 'O', 'O', 'G', 'O']
CHEMBL268690,['G', 'O']
C45680630,['O', 'O', 'G', 'G', 'G', 'G', 'G', 'G']
C01203505,['G', 'G', 'G', 'G']
C09837762,['G', 'O', 'O', 'G', 'G', 'G', 'G', 'G']
C15243565,['O', 'O', 'G', 'G', 'G', 'G']
C39218236,['G', 'G', 'G', 'G']
C46555103,['G', 'G', 'G', 'G', 'G', 'G', 'G']
C46790104,['G', 'G', 'G', 'G', 'G', 'G', 'G', 'G', 'O']
C39658050,['G', 'G', 'O', 'O', 'G', 'G', 'G', 'O']
C02317230,['G', 'O', 'G', 'G', 'G', 'G', 'G', 'G', 'G']
C09677457,['G', 'O', 'G', 'G', 'G', 'G', 'G', 'G']
C14045733,['G', 'G', 'G', 'G', 'O', 'G', 'G', 'G']
C66625337,['G', 'G', 'G', 'O']
CHEMBL46884,['G', 'G', 'G', 'G', 'G', 'O']
C36398597,['O', 'O', 'O', 'O', 'G', 'G']
C58997778,['G', 'G', 'G', 'G', 'G']
C36359325,['G', 'G', 'G', 'G', 'G', 'G', 'G', 'G']
C45191121,['G', 'G', 'O', 'G', 'G', 'G']
C49375309,['G', 'G', 'G', 'G', 'G', 'G']
C23636880,['G', 'G', 'G', 'G', 'G', 'O', 'G', 'G']
C37037051,['G', 'G', 'G', 'G', 'G']
C09838176,['O', 'G', 'G', 'G', 'O', 'G', 'G', 'G']
C58396555,['O', 'G', 'O', 'O', 'G', 'G']
C28315210,['G', 'G', 'G', 'G', 'G', 'G', 'G']
C35294066,['G', 'G', 'G', 'G', 'G', 'O', 'G', 'G', 'G']
C35872519,['G', 'G', 'G', 'G', 'G', 'G', 'G', 'G', 'G']
C46767366,['G', 'G', 'G', 'G', 'G', 'G']
CHEMBL289560,['G', 'G', 'O', 'O', 'G', 'G']
C64683557,['G', 'G', 'O', 'G', 'G', 'G', 'G', 'G']
C30880354,['G', 'G', 'G', 'G', 'G', 'G', 'G', 'G', 'O', 'G', 'G']
C44933142,['G', 'G', 'G', 'G']
C08747370,['G', 'G', 'G', 'G', 'G']
C20288848,['G', 'O', 'G', 'G', 'G', 'G', 'G', 'G']
C24535317,['G', 'G', 'G', 'G', 'G', 'G']
C09630839,['O', 'O', 'G', 'O', 'G', 'G', 'G', 'G', 'G', 'G', 'G']
C18389133,['G', 'G', 'G', 'O', 'G', 'O', 'G']
C09715484,['G', 'G', 'G', 'G', 'G', 'G']
C38517562,['G', 'G', 'G', 'G', 'G', 'G', 'G', 'G', 'G', 'G']
C36897373,['G', 'G', 'O']
C12894698,['G', 'G', 'G', 'G', 'G', 'G', 'G', 'G', 'G', 'O', 'G']
C04713266,['G', 'G', 'G', 'G', 'G', 'G', 'O']
C13523025,['G', 'O', 'G', 'G', 'O', 'G', 'G', 'G']
C67065935,['O', 'G', 'G', 'G', 'G', 'O']
C40906669,['G', 'G', 'G', 'G', 'G', 'G', 'G']
C50441492,['G', 'G', 'G', 'G', 'G', 'G']
C12105511,['G', 'G', 'G', 'O', 'G', 'O', 'O', 'G']
C12806768,['G', 'G', 'G', 'G', 'O', 'G', 'O', 'G']
C26990945,['G', 'G', 'G', 'G', 'G', 'G', 'G', 'G', 'G']
C37060951,['O', 'O', 'G', 'O']
C65621390,['G', 'G', 'G', 'O', 'G', 'G']
C00810080,['G', 'G', 'G', 'G', 'O', 'G', 'G', 'G']
C16842464,['G', 'G', 'G', 'G', 'G', 'G', 'O']
CHEMBL44535,['G', 'G', 'O', 'O', 'G', 'O', 'G', 'G']
C65413951,['G', 'G', 'G', 'G', 'G', 'G', 'G', 'G', 'G', 'G', 'G', 'G']
C27633625,['G', 'O', 'G', 'O', 'G', 'G', 'G', 'G', 'G']
C40548018,['G', 'G', 'G', 'O', 'G', 'G', 'G']
C40325874,['G', 'G', 'O', 'G', 'G']
C22023432,['G', 'G', 'G', 'O', 'G', 'G', 'G', 'G']
C50929777,['O', 'G', 'G', 'O', 'G', 'G', 'O']
C57293177,['O', 'G', 'G', 'O', 'O', 'G', 'G', 'G']
C16009800,['G', 'G', 'G', 'G']
C21550504,['O', 'G', 'O', 'G', 'G', 'G', 'O']
C00271476,['G', 'G', 'G', 'G', 'O', 'G', 'O']
C09407352,['G', 'G', 'O', 'O', 'G', 'G']
C44144580,['O', 'G', 'G', 'G', 'G', 'G', 'G', 'G', 'G', 'G', 'G']
C18122682,['G', 'G', 'G', 'G', 'G', 'G', 'G', 'G']
C09607934,['G', 'G', 'G', 'G', 'G', 'G', 'G']
C39696198,['G', 'G', 'G', 'G', 'G', 'G', 'G', 'G']
C02326759,['G', 'O', 'G', 'G', 'O', 'G', 'O', 'G']
C14830509,['O', 'G', 'G', 'G', 'G', 'G', 'G', 'G', 'G']
CHEMBL46821,['G', 'G', 'G', 'G', 'G', 'G']
C63271885,['G', 'G', 'O', 'G', 'O', 'G', 'G', 'G']
C58609672,['G', 'G', 'G', 'G', 'G']
C09216755,['G', 'G', 'G', 'G', 'G', 'G', 'G', 'G', 'G', 'G']
C14916162,['G', 'G', 'G', 'G', 'G', 'G', 'G', 'G']
C67211223,['G', 'G', 'G', 'G', 'G', 'G', 'G', 'G', 'G']
C67389145,['G', 'G', 'G', 'G', 'G', 'G', 'G']
C66268112,['G', 'G', 'O', 'O', 'G', 'G', 'G']
C38626553,['G', 'G', 'O', 'G', 'G', 'G', 'G']
C22616754,['G', 'G', 'G', 'G', 'G', 'G', 'G', 'G', 'O', 'G']
C08868160,['G', 'G', 'G']
C65025114,['G', 'G', 'G', 'G', 'G', 'G', 'G', 'G']
C54143336,['G', 'G', 'G', 'G', 'G', 'G', 'G', 'G', 'G']
C15709308,['G', 'G', 'G', 'O', 'G', 'G', 'G', 'G', 'G']
C57433146,['G', 'G', 'G', 'G', 'G', 'O', 'G', 'G', 'G']
C17105482,['G', 'G', 'G', 'G', 'G', 'G', 'G']
C36019545,['G', 'G', 'O', 'G', 'G', 'G', 'G', 'G', 'G']
C19079279,['G', 'G', 'G', 'G', 'G']
C64900656,['G', 'O', 'G', 'G', 'G', 'G', 'G', 'G', 'G']
C03771939,['G', 'G', 'G', 'G', 'G']
C09079500,['O', 'G', 'G', 'G', 'G', 'G', 'G', 'G']
C14958844,['G', 'G', 'G', 'G', 'G', 'O', 'G', 'G', 'G']
C59310806,['G', 'O', 'G', 'O', 'G', 'G', 'G', 'G']
C42014679,['O', 'G', 'G']
C14984210,['O', 'G', 'G', 'G', 'G', 'G', 'G', 'O']
C10794604,['O', 'G', 'O', 'G', 'G', 'G', 'G']
C64202536,['G', 'G', 'G', 'G', 'G', 'O', 'O', 'O']
C36354526,['G', 'G', 'G', 'O', 'O', 'G', 'G']
C09595903,['G', 'G', 'G', 'G', 'G', 'G', 'G', 'G']
C65461203,['G', 'G', 'G', 'G']
C28907655,['G', 'G', 'O', 'G', 'G', 'G', 'O']
C39734810,['G', 'G', 'G', 'G', 'G', 'G', 'G', 'G']
C50635600,['G', 'G', 'G']
C60341021,['O', 'G', 'G', 'G', 'G', 'G', 'G', 'G']
C03443124,['G', 'G', 'O', 'G', 'G', 'G', 'G', 'G', 'G']
C47450941,['G', 'O', 'G', 'G', 'G', 'G', 'G', 'G']
C40143360,['O', 'O', 'G', 'G', 'G', 'O', 'G']
C10141799,['G', 'G', 'O', 'G', 'G', 'O', 'G']
C37021963,['G', 'O', 'G', 'G', 'O']
C09106115,['G', 'G', 'G', 'G', 'G', 'G', 'G', 'O', 'G', 'G', 'G']
C23055045,['G', 'G', 'G', 'G', 'G', 'G', 'O']
C33514820,['O', 'G', 'O', 'G', 'O', 'O']
C43260977,['G', 'G', 'G', 'G', 'G', 'G', 'G', 'G']
C09476874,['O', 'G']
C63666711,['G', 'O', 'G', 'O', 'G', 'G', 'G', 'G']
C13149128,['O', 'G', 'G', 'G', 'G', 'G', 'G', 'G', 'G', 'G']
C59362807,['G', 'G', 'G', 'G', 'G', 'G', 'G', 'G']
C15620712,['G', 'G', 'O', 'O', 'G', 'G', 'G', 'G']
C25162296,['G', 'G', 'G', 'G', 'O', 'O', 'G']
C66250905,['G', 'G', 'G', 'G', 'G']
C43669557,['G', 'G', 'G']
C16321789,['G', 'G', 'G', 'G', 'G', 'G']
C50552691,['G', 'G', 'G', 'G', 'O', 'G', 'O', 'G', 'G', 'G', 'G']
C11223989,['G', 'G', 'G', 'G', 'G', 'G', 'G', 'O', 'G', 'G']
C36749614,['O', 'O', 'G', 'O']
C07988549,['G', 'G', 'G', 'G', 'G', 'G']
C09103486,['G', 'G', 'G', 'G', 'G', 'G', 'G', 'G', 'G', 'G', 'G']
C28626125,['G', 'G', 'G', 'G', 'O', 'G', 'G']
C59311054,['O', 'G', 'G', 'G', 'G', 'G', 'O', 'G']
C58735059,['G', 'G', 'G', 'G', 'G', 'G', 'G', 'G']
C44448501,['G', 'G', 'G', 'O', 'G']
C19824342,['G', 'G', 'G', 'G', 'G', 'G', 'G', 'G', 'G']
C02381772,['G', 'G', 'G', 'G', 'O', 'G', 'G', 'G']
C63695985,['G', 'G', 'G', 'G', 'G', 'O']
C54104359,['G', 'G', 'G', 'G', 'O', 'G', 'G']
C03534428,['G', 'G', 'G', 'G', 'G', 'G', 'G']
C10965227,['G', 'O', 'G', 'G', 'G', 'O', 'G']
C32858304,['G', 'O', 'G', 'G', 'G', 'G']
C28774654,['G', 'O', 'G', 'G', 'G', 'G', 'G', 'G', 'G', 'G']
C39658040,['G', 'O', 'G', 'G', 'G', 'O']
C45843714,['G', 'O', 'G', 'G', 'G', 'G', 'G', 'G', 'G']
C20685791,['G', 'G', 'G', 'G', 'G', 'G', 'G', 'G', 'G', 'G', 'G']
C09903665,['G', 'G', 'G', 'G', 'G', 'G', 'O']
C49058456,['G', 'G', 'G', 'G', 'O', 'G', 'O', 'G']
C16298223,['G', 'O', 'G', 'G', 'G', 'G', 'G']
C10620597,['G', 'G', 'G', 'G', 'G', 'G', 'G', 'G']
C20290779,['O', 'G', 'G', 'G', 'G', 'G', 'G', 'O']
C29472862,['G', 'G', 'G', 'G', 'G', 'G', 'G', 'G', 'G', 'G']
C64538900,['O', 'G', 'O', 'G', 'G', 'G', 'O', 'G', 'G', 'G', 'G']
C49034948,['O', 'G', 'G', 'G', 'G', 'G', 'G']
C24898667,['G', 'G', 'G', 'G', 'G', 'O', 'G', 'G']
C44390894,['G', 'G', 'G', 'G', 'G', 'G', 'G', 'G']
C24979650,['G', 'O', 'O', 'G', 'G', 'G', 'O', 'G']
C45620545,['G', 'G', 'G', 'G', 'O']
C49920328,['G', 'G', 'G', 'G', 'G', 'G']
C26786693,['G', 'G', 'G', 'G', 'G', 'G', 'G']
C59293520,['G', 'G', 'G', 'G', 'G']
C55168337,['G', 'O', 'G', 'G', 'G']
C09664178,['O', 'O', 'G', 'G', 'G', 'G']
C56934126,['O', 'G', 'G', 'G', 'O', 'G']
C49511385,['G', 'G', 'G', 'G', 'G', 'G', 'G', 'G']
CHEMBL372171,['G', 'O', 'G', 'G', 'G', 'G']
C49168395,['G', 'G', 'G', 'G', 'G', 'G', 'G']
C12523454,['G', 'G', 'G', 'G', 'O', 'G', 'G', 'G']
C49367768,['G', 'O', 'G', 'G', 'G', 'O', 'G', 'G', 'G']
C38092169,['G', 'G', 'O', 'G']
C38842318,['G', 'G', 'O', 'G', 'G', 'G', 'G', 'G']
C22757659,['O', 'G', 'G', 'G', 'G', 'G', 'G']
C36063622,['G', 'G', 'O', 'O', 'G', 'G', 'G', 'G', 'G', 'O', 'G', 'G']
C37673468,['G', 'G', 'G', 'G']
C12052430,['G', 'G', 'G', 'G', 'O', 'O', 'G']
C16492692,['G', 'G', 'O', 'G', 'O', 'G', 'G']
C13655237,['O', 'G', 'G']
C50986383,['G', 'G']
C64236662,['O', 'G', 'G', 'O', 'O']
C40681223,['G', 'G', 'O', 'O', 'G']
C16523782,['G', 'O', 'G', 'O']
C04175693,['G', 'G', 'G', 'G', 'G', 'G', 'O', 'G']
C41583088,['G', 'G', 'G', 'G']
C63023325,['G', 'O', 'G', 'G', 'G', 'O']
C09542191,['G', 'O', 'G', 'G', 'O', 'G']
C33513737,['G', 'G', 'G', 'G']
C20290358,['O', 'O', 'G', 'G', 'G', 'O', 'G', 'G', 'G', 'G', 'O']
C09611497,['O', 'G', 'G', 'G', 'G', 'G', 'G']
C24902255,['O', 'G', 'G', 'G', 'G', 'O', 'G', 'O']
C65025318,['G', 'G', 'G', 'G', 'G', 'O', 'G', 'G']
C16429452,['G', 'O', 'G', 'G']
C33919806,['G', 'O', 'G', 'G', 'G', 'G', 'G']
C50702201,['G', 'G', 'G', 'G', 'G']
C18525290,['O', 'G', 'G', 'G', 'G', 'G', 'G', 'G']
C34719577,['G', 'O', 'G', 'G', 'G', 'O', 'G', 'G']
C39482699,['G', 'G', 'G', 'G', 'O', 'G', 'G']
C51660986,['O', 'G', 'O', 'G']
C61717536,['O', 'G', 'G', 'O', 'G']
C40154652,['G', 'G', 'O', 'G', 'G', 'G', 'G', 'G', 'G']
C23009445,['G', 'G', 'G', 'G', 'O', 'G', 'G']
C16495109,['G', 'G', 'G', 'G', 'G', 'O', 'O', 'G']
C06769251,['G', 'G', 'G', 'G', 'G', 'O', 'G', 'G', 'G']
C59845212,['G', 'G', 'G', 'G', 'G', 'G', 'G', 'O']
C49419591,['G', 'G', 'G', 'G', 'G', 'G']
C27316739,['O', 'G', 'G', 'G', 'O', 'G', 'G', 'G']
C32824223,['O', 'G', 'G', 'G', 'G', 'G', 'O']
C19336603,['O', 'O', 'G', 'G', 'G', 'G', 'G', 'G', 'G']
C15514107,['G', 'G', 'G', 'G', 'G', 'G', 'G', 'G']
C24538164,['G', 'O', 'G', 'O', 'G', 'G', 'G']
C37010805,['G', 'G', 'O', 'G', 'G']
C15883696,['G', 'G', 'G', 'G', 'G', 'G', 'G', 'G']
C12532578,['G', 'G', 'G', 'G', 'G', 'G', 'G', 'G']
C35370945,['O', 'G', 'G', 'G', 'G', 'G', 'G', 'G', 'O', 'G', 'G', 'G']
C57309305,['O', 'G', 'G', 'G', 'G', 'G']
C10014840,['O', 'G', 'G', 'O', 'G', 'G', 'G', 'G']
C25694937,['G', 'G', 'G', 'G', 'O', 'G', 'O', 'G', 'G']
C59884422,['G', 'G', 'G', 'G', 'G']
C29006237,['G', 'G']
C23982563,['G', 'O', 'G', 'G', 'O', 'G']
C64429251,['G', 'G', 'G', 'O', 'G', 'G', 'G', 'G', 'G', 'G']
C49355433,['G', 'G', 'O', 'O', 'O']
C04711470,['G', 'G', 'G', 'G', 'G', 'G', 'G', 'G']
C03431772,['G', 'O', 'G', 'G', 'G', 'G', 'G', 'G']
C39750275,['O', 'G', 'G', 'G', 'G', 'G', 'G', 'G', 'G']
C61720857,['G', 'G', 'G', 'G', 'G', 'G', 'G']
C04147780,['O', 'G', 'G', 'G', 'G', 'G', 'G', 'G']
C09655236,['O', 'O', 'G', 'G', 'G', 'O']
C21685665,['G', 'O', 'O', 'G', 'G', 'G', 'G', 'G']
C15007978,['O', 'O', 'G', 'G', 'G', 'G', 'O']
C13249007,['G', 'G', 'G', 'G', 'G']
C61509383,['O', 'G', 'G', 'G', 'G']
C16206178,['G', 'G', 'G', 'O', 'G', 'G', 'O', 'G']
C67555861,['O', 'G', 'G', 'G', 'O', 'G', 'G', 'G']
C49692473,['O', 'O']
C27936520,['G', 'G', 'G', 'G', 'O', 'G']
C66902813,['G', 'G', 'O', 'G', 'G', 'O', 'G']
C62485826,['G', 'G', 'O', 'G', 'O', 'G', 'G', 'G']
C63437145,['G', 'G', 'G', 'G', 'G', 'G', 'G', 'G']
C40385389,['G', 'G', 'G', 'G']
C01994807,['G', 'G', 'G', 'G', 'G', 'G', 'G']
C09086177,['G', 'G', 'O', 'G', 'G', 'G']
C03405932,['O', 'O', 'G', 'G', 'G', 'G', 'G']
C66106585,['G', 'O', 'G', 'G']
C40566308,['G', 'O', 'G', 'G', 'G', 'O', 'G']
CHEMBL418258,['G', 'G', 'G', 'G', 'G', 'O']
C39658141,['G', 'G', 'O', 'G', 'G', 'G', 'O']
CHEMBL46633,['G', 'G', 'G', 'G', 'G', 'O']
C46570545,['O', 'G', 'G', 'O', 'G', 'G', 'G', 'G', 'O']
C53670217,['O', 'G', 'G', 'G']
C20193883,['G', 'G', 'G', 'G', 'G', 'G', 'G', 'G', 'G']
C67530618,['G', 'G', 'G', 'G', 'O', 'G', 'G', 'G', 'G', 'G']
C66625443,['G', 'G', 'G', 'G', 'G', 'G', 'O', 'G']
C48824116,['O', 'G', 'G', 'G', 'G', 'G']
C37575480,['G', 'G', 'G', 'G', 'G', 'G', 'G', 'G']
C46863944,['G', 'G', 'G', 'G', 'G', 'G', 'G', 'G', 'G']
C22378963,['G', 'G', 'O', 'G', 'G', 'G', 'G', 'G']
C12501174,['O', 'G', 'G', 'G', 'G', 'G', 'G', 'O']
C12993174,['G', 'O', 'G', 'G', 'G', 'G']
C62317767,['G', 'G', 'G', 'G', 'G']
C24658847,['G', 'G', 'O', 'O', 'G', 'G', 'G']
C66240870,['G', 'G', 'G', 'G', 'G']
C22188204,['G', 'G', 'O', 'G', 'G', 'G', 'G', 'G', 'G']
C64775401,['G', 'G', 'G', 'G', 'G', 'G', 'O', 'O']
C20686369,['O', 'G', 'G', 'G', 'G', 'G', 'G', 'G', 'G']
C09137084,['G', 'G', 'G', 'G', 'G', 'G']
C35872429,['G', 'G', 'G', 'G', 'G', 'G', 'G', 'G']
C12004871,['G', 'G', 'G', 'O', 'G', 'G', 'G']
C66637322,['G', 'G', 'G', 'G', 'G', 'G', 'G']
C48952863,['G', 'O', 'G', 'G', 'G', 'G', 'G']
C18388828,['G', 'G', 'G', 'G', 'G', 'G', 'O', 'G', 'G', 'G', 'O']
C46081329,['G', 'G', 'G', 'G', 'G', 'G', 'G', 'G']
C17157506,['G', 'G', 'G', 'G', 'G', 'O', 'G', 'G', 'G', 'G']
C67052046,['G', 'G', 'G', 'G', 'G', 'G', 'G', 'G', 'G']
C50839528,['O', 'G', 'G', 'G', 'O']
C13018194,['G', 'G', 'G', 'O', 'O', 'G', 'G', 'G', 'G', 'G', 'G']
C24105864,['G', 'G', 'G', 'O', 'G', 'G', 'G', 'G', 'G', 'G', 'G']
C08935121,['G', 'O', 'G', 'G', 'G', 'G', 'G', 'O']
C12750981,['G', 'G', 'G', 'G', 'G', 'G', 'G']
C50212830,['G', 'O', 'G', 'O']
C63478724,['G', 'G', 'O', 'G', 'G', 'G', 'G', 'O']
C24719296,['G', 'G', 'O', 'G', 'G']
C32946716,['G', 'G', 'G', 'G', 'G', 'G']
C52319210,['G', 'G', 'G', 'O', 'G', 'G', 'O']
C49542921,['G', 'O', 'G', 'G', 'G']
C24787395,['G', 'G', 'G', 'O', 'G', 'G']
C36066387,['G', 'G', 'G', 'G', 'O', 'G', 'G', 'G', 'G', 'G', 'G', 'G']
C50710335,['G', 'G', 'G', 'G', 'G']
C45061619,['G', 'G', 'O', 'G']
C18463288,['G', 'G', 'G', 'G', 'O', 'G', 'G', 'G']
C40806836,['G', 'G', 'G', 'G', 'G', 'O']
C40218676,['G', 'G', 'G', 'G', 'O', 'G']
C02957389,['G', 'G', 'O', 'G', 'G', 'G']
C64467949,['G', 'G', 'G', 'G', 'G', 'G', 'G']
C20561261,['O', 'G', 'G', 'G']
C00953303,['G', 'G', 'G', 'G', 'G', 'G', 'G', 'G']
C12980469,['G', 'G', 'G', 'G', 'G', 'G', 'G']
C34760674,['G', 'G', 'O', 'G', 'G', 'G', 'G', 'G', 'G', 'O', 'G', 'G']
C64512321,['G', 'G', 'G', 'G', 'G', 'G', 'G', 'O', 'O']
C16568512,['G', 'G', 'G', 'G', 'G', 'G', 'G', 'G']
C47156214,['O', 'G', 'G', 'G', 'G', 'G', 'G', 'O']
C36667668,['G', 'G', 'G', 'G', 'G', 'G', 'G', 'G', 'G', 'G']
C11910560,['G', 'G', 'G', 'O', 'G', 'G', 'O', 'G', 'G', 'O']
C65146772,['G', 'G', 'G', 'G', 'G', 'G', 'G', 'O', 'O']
C32957285,['G', 'G', 'G', 'G', 'G', 'O', 'G', 'G']
C14995553,['O', 'O', 'G', 'G', 'G', 'G', 'G', 'O']
C23223609,['G', 'G', 'O', 'G', 'G', 'G', 'G', 'G']
C38689361,['G', 'G', 'G', 'G', 'G', 'G', 'G', 'G']
C66452052,['G', 'G', 'G', 'G', 'O']
C34895428,['O', 'O', 'O', 'G', 'G', 'G', 'O', 'G', 'G', 'G']
C08277974,['G', 'G', 'G', 'O', 'G', 'O', 'G', 'G', 'O']
C39545568,['G', 'G', 'G', 'G', 'G', 'O']
C37021853,['G', 'O', 'G', 'G', 'O']
C54058454,['O', 'O', 'G', 'G', 'G']
C46810119,['G', 'G', 'O', 'O', 'G', 'G', 'G', 'G', 'G']
C35606394,['G', 'G', 'G', 'O', 'G']
C15225574,['O', 'G', 'G', 'G', 'G', 'G', 'G', 'G']
C54880639,['G', 'G', 'G', 'G', 'G', 'G', 'G', 'G']
C54414820,['G', 'G', 'G', 'O', 'G', 'O']
C62588352,['O', 'G', 'O', 'G', 'G', 'G', 'G', 'O', 'G', 'G', 'G', 'G']
C63159846,['G', 'G', 'G', 'O', 'G', 'G', 'G', 'G']
C65910126,['G', 'G', 'G', 'G', 'G', 'G', 'G', 'G', 'G']
C08257653,['G', 'G', 'G', 'G', 'G', 'G', 'G', 'G']
CHEMBL297081,['G', 'G', 'O', 'G', 'G', 'G']
C30738215,['G', 'O', 'G', 'G', 'O']
C09566201,['G', 'G', 'G', 'G', 'G', 'G', 'G', 'G']
C12942182,['O', 'G', 'G', 'G', 'G', 'G', 'G']
C32740523,['G', 'G', 'G', 'G', 'G']
C13973615,['G', 'G', 'G', 'G', 'G', 'G', 'G']
C39752468,['G', 'G', 'G', 'G', 'G', 'G', 'G', 'G', 'G', 'G', 'G']
C39280329,['G', 'O', 'G', 'O', 'G', 'G', 'O', 'G']
C25314733,['O', 'G', 'G', 'G', 'G', 'G']
C51660737,['O', 'G', 'O', 'G', 'G']
C46541816,['G', 'G', 'G', 'G', 'G', 'O', 'G']
C11212975,['G', 'G', 'G', 'G', 'G', 'G', 'G', 'O']
C16652104,['G', 'G', 'G', 'O', 'G', 'G', 'G']
C39748423,['G', 'G', 'G', 'G', 'G', 'G', 'G', 'G', 'G']
C20280891,['G', 'G', 'G', 'G', 'G', 'G', 'G']
C10769450,['G', 'G', 'G', 'G', 'G', 'G']
C10215476,['O', 'G', 'G', 'G']
C35310618,['G', 'G', 'G', 'G', 'G', 'G', 'G', 'O']
C40294091,['O', 'G', 'G']
C40043283,['G', 'G', 'G', 'O', 'G', 'G', 'G']
C48667912,['G', 'G', 'G', 'G', 'G']
C35053721,['G', 'G', 'G', 'G', 'G']
C16270483,['G', 'G', 'O', 'G', 'O', 'G', 'G', 'G', 'G', 'G']
C17523928,['G', 'G', 'G', 'G', 'G', 'G', 'O']
C20857698,['G', 'G', 'G', 'G', 'O', 'G', 'G']
C06125722,['G', 'G', 'G', 'G', 'G', 'G']
C56135185,['G', 'G', 'G', 'O', 'G', 'G']
C04909255,['G', 'G', 'O', 'G', 'G', 'G', 'G', 'G', 'G']
C08607237,['G', 'O', 'G', 'G', 'G', 'O', 'G', 'G', 'G']
C45811603,['G', 'O', 'G', 'G', 'G', 'G', 'G', 'G']
C44257225,['G', 'G', 'G', 'G']
C61632280,['G', 'G', 'G', 'G', 'G', 'G', 'G', 'G']
C15867997,['G', 'G', 'G', 'G', 'G', 'G']
C42365849,['O', 'G', 'G', 'G', 'O', 'G']
C65382179,['G', 'O', 'G', 'G']
C12246103,['O', 'G', 'G', 'G', 'G', 'G', 'G', 'G', 'G', 'O']
C59599523,['G', 'G', 'O', 'G', 'G', 'G']
C49974364,['G', 'G', 'G', 'G', 'O']
C33141147,['G', 'G', 'O', 'G', 'O', 'G', 'G', 'G']
C16138097,['G', 'G']
C61890098,['G', 'O', 'O', 'O', 'G']
C09165260,['O', 'G', 'G', 'G', 'O', 'G', 'G', 'G']
C13145628,['G', 'G', 'G', 'G', 'G', 'G', 'G', 'G']
C24122481,['G', 'G', 'G', 'G', 'G', 'G', 'G', 'O']
C60411343,['O', 'G', 'G', 'G', 'G', 'G', 'G', 'G', 'O']
C24760074,['G', 'O', 'G', 'G', 'G', 'G']
C40347700,['G', 'G', 'G', 'G']
C20438884,['G', 'G', 'G', 'G', 'G', 'G', 'G', 'G', 'G']
C09054468,['G', 'G', 'G', 'G', 'G', 'G', 'O', 'G', 'G']
C32946597,['G', 'G', 'G', 'G', 'G', 'G']
C62163451,['G', 'O', 'G', 'G', 'O', 'G', 'G', 'G']
C20828904,['G', 'G', 'G', 'G', 'G', 'G', 'G', 'G', 'O']
C12214007,['G', 'O', 'O', 'G', 'G', 'G', 'G', 'O']
C12767414,['G', 'G', 'G', 'G', 'O', 'O', 'G', 'G', 'G', 'G', 'G']
C40381808,['G', 'G', 'G', 'G', 'G', 'G']
C23328121,['G', 'G', 'G', 'G', 'G', 'O', 'O', 'G', 'G', 'O']
C38080355,['G', 'G', 'G', 'O']
C36575208,['G', 'G', 'G', 'G', 'G', 'G', 'O', 'G', 'O', 'G', 'G']
C01131732,['G', 'G', 'G', 'G', 'G', 'G', 'G', 'G', 'O']
C03789759,['G', 'G', 'G']
C03353155,['G', 'G', 'G', 'G', 'O', 'G', 'O', 'G']
C36233175,['G', 'G', 'G']
C28762925,['G', 'G', 'G', 'G', 'G']
C60320065,['G', 'G', 'G', 'G', 'G', 'G', 'G', 'O', 'G']
C21408837,['G', 'G', 'G', 'G', 'G', 'G', 'G']
C66240711,['G', 'G', 'G', 'G', 'G', 'G', 'G']
C32996383,['G', 'G', 'G', 'G', 'G', 'O', 'G', 'G', 'G']
C48380679,['G', 'G', 'G', 'G', 'G']
C67394336,['G', 'O', 'G', 'G', 'G', 'G', 'O', 'G', 'G']
C42430041,['G', 'O', 'G', 'O', 'O']
C16204623,['G', 'G', 'G', 'G', 'G', 'G', 'G', 'G', 'G']
C54414843,['G', 'G', 'G', 'O']
C38573388,['G', 'G', 'G', 'G', 'G', 'G', 'G']
C41410782,['G', 'G', 'O', 'G']
C66221776,['G', 'O', 'G', 'G', 'G', 'G', 'G', 'G', 'G']
C19619912,['G', 'G', 'G', 'O', 'G', 'O', 'G', 'G']
C45727180,['G', 'O', 'G', 'G', 'G', 'G', 'G']
C63920251,['G', 'G', 'G', 'G', 'G', 'G', 'G', 'G', 'G', 'G']
C12874956,['O', 'G', 'G', 'G', 'G', 'G']
C61681086,['O', 'G', 'G']
C50830406,['O', 'G', 'G', 'O', 'G']
C16189506,['G', 'G', 'O', 'G', 'G', 'G', 'G']
C04537685,['G', 'G', 'G', 'G', 'O', 'G', 'O', 'G']
C09103489,['G', 'G', 'G', 'G', 'G', 'G', 'G', 'G', 'G', 'G', 'G']
C30867147,['G', 'G', 'G', 'G', 'G', 'G', 'G', 'O']
C09566291,['G', 'G', 'G', 'G', 'G', 'G', 'G', 'O']
C12769829,['G', 'G', 'G', 'G', 'G', 'G', 'G', 'G', 'G', 'G']
C26492634,['G', 'G', 'G', 'O', 'G', 'O']
C35577573,['O', 'G', 'G', 'G', 'G']
C48719306,['G', 'G', 'G', 'G', 'G', 'O', 'O', 'G']
C12368450,['G', 'G', 'G', 'O', 'G', 'G', 'G', 'G', 'O']
C50632452,['G', 'G', 'O', 'G', 'G', 'G']
C14246470,['G', 'G', 'G', 'G', 'G', 'G', 'G', 'G']
C58965892,['G', 'G', 'G', 'G', 'G', 'G', 'G']
C20333711,['G', 'G', 'G']
C25005752,['G', 'G', 'O', 'G', 'G', 'G', 'G', 'O']
C41583202,['G', 'O', 'G']
C22621632,['G', 'G', 'G', 'G', 'G', 'G', 'G', 'G', 'G', 'G']
C12907946,['G', 'G', 'G', 'G', 'G', 'G', 'G', 'G']
C61843657,['O', 'G', 'O']
C18200852,['G', 'G', 'G', 'G', 'O']
C44877390,['G', 'G', 'G', 'O']
C05260374,['G', 'G', 'G', 'G', 'G', 'O', 'G', 'G']
C29588832,['G', 'G', 'O']
C17280905,['G', 'O', 'G', 'O', 'G', 'G', 'G', 'G']
CHEMBL132598,['G', 'G', 'G', 'G', 'G', 'G', 'G', 'G']
C32654933,['G', 'O', 'G', 'O', 'G', 'G', 'O']
C16842503,['G', 'G', 'G', 'G', 'G', 'G', 'O', 'G', 'G']
C08892176,['G', 'G', 'G', 'G', 'O', 'G', 'G', 'G', 'G', 'G']
C67061682,['G', 'G', 'G', 'G', 'G', 'G', 'G', 'O']
C13137591,['G', 'G', 'G', 'G', 'G', 'G', 'G', 'G', 'G']
C67385812,['G', 'G', 'G', 'G', 'G', 'G', 'G', 'G', 'G', 'G']
C40733432,['G', 'G', 'O', 'O', 'O']
C40638633,['G', 'G', 'G', 'G', 'G']
C17397262,['G', 'G', 'G', 'G', 'G', 'G', 'G', 'G', 'G']
C25627335,['G', 'G', 'G', 'G', 'G', 'G', 'G']
C15775220,['G', 'G', 'G', 'G']
C40477823,['G', 'G', 'G', 'G', 'O']
C65614012,['G', 'O', 'G']
C57543957,['O', 'G', 'O', 'G', 'G', 'G', 'G', 'G']
C66632374,['G', 'G', 'G', 'G', 'G', 'G', 'G', 'G', 'G', 'O']
C26218116,['G', 'G', 'G', 'G', 'G', 'G', 'G']
CHEMBL10165,['O', 'G', 'G']
C27133686,['G', 'G', 'G', 'G', 'G', 'O', 'G']
C66151657,['G', 'G', 'G', 'G', 'G']
C12783588,['G', 'G', 'G', 'G', 'O', 'G', 'G', 'G', 'G']
C42420272,['G', 'G', 'G', 'O']
C63271877,['G', 'G', 'G', 'G', 'G', 'G', 'G', 'G']
C49642369,['G', 'G', 'G', 'G', 'G', 'G', 'G']
C02537634,['G', 'G', 'G', 'G', 'G']
C21332039,['G', 'G', 'G', 'O', 'O', 'G', 'G']
C50253891,['G', 'G', 'G', 'G', 'G']
C67628234,['G', 'G', 'G', 'G', 'G', 'G', 'O', 'G', 'G']
C13544843,['G', 'G', 'G']
C06902894,['G', 'G', 'G', 'G', 'G', 'O', 'G', 'G']
C52840621,['G', 'G', 'G']
C44285419,['G', 'G', 'G', 'G', 'G', 'O']
C20779989,['G', 'G', 'G', 'G', 'G', 'O', 'G', 'G', 'G']
C39750988,['G', 'G', 'G', 'G', 'G', 'O', 'O', 'O', 'G', 'G']
C21869439,['G', 'G', 'G', 'G', 'G', 'G', 'G', 'G']
C12730442,['O', 'G', 'G', 'G', 'G', 'G', 'G', 'G', 'G']
C07763660,['G', 'G', 'G', 'G', 'G', 'G', 'O', 'G']
C22903216,['G', 'G', 'G', 'G', 'G', 'G', 'G', 'G']
C67161574,['G', 'G', 'G', 'G', 'O', 'G', 'G', 'G']
C06825866,['G', 'O', 'O']
C38701966,['G', 'G', 'G', 'G', 'O', 'G', 'G', 'O']
C00734105,['O', 'O', 'G', 'G', 'G', 'G', 'G', 'G']
C51151023,['G', 'G', 'G', 'O', 'O']
C59290937,['G', 'G', 'G', 'G', 'O', 'G', 'O']
C50371510,['G', 'G', 'G', 'G', 'G']
C00678973,['G', 'O', 'G', 'G', 'G', 'G']
C02867000,['O', 'G', 'O', 'G', 'O', 'G', 'G', 'G', 'G', 'G', 'G']
C05417181,['G', 'G', 'G', 'G', 'G', 'G', 'G', 'G', 'G', 'G']
C42163272,['G', 'G', 'G', 'G', 'G', 'G', 'G', 'G', 'G', 'O']
C39756166,['G', 'G', 'G', 'G', 'O', 'G', 'O', 'G', 'G', 'G', 'G']
C20820566,['G', 'G', 'G', 'G', 'G', 'G', 'G', 'O', 'O', 'G']
C38875516,['G', 'G', 'G', 'G', 'G']
C14020332,['G', 'G', 'G', 'G', 'G', 'G', 'G']
C44353522,['G', 'G', 'G', 'G']
C35768262,['G', 'G', 'G', 'G', 'O', 'O', 'O', 'G', 'G', 'G']
C50633335,['G', 'G', 'G', 'G', 'G', 'G']
C23055046,['G', 'G', 'G', 'G', 'G', 'G', 'G']
C38006501,['G', 'O', 'O', 'O']
C48642570,['G', 'G']
C47428958,['O', 'G', 'G', 'G', 'G', 'G', 'G']
C10272657,['G', 'O', 'G', 'G', 'O', 'G', 'G', 'G']
C28793083,['G', 'G', 'G', 'G', 'G', 'O', 'G', 'O', 'G', 'G']
C14511260,['O', 'G', 'G', 'G', 'G', 'G', 'O']
C10723368,['G', 'G', 'G', 'G', 'G', 'G', 'G', 'G']
C09729042,['G', 'G', 'O', 'G', 'G', 'G', 'G', 'O']
C38989376,['G', 'G', 'G', 'G', 'G', 'G', 'O', 'O']
C13038546,['G', 'G', 'G', 'G', 'G', 'G', 'G', 'G']
C11804949,['G', 'G', 'G']
C32519866,['G', 'G', 'G', 'G', 'O', 'G', 'G', 'G']
C38573378,['G', 'G', 'G', 'G']
C04745087,['G', 'G', 'O', 'G', 'G']
C40162627,['G', 'G', 'G', 'G', 'O', 'G']
C36359326,['G', 'O', 'G', 'G', 'G', 'G', 'G', 'G']
C12899589,['G', 'G', 'G', 'G', 'G', 'G', 'G', 'O']
C49355387,['G', 'G', 'G', 'G', 'G', 'G']
C33206540,['G', 'G', 'G', 'G', 'G', 'G']
C62081494,['G', 'G', 'G', 'G', 'O']
C21996156,['O', 'G', 'G', 'G', 'G', 'G', 'G', 'G']
C08136846,['G', 'G', 'G', 'G', 'G', 'G', 'G', 'G', 'G', 'G']
C48892287,['G', 'G', 'G', 'G', 'G']
C40369318,['G', 'G', 'G', 'G', 'O']
C21652454,['O', 'O', 'G', 'G', 'G', 'G', 'G', 'G']
C33275816,['G', 'G', 'G', 'G', 'G', 'O', 'O', 'G']
C16750095,['G', 'O', 'G', 'O', 'G', 'G']
C13630029,['G', 'G', 'G', 'G', 'G', 'G', 'G', 'G', 'G', 'O']
C41019509,['G', 'G', 'G', 'G', 'G']
C37574854,['G', 'G', 'G', 'G', 'O', 'G', 'G', 'G']
C65398286,['G', 'O', 'O']
C55168333,['G', 'G', 'G', 'G']
C32759950,['G', 'G', 'G', 'G', 'G']
C50658965,['G', 'G', 'G']
C63375559,['G', 'G', 'G', 'G', 'G', 'G']
C40823076,['G', 'G', 'G', 'O', 'G', 'G']
C28901587,['G', 'O', 'G', 'G', 'G', 'G', 'G', 'G', 'G']
C14012831,['G', 'G', 'G', 'G', 'G', 'G']
CHEMBL289553,['G', 'G', 'O']
C62208590,['G', 'G', 'O', 'G', 'O', 'G']
C22197075,['G', 'G', 'G', 'G', 'G', 'G']
C49124762,['G', 'G', 'G', 'G', 'G', 'G', 'G', 'G']
C59746194,['G', 'G', 'O', 'G', 'G', 'G', 'G', 'G', 'O', 'G']
C43675687,['G', 'G', 'G', 'G', 'G', 'G', 'G', 'G', 'G', 'G']
C03337039,['G', 'G', 'G', 'O', 'G', 'G', 'G']
C37060666,['O', 'O', 'G', 'G']
C50693235,['G', 'G', 'G', 'G', 'G']
C14730425,['G', 'G', 'G', 'G', 'G', 'G', 'O', 'G']
C08970023,['G', 'G', 'G', 'G', 'G', 'G', 'G', 'G', 'O', 'G', 'G']
C45733813,['O', 'G', 'O']
C13150153,['O', 'O', 'G', 'G', 'G']
C09229787,['O', 'G', 'G', 'G', 'G', 'O', 'G', 'G']
C40348672,['G', 'G', 'O', 'G']
C16512137,['G', 'G', 'G', 'G', 'O', 'G', 'O', 'G', 'G']
C51684401,['G', 'O', 'G', 'G', 'G', 'G', 'G', 'O', 'G']
C11715666,['G', 'O', 'G', 'G', 'G', 'G', 'G', 'O']
C09698484,['G', 'G', 'G', 'O', 'G']
C00675533,['G', 'G', 'G', 'G', 'O', 'G']
C21026958,['G', 'O', 'O', 'G', 'O']
C35384322,['O', 'O', 'G', 'G', 'G', 'G', 'O', 'G', 'G', 'G', 'G']
C27193857,['G', 'G', 'G', 'G', 'G', 'G', 'G', 'G', 'G']
C43669622,['G', 'G', 'O']
C38775455,['G', 'G', 'G', 'G', 'G', 'G', 'G', 'G', 'G', 'G']
C61693510,['O', 'G', 'G', 'G']
C15811892,['G', 'G', 'G', 'G', 'G', 'G', 'G', 'G']
C66720780,['G', 'G', 'G', 'G', 'G', 'G', 'G', 'G', 'G']
C65025206,['G', 'G', 'G', 'G', 'G', 'G', 'G']
C65910350,['G', 'G', 'G', 'G', 'G', 'G', 'G', 'G', 'G']
C03522926,['G', 'G', 'G', 'G', 'G', 'O', 'O', 'G']
C50657894,['G', 'G', 'G', 'G', 'G', 'G', 'G']
C38101533,['G', 'O', 'G']
C40378935,['O', 'O', 'G']
C46463726,['G', 'G', 'G', 'G', 'O', 'G', 'G', 'G']
C64790079,['G', 'G', 'G', 'G', 'G', 'G', 'G', 'G', 'O']
C12854166,['G', 'G', 'G', 'G', 'G', 'G', 'G', 'G', 'G', 'G']
C03357966,['G', 'G', 'G', 'G', 'O', 'G']
C54691227,['O', 'G', 'G', 'G']
C11106405,['G', 'G', 'G', 'G', 'G', 'O', 'G', 'G', 'G']
C09872568,['O', 'O', 'G', 'G', 'G', 'O']
C21971410,['O', 'G', 'G', 'G', 'G', 'G', 'O', 'G']
C23050667,['G', 'G', 'G', 'G', 'G', 'G', 'G', 'G']
C59888166,['G', 'G', 'G', 'G', 'O', 'G', 'G', 'G']
C46863943,['G', 'G', 'G', 'G', 'G', 'G', 'G', 'G', 'G']
C12981426,['G', 'G', 'G', 'G', 'G', 'G']
C64952141,['G', 'G', 'G', 'O', 'G', 'G', 'G']
C12208249,['G', 'G', 'G', 'G', 'G']
C23914179,['G', 'G', 'G', 'G', 'G', 'G', 'G']
C57914635,['G', 'G', 'G', 'G', 'G']
C40725499,['O', 'O', 'O']
C33557086,['G', 'G', 'G', 'G', 'G', 'G', 'G', 'G']
C35634394,['G', 'G', 'G', 'G']
C37063564,['G', 'G', 'G']
C28813811,['G', 'G', 'G', 'G', 'G']
C32327057,['G', 'G', 'G', 'O', 'O', 'G', 'G']
C45932529,['G', 'G', 'G', 'O', 'G', 'G', 'G', 'G', 'G']
C22240941,['O', 'G', 'G', 'G', 'G', 'O', 'G', 'O']
C00140048,['G', 'O']
C05918340,['G', 'G', 'G']
C65497161,['G', 'G', 'G']
C16226364,['G', 'O', 'G', 'G', 'G', 'G', 'G']
C63557207,['G', 'G', 'G', 'G', 'G', 'G', 'G', 'G']
C37668488,['G', 'O', 'G', 'G', 'G']
C36359855,['G', 'G', 'G', 'G', 'O', 'G', 'G', 'O']
C32946779,['G', 'G', 'O', 'G', 'G', 'G']
C36358876,['G', 'O', 'G', 'G', 'O', 'G', 'G', 'G']
C07770332,['G', 'G', 'G', 'G', 'G', 'O']
C45986798,['G', 'G', 'G', 'G', 'G', 'G', 'G']
C49228482,['G', 'G', 'O', 'G', 'G']
C25385852,['G', 'G', 'G', 'G', 'G', 'G', 'G', 'G', 'G']
C09263135,['G', 'G', 'G', 'G', 'O', 'G', 'G', 'G', 'G']
C42196821,['G', 'G', 'G', 'O']
C00127868,['G', 'G', 'O']
C50265110,['G', 'G', 'G', 'G']
C10105237,['G', 'G', 'G', 'G', 'G', 'O', 'G', 'G', 'G']
C66746247,['G', 'G', 'G', 'G', 'G', 'G', 'G']
C16269698,['G', 'G', 'G', 'G', 'G', 'G', 'G']
C61682272,['G', 'G', 'G', 'G']
C39545541,['G', 'G', 'O', 'G', 'G', 'G']
C55186139,['G', 'G', 'G']
C03365737,['G', 'G', 'G', 'G', 'G', 'O', 'G', 'G']
C66783742,['G', 'G', 'G', 'G', 'G', 'G', 'G', 'G', 'G']
C63310907,['G', 'G', 'G', 'G', 'G']
C59020795,['G', 'G', 'G', 'O', 'G', 'G']
C32214364,['O', 'G', 'G']
C50416935,['G', 'G', 'G', 'O']
C08531626,['G', 'G', 'G', 'O', 'G', 'O', 'G', 'G']
C08725739,['G', 'G', 'G', 'G', 'G']
C60347005,['G', 'O', 'G', 'O', 'G', 'O', 'G', 'G']
C05605649,['G', 'G', 'G', 'G', 'G', 'G', 'G', 'O']
C37397888,['G', 'G', 'G', 'G', 'G', 'G', 'O', 'O']
C02473949,['G', 'G', 'O', 'G', 'G']
C24987963,['G', 'O', 'G', 'G', 'G', 'G', 'G', 'G']
C09665124,['G', 'O', 'G', 'G', 'G', 'G', 'G', 'G']
C24484146,['G', 'G', 'G', 'G', 'G', 'G', 'G']
C49914815,['G', 'O', 'G', 'G']
C12790405,['G', 'O', 'G', 'G', 'G', 'G', 'O']
C39922307,['G', 'G', 'G', 'G', 'G', 'G']
C40225425,['G', 'G', 'O', 'G', 'G', 'G', 'G', 'G', 'O']
C67409866,['G', 'G', 'G', 'G', 'G', 'G', 'G', 'G', 'G']
C21989724,['G', 'O', 'G', 'G', 'G', 'G', 'G']
C64201895,['G', 'G', 'G', 'G', 'G', 'O', 'G']
C00570488,['O', 'G', 'G', 'G', 'G']
C37225182,['O', 'G', 'G', 'G', 'G']
C00678055,['G', 'G', 'G', 'G']
C62777819,['O', 'G']
C40022372,['G', 'G', 'G', 'G', 'G']
C61978913,['G', 'O', 'G', 'G', 'G', 'G', 'G', 'G', 'G']
C36531244,['G', 'G', 'O', 'G', 'G', 'G', 'G', 'G', 'G']
C46811501,['G', 'O', 'G', 'G']
C32089791,['G', 'G', 'G', 'G', 'G', 'G', 'G', 'G', 'G']
C08783715,['G', 'G', 'O', 'G', 'G', 'G', 'G', 'G']
C08558168,['G', 'G', 'G', 'G', 'O', 'G']
C39682804,['G', 'O', 'G', 'G', 'O', 'G', 'G', 'G', 'O']
C26786742,['G', 'G', 'G', 'G', 'G', 'G', 'G']
C09310800,['G', 'O', 'G', 'O', 'G']
C13686971,['G', 'O', 'G', 'G', 'G', 'O', 'G', 'O', 'G', 'G']
C51145136,['G', 'G', 'G']
C27985273,['O', 'G', 'G', 'G', 'G']
C32677835,['G', 'G', 'G', 'G', 'G', 'G', 'G', 'O']
C38137134,['G', 'G', 'G']
C35738185,['O', 'G', 'G', 'G', 'O']
C42583587,['G', 'G', 'G', 'G', 'G']
C52683082,['G', 'G', 'G', 'O', 'G', 'G', 'G', 'G', 'G']
C21962300,['G', 'G', 'G', 'G', 'G', 'G', 'G', 'O', 'G', 'G', 'G', 'G']
C66634928,['G', 'O', 'O', 'G', 'G', 'G']
C50652293,['G', 'G', 'G', 'G', 'O', 'O']
C50693826,['O', 'G', 'G', 'G']
C13113339,['G', 'G', 'G', 'G', 'G', 'G', 'O']
C35674556,['G', 'G', 'G']
C62961015,['G', 'O', 'O']
C45630173,['G', 'G', 'G', 'G', 'G', 'G', 'G', 'G']
C43411905,['G', 'G', 'G', 'G', 'G', 'G']
C45624075,['G', 'O', 'O', 'G', 'G']
C54414987,['G', 'G', 'G', 'G', 'G', 'G']
C06185718,['G', 'O', 'G']
C24177323,['O', 'G', 'G', 'G', 'O', 'G', 'G', 'G', 'G', 'G', 'G']
C66673021,['O', 'G', 'G', 'G', 'G', 'O']
C62916200,['G', 'G', 'O', 'G', 'G', 'G']
C40547970,['O', 'O', 'G']
C02940598,['G', 'G', 'G', 'G', 'G', 'O', 'G', 'G', 'G']
C39845003,['G', 'G', 'O', 'G', 'G']
C43251794,['G', 'G', 'G', 'G', 'G', 'G', 'G', 'O', 'G']
C33742791,['G', 'G', 'G', 'O', 'G', 'G']
C60335911,['G', 'G', 'G', 'G', 'G', 'G', 'G', 'G', 'G']
C63351360,['G', 'G', 'G', 'G', 'G', 'O', 'O']
C49029017,['G', 'O', 'G', 'G', 'G', 'G']
C02732831,['G', 'G', 'G', 'G', 'O', 'G', 'G', 'G', 'G']
C59639377,['G', 'O', 'G', 'G']
C35855876,['G', 'O', 'O', 'G', 'G', 'O', 'G', 'G', 'G']
C54268245,['O', 'O', 'G', 'G']
C66241165,['O', 'G', 'G', 'G', 'G']
C37053654,['G', 'G', 'G']
C37331153,['G', 'G', 'G']
C10439438,['G', 'O', 'G', 'O', 'G', 'G', 'G']
C50251479,['G', 'O', 'O', 'O', 'G', 'O', 'G']
C20232305,['G', 'G', 'G', 'G', 'G', 'G', 'G', 'G', 'G']
C54154254,['G', 'O', 'G', 'G', 'G']
C36531500,['G', 'G', 'G', 'G', 'G', 'G', 'G', 'O', 'O']
C08906236,['G', 'G', 'G', 'G', 'O', 'G', 'G', 'G', 'G']
C36330897,['G', 'G', 'G']
C50933604,['G', 'O', 'G', 'O', 'G', 'G', 'G']
C37124335,['G', 'G', 'O', 'G']
C04946984,['G', 'G', 'G', 'O']
CHEMBL341644,['O', 'G', 'G']
C08712790,['G', 'G', 'O', 'O', 'G', 'G', 'O', 'G', 'G']
C63908222,['G', 'G', 'O', 'G', 'G', 'O', 'G', 'G']
C39443666,['G', 'G', 'G', 'G', 'G', 'G', 'G', 'G', 'G', 'G']
C44774106,['G', 'G', 'G', 'O']
C48542627,['G', 'G', 'G', 'G', 'G']
C17819565,['G', 'O', 'G', 'G', 'G', 'G', 'G']
C26560569,['G', 'G', 'G', 'G', 'G', 'G', 'G', 'G', 'G', 'G', 'G', 'G', 'G']
C02055645,['G', 'G', 'G', 'G', 'G', 'O', 'G']
C09378601,['G', 'G', 'G', 'G', 'G', 'G', 'G', 'G', 'O']
C59640638,['G', 'O', 'O', 'G', 'G']
C59501107,['G', 'G', 'G', 'G']
C40685331,['O', 'O', 'G']
C12098967,['G', 'G', 'G', 'O', 'G', 'G', 'G', 'G', 'O']
C21408826,['G', 'G', 'G', 'G', 'G', 'G', 'O']
C65409160,['O', 'G']
C22535500,['G', 'G', 'G', 'G', 'G', 'O', 'G', 'G']
C42806074,['G', 'O', 'O', 'G', 'G', 'G']
C06053830,['G', 'G', 'G', 'G', 'G', 'G', 'G', 'G']
C35306547,['G', 'G', 'G', 'G', 'G']
C37052694,['G', 'G']
C50703685,['G', 'G', 'G', 'O', 'O', 'O']
C62779783,['G', 'O', 'O']
C38137125,['G', 'G', 'G']
C10025212,['G', 'G', 'G', 'G', 'G', 'G', 'G']
C49228485,['G', 'G', 'G', 'G', 'O']
C36383385,['G', 'O', 'G', 'G', 'G']
C50376513,['G', 'G', 'G', 'O', 'G', 'G', 'O']
C62984672,['G', 'O', 'G']
C04997602,['G', 'G', 'G', 'G', 'G']
CHEMBL219299,['G', 'G', 'G', 'G', 'G', 'G', 'G', 'G', 'G', 'G', 'G', 'G', 'G']
C04235646,['O', 'G', 'O', 'G']
C61886683,['G', 'G', 'G', 'G']
C62100166,['G', 'G']
C59020712,['G', 'G', 'O', 'G', 'G', 'G']
C36591593,['G', 'G', 'O', 'G', 'G', 'G', 'O', 'O', 'G', 'O']
C44970360,['O', 'G', 'G', 'G', 'O', 'G', 'G']
C54600281,['G', 'G']
C39750693,['G', 'G', 'G', 'G', 'G', 'G', 'G', 'O', 'G', 'G']
C00377525,['G', 'O']
C35301004,['O', 'G', 'G', 'G', 'G', 'G', 'O', 'G']
C11394305,['G', 'G', 'G', 'G', 'G', 'G', 'G', 'G', 'O', 'G']
C05151985,['G', 'G', 'G', 'G', 'G', 'G', 'G', 'G']
C06652677,['G', 'G', 'G', 'G', 'G', 'G', 'G', 'G', 'G', 'G']
C63150049,['O', 'G', 'G', 'G', 'G', 'G']
C19619892,['G', 'G', 'G', 'G', 'G', 'G', 'G']
C42614159,['O', 'G', 'G']
C12183298,['G', 'G', 'G', 'G', 'G', 'G', 'G', 'G', 'G']
C12507024,['G', 'G', 'G', 'G', 'G', 'G', 'O', 'G', 'G', 'G']
C55305494,['G', 'O', 'O', 'G', 'G']
C09227707,['G', 'G', 'G', 'G', 'G', 'G']
C66222065,['O', 'G', 'G', 'G', 'G', 'G', 'G', 'G']
C50416759,['G', 'G', 'G', 'O']
C29938300,['G', 'O', 'G', 'G', 'G', 'G']
C66721205,['G', 'G', 'G', 'G', 'G', 'G', 'G', 'O', 'G']
C39795355,['G', 'G', 'G', 'G', 'G', 'G', 'G', 'G', 'O', 'G']
C39782362,['G', 'G', 'G', 'G']
C67061684,['G', 'G', 'G', 'G', 'G', 'G', 'G']
C63375079,['G', 'O', 'G', 'O']
C11992051,['G', 'G', 'O', 'G', 'G']
C66307610,['G', 'O', 'G', 'G', 'G', 'O', 'G']
C35612654,['O', 'O', 'O', 'G', 'G', 'G', 'O', 'G', 'O', 'G']
C00046618,['G', 'G', 'G', 'G']
C07405544,['G', 'G', 'G', 'G', 'G', 'O']
C35764644,['G', 'G', 'G', 'G', 'G']
C40295850,['G', 'O', 'O', 'O']
C61887297,['G', 'G', 'G', 'O']
C15584563,['G', 'G', 'G', 'G', 'O']
C39530230,['O', 'O', 'G', 'O', 'G', 'G', 'G']
C13519805,['G', 'G', 'G', 'G', 'G', 'G']
C61700732,['G', 'O', 'G', 'G', 'G', 'G']
C00091274,['G', 'G']
C33271627,['O', 'G', 'G', 'O', 'G', 'O']
C02752167,['G', 'O', 'G', 'G', 'G', 'G', 'G', 'G', 'G']
C42948972,['G', 'G', 'O', 'G']
C39947104,['G', 'G', 'G']
C01895057,['G', 'G', 'G', 'G', 'G', 'G', 'G', 'G']
C22873477,['O', 'G', 'G', 'G', 'G', 'G', 'O', 'G']
C64550635,['O', 'G', 'G', 'G', 'O', 'O', 'O']
C63329478,['G', 'G', 'G', 'G', 'G', 'G', 'G']
C60185359,['G', 'G', 'G', 'G', 'G', 'G', 'G', 'G']
C22067513,['G', 'G', 'G', 'G', 'O', 'G', 'G', 'G', 'O', 'G', 'G']
C16514041,['G', 'G', 'G', 'G', 'G', 'G', 'G', 'O']
C40792141,['G', 'G', 'G', 'G', 'G', 'G', 'G', 'G']
C32808881,['O', 'G', 'G', 'O', 'G', 'G', 'G', 'G']
C37383744,['G', 'G', 'G', 'G', 'G', 'G', 'O', 'G', 'G', 'O']
C49757578,['G', 'O', 'G', 'G', 'G']
C41068121,['G', 'G', 'G', 'O']
C49533755,['G', 'G', 'G']
C09994580,['G', 'G', 'G', 'G', 'G']
C63271276,['G', 'O', 'G', 'G', 'G', 'G', 'G']
C40378899,['G', 'G', 'G']
C35992563,['G', 'O', 'G', 'G', 'G', 'G', 'G', 'G', 'G']
C67537972,['G', 'G', 'G', 'O', 'G', 'G', 'G', 'G']
C44785439,['O', 'G', 'O']
C53129534,['G', 'G', 'G', 'G', 'G', 'O', 'G']
C38762119,['G', 'G', 'G', 'G', 'G', 'G', 'G', 'G', 'G', 'O']
C22699850,['G', 'G', 'G', 'G', 'G', 'G', 'G', 'G']
C04832172,['G', 'O', 'G', 'G', 'G']
C22683156,['G', 'G', 'G', 'G', 'G', 'G', 'G', 'G', 'G', 'G']
C61089058,['O', 'G', 'G']
C63496926,['G', 'G', 'G', 'G', 'G', 'G', 'G']
C50651275,['G', 'G', 'G', 'G', 'O']
C36366457,['G', 'G', 'G', 'O', 'O', 'G', 'O']
C39359236,['G', 'G', 'O', 'G']
C50674247,['G', 'G', 'G', 'G']
C40783833,['G', 'O', 'O', 'G']
C50848143,['G', 'G', 'G', 'G', 'G', 'O', 'G', 'G']
C36531432,['G', 'G', 'G', 'G', 'G', 'G', 'G', 'G', 'G']
C34744872,['G', 'O', 'G', 'O']
C23939975,['G', 'G', 'G', 'G', 'G', 'G', 'G', 'G', 'G', 'G', 'G', 'G', 'G']
C30828246,['G', 'G', 'O', 'O', 'G', 'G', 'G', 'G', 'O', 'G', 'O', 'O', 'G']
C39978025,['O', 'G', 'G', 'G', 'G', 'G', 'G']
C36746640,['G', 'G', 'G', 'G', 'O', 'G', 'G', 'G']
C39765881,['G', 'G', 'G', 'G', 'G', 'G', 'G', 'G', 'G', 'G']
C58615488,['G', 'O', 'G']
C09598583,['G', 'G', 'G', 'G', 'G', 'G', 'G', 'G', 'G']
C61843780,['G', 'G', 'G', 'O']
C32986339,['G', 'G', 'G', 'G', 'G', 'G', 'G', 'G', 'G', 'G']
C45214440,['O', 'G', 'G', 'G', 'G']
C41085394,['G', 'G', 'G', 'O']
C63017707,['G', 'G', 'G', 'G', 'G']
C50265128,['O', 'O', 'G']
C03460731,['G', 'O', 'G', 'G', 'O', 'G', 'G', 'G']
C16568515,['G', 'G', 'G', 'G', 'G', 'G', 'G', 'G', 'G']
C65025313,['G', 'G', 'G', 'G', 'G', 'G', 'G']
C36581888,['G', 'G', 'G', 'O', 'G', 'O', 'O', 'O', 'G', 'G', 'G', 'G', 'O', 'G']
C61474410,['G', 'G', 'O', 'G', 'G', 'G', 'G', 'G', 'G']
C63588682,['G', 'O', 'G', 'G', 'G', 'G', 'G', 'O']
C40335563,['G', 'G', 'G', 'O']
C22240301,['G', 'G', 'G', 'G', 'O', 'G', 'G', 'G', 'O']
C38906431,['G', 'G', 'G']
C18208924,['G', 'G', 'G', 'G', 'G', 'G', 'O']
C67238278,['G', 'G', 'G', 'G', 'G', 'G', 'G', 'G', 'G']
C27518896,['G', 'O', 'O', 'G', 'G']
C03220312,['G', 'G', 'G', 'G', 'G', 'G', 'O', 'G']
C39465913,['O', 'O', 'G', 'G', 'G']
C45599484,['O', 'G', 'G', 'O', 'G', 'G', 'O', 'G', 'G']
C20562670,['G', 'O', 'G', 'G', 'G', 'G', 'G', 'G', 'O']
C08599500,['G', 'G', 'G', 'G', 'G', 'G', 'G', 'G']
C34702317,['G', 'G', 'G', 'G']
C39980275,['G', 'G', 'O', 'G', 'G', 'G', 'G']
C09762769,['G', 'G', 'G', 'O', 'G', 'G', 'G', 'G', 'G']
C54599675,['G', 'G', 'G']
C09938760,['G', 'G', 'G', 'G', 'G', 'G', 'O']
C42431099,['G', 'G', 'G', 'G', 'G']
C39465953,['O', 'O', 'G', 'G', 'G']
C21604098,['G', 'G', 'G', 'G', 'G', 'G', 'G', 'G', 'G', 'G']
C49449355,['O', 'G', 'G', 'O']
C43442413,['G', 'G', 'G', 'G', 'G', 'G', 'G', 'G']
C67626835,['O', 'G', 'G', 'G', 'G', 'G', 'G', 'G', 'G']
C16248473,['G', 'G', 'O', 'G']
C36825447,['G', 'G', 'O', 'O']
C15817552,['G', 'G', 'G', 'G', 'O', 'G', 'G', 'G', 'G']
C50857632,['G', 'G', 'G', 'O', 'O']
C39426726,['G', 'G', 'G', 'G', 'G', 'G', 'G', 'G', 'G', 'G']
C22243408,['G', 'O', 'O', 'G', 'G', 'O', 'G', 'G']
C01389954,['G', 'G', 'G', 'G', 'G', 'O']
C40820059,['G', 'G', 'O']
C21810410,['G', 'G', 'G', 'G', 'G', 'G', 'O', 'G', 'G']
C64672699,['O', 'G', 'G', 'G', 'G']
C15462521,['G', 'G', 'G', 'G', 'G', 'G', 'G', 'G', 'G']
C51105384,['G', 'G', 'G', 'G', 'G', 'G', 'O', 'G']
C34899506,['G', 'G', 'O', 'G', 'G', 'G', 'G', 'G']
C55187761,['G', 'G', 'G', 'G', 'G']
C06652946,['G', 'G', 'G', 'G']
C46320216,['G', 'G', 'O', 'G', 'G', 'G', 'O']
C50671391,['G', 'G', 'G', 'G', 'O']
C46984261,['O', 'G', 'G', 'G', 'G', 'G', 'G', 'G']
C36330840,['G', 'G', 'G']
C51143831,['O', 'G', 'G', 'G', 'O', 'G']
C65384131,['G', 'G', 'G', 'G', 'O']
C50652130,['G', 'O', 'G', 'G', 'O']
C39545729,['G', 'G', 'G', 'O', 'G', 'G', 'G', 'G']
C24106157,['G', 'O', 'G', 'G', 'G']
C67273409,['O', 'G', 'G', 'G']
C20503055,['G', 'O', 'G', 'G', 'G']
C35362530,['G', 'G', 'G', 'O']
C48801406,['G', 'G']
C52170606,['G', 'G', 'G', 'G', 'G']
C36530938,['G', 'G', 'G', 'G', 'G', 'G', 'G', 'G', 'G']
C48836735,['G', 'O', 'O']
C47535598,['G', 'G', 'G', 'O', 'G', 'G', 'O', 'G']
C49341642,['G', 'G', 'G', 'G', 'G', 'G']
C50639816,['G', 'G', 'O', 'G']
C37750174,['G', 'G', 'G', 'G', 'G']
C62500387,['G', 'G', 'G', 'G', 'O', 'G', 'G', 'G']
C43629727,['O', 'O', 'O']
C67237594,['G', 'G', 'G', 'G', 'G', 'G', 'G', 'G']
C20439253,['O', 'O', 'G', 'G', 'G', 'G', 'G']
C50671390,['G', 'G', 'O', 'G', 'G']
C05010802,['G', 'G', 'G', 'G']
C44973165,['G', 'G', 'O', 'G']
C39657887,['G', 'G', 'G', 'G', 'G', 'O']
C62613508,['G', 'G', 'G', 'G', 'G', 'G', 'G', 'G', 'G']
C55246021,['G', 'G', 'O', 'G', 'G']
C37059858,['G', 'O', 'G', 'G']
C37053650,['G', 'G', 'G']
C65484617,['G', 'G', 'G', 'G', 'G', 'G', 'G', 'G', 'G', 'G']
C50650894,['G', 'G', 'G', 'G', 'G']
C10293802,['G', 'G', 'O', 'O', 'O', 'G', 'G', 'G', 'G']
C22024156,['O', 'G', 'G', 'G', 'G']
C55176428,['G', 'O', 'O']
C56850251,['G', 'G', 'G', 'G', 'G', 'G', 'G', 'O']
C38826003,['O', 'G', 'G', 'O', 'G', 'G', 'G', 'G']
C28437510,['G', 'G', 'G', 'G', 'O']
C35513927,['G', 'G', 'G', 'O', 'G', 'O', 'G', 'G']
C36233475,['G', 'G', 'G', 'O']
C58178478,['G', 'G', 'G', 'O', 'G', 'G', 'O']
C38854633,['G', 'G', 'G', 'G', 'O', 'G', 'G', 'G']
C64639977,['G', 'G', 'O', 'G', 'G', 'G', 'G', 'G']
C37349467,['G', 'G']
C39491757,['G', 'G', 'G', 'G', 'G', 'G', 'G', 'G', 'O', 'G']
C39007493,['G', 'G', 'G', 'G', 'G', 'G']
C43138643,['G', 'G', 'G', 'G', 'O', 'G', 'G']
C44785654,['O', 'G', 'G']
C09263037,['G', 'G', 'G', 'O', 'G', 'O', 'G']
C54154219,['G', 'G', 'O', 'G', 'G']
C23666335,['O', 'G', 'G', 'G', 'G', 'G', 'G', 'G']
C34887539,['G', 'G', 'G', 'G', 'G', 'G', 'G', 'G', 'G']
C16447827,['G', 'G', 'G', 'G', 'G', 'G', 'G', 'G', 'G']
C01643963,['G', 'G', 'G', 'G']
C39325562,['O', 'G', 'G', 'G']
C54037387,['G', 'G', 'G', 'G', 'G', 'G', 'G', 'G', 'G']
C20461296,['G', 'G', 'G', 'G', 'O']
C43669693,['G', 'G', 'G', 'G']
C40732279,['O', 'O', 'G', 'G', 'G']
C25083226,['G', 'G', 'G', 'G', 'O', 'G', 'G', 'G', 'O', 'G', 'G']
C66307518,['G', 'O', 'G', 'G', 'G', 'G', 'O', 'G']
C41070065,['G', 'G', 'G', 'O']
C59186085,['G', 'O', 'O', 'G', 'G']
C37606303,['G', 'G']
C45846609,['O', 'G', 'G', 'O', 'G', 'G']
C66421580,['G', 'G', 'G', 'G', 'G', 'G', 'G', 'G']
C52427374,['G', 'O', 'G', 'O', 'O', 'G', 'G', 'O']
C62527327,['G', 'G', 'G', 'O', 'G', 'G', 'G', 'G', 'G', 'G']
C43396284,['G', 'G']
C40730991,['G', 'O', 'G']
C35577566,['G', 'O', 'G', 'O']
C02369958,['G', 'G', 'G', 'O', 'G', 'G', 'G', 'G', 'G']
C35354660,['G', 'O', 'O', 'G']
C36527845,['G', 'G', 'G', 'G', 'G', 'G', 'G', 'O', 'G']
C09527562,['G', 'G', 'G', 'G', 'G', 'G', 'G', 'G', 'G']
C49120501,['G', 'G', 'G', 'G', 'O']
C28851548,['G', 'G', 'G', 'G', 'G', 'O', 'O', 'G']
C08778794,['G', 'G', 'G', 'G', 'O', 'G', 'G', 'O']
C52963897,['G', 'G', 'G', 'G', 'G', 'G', 'O']
C25584064,['G', 'G', 'G', 'G', 'G', 'G', 'G', 'G']
C42193015,['G', 'G', 'G', 'G', 'G']
C08594851,['G', 'O', 'G', 'G', 'G', 'G', 'O', 'O']
C50244735,['G', 'O', 'O', 'O', 'O']
C62931082,['G', 'O', 'O', 'G']
C38095249,['G', 'G', 'G']
C39465818,['G', 'O', 'G', 'G']
C38666297,['O', 'G', 'G', 'G', 'O', 'G', 'G', 'G', 'G', 'O']
C63209984,['O', 'G', 'G', 'G']
C45623317,['G', 'G', 'G', 'G']
C64429090,['G', 'G', 'G', 'G', 'G', 'G', 'G', 'G', 'G']
C08880533,['G', 'G', 'G', 'G', 'G', 'G', 'G', 'G']
C23009543,['G', 'G', 'G', 'G', 'G', 'O', 'G']
C17070389,['G', 'G', 'G', 'G', 'G', 'G']
C06692669,['G', 'G', 'G', 'G']
C22323824,['G', 'G', 'G', 'G', 'G', 'G', 'G']
C13099030,['G', 'G', 'G', 'G', 'G', 'G', 'G', 'O']
C38762203,['O', 'G', 'G', 'G', 'G', 'G', 'G', 'G']
C39291342,['G', 'G', 'G', 'O', 'G', 'G']
C39962649,['G', 'O', 'G', 'G', 'G', 'G', 'G', 'G']
C43138644,['O', 'G', 'G', 'G', 'O', 'G', 'G']
C61629307,['G', 'G', 'O']
C48952805,['G', 'G', 'G', 'G', 'G', 'G']
C66936037,['G', 'G', 'G', 'G', 'O']
C50309697,['G', 'G', 'G']
C39663378,['G', 'G', 'G', 'G', 'G', 'G', 'O']
C61497784,['G', 'G', 'G', 'O', 'G']
C49150649,['O', 'G', 'G', 'G', 'G', 'G', 'G']
C60341696,['G', 'G', 'G', 'G', 'G', 'G', 'G']
C02113377,['G', 'O', 'G', 'G', 'G']
C01917497,['G', 'G', 'G', 'G', 'G', 'G']
C00151062,['G', 'G', 'O', 'O']
C22310005,['G', 'G', 'O', 'G', 'G', 'G', 'O']
C02375880,['G', 'O', 'O', 'O', 'G', 'G', 'O', 'G']
C40348846,['O', 'G', 'G', 'O', 'G', 'G']
C58481540,['G', 'G', 'G', 'G', 'G', 'O', 'O', 'G']
C19476831,['G', 'O']
C05397148,['O', 'G', 'G', 'G', 'G']
C59160759,['G', 'G', 'G', 'G', 'G', 'G', 'G', 'O']
C63886491,['G', 'O', 'G', 'G', 'G', 'G', 'G', 'G', 'G']
C61214215,['G', 'G', 'G', 'G', 'O', 'G', 'G', 'G']
C40334910,['G', 'G', 'G']
C36863580,['O', 'G', 'O', 'G']
C29293901,['G', 'G', 'G', 'G', 'G']
C12004965,['G', 'G', 'G', 'G', 'G']
C58119570,['G', 'G', 'G', 'G', 'G', 'G', 'G', 'O']
C32607986,['G', 'G', 'O', 'G', 'G', 'G', 'G', 'G', 'G']
C61972024,['G', 'O', 'G', 'O', 'G']
C59894910,['G', 'G', 'G', 'G', 'G', 'O', 'G']
C51147781,['G', 'O', 'G']
C08084871,['G', 'G', 'G', 'G']
C16110532,['G', 'G', 'O', 'G', 'G', 'G', 'G', 'G', 'G']
C33939920,['G', 'G', 'G', 'G', 'O', 'G', 'G', 'G', 'G', 'G']
CHEMBL422810,['G', 'G', 'G', 'G', 'G', 'G', 'G', 'G']
C62725960,['G', 'G', 'G']
C49119595,['O', 'G', 'G', 'G', 'G', 'G']
C36582403,['G', 'G', 'G', 'G', 'G', 'O', 'G', 'G', 'G', 'G', 'G', 'G', 'G', 'G']
C12311242,['G', 'G', 'G', 'G', 'G', 'G']
C33924927,['G', 'O', 'G', 'G', 'O']
C08986675,['G', 'G', 'G']
C50854819,['G', 'G', 'G', 'O', 'O']
C50351332,['G', 'G', 'G', 'O']
C03194457,['G']
C35326143,['O', 'G', 'G', 'G', 'G', 'G', 'G', 'O']
C32992630,['O', 'G', 'G', 'G', 'G', 'G', 'G', 'G', 'G']
C40466604,['G', 'G', 'G', 'O']
C60393850,['G', 'O']
C19811820,['G', 'G', 'G']
C04146686,['G', 'G', 'G', 'G']
C66720333,['G', 'G', 'G', 'G', 'G', 'G', 'G', 'G', 'G', 'G']
C36066230,['G', 'G', 'G', 'G', 'O', 'G', 'G', 'G', 'G', 'G']
C10706893,['G', 'G', 'G', 'G', 'G', 'G', 'G', 'G']
C44786461,['O', 'G', 'O']
C24616139,['G', 'O', 'O', 'G']
C51105383,['G', 'G', 'G', 'G', 'G', 'O', 'G', 'G']
C49502626,['G', 'G', 'G', 'G', 'G', 'G']
C40481998,['G', 'G', 'O', 'G', 'G', 'G']
C42430360,['G', 'O', 'O', 'O', 'G', 'O']
C39658192,['G', 'G', 'O', 'G', 'G', 'G', 'O']
C03524663,['G', 'O', 'G', 'G', 'G', 'G', 'G', 'G']
C01638042,['O', 'G']
C37349455,['G', 'G']
C02099634,['G', 'G', 'G']
C05401384,['O', 'O', 'G']
C06545903,['G', 'G', 'G', 'G', 'G', 'G', 'G']
C13000703,['G', 'G', 'G', 'G', 'G', 'G', 'G']
C39660028,['G', 'O', 'G', 'G', 'G', 'G', 'G', 'G', 'G', 'O']
C51580214,['G', 'G']
C42614189,['O', 'G', 'O']
C08530603,['G', 'G', 'G', 'G', 'G', 'G', 'G', 'G', 'G', 'O', 'O']
C60208783,['G', 'G', 'G', 'G', 'G']
C29374847,['G', 'G', 'G', 'G', 'G', 'G', 'O', 'G']
C35513937,['G', 'O', 'G', 'G', 'G', 'G']
C44782656,['O', 'G', 'O']
C48644251,['G', 'G', 'G', 'G', 'G', 'G']
C08897859,['G', 'G', 'G', 'G', 'O', 'O', 'O', 'G']
C50350922,['G', 'G', 'O', 'G']
C02094118,['G', 'G', 'G', 'G', 'G', 'G', 'G', 'G', 'G', 'G', 'O']
C07450355,['O', 'G', 'G', 'O']
C20516292,['G', 'O', 'G']
C42365852,['O', 'G', 'G', 'G', 'O', 'G']
C61830318,['G', 'G', 'G', 'G', 'O']
C64428165,['G', 'G', 'G', 'G', 'G', 'G', 'G']
C63037444,['G', 'G', 'G', 'O']
C13984001,['G', 'G', 'G', 'O', 'G', 'G', 'G', 'G', 'G']
C60374728,['G', 'G', 'G', 'G', 'G', 'G', 'G', 'G', 'G']
C49509442,['G', 'G', 'O', 'O']
C50929773,['O', 'G', 'G', 'O', 'G', 'G', 'O']
C40151288,['G', 'G', 'G', 'G', 'G']
C08791697,['G', 'G', 'G', 'G', 'G', 'G', 'G']
C03842088,['O', 'O', 'G', 'G', 'G', 'G', 'G', 'G', 'G', 'G']
C63718032,['G', 'G', 'G', 'G', 'G', 'G', 'G', 'G', 'G', 'O', 'G']
C03572740,['G', 'G', 'G', 'G', 'G', 'G', 'G']
C27609465,['G', 'G', 'G', 'G', 'G', 'G', 'G', 'G', 'G', 'G']
C19916188,['G', 'O', 'O']
C51808222,['O', 'G', 'G', 'G', 'G', 'G', 'G', 'G']
C49504636,['O', 'G', 'G', 'G', 'O', 'G', 'G', 'O']
C49150277,['G', 'G', 'G', 'G', 'G', 'G', 'G', 'G']
C35746389,['O', 'O', 'G', 'G', 'G', 'G', 'G', 'G']
C61938064,['O', 'G', 'G']
C23557083,['G', 'G', 'G', 'G']
C02370210,['O', 'G', 'G', 'G', 'G']
C51169276,['O']
C40105188,['O', 'O', 'G', 'G', 'O', 'G']
C40901503,['O', 'G', 'O', 'O', 'G', 'G', 'G', 'G', 'G', 'G', 'G', 'O']
C06612519,['G', 'G', 'G', 'G', 'O', 'G', 'G', 'O', 'O']
C52586875,['G', 'G', 'G', 'G', 'G', 'G', 'G', 'G', 'O', 'O', 'G']
C33531608,['G', 'O']
C20156623,['G', 'O']
C42440988,['G', 'G', 'G', 'G', 'G']
C33776878,['G', 'G', 'O', 'G', 'G', 'G', 'G']
C09112691,['O', 'G', 'G', 'O', 'G', 'G', 'G']
C61537426,['G', 'G', 'G', 'O']
C04823566,['G']
C37053948,['G', 'G']
C40497754,['O', 'O']
C37839469,['O', 'G', 'G', 'G', 'G', 'G']
C19645062,['G', 'O', 'G', 'G', 'G']
C50651567,['G', 'G', 'G', 'G', 'G', 'G']
C36330870,['G', 'G', 'G']
C25027861,['G', 'G', 'G', 'G', 'G', 'G', 'G', 'G', 'O']
C22005642,['O']
C56863141,['G', 'O', 'G', 'G', 'G', 'G', 'G']
C51168921,['G', 'O', 'O']
C36130794,['G', 'G', 'G', 'G', 'G']
C64054994,['G', 'G', 'O', 'G', 'G']
C67070815,['G', 'G', 'G', 'G', 'G', 'G', 'G', 'O', 'G']
C00679927,['O', 'G', 'G', 'G', 'G', 'G', 'G']
C47309610,['G']
C36582423,['G', 'G', 'G', 'G', 'G', 'G', 'G', 'G', 'G', 'O', 'G', 'G', 'G', 'G']
C64990614,['G', 'G', 'G', 'G', 'G', 'G']
C25612847,['G', 'G', 'G', 'G', 'G', 'O', 'G']
C17023990,['G', 'G', 'G', 'O', 'G']
C13108199,['G', 'G', 'G', 'G', 'G']
C62084710,['G', 'G', 'G']
C01397931,['G', 'G', 'G', 'G', 'G', 'O']
C03771938,['G', 'G', 'G', 'G', 'G']
C00497487,['G', 'G']
C53081573,['G', 'G', 'G', 'O', 'G', 'G', 'G', 'G']
C42034716,['G', 'O', 'O', 'G', 'G', 'G', 'G']
C05687099,['G', 'O']
C20463154,['G', 'G', 'G', 'G', 'G', 'G', 'G', 'O']
C28462452,['O', 'G']
C22023679,['O', 'G', 'O', 'G', 'G', 'G', 'G']
C36160200,['G', 'G']
C18141575,['O', 'G', 'G', 'O']
C01530907,['G', 'G', 'G', 'G']
C18126402,['G', 'G', 'G']
C08898128,['G', 'G', 'G', 'G', 'G', 'O', 'O', 'G']
C48950343,['G', 'O', 'G', 'G', 'G', 'G']
C36129361,['O', 'G', 'G', 'G', 'O']
C12663592,['G', 'G', 'G']
C50350469,['G', 'G', 'G', 'O', 'G']
C12343592,['G', 'G', 'G']
C50439537,['O', 'O', 'O', 'G']
C61091205,['G', 'O', 'G', 'G', 'G', 'G', 'G', 'G', 'G']
C65319347,['G', 'G', 'G', 'G', 'G', 'G']
C00705497,['O', 'G', 'G', 'G', 'G', 'G']
C12531759,['G', 'G', 'G', 'G', 'G', 'O', 'G', 'G', 'G']
C36187691,['O', 'G', 'O', 'G', 'G']
C20304194,['G', 'G', 'G', 'G', 'G', 'O', 'G']
C43539934,['G', 'O', 'G', 'G']
C38666259,['G', 'G', 'G', 'G', 'G', 'G', 'G', 'G', 'O', 'O']
C64771230,['G', 'G', 'G', 'G', 'G', 'G', 'G', 'G', 'G', 'G', 'O']
C44775370,['O', 'O', 'G', 'G', 'G', 'G']
C52339267,['G', 'G', 'G', 'G', 'O']
C13295227,['G', 'G', 'G', 'G', 'G', 'G', 'G']
C02665154,['G', 'G', 'O', 'G', 'G', 'G', 'G', 'G', 'G', 'G']
C44792227,['O', 'O', 'G', 'G']
C12062985,['G', 'O', 'G', 'G', 'G', 'G']
C35346008,['G', 'G', 'G', 'G', 'G', 'O', 'G']
C01102096,['G', 'O', 'G', 'O']
C03241504,['G', 'G', 'G', 'G', 'G', 'O', 'O', 'G']
C42561841,['G', 'G', 'G', 'O']
C63137612,['G', 'G', 'G', 'O', 'G', 'G']
C16624857,['G', 'G', 'G', 'G', 'G', 'G', 'O']
C66306921,['G', 'G', 'G', 'G', 'G', 'G', 'G', 'G', 'G']
C40292773,['O', 'G', 'G']
C21965285,['G', 'G', 'G', 'G', 'G', 'G', 'G']
C37246312,['G', 'G', 'G', 'G', 'G']
C04222009,['G', 'G', 'G', 'G', 'G', 'G', 'G', 'G', 'G']
C48396899,['G', 'G', 'O', 'G']
C44776800,['G', 'G', 'O', 'G', 'G']
C16742610,['G', 'O', 'G', 'G', 'G']
C09864794,['G', 'G', 'G', 'G', 'G', 'G', 'G', 'G', 'G', 'O', 'G', 'G']
C66096377,['G', 'G', 'G', 'G', 'G', 'G', 'G', 'G', 'G', 'G', 'G', 'G', 'G']
C51350249,['O', 'G', 'O', 'G', 'G', 'G']
C40480575,['G', 'O', 'O', 'G']
C02983934,['O', 'G', 'G', 'G', 'G', 'O', 'G']
C39465817,['O', 'G', 'G', 'G']
C62424653,['G', 'G', 'G', 'G', 'G']
C21780925,['G', 'G', 'O', 'G', 'G', 'G']
C39663543,['G', 'G', 'G', 'G', 'G', 'G', 'G', 'G', 'G', 'O']
C66573292,['G', 'G', 'O', 'G', 'G', 'G', 'G', 'G']
C41040672,['G', 'G', 'O']
C37928429,['O', 'G', 'G']
C44791216,['O', 'G', 'O']
C40482668,['G', 'G', 'G', 'O', 'G']
C39469250,['G', 'G', 'G', 'G', 'G']
C35081898,['G', 'O', 'O']
C16890286,['G', 'G', 'G', 'G', 'G', 'G', 'G', 'G', 'G', 'G']
C39468848,['G', 'G', 'O', 'O']
C37429993,['G', 'G', 'G', 'G', 'G', 'G']
C09246608,['G', 'G', 'G', 'G']
C52114769,['G', 'G', 'G', 'O', 'G', 'G']
C33888405,['G', 'G', 'G', 'G', 'G']
C09503964,['G', 'O', 'G']
C20411130,['G', 'G', 'G', 'O', 'G', 'G', 'G', 'G']
C40549425,['G', 'O', 'G', 'G', 'O', 'G']
C42576064,['G', 'G', 'G', 'G', 'G', 'G', 'G']
C48668331,['G', 'G', 'G', 'G', 'G', 'O']
C40007820,['G', 'G', 'G', 'O', 'O']
C09434051,['G', 'G', 'G', 'G', 'G', 'G', 'O']
C12498194,['G', 'O', 'G', 'G', 'G', 'O']
C44783532,['O', 'G', 'G']
C63376229,['O', 'G']
C60942068,['G', 'G', 'G', 'G', 'G', 'G', 'O', 'G', 'G', 'G', 'G']
C06630109,['G', 'G', 'G', 'G', 'O', 'G', 'G', 'O']
C50351212,['G', 'G', 'O', 'O']
C00584234,['G', 'G', 'G', 'G', 'O', 'G', 'G', 'G']
C37556358,['O', 'G', 'G', 'G', 'O']
C67641913,['G', 'G', 'O', 'G', 'G', 'G', 'G']
C63091931,['G', 'G', 'G', 'G']
C16383643,['G', 'G', 'G', 'G', 'G', 'G', 'G', 'G', 'G', 'G', 'G']
C12447425,['G', 'G', 'G', 'G', 'O', 'O']
C00150429,['G', 'G', 'G']
C49575760,['G', 'G', 'G', 'G', 'G', 'G', 'G']
C48949839,['G', 'G', 'G', 'G', 'O', 'G']
C33033310,['G', 'O', 'G', 'G', 'G', 'G', 'G', 'G', 'O']
C37556213,['G', 'G', 'G', 'G', 'G', 'O']
C14277203,['G', 'O', 'O', 'G', 'G', 'G', 'O', 'O']
C48719266,['G', 'G', 'G', 'G', 'G', 'O', 'O']
C44870059,['G', 'G', 'O']
C54262759,['G', 'O', 'O', 'O']
C51750353,['O', 'G', 'G']
C48812599,['G', 'G', 'G', 'G', 'G', 'G', 'G']
C44785919,['G', 'O', 'G', 'G']
C37271930,['G', 'G', 'G', 'G', 'G', 'G']
C44783562,['G', 'G', 'O']
C29415986,['O', 'G', 'O', 'G', 'G', 'G', 'G', 'O']
C35083377,['O', 'G', 'G', 'G', 'G', 'O']
C13635926,['G', 'O']
C16150941,['G', 'G', 'G', 'G', 'G', 'G', 'G', 'G']
C50251499,['G', 'O', 'G', 'G', 'O']
C05731885,['G', 'G', 'G', 'G']
C61833065,['G', 'G', 'G', 'G', 'G', 'G', 'G', 'O']
C01583179,['G', 'G', 'G', 'G', 'G', 'G']
C04283570,['O', 'G', 'G', 'G', 'G', 'G']
C12551972,['G', 'G', 'G', 'O', 'G', 'G']
C34171397,['O', 'G', 'G', 'G', 'G']
C14042105,['G', 'O', 'G', 'G', 'G', 'G', 'O', 'G', 'G', 'G']
C62828145,['G', 'G', 'O', 'O', 'G', 'O', 'G', 'G']
