CHEMBL279643,['O', 'O', 'G', 'G', 'G', 'G']
C15812432,['O', 'G', 'G', 'G', 'O', 'G', 'G']
C20494684,['G', 'G', 'G', 'O', 'G', 'G', 'G', 'G', 'G']
C66246167,['O', 'G', 'O', 'G', 'G', 'G', 'G', 'G']
C14748887,['O', 'G', 'G', 'G', 'G', 'G', 'G', 'G']
C35667360,['G', 'G', 'O', 'G', 'G', 'G', 'G']
C54794682,['G', 'G', 'G', 'G']
CHEMBL479217,['G', 'G', 'G', 'G', 'O', 'G', 'G', 'G']
C49605850,['G', 'G', 'G', 'G', 'G', 'O', 'G', 'G', 'G', 'G', 'G']
C44795505,['G', 'G', 'O', 'G', 'G', 'G', 'G']
C65385140,['O', 'G', 'G', 'G']
C14270768,['O', 'G', 'G', 'O', 'G']
C24140463,['O', 'G', 'G', 'O', 'G', 'G']
C11111981,['G', 'G', 'G', 'G', 'G', 'G', 'O', 'G']
C02657548,['G', 'G', 'G', 'O', 'G']
C40783534,['G', 'O', 'G', 'G', 'G', 'G', 'O']
CHEMBL14814,['G', 'G', 'O', 'O', 'G', 'O']
C39323213,['G', 'G', 'G']
C35339783,['G', 'G', 'O', 'G', 'G', 'G']
C51480724,['G', 'O', 'G', 'G', 'G', 'G', 'G', 'G', 'G', 'G', 'G']
C04390638,['G', 'G', 'G', 'G', 'O', 'G']
C60376851,['G', 'G', 'G', 'O', 'G', 'G', 'G', 'O']
C02623134,['O', 'G', 'G', 'G', 'O', 'G']
CHEMBL68478,['O', 'G', 'G', 'G', 'G', 'G', 'G', 'G', 'G', 'G']
C49055290,['G', 'G', 'G', 'G', 'O']
C36283716,['G', 'G', 'G', 'G', 'G', 'G']
C07511179,['G', 'G', 'G', 'G', 'O']
C59488181,['G', 'G', 'G', 'G', 'O', 'O', 'G']
CHEMBL14549,['O', 'O', 'O', 'G', 'G', 'G']
C01332921,['G', 'G', 'G', 'O', 'G', 'G', 'G']
C05165043,['G', 'G', 'G', 'O', 'O', 'G', 'O', 'G']
C39323212,['G', 'G', 'G']
C52496750,['G', 'G', 'G', 'G', 'O', 'G', 'G']
C45413001,['G', 'G', 'G', 'G', 'G', 'G', 'G', 'G', 'O', 'G', 'G', 'G']
C66439109,['G', 'G', 'G', 'G', 'G', 'G', 'O', 'G']
CHEMBL351422,['O', 'G', 'O', 'G']
C21079389,['G', 'G', 'O', 'O', 'G', 'G', 'O', 'O', 'O', 'O']
C07539035,['O', 'G', 'G', 'G', 'G']
C60370811,['G', 'O', 'G', 'O', 'O']
C09436308,['G', 'O', 'G', 'G', 'O', 'G']
C12624940,['G', 'G', 'G', 'O', 'G', 'O']
C49128477,['G', 'G', 'O', 'G', 'G', 'G']
C40885300,['G', 'O', 'G', 'G']
C67186561,['G', 'G', 'G', 'G', 'O', 'G', 'G', 'O']
C52409738,['G', 'G', 'O', 'O', 'O']
CHEMBL162180,['G', 'O', 'G', 'G', 'G', 'G', 'O']
C41148091,['G', 'G', 'G', 'G', 'O', 'G', 'G']
CHEMBL578345,['G', 'G', 'G', 'O', 'G', 'O']
C57459674,['G', 'G', 'G', 'O', 'G', 'G', 'G', 'O']
C53036372,['O', 'G', 'G', 'G', 'G']
C19717843,['G', 'G', 'O', 'G', 'G', 'O', 'G']
C22646431,['G', 'G', 'G', 'G', 'G', 'G', 'G', 'G', 'G']
C09720418,['O', 'G', 'G', 'G', 'O', 'G', 'G', 'G']
CHEMBL570775,['G', 'O', 'G', 'G', 'G', 'G']
C15936441,['O', 'G', 'O', 'G', 'O', 'G']
CHEMBL163179,['G', 'O', 'G', 'G', 'O']
C12776130,['G', 'G', 'O', 'G', 'O', 'G', 'G', 'G']
C67640906,['O', 'G', 'G', 'G', 'G']
C58870539,['G', 'G', 'G', 'G', 'G']
C05234633,['G', 'G', 'G', 'G', 'O', 'G', 'G']
C45227229,['G', 'G', 'O', 'G', 'G', 'G', 'G']
CHEMBL349368,['O', 'O', 'O', 'O', 'G', 'G']
C63627296,['G', 'O', 'G', 'G']
C59029547,['G', 'G', 'G', 'G', 'G', 'O', 'O', 'G', 'G', 'G']
C63791365,['G', 'G', 'G', 'G', 'G']
CHEMBL479958,['O', 'G', 'O', 'O', 'G', 'G']
C63996900,['G', 'G', 'G', 'O', 'G', 'G', 'O', 'G']
C16543252,['G', 'G', 'G', 'G', 'O', 'G', 'G']
C04872548,['G', 'G', 'G', 'G', 'G', 'G', 'G', 'G']
C52913378,['G', 'O', 'G', 'G', 'G']
C55090463,['G', 'G', 'G', 'G', 'G', 'G', 'O']
C00413172,['G', 'O', 'G', 'G', 'G']
C38720123,['G', 'G', 'G', 'G', 'G', 'G', 'G', 'G', 'G']
C05122118,['G', 'G', 'G', 'G', 'G', 'O', 'G', 'G', 'O']
C63229018,['O', 'O', 'O', 'O', 'G']
C04588711,['G', 'G', 'O']
C57259070,['G', 'G', 'G', 'G', 'G', 'G', 'G', 'G', 'G', 'G', 'G']
C22064328,['G', 'G', 'G', 'G', 'G', 'G']
C44429548,['G', 'G', 'G', 'O', 'G']
C21559416,['G', 'G', 'G', 'G', 'G', 'G', 'G', 'G', 'O']
C52417046,['G', 'G', 'O', 'O', 'G']
C20107541,['G', 'G', 'G', 'G', 'G', 'O', 'G', 'O', 'G', 'G', 'G', 'G']
C60400643,['G', 'G', 'G', 'G', 'G', 'G', 'G', 'G', 'G', 'G', 'G']
C23373846,['G', 'O', 'G', 'G', 'G']
C54315563,['G', 'G', 'G', 'O', 'G', 'G', 'G', 'O']
C50552933,['G', 'G', 'G', 'G', 'G', 'G', 'G', 'O', 'G', 'G', 'O', 'G']
C63294041,['G', 'G', 'G', 'G', 'G', 'G', 'G', 'G']
C40576007,['O', 'G', 'G', 'G', 'G', 'G', 'G', 'G']
C45180248,['G', 'G', 'G', 'G', 'G', 'G', 'G', 'G', 'G', 'G', 'G']
C37381253,['G']
C55068198,['O', 'G', 'O', 'G', 'G', 'G']
CHEMBL519127,['O', 'G', 'O', 'O', 'G', 'O']
C12795783,['G', 'G', 'G', 'G', 'G', 'G', 'G', 'G', 'O', 'O']
C65622754,['G', 'G', 'G', 'O', 'G', 'G', 'G', 'G', 'O', 'O']
C02027422,['G', 'G', 'G', 'G', 'G', 'G', 'G']
CHEMBL1098820,['O', 'G', 'O', 'O', 'G']
C02243896,['G', 'G', 'O', 'G']
C43629549,['G', 'G', 'G', 'O', 'G', 'G', 'G', 'G', 'O']
C41014092,['G', 'G', 'G', 'O']
C48375772,['O', 'O', 'G', 'G', 'G', 'G']
C57095599,['G', 'G', 'G', 'G', 'G', 'G']
C18402889,['G', 'G', 'G', 'G', 'G']
C25586153,['G', 'G', 'O', 'O', 'G', 'G']
C59182104,['G', 'O', 'G', 'G', 'G']
C59500331,['G', 'O', 'O', 'G', 'G', 'G']
C36155027,['G', 'G', 'G', 'G', 'G', 'G', 'G', 'G', 'G', 'G']
C08254657,['O', 'G', 'G', 'G', 'G', 'G']
C45413002,['G', 'G', 'G', 'G', 'G', 'G', 'G', 'G', 'G', 'G', 'G', 'G']
CHEMBL482256,['O', 'G', 'O', 'O', 'G', 'G']
C51845211,['G', 'G', 'G', 'G', 'G', 'G', 'G', 'G', 'G', 'G']
C64055503,['G', 'G', 'O', 'O', 'G']
C59016218,['G', 'O', 'O', 'O', 'G', 'G', 'G', 'G']
C10319255,['G', 'G', 'G', 'G', 'G', 'G', 'G']
C59461350,['G', 'G', 'O', 'G', 'G']
C42440070,['G', 'O', 'G', 'G']
C40626264,['O', 'O', 'G', 'G', 'G']
C67051555,['G', 'G', 'O', 'G', 'G', 'G', 'G', 'O']
C12028265,['G', 'G', 'G', 'O', 'G', 'O']
CHEMBL118014,['G', 'G', 'G', 'G', 'O', 'O', 'O', 'O', 'G', 'O']
C05414026,['G', 'G', 'G', 'G', 'O']
C64502488,['O', 'G', 'G', 'G', 'G', 'O', 'G', 'O']
C24653970,['G', 'O', 'G', 'G', 'G', 'G', 'G', 'G', 'G']
C03287626,['G', 'G', 'G', 'G', 'O', 'G']
C17183705,['G', 'G', 'O', 'O', 'O']
C12795776,['G', 'G', 'O', 'G', 'G', 'G', 'G', 'G', 'G', 'O']
C38012093,['G', 'G', 'G', 'O', 'O', 'G', 'G']
C00902299,['G', 'G', 'G', 'G', 'G', 'G']
CHEMBL162439,['G', 'O', 'O', 'O', 'O', 'G', 'O']
C08648506,['O', 'G', 'G', 'G', 'G', 'G', 'G']
C12995450,['G', 'G', 'G', 'G', 'G', 'G', 'G', 'G', 'G']
C21373028,['G', 'G', 'O', 'G', 'G']
C20140419,['G', 'G', 'O', 'G', 'O', 'O']
C42889850,['O', 'O', 'G', 'G', 'G', 'G', 'G', 'G', 'G']
C16343503,['G', 'G', 'G', 'O']
C60533966,['G', 'G', 'G', 'G', 'O', 'G']
C64678684,['G', 'G', 'G', 'O', 'O', 'G']
C63994314,['O', 'G', 'G', 'G', 'O']
C59002013,['G', 'G', 'G', 'G', 'G', 'G', 'O', 'G', 'G']
C11391961,['O', 'O', 'G', 'G', 'G', 'G']
C11839797,['G', 'G', 'O', 'G', 'G']
C59507551,['G', 'G', 'G', 'G', 'O', 'G', 'G', 'G']
C66235201,['G', 'G', 'G', 'G', 'G', 'G', 'G', 'G']
C33173509,['O', 'G', 'O', 'G', 'G']
C65356959,['G', 'G', 'G']
C07539568,['G', 'G', 'G', 'O', 'G', 'G']
C40798380,['G', 'G', 'G', 'G', 'G', 'G']
C60042999,['G', 'G', 'G', 'G', 'G', 'G', 'G', 'G', 'G']
C53619575,['G', 'O', 'G', 'G', 'G', 'G']
C39573632,['G', 'G', 'G', 'O']
C00534224,['G', 'O', 'G', 'G', 'O']
C40795083,['G', 'G', 'G', 'G', 'G', 'G', 'G']
C03723266,['G']
C56146990,['G', 'O', 'G', 'G', 'G', 'O', 'G', 'G', 'O']
C22897923,['G', 'G', 'G', 'G', 'G', 'G', 'G', 'G', 'G', 'G']
C49787986,['G', 'G', 'G', 'G', 'G', 'G', 'G', 'G', 'G']
C61486776,['G', 'O', 'G', 'O', 'G']
C37240770,['G', 'G', 'G', 'G']
C20290881,['G', 'G', 'G', 'G', 'G', 'G', 'O', 'O']
C24210573,['G', 'O', 'G', 'G', 'O']
C37309151,['G', 'G', 'O', 'G', 'G']
C66204570,['O', 'G', 'G', 'G', 'O', 'G', 'G', 'G', 'G']
C58009148,['G', 'G', 'G', 'G', 'G', 'G']
C23129119,['G', 'O', 'O', 'G', 'G']
C40795151,['G', 'G', 'G', 'G', 'G', 'O', 'G']
C21678952,['O', 'G', 'G', 'G', 'G', 'G', 'G', 'G', 'G']
C37554037,['G', 'G', 'G', 'O', 'G']
C58960981,['G', 'G', 'G', 'G', 'G', 'G']
C44040577,['G', 'G', 'G', 'O', 'G']
C13146607,['G', 'G', 'G', 'G', 'G', 'G', 'G', 'G', 'G']
C10316385,['G', 'G', 'G', 'G', 'G', 'G', 'G', 'G']
C08707283,['G', 'G', 'G', 'G', 'O']
C19220714,['G', 'G', 'G', 'G', 'G', 'O']
C19726062,['G', 'G']
C62903275,['G', 'G', 'G', 'G', 'G', 'G']
C49161734,['G', 'G', 'G', 'G', 'G']
C36613767,['G', 'G', 'G', 'G', 'G', 'G', 'G']
C53936438,['G', 'G', 'G', 'G', 'G', 'G', 'G']
C53623731,['O', 'G', 'G', 'G', 'G', 'G']
C07539057,['O', 'O', 'G', 'G', 'G', 'G', 'G', 'G']
C20088333,['G', 'G', 'G', 'G']
C50143969,['O', 'O', 'G', 'G', 'O']
C59962122,['G', 'G', 'G', 'G', 'G']
C40795245,['G', 'G', 'G', 'G', 'O', 'G', 'G', 'G', 'G']
C20875607,['G', 'G', 'G', 'O', 'O']
C67445891,['G', 'G', 'G', 'O', 'G']
C50143944,['O', 'O', 'G', 'G', 'O']
C40758688,['G', 'O', 'O', 'G', 'G', 'G', 'G']
C64197231,['G', 'G', 'G', 'G', 'G', 'G', 'O', 'G', 'G']
C65993050,['G', 'G', 'G', 'G', 'G', 'G', 'G', 'G']
C52558984,['G', 'G', 'G', 'G', 'G', 'G', 'G', 'G', 'O']
C47998711,['G', 'G', 'G', 'G', 'G', 'G', 'G', 'G']
C09588472,['G', 'G', 'G', 'G', 'G', 'O', 'G', 'G', 'G', 'G']
C58391337,['G', 'G', 'G', 'G', 'O', 'G']
C22645121,['G', 'G', 'G', 'G', 'G', 'G', 'G']
C40701834,['G', 'O', 'G', 'G', 'G', 'O']
C15938535,['G', 'O', 'O', 'G', 'G', 'O', 'G']
C42889854,['G', 'G', 'G', 'G', 'G', 'G', 'O', 'G', 'G']
C44432489,['G', 'G', 'G', 'O', 'O']
C42436849,['G', 'O', 'G', 'G']
C38689375,['G', 'O', 'G', 'G', 'G']
C00390530,['G', 'G', 'G', 'G']
C25608338,['G', 'G', 'G', 'G', 'G']
C36038249,['O', 'G', 'O', 'G', 'G', 'G']
C66808191,['O', 'O', 'O', 'G', 'G']
C02742758,['G', 'G', 'G', 'O', 'O', 'G', 'O', 'O', 'G', 'G', 'G', 'G']
C59738828,['G', 'O', 'O', 'G', 'G', 'G', 'G', 'G', 'G']
C20207935,['G', 'O', 'G', 'G', 'G']
C53399627,['G', 'G', 'G', 'G', 'G', 'O']
C40566213,['G', 'O', 'G', 'O', 'O', 'G', 'G', 'G']
C63737552,['G', 'G', 'O', 'G']
C63653026,['G', 'G', 'G', 'O', 'G']
C40872770,['G', 'G', 'G', 'G', 'O']
C37080271,['G', 'G', 'O', 'G', 'G', 'G']
CHEMBL162668,['G', 'G', 'G', 'G', 'G', 'G']
C57293457,['G', 'G', 'G', 'G', 'G', 'G', 'G', 'G', 'G']
C08753589,['O', 'G', 'G', 'G']
C67402884,['O', 'O', 'G', 'G', 'G']
C49086988,['O', 'G', 'O', 'G', 'G', 'G']
C59394604,['O', 'O', 'G', 'G', 'O']
C37669056,['G', 'G', 'G', 'G', 'G', 'O']
C04745614,['G', 'G', 'G', 'G', 'G', 'G', 'G', 'G', 'G']
C65531745,['G', 'G', 'O', 'G', 'G', 'G']
C07595304,['G', 'G', 'O', 'G', 'G', 'O']
C65691875,['G', 'G', 'G', 'O', 'G']
CHEMBL1098819,['G', 'G', 'O', 'G', 'G', 'G', 'G']
C65407204,['O', 'O', 'G', 'O', 'G', 'G', 'G']
C12378492,['G', 'G', 'G', 'G', 'G', 'O']
C66268071,['G', 'G', 'G', 'G', 'G']
C39420737,['G', 'G', 'G', 'G', 'G', 'G']
C00121199,['G', 'G', 'O', 'G']
C59310051,['O', 'O', 'G', 'O', 'G', 'G', 'G']
C64284796,['O', 'G', 'G', 'G', 'G', 'G', 'G', 'G', 'G', 'O']
C15481553,['O', 'O', 'O', 'G', 'G', 'O', 'G', 'G']
C42316505,['G', 'G', 'G', 'G']
C18083685,['G', 'G', 'G', 'G', 'G', 'O', 'G', 'G', 'G', 'G']
C24095907,['G', 'G', 'G', 'G', 'G', 'G', 'O', 'G']
C39421638,['G', 'G', 'G', 'G', 'G', 'G']
C30913125,['G', 'G', 'G', 'G', 'G']
C66422584,['G', 'G', 'O', 'G', 'G', 'G', 'G', 'G', 'G']
C66737222,['G', 'G', 'O', 'G', 'G']
C66237568,['G', 'G', 'G', 'G', 'G', 'G', 'G', 'G', 'O']
C51169114,['O', 'O']
C67457290,['G', 'G', 'O', 'G', 'G', 'G', 'G', 'G']
C02816664,['G', 'G', 'G', 'G', 'G', 'G']
C59882170,['G', 'G', 'G', 'G', 'G', 'G', 'O']
C64671113,['G', 'G', 'G', 'G', 'O']
C66402486,['O', 'O', 'G', 'G', 'G', 'O', 'G']
C40212396,['G', 'G', 'G', 'G', 'G', 'G', 'G', 'G', 'G', 'G']
C03462570,['G', 'O', 'G', 'G', 'G', 'G', 'G']
C37213563,['G', 'G', 'G', 'G', 'G']
C62629887,['G', 'O', 'G', 'G', 'G', 'G', 'G', 'G', 'G', 'G', 'G']
C35834874,['G', 'G', 'G', 'G', 'G']
C36992201,['G', 'G', 'G', 'G', 'G']
C35451256,['O', 'O', 'O']
C52629258,['G', 'G', 'G', 'O', 'G', 'G']
C34671002,['O', 'O', 'G', 'O']
C10039433,['G', 'G', 'G', 'G', 'G']
C07228892,['G', 'G', 'G', 'G', 'G', 'O', 'G']
C35475422,['G', 'G', 'G', 'O', 'G', 'G', 'G', 'G']
C66190592,['G', 'G', 'G', 'G', 'G', 'G', 'G', 'G', 'G', 'O']
C45780230,['G', 'G', 'G', 'G', 'G', 'G', 'G', 'G']
C43554991,['G', 'G', 'G', 'G', 'G', 'G']
C50117992,['G', 'G', 'G', 'G', 'O', 'G', 'G', 'G', 'O']
C54907591,['G', 'G', 'O', 'O', 'G']
C05527850,['G', 'G', 'G', 'G', 'G', 'G', 'G', 'G', 'G']
C37748808,['O', 'G', 'G', 'O']
C52924556,['G', 'G', 'G', 'G']
C02532124,['G', 'G', 'G', 'O', 'G', 'G', 'G', 'O', 'G', 'G']
C48772791,['O', 'G', 'G', 'G', 'G', 'G', 'G', 'G']
C05863433,['O', 'G', 'G', 'O', 'G']
C35253537,['G', 'G', 'G', 'G']
C63053471,['G', 'G', 'G', 'G', 'G', 'G']
C49335359,['G', 'G', 'G', 'G', 'G', 'O', 'G', 'G']
CHEMBL162865,['O', 'G', 'G', 'G', 'G', 'G']
CHEMBL1098531,['G', 'G', 'G', 'O', 'O', 'O']
C00172641,['G', 'G', 'G', 'G', 'G']
C58982603,['G', 'G', 'G', 'G', 'G', 'G', 'G', 'G', 'G', 'G', 'G']
C06138372,['O', 'G', 'G', 'G', 'G']
C64677999,['G', 'O', 'G', 'G', 'G', 'G', 'O']
C03498963,['G', 'G', 'G', 'G', 'G']
C67645654,['O', 'G', 'G', 'G', 'G', 'O', 'G', 'G', 'G', 'G']
C24540739,['G', 'G', 'G', 'O', 'G']
C61795226,['G', 'G', 'O', 'G', 'O']
C03015855,['O', 'G', 'G', 'O', 'G']
C05556955,['G', 'G', 'G', 'G', 'G']
C36819176,['O', 'O', 'G', 'O']
C65407316,['G', 'G', 'G', 'G', 'G']
C05093318,['G', 'G', 'G', 'G', 'G']
C66140590,['O', 'G', 'G', 'G', 'G', 'G', 'G', 'O', 'G', 'G', 'G']
C37911886,['G', 'G', 'G', 'G']
C42398043,['G', 'G', 'O', 'G', 'G', 'O', 'O']
C39376977,['G', 'O']
C38994488,['G', 'G', 'G', 'G', 'G', 'G', 'G']
C46517924,['G', 'G', 'G', 'G', 'G', 'G']
C66561184,['G', 'G', 'G', 'G', 'O', 'G']
C40784251,['G', 'G', 'G', 'O', 'G', 'G', 'G', 'G']
C35047769,['O', 'G', 'G', 'G', 'G']
C39021589,['G', 'G', 'G', 'G', 'G', 'G', 'G', 'G', 'G']
C64502489,['G', 'G', 'G', 'G', 'G', 'G', 'G', 'G']
C60306358,['G', 'G', 'G', 'O', 'G', 'O', 'G', 'G']
C42357079,['G', 'G', 'G', 'G', 'O', 'G', 'G', 'G', 'G', 'O']
CHEMBL162322,['G', 'O', 'G', 'O', 'G', 'G', 'G']
C48717261,['G', 'G', 'G', 'G', 'O']
C66736927,['O', 'G', 'G', 'G', 'O', 'G', 'G', 'G', 'G', 'G']
C60906232,['G', 'G', 'G', 'G', 'G', 'G', 'G', 'G', 'G', 'G', 'G']
C50144072,['G', 'G', 'O', 'G', 'G']
C46659916,['G', 'G', 'G', 'G', 'G', 'G', 'G', 'G', 'G', 'G']
C65848829,['G', 'G', 'G', 'G', 'G', 'G', 'O', 'G']
CHEMBL162979,['G', 'G', 'G', 'G', 'G']
C43270248,['G', 'O', 'G', 'G', 'O', 'G']
C13245437,['G', 'G', 'G', 'G', 'G', 'O', 'G', 'O', 'O']
C06652711,['G', 'G', 'G', 'G', 'G']
C57429248,['G', 'G', 'G', 'G', 'G']
C12522970,['G', 'G', 'G', 'G', 'G']
C49356314,['G', 'G', 'G', 'G', 'O', 'G', 'G', 'G']
C04229919,['G', 'G', 'G', 'G', 'G', 'G', 'O', 'O', 'G', 'G']
C04828322,['O', 'G', 'G', 'G', 'G', 'G']
C31849466,['G', 'G', 'G', 'G', 'O']
C27778483,['G', 'G', 'G', 'G', 'O', 'O']
C08282717,['G', 'G', 'G', 'G', 'G']
C01664234,['G', 'O', 'G']
C61461069,['G', 'G', 'G', 'G', 'G', 'G', 'G']
C35411720,['G', 'G', 'G', 'G', 'G', 'G', 'G']
C59315247,['G', 'G', 'G', 'O', 'G', 'G', 'G']
C45524012,['G', 'G', 'O', 'G', 'G', 'G', 'G', 'O', 'G']
C66222057,['G', 'G', 'G', 'G', 'G', 'G', 'G', 'G', 'G']
C36805227,['G', 'G', 'O', 'G', 'G']
C64226156,['G', 'G', 'O', 'G', 'G', 'G', 'G', 'G', 'G', 'G']
C60333871,['G', 'G', 'G', 'G', 'G']
C38675684,['G', 'G', 'G', 'G', 'G']
C23265855,['G', 'G', 'G', 'G', 'G']
C50959922,['G', 'G', 'G', 'G', 'G']
C05522752,['G', 'G', 'G']
C66973354,['G', 'O', 'G', 'G', 'G', 'O']
C60363439,['G', 'G', 'G', 'G', 'G', 'G', 'G']
C20734436,['G', 'G', 'G', 'G', 'G', 'G', 'O', 'O', 'G']
C64809290,['O', 'O', 'G', 'G', 'O', 'O']
CHEMBL520287,['G', 'G', 'O', 'O', 'G', 'G']
CHEMBL117132,['G', 'G', 'G', 'G', 'G', 'G', 'G']
C48068806,['G', 'G', 'G', 'G']
C36945668,['G', 'G', 'O', 'G']
C38677356,['G', 'G', 'G', 'G', 'O', 'O', 'O']
C63737485,['O', 'O', 'G', 'O', 'G']
CHEMBL479215,['G', 'G', 'G', 'G', 'G', 'G', 'G', 'G', 'G', 'O']
C37303435,['G', 'G', 'G', 'G', 'O', 'G']
C53149173,['G', 'G', 'G', 'G']
C64070161,['G', 'G', 'G', 'O', 'G', 'G']
C63072175,['G', 'G', 'G', 'G', 'G']
C31646772,['G', 'G', 'G', 'G', 'O']
C11285088,['G', 'G', 'G', 'O', 'G', 'G', 'G']
C38006364,['G', 'G', 'G', 'O']
C66244468,['G', 'G', 'G', 'G', 'G', 'G', 'O']
C37881077,['G', 'O', 'O', 'G', 'G', 'G', 'G', 'G', 'G']
C64539655,['G', 'O', 'G', 'O', 'G', 'G']
C41342950,['G', 'G', 'O', 'O', 'G', 'G', 'G', 'G']
C67588922,['G', 'G', 'G', 'G', 'G', 'G', 'G', 'G', 'O']
C60217370,['G', 'G', 'G', 'G', 'O']
C08853888,['G', 'G', 'G', 'G', 'O', 'G', 'G', 'G', 'G']
C42639657,['G', 'G', 'G', 'G', 'G', 'G']
CHEMBL350833,['G', 'O', 'O', 'O', 'G', 'G']
C48360897,['G', 'G', 'O', 'G', 'O', 'G']
C37334811,['G', 'G', 'G', 'G']
C04921038,['O', 'O', 'G', 'G', 'O']
C53615089,['O', 'G', 'G', 'G', 'O']
C48626760,['G', 'G', 'O', 'G', 'G', 'G']
C44029546,['G', 'G', 'G']
C37905287,['G', 'G', 'G', 'G', 'G', 'G']
C42651469,['G', 'O', 'G', 'O', 'G']
C54107074,['G', 'G', 'G', 'O']
C37878675,['G', 'G', 'G', 'G', 'G', 'G', 'G', 'G', 'G', 'G', 'G']
C42237748,['G', 'O', 'G', 'G']
C52102416,['G', 'G', 'O', 'G', 'O']
C13568420,['G', 'G', 'O', 'G', 'G', 'G']
C47751476,['G', 'G', 'G', 'G']
C67319369,['G', 'O', 'G', 'G', 'G', 'G', 'G', 'G', 'G']
C45073746,['G', 'G', 'G', 'G', 'G', 'G', 'G', 'G', 'G']
C16173953,['G', 'G', 'G', 'G', 'G', 'G', 'G', 'G', 'G', 'G']
C08121630,['G', 'G', 'G', 'O', 'G']
C35500136,['G', 'G', 'G', 'O', 'O', 'G', 'G']
C08423342,['G', 'O', 'G', 'O', 'O', 'G', 'O', 'G']
C63782406,['G', 'G', 'G', 'G', 'G', 'G', 'G', 'G', 'G']
C13199194,['G', 'G', 'G', 'O', 'G', 'G', 'G', 'G']
C43556832,['G', 'G', 'G', 'G', 'G', 'G', 'G', 'G']
C10440176,['G', 'G', 'O', 'G', 'G', 'G', 'G', 'G', 'G']
C35044150,['O', 'G', 'G', 'G', 'G']
C61759486,['G', 'G', 'O', 'O']
C54903022,['G', 'G', 'G', 'O', 'G']
C55472445,['G', 'G', 'G', 'G', 'G', 'G']
C64056250,['G', 'G', 'O', 'G']
C43258398,['O', 'G', 'G', 'G']
C15913464,['O', 'G', 'G', 'G', 'G', 'G', 'O', 'G', 'G']
C63521234,['G', 'G', 'G', 'G', 'G', 'O']
C29963093,['G', 'G', 'G', 'G', 'G']
C66761120,['G', 'G', 'O', 'G', 'O', 'O']
C42437563,['G', 'G', 'G', 'G', 'O']
C59186676,['G', 'O', 'G', 'G', 'G']
C03088738,['G', 'G', 'G', 'G', 'G', 'G', 'O']
C52620171,['G', 'O', 'G', 'G', 'G', 'O']
C41393565,['O', 'O', 'G', 'G']
C42358599,['G', 'G', 'O', 'O', 'O']
CHEMBL518156,['G', 'G', 'G', 'O', 'O', 'G', 'G']
C07674232,['G', 'G', 'G', 'G', 'G']
CHEMBL480137,['O', 'G', 'G', 'G', 'G', 'G', 'G']
C66257782,['G', 'G', 'G', 'O', 'G']
C22894146,['G', 'O', 'G', 'G', 'G']
C47799787,['G', 'G', 'G', 'G', 'G', 'G', 'O', 'G', 'G', 'G']
C38016046,['G', 'O', 'G', 'O', 'G', 'G']
C67629856,['G', 'G', 'G', 'G', 'G', 'G', 'O', 'G', 'G', 'G']
C48749306,['G', 'G', 'G', 'G', 'G', 'G', 'G', 'O']
C42697198,['G', 'O', 'G', 'G', 'G', 'O']
C37501719,['G', 'G', 'G', 'O']
C37775629,['G', 'G', 'G', 'G', 'O']
C48572673,['O', 'O', 'G', 'G', 'O']
C20264504,['O', 'G', 'G', 'G']
C11636826,['G', 'O', 'G', 'G', 'G', 'G', 'O', 'G']
C40011306,['G', 'G', 'G', 'G', 'G', 'O']
C49900792,['G', 'G', 'G', 'G', 'G', 'G']
C39639566,['G', 'G', 'O', 'G', 'G', 'G', 'G', 'O']
C00626755,['G', 'O', 'G', 'G', 'G']
C54108473,['G', 'G', 'O']
C50144140,['G', 'G', 'O', 'G', 'O']
C15018845,['G', 'G', 'G', 'O', 'G', 'G', 'G']
C30885456,['G', 'O', 'G', 'O', 'G']
C63517516,['G', 'G', 'G', 'G', 'O']
C38799050,['G', 'O', 'G', 'G', 'G', 'O', 'G', 'O']
C39724562,['G', 'G', 'G', 'G', 'O']
C50849781,['O', 'G', 'G', 'G', 'G', 'G', 'G', 'G', 'G', 'G']
C39367742,['G', 'O', 'G', 'O']
C37093021,['G', 'G', 'G', 'G', 'G', 'G']
C66793460,['G', 'G', 'G', 'G', 'G']
C41161613,['G', 'G']
CHEMBL478298,['G', 'G', 'G', 'G', 'O', 'G', 'G', 'G', 'O']
C55069250,['G', 'G', 'G', 'G']
C48014630,['G', 'G', 'G', 'G', 'O']
C49456838,['G', 'G', 'G', 'G', 'G']
C18192835,['G', 'G', 'G', 'O', 'O']
C57332243,['G', 'G', 'G', 'G', 'O', 'O', 'G', 'G', 'O', 'G', 'G']
C67121542,['O', 'G', 'G', 'G', 'G']
C36844398,['G', 'G', 'G', 'G', 'G', 'G', 'G', 'O']
C40384736,['G', 'G', 'O', 'G', 'G', 'O']
C64030916,['G', 'G', 'G', 'G', 'O']
C22342418,['G', 'G', 'G', 'G', 'G', 'G', 'G', 'O', 'O', 'G', 'G']
C50145364,['G', 'O', 'G', 'G', 'G']
C51554566,['G', 'G', 'G', 'O', 'G', 'O']
C66738837,['G', 'G', 'G', 'G', 'G', 'G', 'G', 'G', 'O']
C67625257,['G', 'G', 'G', 'G', 'G', 'G', 'G', 'G']
C52544695,['G', 'G', 'O', 'G', 'G', 'O']
C40450080,['G', 'G', 'O', 'G', 'O']
C61581477,['G', 'G', 'G', 'G', 'O', 'G', 'G', 'G', 'G']
C49075219,['O', 'G', 'O', 'G', 'G']
C43638800,['G', 'G', 'G', 'G', 'G', 'O']
C58326920,['G', 'O', 'G', 'O', 'G', 'G', 'G', 'G']
C36926720,['G', 'G', 'G', 'G', 'G', 'O']
C62600649,['G', 'G', 'G', 'G', 'G', 'G', 'O', 'G']
C55068403,['G', 'G', 'G', 'G', 'G']
C38054442,['G', 'G', 'G', 'G', 'G']
C06801442,['G', 'G', 'G', 'O', 'G', 'G', 'G']
C41200756,['G', 'G', 'G', 'G', 'O']
C49844593,['G', 'G', 'G', 'G', 'G']
C63070307,['G', 'G', 'G', 'G', 'G', 'O', 'G', 'O', 'G', 'G']
C64376253,['G', 'G', 'G', 'G', 'G', 'G', 'O', 'G', 'G']
C06222880,['G', 'O', 'G', 'G', 'G']
C54901098,['G', 'G', 'G', 'O']
C20831727,['G', 'G', 'G', 'G', 'G', 'G', 'G', 'G']
C60037630,['G', 'G', 'G', 'G', 'G', 'G']
C12297410,['G', 'G', 'O', 'G', 'O']
CHEMBL576512,['G', 'G', 'O']
C50142790,['O', 'G', 'G', 'G', 'O', 'G']
C62015967,['G', 'G', 'G', 'G', 'G', 'G', 'G']
C65597584,['G', 'G', 'G', 'G', 'G', 'G', 'G', 'G', 'G', 'G', 'O', 'G']
C66244396,['G', 'G', 'G', 'G', 'O']
C20978506,['G', 'O', 'G', 'G', 'G', 'G']
C39936926,['O', 'G', 'G', 'G', 'G']
C40756812,['G', 'O', 'O', 'G', 'G', 'G', 'G']
C62158063,['G', 'G', 'G', 'G', 'G', 'O', 'G']
C55068318,['G', 'G', 'G', 'G', 'G']
C66515020,['G', 'O', 'O', 'G', 'G']
C66422215,['O', 'G', 'G', 'O']
C57573313,['G', 'G', 'G', 'G', 'G', 'G']
C48068558,['G', 'G', 'G', 'G', 'G']
C32731134,['O', 'G', 'G', 'O', 'O', 'G']
C20193864,['O', 'O']
C39744820,['G', 'G', 'G', 'G', 'G', 'O']
C49397576,['O', 'G', 'G', 'G', 'G', 'G', 'G', 'G', 'G', 'G']
C05097530,['G', 'G', 'G', 'G', 'G', 'G', 'G', 'G', 'G']
C50225205,['G', 'O', 'G', 'G', 'G']
C61164668,['G', 'G', 'O', 'G', 'G', 'G', 'O']
C49120766,['G', 'G', 'G', 'G', 'G']
C61569883,['O', 'G', 'O', 'O', 'O']
C17178968,['G', 'G', 'G', 'O', 'O', 'G', 'G', 'G', 'G', 'G']
C37775676,['G', 'G', 'G', 'G', 'G']
C21819940,['G', 'G', 'G', 'O']
CHEMBL93,['G', 'G', 'G']
C07025769,['G', 'G', 'G', 'O', 'G']
C42334255,['G', 'G', 'G', 'G', 'G']
C35354565,['G', 'G', 'G', 'G', 'G', 'O']
C49417209,['O', 'G', 'G', 'O', 'G']
C36805387,['G', 'G', 'G', 'G', 'G', 'G', 'G', 'O', 'G']
C64653282,['G', 'G', 'O', 'G', 'G', 'G', 'G', 'G']
C37305377,['G', 'G', 'G', 'O']
C65147193,['G', 'G', 'G', 'G', 'G', 'G', 'O', 'O', 'G', 'G']
C41600209,['G', 'G', 'G', 'G', 'G', 'G', 'O', 'G']
C23214517,['G', 'G', 'G', 'O', 'G', 'O']
C54918130,['G', 'O', 'G', 'G']
C48999824,['G', 'G', 'G', 'G', 'G']
C58734358,['O', 'G', 'O', 'G', 'G']
C00352198,['G', 'G', 'G', 'G', 'G']
C60696096,['G', 'G', 'G', 'O', 'G', 'G', 'G']
C18049357,['G', 'G', 'G', 'G', 'G', 'O', 'G', 'O', 'G', 'G', 'G']
C45624463,['G', 'G', 'G', 'O', 'G', 'G', 'G', 'G']
CHEMBL520120,['O', 'G', 'O', 'G', 'G', 'G']
C06694991,['O', 'G', 'G', 'G', 'O']
C47751512,['G', 'G', 'G', 'O']
C66395035,['G', 'G', 'G', 'O', 'G']
C37881076,['G', 'G', 'G', 'G', 'G', 'G', 'G', 'G', 'O']
C48068532,['G', 'G', 'G', 'G', 'O']
C65405109,['G', 'G', 'O', 'G', 'G']
C67634482,['G', 'G', 'O', 'G', 'O']
C49690323,['G', 'G', 'G', 'G', 'G', 'G', 'O']
C40427915,['G', 'G', 'O', 'G', 'G', 'O', 'G', 'G', 'G', 'G']
C00755628,['G', 'G', 'G', 'G']
C03462091,['G', 'G', 'G', 'G', 'G', 'G', 'G']
C51601818,['O', 'G', 'G', 'O']
C42339639,['G', 'G', 'G', 'G']
C36156527,['G', 'G', 'G', 'G', 'O', 'G', 'G', 'G', 'G', 'G']
C54159734,['G', 'G', 'G', 'G']
C62946663,['G']
C18086523,['G', 'G', 'G', 'G', 'O']
C05570449,['G', 'G', 'O', 'O']
C39782166,['O', 'G', 'G', 'G', 'G', 'G']
C40354050,['G', 'G', 'O', 'G', 'G', 'G']
C35014686,['G', 'G', 'G', 'G', 'G', 'G', 'O', 'O', 'G', 'O']
C38667812,['G', 'G', 'G', 'G', 'G', 'G', 'G']
C39478817,['O', 'O', 'G', 'G', 'G']
C05353632,['G', 'G', 'G', 'G', 'G']
C64082606,['G', 'G', 'G', 'O', 'G', 'G', 'G', 'G', 'G', 'G']
C15040273,['G', 'G', 'G', 'G', 'O', 'G', 'G', 'G']
C44439055,['G', 'O', 'O', 'G', 'G', 'G']
C22628015,['G', 'G', 'G', 'O', 'G', 'O', 'G']
C37382699,['G', 'O']
C03910082,['G', 'G', 'G', 'G', 'G']
C61323288,['G', 'G', 'G', 'G', 'G', 'G', 'G', 'G']
C55202826,['G', 'G', 'G', 'O', 'G']
C54107002,['G', 'G', 'G', 'O']
C05039158,['O', 'G', 'G', 'G', 'G', 'O', 'G', 'G']
C43941397,['O', 'G', 'G', 'G', 'G', 'G', 'G']
C20875648,['G', 'G', 'G', 'G', 'O']
C35465989,['G', 'G', 'G', 'O', 'G', 'G', 'G', 'G', 'G', 'G', 'G']
C65395417,['G', 'G', 'O', 'G', 'G']
C48392426,['O', 'G', 'O', 'G']
C67625820,['G', 'G', 'O', 'G', 'G', 'G', 'G', 'G']
C14704000,['G', 'G', 'G', 'G', 'G', 'G', 'O', 'G', 'G', 'G', 'G']
C66610054,['G', 'G', 'G', 'G', 'G']
C35354151,['G', 'O', 'G', 'G', 'G', 'G']
C54561731,['G', 'G']
C67294586,['G', 'G', 'G', 'G', 'G', 'O', 'G', 'G', 'G', 'G']
C37668283,['G', 'G', 'G', 'O', 'G']
C33330674,['G', 'G', 'G', 'G', 'G', 'G', 'G']
C37907195,['G', 'G', 'G', 'G']
C48410046,['G', 'G', 'G', 'G', 'G', 'G', 'G', 'G']
C43404999,['G', 'O']
C55068786,['G', 'G', 'G', 'G', 'G', 'G']
C50134212,['O', 'G', 'G', 'G', 'G']
C05001426,['G', 'G', 'G', 'G', 'O']
C65531741,['G', 'G', 'O', 'G', 'G', 'G']
C36083103,['G', 'G', 'G', 'G', 'G', 'G', 'G', 'G']
C65961919,['G', 'G', 'G', 'O', 'G']
C54262531,['G', 'G', 'G', 'G', 'O']
C44876590,['G', 'G', 'G', 'G', 'G', 'G', 'G']
C32528594,['O', 'G', 'G', 'G', 'G']
C20375388,['G', 'G', 'G', 'G', 'G', 'G', 'G', 'O']
C44430287,['G', 'G', 'G', 'O', 'G']
C45629112,['G', 'G', 'G', 'G', 'G']
C37971541,['G', 'G', 'G', 'G']
C22259781,['O', 'G', 'G', 'G', 'G', 'G', 'G']
C53708340,['G', 'G', 'G', 'G', 'G']
C15903747,['G', 'G', 'G', 'G', 'G', 'G', 'G', 'G', 'G', 'G']
C62738689,['O', 'G', 'G', 'G', 'G']
C50166179,['O', 'G', 'G', 'G', 'O']
C08239459,['G', 'O', 'O']
C62600613,['G', 'G', 'G', 'G', 'G', 'G', 'G', 'O', 'G']
C62738965,['G', 'G', 'G', 'G', 'G', 'O']
C44928067,['G', 'G', 'O', 'G', 'G', 'G', 'O']
C42374136,['G', 'G', 'O', 'O']
C55068240,['G', 'G', 'G', 'G', 'G']
C50832189,['G', 'G', 'G', 'G', 'G', 'G', 'G', 'G']
C33226016,['G', 'O', 'G', 'G', 'G', 'O', 'G', 'G', 'G', 'G', 'O']
C26874609,['O', 'G', 'G', 'G', 'G', 'G']
C15745998,['G', 'G', 'G', 'G', 'G', 'G']
C62254406,['O', 'G', 'G', 'O', 'G']
C25395180,['G', 'G', 'G', 'G', 'O', 'G', 'G', 'G', 'G']
C48431982,['G', 'G', 'O', 'G', 'G', 'G', 'G']
C54751345,['G', 'G', 'G', 'G', 'G', 'G', 'G', 'G', 'O', 'G', 'O', 'G', 'G']
C36734662,['G', 'O', 'G', 'G', 'G', 'O']
C55472477,['G', 'G', 'G', 'G', 'G']
C00422798,['G', 'G', 'G', 'G', 'O']
C43638799,['G', 'G', 'G', 'G', 'G', 'O']
C67214680,['G', 'O', 'G', 'G', 'G', 'G']
C50194193,['O', 'O']
C43687114,['G', 'G', 'G', 'O']
C62917652,['G', 'O', 'G', 'G']
C06661024,['G', 'G', 'O', 'G', 'O', 'G']
CHEMBL479956,['G', 'G', 'G', 'G', 'G', 'G', 'G', 'G']
CHEMBL518754,['G', 'G', 'G', 'G', 'G', 'G', 'G', 'G', 'G']
C66864454,['G', 'G', 'G', 'G', 'O', 'G']
C55376959,['G', 'G', 'G', 'G', 'G', 'G', 'G', 'G', 'G']
C12245283,['G', 'G', 'G', 'G', 'G', 'G', 'G', 'G', 'G', 'G']
C04299443,['G', 'G', 'G', 'G', 'G', 'G', 'G', 'O', 'G']
C14952095,['G', 'G', 'G', 'G', 'G', 'G']
C64403598,['G', 'G', 'O', 'G', 'G', 'G', 'G']
C49648308,['G', 'G', 'G', 'G']
C36328890,['G', 'G', 'G', 'G', 'G']
C48869877,['G', 'O', 'G', 'G', 'G', 'G']
C13549495,['G', 'G', 'G', 'G', 'G']
C58174605,['G', 'G', 'G', 'O']
C63135231,['G', 'G', 'O', 'G', 'G']
C03055485,['O', 'O', 'O', 'G', 'G', 'G']
C42240486,['G', 'G', 'O', 'G']
C59715098,['O', 'G', 'G', 'O', 'G', 'G', 'O', 'O']
CHEMBL539640,['G', 'G']
C32829847,['G', 'O', 'O', 'G', 'O', 'G']
CHEMBL517211,['G', 'O', 'G', 'G', 'G', 'G', 'G', 'O']
CHEMBL326601,['G', 'G', 'G', 'G', 'O', 'O', 'O', 'G', 'G', 'O']
C48771706,['G', 'G', 'G', 'G', 'G', 'O']
C42609000,['O', 'G', 'G', 'G']
C42609575,['G', 'G', 'G', 'O', 'G']
C67050696,['G', 'O', 'G', 'G', 'G', 'G', 'G', 'G']
C47980352,['G', 'G', 'G', 'G', 'G', 'G', 'G', 'G', 'G', 'G', 'G', 'G', 'G']
C49583543,['G', 'G', 'G', 'G', 'G', 'G', 'G', 'G', 'O']
C66696279,['G', 'G', 'G', 'G', 'O']
C32022650,['G', 'G', 'O', 'G', 'G', 'G', 'G']
C54355441,['G', 'G', 'G', 'G', 'G', 'G']
C24807801,['G', 'G', 'G', 'O', 'G']
C44561371,['G', 'G', 'G', 'O']
C22160678,['G', 'G', 'G', 'G', 'G', 'G']
C44429582,['G', 'G', 'G', 'G', 'G']
C35043191,['G', 'G', 'G', 'G', 'O', 'G']
CHEMBL479216,['G', 'G', 'G', 'G', 'O', 'G', 'G', 'G', 'G']
C67463997,['G', 'G', 'G', 'G', 'G', 'G', 'G', 'G', 'G', 'G', 'G']
C38010387,['G', 'G', 'G', 'G', 'G', 'G', 'G']
C60369661,['G', 'G', 'G', 'G', 'G', 'G']
C05073719,['G', 'O', 'G', 'G', 'G', 'G', 'G']
C12770147,['G', 'G', 'G', 'G', 'G', 'G', 'O', 'G', 'G']
C51636044,['O', 'G']
C36971821,['G', 'O', 'G', 'G', 'O', 'G']
C09849485,['G', 'G', 'G', 'O', 'G']
C40023299,['G', 'G', 'G', 'G', 'G']
C28013563,['G', 'O', 'G', 'G', 'G']
C51737670,['G', 'O', 'G', 'G', 'O', 'G']
C37441764,['G', 'G', 'G', 'G', 'O']
C64138371,['G', 'G', 'G', 'G', 'G']
C51123917,['G', 'G', 'G', 'O', 'G', 'O', 'G', 'G', 'O']
C33068810,['G', 'O', 'G', 'G', 'G', 'G', 'G', 'G', 'G']
C13995631,['G', 'O', 'G', 'G', 'G', 'G']
C37284748,['G', 'G', 'G', 'G', 'G']
C53926824,['G', 'G', 'G', 'G', 'G', 'O']
C38006003,['G', 'G', 'G', 'G', 'O']
C40829933,['G', 'G', 'G', 'G', 'G', 'G', 'G', 'G', 'G']
C62598321,['G', 'G', 'G', 'G', 'G', 'G', 'G', 'G', 'G']
C13568426,['G', 'G', 'G', 'G', 'O', 'O', 'G']
C05520808,['G', 'G', 'G', 'G', 'G']
C08039792,['G', 'G', 'G', 'G', 'G']
C39299598,['G', 'O']
C48248176,['G', 'O', 'G', 'G', 'G', 'G']
C58491740,['G', 'O', 'G', 'G', 'O', 'G', 'G', 'G', 'G']
C66925167,['G', 'G', 'G', 'G', 'G', 'G', 'G', 'G', 'G', 'G', 'G', 'G']
C52102417,['G', 'G', 'O', 'G', 'G']
C49046055,['G', 'G', 'G', 'G', 'O', 'G', 'G', 'G']
C12320615,['G', 'G', 'G', 'G', 'G']
C19795253,['G', 'G', 'G', 'G', 'G']
C19673395,['G']
C64994059,['G', 'G', 'G', 'G']
C49583541,['G', 'G', 'G', 'G', 'G', 'G', 'G', 'G', 'O']
C49583573,['G', 'G', 'G', 'G', 'G', 'G', 'O', 'G']
C40787381,['G', 'G', 'G', 'O', 'G', 'G', 'G', 'G']
C66142596,['G', 'G', 'G', 'G', 'O', 'G', 'G', 'G', 'G', 'G', 'G', 'G', 'G']
C63327309,['G', 'O', 'G', 'G', 'G', 'G', 'G', 'G', 'O', 'G', 'G']
C49583449,['G', 'G', 'G', 'G', 'G', 'G', 'G', 'G', 'O']
C20451354,['G', 'G', 'G', 'G', 'G']
C59212148,['G', 'O', 'G', 'G', 'G', 'O', 'G']
C36971825,['G', 'O', 'G', 'G', 'O', 'O']
C67416698,['G', 'G', 'G', 'G', 'G', 'G', 'O']
C26805152,['G', 'G', 'O', 'G', 'O', 'G', 'G', 'G', 'G']
C51550346,['G', 'G', 'G', 'O', 'G', 'G']
C54107130,['G', 'G', 'G', 'O']
C37146624,['G', 'G', 'G', 'G', 'G', 'O']
C51178066,['G', 'G', 'G', 'G', 'G', 'G']
C15079861,['G', 'G', 'O', 'G', 'G', 'G', 'G']
C54667757,['G', 'G', 'O', 'G']
C61778850,['G', 'G', 'O', 'O']
C27426691,['O', 'G', 'G', 'O', 'G', 'O']
C37323385,['G', 'G', 'G', 'G', 'G', 'G', 'G']
C37907315,['G', 'G', 'G', 'G']
C58576832,['G', 'G', 'G', 'G', 'G']
C65428284,['G', 'G', 'G', 'G', 'G']
C52440702,['G', 'G', 'G', 'G', 'G', 'G']
C49468764,['G']
C50870935,['G']
C29493433,['G', 'G', 'G', 'G', 'G', 'G', 'O', 'G', 'G', 'G']
C59370300,['G', 'G', 'G', 'G', 'G', 'G']
C03376217,['G', 'G', 'O', 'G', 'G', 'G', 'O']
C20272899,['G', 'G']
CHEMBL479788,['G', 'G', 'O', 'O', 'G', 'G', 'G']
C67515147,['O', 'O', 'G', 'G', 'G']
C08870839,['G', 'G', 'G', 'G', 'G', 'O', 'G', 'O']
C52709371,['G', 'G', 'G', 'G']
C06989239,['G', 'G', 'G', 'G', 'G', 'G', 'G', 'G']
C15745999,['G', 'G', 'G', 'G', 'G', 'G']
C40119337,['G', 'G', 'G', 'G', 'G', 'G', 'G', 'G']
C37303913,['G', 'G', 'G', 'O', 'G']
C50134272,['O', 'O', 'G', 'G', 'G']
C49159651,['G', 'G', 'G', 'G', 'G', 'G', 'G', 'G', 'G']
C23653282,['O', 'G', 'G', 'G', 'G', 'O']
C54999713,['G', 'O', 'G', 'G', 'G']
C05758437,['G', 'G', 'G', 'G', 'G', 'G', 'G', 'G', 'G', 'G', 'G', 'G']
C07541052,['G', 'O', 'G', 'G', 'G', 'G', 'G', 'G']
C63107944,['G', 'G', 'O', 'G', 'G', 'G', 'G']
C62076766,['O', 'O', 'G', 'G', 'G', 'G']
C32894935,['G', 'G', 'G', 'G']
C65455289,['G', 'O', 'G', 'G', 'O']
C63994733,['G', 'G', 'G', 'G', 'O']
C38789568,['G', 'G', 'G', 'G']
C55032778,['G', 'G', 'G', 'G']
C55836709,['O', 'G', 'G', 'O', 'O', 'G', 'O']
C23240651,['G', 'G', 'G', 'G', 'O', 'O', 'G', 'O', 'G']
C63327745,['G', 'G', 'G', 'G', 'O', 'G', 'G', 'G', 'G', 'G']
C55068433,['G', 'G', 'G', 'G', 'G']
C66565787,['G', 'G', 'G', 'O', 'G']
C43298690,['G', 'G', 'G', 'G']
C00616963,['O', 'G', 'G', 'O', 'G']
C40759232,['G', 'G', 'G', 'G', 'O', 'O', 'G']
C65145044,['G', 'G', 'G', 'G', 'G', 'G', 'G', 'G', 'G', 'G', 'G', 'O']
C63881922,['G', 'G', 'G', 'G', 'O']
C00585105,['G', 'G', 'O', 'G', 'G']
C37280625,['G', 'G', 'G', 'O', 'G']
C54997574,['G', 'G', 'G', 'G', 'O', 'G']
C09846061,['O', 'G', 'G', 'G', 'G', 'G']
C48719989,['G', 'O', 'G', 'G', 'G', 'G', 'G', 'G']
C66972640,['O', 'O', 'G', 'G', 'G']
C42494046,['G', 'G', 'G', 'G', 'G']
C40995714,['G', 'G', 'G', 'G', 'O']
C04975278,['-']
C54968930,['G', 'G', 'O', 'G', 'G', 'G']
C48071230,['G', 'G', 'G', 'G', 'G', 'O', 'G', 'G']
C14952090,['G', 'O', 'G', 'G', 'G', 'G']
C43273294,['G', 'G', 'G', 'O', 'G', 'G', 'O', 'G']
C39766315,['G', 'G', 'G', 'G', 'G', 'G']
C48583556,['G', 'G', 'G', 'O']
C57316291,['G', 'G', 'G', 'G', 'G', 'G', 'G']
C25951333,['G', 'G', 'G', 'O', 'G', 'O', 'G', 'G', 'O', 'G', 'G']
C06578829,['G', 'G', 'O', 'G', 'G', 'G', 'G', 'G', 'G', 'O']
C29316411,['O', 'G', 'G', 'G', 'G']
C52723081,['G', 'O', 'G', 'G', 'G']
C49583575,['G', 'G', 'G', 'G', 'G', 'G', 'O', 'G']
C61495720,['G', 'G', 'G', 'G', 'G']
C40378251,['G', 'G', 'G', 'G', 'G', 'G']
C66564721,['G', 'G', 'G', 'O', 'G']
C37618023,['G', 'G', 'G', 'G', 'G']
C48775272,['G', 'G', 'G', 'G']
C55369750,['G', 'G', 'G', 'G', 'G']
C20503603,['G', 'G', 'G', 'G', 'O']
CHEMBL482254,['O', 'G', 'O', 'O', 'G', 'O']
C03022751,['G', 'O', 'G', 'G', 'G', 'G', 'O']
C66309241,['G', 'G', 'G', 'G', 'G', 'G', 'G', 'G', 'G', 'O']
C16855027,['G', 'G', 'G', 'G', 'G', 'O', 'G', 'G']
C40871692,['G', 'G', 'G', 'G', 'G']
C55069241,['G', 'O', 'O', 'G']
C64055504,['G', 'G', 'O', 'O', 'O']
CHEMBL481343,['O', 'G', 'O', 'O', 'G', 'G']
C65373675,['O', 'O', 'G', 'O', 'G', 'G', 'G']
C37303917,['G', 'G', 'G', 'G', 'O']
CHEMBL163822,['G', 'G', 'O', 'G', 'G', 'G']
C60710325,['G', 'G', 'O', 'G']
C45822848,['G', 'G', 'G', 'O', 'G']
C60935080,['G', 'G', 'G', 'G', 'G', 'G', 'G', 'O']
C54741571,['G', 'G', 'G', 'O', 'O']
C48583575,['G', 'O', 'G', 'O']
C08948871,['G', 'G', 'G', 'G', 'G', 'O', 'G', 'G', 'O', 'G']
C23145602,['O', 'G', 'G', 'G', 'G']
C18155743,['G', 'G', 'G', 'G', 'G', 'G', 'G']
C38674459,['G', 'G', 'G', 'G', 'G']
C40639455,['O', 'G', 'G', 'G', 'G', 'G']
C54136345,['G', 'G', 'O', 'G', 'G', 'O']
CHEMBL163266,['G', 'G', 'O', 'O', 'G', 'G']
C35798124,['G', 'G', 'G', 'G', 'G', 'O', 'G']
C53927908,['G', 'G', 'G', 'G', 'G']
C60720307,['G', 'G', 'O', 'G']
C42524092,['G', 'G', 'G', 'G', 'O']
C37648545,['G', 'G', 'G', 'G', 'G']
C43612313,['G', 'G', 'G', 'G', 'G']
C08870788,['G', 'G', 'G', 'O', 'G', 'O']
C37743307,['G', 'G', 'G', 'G', 'G', 'G']
C57863289,['G', 'G', 'G', 'O', 'G', 'G', 'G', 'G', 'G', 'G', 'O', 'G']
CHEMBL565605,['G', 'O', 'O', 'O', 'G', 'G', 'O', 'G']
C54341066,['G', 'G', 'G', 'G', 'G', 'G']
C22334550,['G', 'G', 'G', 'G', 'G', 'G', 'O', 'G', 'G', 'G']
C48922995,['G', 'G', 'G', 'G', 'G', 'O']
C45071207,['G', 'O', 'G', 'G', 'G']
C41048230,['G', 'G', 'G', 'G', 'G']
C39709716,['G', 'G', 'G', 'G', 'G', 'G', 'G', 'G', 'G']
C00414259,['G', 'G', 'G', 'G', 'G', 'G']
C61283800,['G', 'G', 'O', 'G', 'G', 'G', 'G', 'O']
C64610446,['G', 'G', 'G', 'G', 'O', 'G', 'G']
C65779232,['G', 'G', 'G', 'G', 'G', 'G', 'G', 'O', 'G', 'O']
C45558799,['G', 'G', 'G', 'G', 'G', 'G', 'G', 'O']
C62697148,['G', 'G', 'G', 'G', 'G', 'G', 'G', 'G', 'G']
C66636036,['G', 'O', 'G', 'G', 'G', 'G', 'G', 'G', 'G']
C38685867,['G', 'G', 'G', 'G', 'G', 'O', 'O', 'O']
C49540122,['G', 'G', 'O', 'G', 'G', 'G', 'G', 'G']
CHEMBL481690,['G', 'G', 'O', 'O', 'G', 'G', 'G']
C42488014,['G', 'G', 'G', 'G', 'G', 'G', 'O', 'O']
C55153272,['G', 'G', 'G', 'G', 'G', 'G', 'G', 'G', 'O']
C58066251,['G', 'G', 'G', 'G', 'G']
C49728078,['G', 'G', 'G', 'G', 'G', 'G', 'G', 'G']
C03560483,['G', 'G', 'G', 'O', 'G', 'G', 'O', 'O']
C64634887,['G', 'G', 'G', 'O', 'G', 'G']
C63737604,['G', 'G', 'O', 'G']
C37819874,['G', 'O', 'G', 'G', 'G', 'G']
C50840111,['G', 'G', 'G', 'G']
C43509163,['G', 'G', 'O', 'G', 'G', 'G', 'G', 'G']
C53531901,['G', 'G', 'G', 'G', 'G', 'G', 'G', 'G']
C54558969,['G', 'G', 'G', 'G']
C67062968,['G', 'G', 'O', 'G', 'G', 'O', 'G', 'G', 'G', 'G']
C66989474,['G', 'G', 'G', 'G']
C52979129,['G', 'G', 'G', 'G', 'G', 'G', 'G', 'G', 'G', 'G']
C66910383,['G', 'G', 'G', 'G']
C22160608,['G', 'G', 'G', 'G', 'O', 'G']
C61221579,['G', 'G', 'O', 'G', 'O', 'G']
C67087173,['G', 'G', 'G', 'G', 'G', 'G', 'G', 'G', 'O', 'G', 'G', 'G']
C43541859,['G', 'G', 'G', 'G', 'G']
C40783756,['G', 'G', 'O', 'G', 'G', 'G', 'G']
C37907317,['G', 'G', 'G', 'G']
C66726296,['G', 'G', 'O', 'G', 'G', 'G', 'G', 'G', 'G', 'O', 'G']
C39364558,['G', 'G', 'O', 'G', 'G']
C41393600,['G', 'O', 'G', 'O']
C24972652,['G', 'G', 'G', 'O', 'G']
C49539592,['G', 'O', 'G', 'G', 'G', 'G']
C64188110,['G', 'G', 'G', 'G', 'G', 'O', 'G', 'G', 'G']
C41316110,['G', 'G', 'G', 'O', 'G', 'G', 'O', 'G']
C36812712,['G', 'G', 'G', 'G', 'G', 'G', 'O', 'G', 'O', 'G']
C20904893,['G', 'G', 'G', 'G', 'G', 'O', 'G']
C64029803,['O', 'G', 'G', 'O', 'G']
C35694517,['G', 'G', 'G', 'G', 'G']
C51716764,['G', 'G', 'G']
CHEMBL159263,['G', 'G', 'G', 'G', 'G', 'G']
C59388261,['G', 'G', 'G', 'O', 'G']
C05501701,['G', 'G', 'G', 'G', 'G']
C61894121,['G', 'O', 'G', 'G', 'O']
C52440998,['G', 'G', 'G', 'O', 'G']
C63316883,['G', 'G', 'G', 'G', 'G', 'G', 'O', 'G', 'G', 'O', 'O']
C63122452,['O', 'G', 'O', 'G', 'O', 'G']
C12004496,['G', 'G', 'G', 'G']
C03393905,['G', 'G', 'G', 'G', 'G', 'G', 'G', 'G', 'G']
C02565903,['G', 'G', 'G', 'G', 'G', 'G', 'G', 'G', 'O', 'G']
C08709931,['G', 'O', 'G', 'G', 'G']
C10538281,['G', 'G', 'G', 'G', 'G']
C25598349,['G', 'G', 'G', 'G', 'G', 'G', 'G', 'G', 'G', 'G', 'G']
C67447041,['O', 'O', 'G', 'G', 'G']
C47504572,['G', 'G', 'G', 'G', 'G', 'G', 'G', 'G', 'G', 'G']
C60245401,['O', 'G', 'G', 'O', 'G']
C15072084,['O', 'G', 'G', 'G', 'G', 'O', 'O']
C64540079,['G', 'G', 'G', 'G', 'G', 'G', 'G', 'G']
C51550367,['G', 'O', 'G', 'G']
C46919797,['G', 'G', 'G', 'G', 'G', 'G', 'G', 'G']
CHEMBL517998,['G', 'G', 'O', 'O', 'G', 'G', 'G']
C64887437,['G', 'G', 'G', 'G', 'G', 'G', 'G', 'G', 'G', 'G', 'G', 'G']
C58834794,['G', 'G', 'G', 'G', 'G', 'G', 'G', 'G', 'G', 'G', 'G']
C43677693,['G', 'G', 'G', 'G', 'G']
C36782019,['G', 'G', 'G', 'G', 'G', 'G', 'O']
C66237572,['G', 'G', 'G', 'G', 'G', 'G', 'G', 'G', 'G']
C55132181,['G', 'G', 'G', 'O', 'G']
C43680993,['G', 'G', 'G', 'G', 'O', 'O']
C67336290,['G', 'G', 'G', 'O', 'G', 'G', 'G', 'G', 'G', 'O']
C50619211,['G', 'G', 'G', 'G', 'G']
C63888338,['G', 'G', 'G', 'G', 'O', 'O', 'G']
C56068801,['G', 'G', 'G', 'G', 'G', 'G', 'O']
C64939319,['G', 'G', 'G', 'G', 'G', 'G', 'O', 'G', 'G']
C35722288,['G', 'G', 'O', 'G']
C67458307,['G', 'G', 'G', 'G', 'G']
C64485445,['G', 'O', 'G', 'G', 'G', 'G', 'G']
C64120407,['G', 'O', 'G', 'G', 'G']
C39709458,['O', 'G', 'O', 'O']
C35594098,['G', 'G', 'G', 'G', 'G', 'G', 'G', 'G', 'G', 'G', 'G', 'G']
C46517914,['G', 'G', 'G', 'O']
C54266567,['G', 'G', 'G', 'G', 'O', 'G', 'G', 'G']
C52220613,['G', 'G', 'G', 'O', 'G']
C64642892,['G', 'G', 'G', 'G', 'G', 'G', 'G', 'G', 'G', 'O', 'G']
C63130453,['G', 'O', 'G', 'G', 'G']
C11713603,['G', 'G', 'G', 'G', 'G', 'O']
C49539202,['O', 'G', 'G', 'G', 'G', 'O', 'G', 'G', 'O']
C19789356,['G', 'G', 'G', 'G']
C31868905,['G', 'G', 'G', 'G', 'G', 'G', 'G', 'G', 'G', 'G']
C13004734,['G', 'O', 'G', 'G', 'G', 'G']
C48619690,['G', 'G', 'G', 'G', 'G', 'G', 'G', 'G', 'G']
C59462266,['G', 'G', 'G', 'O', 'G']
C26581909,['G', 'G', 'G', 'G', 'G']
C35014735,['G', 'G', 'G', 'G', 'G', 'G', 'G', 'O', 'G', 'G', 'G']
C42237609,['G', 'G', 'G', 'G']
C38667491,['G', 'G', 'G', 'O', 'G', 'G', 'G']
C49583538,['G', 'G', 'G', 'G', 'G', 'G', 'G', 'G', 'G']
C53927913,['G', 'G', 'G', 'G']
C50004798,['G', 'G', 'G', 'G']
C50553892,['G', 'G', 'G', 'O', 'G', 'G', 'G', 'G', 'G', 'G', 'G', 'O', 'G']
C40096075,['G', 'G', 'G', 'G', 'G', 'O']
C04536492,['G']
C53823244,['G', 'G', 'G', 'G', 'G']
C59389720,['G', 'G', 'G', 'O', 'G']
C55000368,['G', 'G', 'G', 'O', 'G']
C51123694,['G', 'G', 'G', 'G', 'G', 'G', 'G', 'G', 'O']
C59420184,['G', 'G', 'G', 'G', 'O', 'G', 'G', 'G', 'G']
C67532554,['O', 'G', 'G', 'G', 'G', 'G', 'G', 'G', 'O', 'G', 'G']
C40668484,['G', 'G', 'G', 'G', 'G']
C13634257,['G', 'G', 'G', 'G', 'G']
C36159158,['G', 'G', 'G', 'G', 'G', 'O', 'G', 'G', 'G', 'G', 'G']
C50840263,['G', 'G', 'G', 'O']
C43501888,['G', 'G', 'G', 'G']
C62728540,['O', 'G', 'G', 'G', 'G', 'G']
C62345796,['G', 'G', 'G', 'G', 'G', 'G', 'O']
C46670874,['G', 'G', 'G', 'G', 'G', 'G', 'O', 'G']
C43320345,['G', 'G']
C50325882,['G', 'G', 'O']
C04877392,['G', 'G', 'G', 'O', 'G', 'G']
C45071908,['G', 'G', 'G', 'O', 'G', 'O', 'O']
C64570742,['G', 'G', 'O', 'G', 'G']
C51577482,['O', 'G', 'G', 'G', 'G', 'O', 'G']
C45607251,['G', 'G', 'G', 'G', 'G', 'G', 'G', 'G', 'G', 'G']
C09066106,['G', 'O', 'G', 'G', 'G', 'G']
C04535222,['G', 'G', 'G', 'G', 'G']
C64610658,['G', 'G', 'G', 'G', 'O', 'G', 'G']
C09193991,['G', 'G', 'O', 'G', 'G', 'G', 'G', 'G', 'O', 'G']
C63591024,['G', 'O', 'G', 'G']
C59462227,['G', 'G', 'G', 'G', 'G', 'G']
C37711373,['O', 'G', 'G', 'G', 'G']
C36533481,['O']
C01946975,['O', 'G', 'G', 'G', 'G', 'G', 'G', 'G']
C12503550,['G', 'G', 'G', 'G', 'G', 'G', 'G']
C54181991,['G', 'G', 'G', 'G', 'O']
C52980306,['G', 'G', 'G', 'G', 'G', 'G', 'G', 'G']
C36753051,['G', 'G', 'G', 'O']
C59345744,['G', 'G', 'O', 'G', 'G', 'G', 'G']
C45075227,['G', 'O', 'G', 'G', 'O', 'G', 'G', 'G']
C67461303,['G', 'G', 'G', 'G']
C54182427,['G', 'G', 'G', 'G', 'G']
C29829748,['G', 'G', 'G', 'G', 'G', 'G']
C64372868,['G', 'G', 'G', 'G', 'G']
C12794932,['G', 'G', 'G', 'O', 'G']
C51547113,['G', 'G', 'G', 'G', 'G', 'G']
C62742070,['G', 'O', 'G', 'G', 'G', 'G']
C49005789,['G', 'G', 'G', 'G', 'G', 'G', 'G']
C39712109,['G', 'O', 'G', 'G', 'G', 'G']
C23118555,['G', 'G', 'G', 'G', 'G', 'G', 'G', 'O']
C42490883,['G', 'G', 'G', 'G', 'O', 'G', 'G', 'O', 'G']
C43520388,['G', 'G', 'G', 'G']
C61607782,['G', 'O', 'G', 'G', 'G', 'G', 'G', 'O']
C42524098,['G', 'G', 'G', 'G', 'O']
C04670457,['G', 'G', 'G', 'G', 'O', 'G']
CHEMBL477513,['G', 'G', 'G', 'G', 'O', 'G', 'G', 'O', 'G', 'G', 'O']
C65410813,['G', 'O', 'G', 'G', 'G']
C39485083,['O', 'G', 'G', 'G', 'G', 'O', 'G']
C30881217,['G', 'G', 'G', 'G', 'G', 'G', 'G', 'G', 'G', 'G']
C66083485,['G', 'G', 'G', 'G', 'G', 'G', 'O', 'G', 'G', 'G', 'G']
C63994540,['G', 'G', 'G', 'G', 'O', 'G']
CHEMBL432791,['G', 'G', 'O', 'G', 'G', 'G', 'G']
C51324585,['G', 'G', 'G', 'G', 'G', 'G']
C61627724,['G', 'G', 'O']
C66726002,['G', 'G', 'G', 'G', 'G', 'G', 'G', 'G', 'G', 'O', 'G']
C64595527,['G', 'G', 'G', 'G', 'G', 'G', 'G']
C12767330,['O', 'O', 'G', 'G', 'G']
C65565778,['G', 'G', 'G', 'G', 'G', 'G', 'G', 'G', 'G']
C24336992,['G', 'G', 'G', 'G', 'G']
C19145321,['G', 'O', 'G', 'G', 'G']
C64518466,['G', 'G', 'G', 'G', 'G', 'G', 'G', 'G']
C56071142,['G', 'G', 'G', 'O', 'O']
C32073432,['O', 'G', 'G', 'G']
C40728617,['G', 'G', 'G', 'G', 'G', 'G', 'G', 'G']
C47555235,['G', 'G', 'G', 'G', 'G', 'G', 'G', 'G']
C58713851,['G', 'G', 'G', 'G', 'G', 'G']
C55413161,['G', 'G', 'G', 'G', 'O', 'G']
C54525791,['G', 'G', 'G', 'G', 'G', 'O', 'O']
CHEMBL479386,['G', 'G', 'O', 'G', 'G', 'O', 'G', 'G', 'G', 'G']
C37429957,['G', 'O', 'G', 'G', 'G', 'O']
C63184805,['G', 'G', 'O', 'G', 'G', 'G', 'G', 'G', 'G']
C51143739,['G', 'G', 'G', 'G', 'O', 'G', 'G', 'G']
C36145959,['G', 'G', 'G', 'G', 'O', 'G', 'G', 'G', 'G', 'G', 'G']
C50856746,['G', 'O', 'G', 'O', 'G', 'G', 'G', 'O']
C53931339,['G', 'G', 'G', 'G', 'O']
C35286646,['G', 'O', 'G', 'G', 'G', 'G']
C53935468,['G', 'G', 'G', 'G', 'G', 'G', 'G']
C66850897,['G', 'O', 'G', 'G', 'G']
C60367821,['G', 'G', 'G', 'G', 'O', 'G', 'G', 'G', 'G']
C61892731,['G', 'G', 'G', 'G']
C49649057,['G', 'G', 'G', 'G', 'G']
C61948137,['G', 'G', 'G', 'G', 'G', 'G', 'G', 'O']
C37650366,['G', 'G', 'G', 'G', 'G']
C66513780,['G', 'G', 'O', 'O', 'G', 'G']
C07538768,['O', 'O', 'G', 'G']
C11908836,['O', 'O', 'G', 'G', 'G', 'G', 'G']
C55242966,['G', 'G', 'G', 'G', 'G', 'O']
C09955880,['G', 'G', 'G', 'O', 'G']
C67341519,['G', 'O', 'G', 'O', 'G', 'G', 'G', 'G']
C62340729,['G', 'G', 'G', 'G', 'G', 'G']
C52541719,['G', 'G', 'G', 'G', 'G']
C54504893,['G', 'O', 'G', 'G', 'G', 'G', 'G']
C44029836,['G', 'G', 'G', 'O', 'G']
C19816930,['G', 'G', 'O', 'G', 'G', 'G']
C61827819,['G', 'G', 'O', 'G', 'G', 'G', 'O', 'G', 'G', 'O']
C05362219,['G', 'O', 'G', 'G']
C20664664,['O', 'G', 'G', 'O', 'G', 'G', 'O']
