C13634042,['G', 'G', 'G', 'G', 'G', 'G']
C21080001,['G', 'G', 'G', 'G', 'O', 'O', 'O', 'G']
C20805614,['G', 'G', 'G', 'G', 'G', 'G', 'G', 'G']
C17536640,['G', 'G', 'G', 'G', 'O']
C20805583,['G', 'G', 'G', 'G', 'G', 'G', 'G', 'G']
CHEMBL220054,['G', 'G', 'O', 'G', 'G', 'G', 'G']
C16958326,['G', 'G', 'O', 'O']
CHEMBL220897,['G', 'G', 'G', 'G', 'G', 'G', 'G']
C01216799,['G', 'G', 'O', 'G', 'G', 'G']
C12503473,['O', 'G', 'G', 'G', 'G', 'G', 'G', 'G', 'G', 'O', 'O']
C20913074,['G', 'G', 'G', 'G', 'G', 'G', 'G', 'G']
C64870849,['G', 'G', 'G', 'G', 'G', 'G']
C20805725,['G', 'G', 'G', 'G', 'G', 'G', 'G', 'G']
C20906915,['O', 'G', 'G', 'G', 'G', 'G', 'O', 'O']
CHEMBL375544,['G', 'G', 'G', 'G', 'G', 'G', 'G']
CHEMBL222465,['G', 'G', 'G', 'G', 'G', 'G', 'G']
CHEMBL374677,['G', 'G', 'G', 'G', 'G', 'G', 'G']
C39267674,['G', 'G', 'O', 'O', 'G', 'G', 'O', 'G', 'G']
C31266273,['G', 'G', 'G', 'G', 'G', 'G', 'G']
C38959983,['O', 'G', 'G', 'G', 'G', 'G', 'G', 'G', 'G']
C09126456,['G', 'G', 'G', 'G', 'G', 'O']
C49749987,['G', 'G', 'G', 'G', 'G', 'G']
CHEMBL375621,['G', 'G', 'G', 'G']
C21317578,['G', 'G', 'G', 'O', 'G', 'G', 'G', 'G', 'G']
C42667409,['G', 'O', 'G', 'G', 'O', 'G', 'G', 'G', 'G']
C03991728,['G', 'G', 'O', 'O', 'G', 'G']
C44830863,['G', 'O', 'G', 'G', 'G', 'G']
C40758275,['G', 'O', 'O', 'G']
C03417734,['O', 'G', 'G', 'O', 'G', 'G']
C66988799,['G', 'G', 'O', 'G', 'G', 'G']
C33072114,['G', 'G', 'G', 'G', 'G', 'G']
CHEMBL374876,['G', 'G', 'G', 'G']
C09904380,['G', 'G', 'G', 'O', 'G', 'G']
C10243613,['G', 'G', 'O', 'O', 'G', 'G']
C02256189,['G', 'G', 'O', 'G', 'O', 'G']
CHEMBL219988,['G', 'G', 'G', 'G', 'G', 'G', 'G']
C21322900,['G', 'G', 'O', 'G', 'G', 'G', 'G', 'O']
C39335247,['G', 'G', 'G', 'G', 'G']
C39335337,['G', 'G', 'O', 'G', 'G']
C45850957,['G', 'G', 'G', 'G', 'G', 'O']
C21317371,['G', 'G', 'G', 'O', 'G', 'G', 'G', 'G', 'O']
C39237425,['G', 'G', 'G', 'G', 'O']
C20906519,['G', 'O', 'G', 'G', 'G', 'G', 'O', 'O', 'O', 'G']
C01565494,['G', 'O', 'O', 'G', 'G', 'G', 'O']
CHEMBL222249,['G', 'G', 'O', 'G', 'G', 'O']
C58996769,['G', 'G', 'G', 'G', 'G', 'G', 'G', 'G']
C59816634,['G', 'G', 'G', 'G', 'G', 'G', 'O', 'G', 'G', 'G']
C40723063,['G', 'G', 'G', 'O', 'G', 'G']
CHEMBL221109,['G', 'G', 'G', 'G', 'G', 'O']
C00607986,['G', 'G', 'G', 'G', 'G', 'G']
C65455238,['O', 'G', 'G', 'G', 'G', 'G', 'G', 'G']
C59361960,['O', 'G', 'G', 'G', 'G', 'G']
C12812995,['G', 'G', 'G', 'G', 'G', 'G', 'G', 'G', 'O']
C21320117,['G', 'G', 'G', 'O', 'G', 'G']
C20527955,['O', 'O', 'G', 'G', 'O', 'G', 'G', 'G', 'G', 'G']
C66355119,['G', 'G', 'G', 'G', 'G', 'G', 'G', 'G', 'G', 'G', 'G']
C20528055,['G', 'G', 'G', 'G', 'O', 'G']
C21317690,['O', 'G', 'G', 'G', 'G', 'G', 'G', 'G', 'G']
C58990142,['O', 'G', 'G', 'G', 'G', 'G', 'G']
C20912700,['G', 'G', 'G', 'O', 'G', 'G', 'G', 'G', 'G']
C20806974,['G', 'O', 'G', 'O', 'G', 'G', 'G', 'G']
C20527529,['G', 'G', 'G', 'G', 'O', 'G', 'G', 'G']
C20907190,['G', 'O', 'G', 'G', 'G', 'G', 'G', 'G']
C19948416,['G', 'G', 'G', 'O', 'G']
C09442449,['G', 'O', 'G', 'G', 'G', 'O', 'G', 'O']
C20527627,['O', 'G', 'O', 'G', 'G', 'G', 'G', 'G', 'G']
C63686627,['G', 'O', 'G', 'G', 'G', 'G', 'O']
C06335782,['G', 'G', 'G', 'G', 'G', 'G', 'G', 'G']
C63557625,['G', 'G', 'G', 'G', 'G', 'G', 'G', 'G', 'G']
C39515058,['G', 'G', 'G', 'O', 'G', 'G', 'G', 'G', 'G', 'G']
C63339749,['G', 'G', 'G', 'G', 'G', 'O', 'G', 'G', 'G', 'G']
C39267169,['G', 'G', 'G', 'O', 'G', 'G', 'O']
C59474641,['G', 'G', 'G', 'G', 'G', 'G', 'G']
C04552213,['G', 'G', 'G', 'O', 'G', 'G', 'O', 'G', 'O', 'O']
CHEMBL220110,['G', 'G', 'G', 'G']
C21612873,['O', 'O', 'G', 'G', 'G', 'G', 'O']
C20290553,['G', 'G', 'G', 'G', 'O', 'G', 'G']
CHEMBL220343,['G', 'G', 'G', 'G', 'G', 'O']
C20806956,['G', 'G', 'G', 'O', 'G', 'G', 'G', 'O']
C01241323,['G', 'G', 'G', 'G', 'G', 'G', 'O']
C21320104,['G', 'G', 'G', 'O', 'O', 'G']
C55197430,['G', 'G', 'O', 'G', 'G']
C58867739,['G', 'O', 'G', 'G', 'G', 'G', 'G']
C21323192,['G', 'G', 'G', 'G', 'G', 'G', 'G', 'O']
C39559538,['O', 'G', 'G', 'G', 'G', 'G', 'G']
CHEMBL221117,['G', 'G', 'G', 'G', 'G', 'G']
C00131314,['G', 'G', 'G']
C21424398,['G', 'G', 'G', 'G', 'G']
C21324139,['G', 'O', 'G', 'O', 'G', 'G', 'G', 'G', 'G']
C20832489,['G', 'G', 'G', 'G', 'G', 'G', 'G', 'G', 'G', 'G']
C08758543,['O', 'G', 'G', 'G', 'G', 'G', 'O', 'G', 'O']
C20528120,['G', 'O', 'G', 'O', 'G', 'O', 'G', 'G']
C20533736,['G', 'G', 'G', 'G', 'O', 'G', 'O', 'G']
C64628064,['G', 'G', 'G', 'G', 'G', 'G', 'G', 'G', 'G', 'G']
C30831890,['G', 'G', 'G', 'G', 'G', 'G', 'G', 'O']
C21038079,['O', 'G', 'O', 'G', 'G', 'O', 'O', 'O', 'G']
C20912242,['G', 'O', 'G', 'O', 'G', 'G', 'G', 'G', 'G']
C36559481,['G', 'O', 'G', 'G']
C20877762,['G', 'O', 'O', 'G']
C20292081,['G', 'G', 'G', 'O', 'O', 'G', 'O', 'G', 'G']
C20907040,['O', 'G', 'G', 'O', 'G', 'G', 'G', 'G', 'G']
C40762044,['O', 'O', 'O', 'G']
CHEMBL220320,['O', 'G', 'G', 'O', 'G', 'G']
C12895162,['G', 'G', 'G', 'G', 'G']
C59879684,['O', 'O', 'G', 'O', 'G', 'G', 'G', 'G', 'G', 'G']
C12557978,['G', 'O', 'G', 'G', 'O', 'O', 'G', 'G']
C39559494,['G', 'O', 'O', 'G', 'G', 'G', 'G', 'G', 'G', 'G']
C39559549,['G', 'G', 'G', 'G', 'G', 'G', 'G', 'G']
C40797152,['O', 'O', 'O', 'O', 'G']
C20527456,['G', 'G', 'O', 'G', 'G', 'G', 'G', 'G']
C40779897,['O', 'O', 'O', 'G']
C21323288,['G', 'G', 'G', 'G', 'G', 'G']
C12573816,['G', 'G', 'G', 'G', 'G']
C20806735,['G', 'O', 'O', 'G', 'G', 'O']
C16693592,['G', 'G', 'G', 'G', 'G', 'G']
C59367533,['G', 'G', 'G', 'O', 'G', 'G', 'G']
C00856360,['O', 'G', 'G', 'G', 'G', 'G', 'G', 'O']
C20873038,['G', 'G', 'G', 'G', 'G', 'G', 'O']
C63678989,['G', 'G', 'G', 'G', 'G', 'G', 'O', 'G', 'G']
C51122860,['G', 'G', 'O', 'G', 'O']
C20527880,['G', 'G', 'O', 'G', 'G', 'G', 'G', 'G']
C20292249,['G', 'O', 'G', 'G', 'G', 'G', 'G', 'G', 'G']
C06576161,['G', 'G', 'G', 'G', 'G']
C09647694,['G', 'O', 'G', 'G', 'G']
C20918375,['G', 'G', 'G', 'O', 'G', 'G', 'G', 'G']
C04259866,['G', 'G', 'G', 'G', 'G', 'G', 'O', 'G', 'G']
C59015395,['G', 'G', 'O', 'G', 'G', 'G', 'G', 'G']
C04772744,['O', 'G', 'G', 'G', 'G', 'G', 'G', 'G']
C63686508,['G', 'G', 'G', 'G', 'G', 'G']
C40733056,['G', 'O', 'G']
C25710597,['G', 'G', 'G', 'G', 'G', 'G', 'G', 'O']
CHEMBL373448,['G', 'G', 'O', 'G', 'G', 'G', 'G']
C21316178,['O', 'G', 'G', 'G', 'G', 'G', 'O', 'G']
C20528091,['G', 'G', 'G', 'G', 'G', 'G', 'G', 'G']
C10864580,['G', 'G', 'G', 'G', 'G', 'G', 'O', 'G']
C57405958,['G', 'G', 'O', 'O', 'G', 'G', 'G']
C21320494,['G', 'G', 'G', 'G', 'G', 'G', 'G', 'G', 'O']
C05022578,['G', 'O', 'G', 'G', 'G', 'G']
CHEMBL219683,['G', 'G', 'O', 'G', 'G', 'G']
C19832540,['O', 'O', 'G', 'G']
C12644390,['G', 'O', 'G', 'G', 'G', 'G', 'G', 'G', 'G', 'G']
C12712495,['O', 'G', 'G', 'G']
C20917945,['G', 'O', 'G', 'G', 'G', 'G', 'G', 'G', 'G']
C40824470,['G', 'G', 'G', 'G', 'G', 'G']
C67103525,['O', 'G', 'G', 'O', 'G', 'G', 'G', 'G', 'O', 'G']
C04697875,['G', 'O', 'G', 'G', 'G', 'G', 'G', 'G']
C02719206,['G', 'G', 'G', 'G']
C29720177,['G', 'O', 'G', 'G', 'G', 'G', 'G', 'G', 'G', 'G', 'O']
C20573530,['G', 'G', 'G', 'O', 'O', 'G', 'G']
C63994079,['O', 'G', 'G', 'G', 'G', 'G', 'G', 'G', 'G']
C10243524,['O', 'G', 'O', 'G', 'G', 'O']
C03073636,['G', 'G', 'G', 'G', 'G', 'G', 'G', 'G', 'G', 'G', 'G']
C35579623,['G', 'G', 'G', 'G', 'G']
C02576498,['G', 'O', 'G', 'G', 'G', 'O']
C39338115,['G', 'G', 'G']
C65199431,['G', 'G', 'G', 'G', 'G', 'G', 'G', 'G']
C21076913,['G', 'G', 'O', 'G', 'G', 'G', 'O', 'O', 'G']
C20917555,['G', 'G', 'G', 'O', 'G', 'G', 'G', 'G', 'G', 'G', 'G']
C20555800,['G', 'O', 'O']
C40761239,['G', 'O', 'G', 'O']
C27255163,['O', 'G', 'G', 'G', 'O', 'G']
C15230546,['G', 'G', 'G', 'G', 'G', 'G', 'G']
C36640285,['G', 'G', 'G', 'G', 'G']
C40784337,['G', 'O', 'O', 'O', 'G', 'G', 'G']
C56519001,['G', 'G', 'G', 'G', 'G', 'G', 'G', 'O', 'G']
C15483787,['G', 'G', 'O']
C58998131,['G', 'G', 'G', 'O', 'G', 'O', 'G', 'O', 'G', 'O']
C09161442,['O', 'G', 'O', 'G', 'G', 'G', 'G']
C61951408,['G', 'G', 'G', 'O', 'O', 'G']
C31002605,['G', 'O', 'G', 'G', 'G', 'G', 'G', 'G', 'G', 'G', 'G']
C03250096,['G', 'G', 'G', 'G', 'G', 'O']
C12572936,['G', 'G', 'G', 'G', 'G', 'G', 'O', 'O']
C12575054,['G', 'G', 'G', 'O', 'G', 'G', 'G', 'G', 'G']
C56740686,['G', 'G', 'G', 'G', 'G', 'G', 'G', 'G', 'G']
C38573341,['G', 'G', 'O', 'G', 'G']
C40782406,['O', 'O', 'O', 'O', 'G']
C59456844,['G', 'G', 'G', 'G', 'G', 'G']
CHEMBL375525,['G', 'O', 'G', 'G', 'G']
C39559649,['O', 'G', 'G', 'G', 'G', 'G', 'G', 'G']
C39707794,['G', 'G', 'O', 'G', 'O', 'G', 'G', 'G', 'G', 'G']
C24720094,['G', 'G', 'O', 'G', 'O', 'G', 'G', 'G', 'O']
C21320051,['G', 'G', 'G', 'G', 'G', 'G', 'G']
C20920663,['G', 'G', 'O', 'G', 'O', 'G', 'G', 'G', 'G', 'O']
C22875176,['G', 'G', 'O', 'G', 'G', 'G', 'O']
C02060841,['G', 'G', 'G', 'G', 'G', 'G', 'G', 'G', 'G', 'G', 'G', 'G']
C09671900,['G', 'G', 'O', 'G', 'G']
C09316805,['G', 'G', 'G', 'O', 'G', 'G']
C12412654,['G', 'G', 'G', 'G', 'G', 'G', 'G', 'O']
C16790731,['G', 'G', 'G', 'O', 'O', 'O']
C40687863,['G', 'G', 'G', 'O', 'G', 'G']
C20917084,['G', 'O', 'O', 'O', 'G', 'G', 'G']
C67457283,['G', 'G', 'G', 'G', 'G', 'G', 'G', 'G', 'G', 'G']
C40018168,['O', 'G', 'G', 'G', 'G', 'O']
C39709204,['O', 'G', 'G', 'G', 'G', 'G', 'G', 'G', 'G', 'O']
C08758354,['G', 'G', 'G', 'G', 'G', 'O']
C20916993,['G', 'G', 'G', 'G', 'G', 'G', 'G']
CHEMBL223471,['G', 'O', 'G', 'G', 'O', 'G', 'G']
C42152017,['G', 'G', 'G', 'O']
C42042870,['O', 'O', 'G', 'G', 'G', 'G']
C56746037,['G', 'G', 'G', 'G', 'G', 'G', 'G', 'G', 'G']
C01886872,['G', 'G', 'G', 'G', 'G']
C03232472,['O', 'G', 'G', 'G', 'G', 'G']
C39766883,['G', 'G', 'G', 'G', 'G', 'G', 'O', 'G', 'O']
C04180578,['O', 'G', 'O', 'G']
C15230541,['G', 'G', 'G', 'G', 'G', 'G', 'G']
C40757723,['O', 'O', 'O', 'O']
C62038602,['O', 'G', 'G', 'G', 'G', 'G']
C21324949,['O', 'O', 'G', 'O', 'G', 'O', 'G', 'G']
C20913994,['G', 'G', 'G', 'O', 'G', 'G', 'G', 'G', 'G', 'G', 'G']
C13489266,['G', 'O', 'G', 'G', 'G', 'G', 'G', 'G', 'G', 'G']
CHEMBL220112,['G', 'O', 'G', 'G', 'G', 'G', 'G']
C09439354,['G', 'G', 'G', 'G', 'G', 'O', 'G', 'O']
C29481008,['G', 'G', 'G', 'G', 'G', 'G', 'G', 'G']
C15002177,['G', 'G', 'G', 'O']
C21320087,['O', 'G', 'G', 'G', 'G', 'G']
C66398819,['G', 'G', 'G', 'G', 'G', 'G', 'G', 'G', 'G']
C20806693,['O', 'G', 'G', 'O', 'O', 'G']
C20292126,['O', 'G', 'G', 'G', 'G', 'G', 'G', 'G']
C59015737,['G', 'O', 'G', 'O', 'G', 'G', 'G', 'G', 'G']
CHEMBL380946,['G', 'G', 'G', 'G', 'G', 'G', 'G', 'O', 'G']
C40779947,['O', 'O', 'O', 'O', 'G']
C40781110,['G', 'G', 'O', 'O', 'G', 'O']
C50441401,['G', 'G', 'O', 'G', 'G', 'G']
C33471069,['G', 'G', 'G', 'G', 'G', 'O']
C21076724,['G', 'G', 'G', 'G', 'G', 'G', 'O', 'G', 'G']
C09963800,['G', 'G', 'G', 'G', 'G']
C20907531,['G', 'O', 'G', 'G', 'G', 'G', 'O', 'G', 'G']
CHEMBL584754,['G', 'O', 'O', 'G', 'G', 'G', 'G', 'G']
C21081930,['G', 'G', 'G', 'G', 'G', 'G', 'G', 'G', 'O', 'G', 'O', 'G']
C20913785,['G', 'G', 'G', 'G', 'O', 'G', 'G', 'G', 'G', 'G']
C23944658,['G', 'G', 'G', 'G', 'G', 'G', 'G', 'O']
C19852285,['G', 'G', 'G', 'G', 'G', 'O']
C62318301,['G', 'G', 'G', 'O', 'G', 'G', 'O', 'G', 'G']
CHEMBL373797,['G', 'G', 'G', 'G', 'G', 'G']
C03271228,['O', 'G', 'G', 'G', 'G', 'G']
C59913048,['O', 'G', 'G', 'G', 'G', 'G']
C20917873,['G', 'O', 'G', 'G', 'G', 'G', 'G', 'G', 'G']
C28991162,['O', 'G', 'G', 'G', 'G', 'G', 'G', 'G', 'G', 'G', 'G']
C12573894,['G', 'G', 'G', 'G', 'G', 'G', 'G', 'G']
C13136611,['G', 'G', 'G', 'G', 'G', 'O', 'G', 'O']
C63281810,['G', 'G', 'O', 'O']
C00743398,['G', 'G', 'G', 'G', 'G', 'G', 'G', 'G', 'G']
C09647690,['G', 'G', 'G', 'O', 'G', 'O']
C21348699,['G', 'G', 'G', 'G', 'G', 'G', 'G']
C36136648,['G', 'G', 'G', 'G', 'O', 'G', 'G']
C16805453,['G', 'O', 'G', 'G', 'G', 'O', 'G']
CHEMBL373628,['G', 'G', 'G', 'G', 'G', 'G']
C39252928,['G', 'G', 'G', 'G', 'G', 'G', 'G']
C04894180,['G', 'G', 'G', 'G', 'G', 'G']
C21316667,['G', 'G', 'G', 'G', 'O', 'G', 'O']
C40797408,['O', 'O', 'G', 'G']
C39362336,['G', 'G', 'G', 'G', 'G', 'G', 'G', 'G', 'G', 'G']
C22055501,['G', 'G', 'G', 'O', 'G', 'G', 'G', 'O']
C63822351,['G', 'G', 'G', 'O', 'G', 'G']
C20292102,['G', 'G', 'O', 'G', 'O', 'G', 'G', 'G']
C13637733,['G', 'G', 'O', 'G', 'G', 'G', 'G']
C20527527,['G', 'G', 'G', 'G', 'G', 'O', 'G', 'G', 'G']
C21315897,['O', 'G', 'G', 'G', 'G', 'O', 'O', 'O', 'G']
C58725286,['G', 'G', 'G', 'G', 'G', 'G', 'G', 'G', 'G']
CHEMBL219790,['G', 'G', 'G', 'G', 'G', 'G', 'G']
C00855984,['G', 'G', 'O', 'G']
C17671059,['G', 'G', 'G', 'G', 'O', 'G', 'G', 'G']
C12224559,['G', 'G', 'O', 'G', 'G', 'G']
C56157449,['O', 'O', 'G', 'G', 'O', 'G']
C66925465,['G', 'O', 'G', 'G', 'G', 'G', 'O', 'G', 'G']
C39252884,['G', 'G', 'G', 'G', 'G', 'G', 'O', 'G']
C21075939,['G', 'G', 'G', 'G', 'G', 'O', 'G', 'G', 'G', 'G', 'O']
C21633505,['G', 'G', 'O', 'G', 'O', 'O', 'G', 'O']
C19927166,['G', 'G', 'G', 'O', 'G', 'G', 'O']
C59016981,['G', 'G', 'G', 'G', 'G', 'G', 'G', 'G', 'G']
C40758630,['G', 'G', 'O', 'G']
C20917879,['G', 'G', 'G', 'G', 'G', 'G', 'O', 'G', 'G']
C20457377,['G', 'G', 'O', 'O', 'O', 'G']
C20572235,['O', 'O', 'G', 'G', 'G', 'G', 'G', 'G']
C11592217,['G', 'G', 'G', 'G', 'G', 'G']
C47986134,['G', 'O', 'O', 'G', 'O', 'G', 'G']
C63225079,['G', 'G', 'G', 'G', 'G', 'G', 'G', 'G', 'O', 'G']
C03090995,['G', 'G', 'G', 'O', 'G']
C66220259,['G', 'G', 'G', 'G', 'G', 'O', 'G']
C20528229,['G', 'G', 'G', 'O', 'G', 'G', 'G', 'G']
C01165706,['G', 'G', 'G', 'O', 'G', 'G', 'G', 'G', 'G', 'G']
C09665675,['G', 'G', 'G', 'G', 'G', 'G']
C09695097,['O', 'O', 'G', 'G', 'G', 'G', 'G']
C66639258,['G', 'O', 'G', 'G', 'G']
C06674649,['G', 'G', 'G', 'G', 'O', 'G', 'G']
CHEMBL219849,['G', 'G', 'G', 'G', 'G', 'G', 'G']
C46076310,['O', 'G', 'G', 'G', 'G']
C64757278,['G', 'G', 'G', 'G', 'G', 'G']
C03380268,['G', 'O', 'G', 'G', 'G', 'G', 'O']
C21966197,['O', 'G', 'O', 'G', 'G', 'G']
C20907542,['O', 'O', 'G', 'O', 'G', 'G', 'G', 'G', 'O']
C20527639,['O', 'G', 'G', 'O', 'O', 'G', 'G', 'G', 'G']
C15015415,['G', 'G', 'G', 'G', 'O', 'G', 'G', 'G']
C00624945,['G', 'G', 'G', 'G', 'G', 'G']
C08670525,['G', 'G', 'G', 'G', 'O', 'G', 'O']
C24014437,['G', 'G', 'G', 'G', 'G', 'G', 'O', 'O']
C67290765,['G', 'G', 'G', 'G', 'G', 'G', 'G']
C40979564,['G', 'G', 'G', 'G', 'G', 'G', 'G', 'G', 'O']
C47624138,['G', 'G', 'G', 'G', 'G', 'G', 'G', 'G', 'G']
C09157515,['G', 'G', 'O']
C58157152,['G', 'G', 'G', 'G', 'G', 'G', 'G', 'G', 'G']
C02214738,['G', 'G', 'G', 'G', 'G']
C14037105,['G', 'O', 'G', 'G', 'G', 'G', 'G', 'G', 'G', 'G', 'G', 'G', 'G']
C02214734,['G', 'G', 'G', 'G', 'G']
C40782344,['G', 'G', 'G']
C40682306,['G', 'G', 'G', 'G', 'G', 'O', 'O', 'G']
C46095414,['G', 'G', 'G', 'G', 'O', 'G', 'G']
C54352503,['G', 'G', 'G', 'O', 'G', 'G', 'G']
C01187662,['G', 'G', 'G', 'G', 'G', 'G']
C22130306,['G', 'G']
C63133201,['G', 'O', 'G', 'G']
C66093782,['G', 'G', 'G', 'G', 'G', 'G', 'G', 'G', 'G', 'G', 'G', 'G', 'G']
C67066047,['O', 'G', 'O', 'G', 'G', 'G', 'G', 'G', 'G']
C01243048,['G', 'G', 'O', 'G', 'G', 'G', 'G', 'G']
CHEMBL220272,['O', 'G', 'G', 'G', 'G', 'G', 'G']
C35723106,['O', 'G', 'G', 'G', 'G', 'G', 'G', 'G']
C49147468,['G', 'G', 'G', 'O', 'G', 'G']
C20916509,['G', 'G', 'G', 'G', 'G', 'G', 'G']
C21323357,['G', 'G', 'O', 'G', 'G', 'G', 'G', 'G']
C54650226,['G', 'G', 'G', 'G', 'G', 'G', 'G', 'G']
C08743108,['G', 'G', 'G', 'G', 'G', 'G', 'G', 'G', 'G', 'G']
C05257989,['O', 'O', 'G', 'G', 'O', 'G', 'O', 'G', 'G', 'G', 'G']
C64374469,['G', 'G', 'G', 'G', 'G']
C09410816,['G', 'G', 'G', 'O', 'O', 'O', 'O']
C28051157,['G', 'G', 'O', 'G', 'G', 'G']
C33018314,['G', 'G', 'O', 'G', 'G', 'G', 'G', 'G', 'G']
C59351039,['G', 'G', 'G', 'G', 'G', 'G', 'G', 'G', 'G', 'G']
C33592511,['O', 'O', 'G', 'O', 'G', 'G', 'G']
C42360455,['G', 'G', 'O', 'G', 'G', 'G']
C14843027,['G', 'O', 'G', 'G', 'G', 'G', 'G', 'G', 'G', 'G']
C40782284,['G', 'G', 'O', 'G']
C21459549,['G', 'G', 'G', 'G', 'G', 'O', 'G']
CHEMBL583042,['O', 'O', 'G', 'G', 'G', 'G', 'G', 'G']
C20914325,['G', 'G', 'O', 'G', 'O', 'G', 'G', 'G', 'G', 'G']
C38003153,['G', 'O', 'O', 'O', 'G']
C56142786,['G', 'G', 'G', 'G', 'G', 'O', 'G', 'G', 'G']
C12547699,['G', 'G']
C67470115,['G', 'O', 'G', 'G', 'G', 'G', 'O', 'O', 'O']
C16790788,['G', 'G', 'G', 'O', 'O', 'G', 'O', 'O']
C38054374,['G', 'G']
C66210600,['G', 'G', 'G', 'G', 'G', 'G', 'G', 'G']
C09876126,['G', 'G', 'G', 'O', 'G', 'G', 'O']
C43876498,['G', 'G', 'G', 'G', 'G', 'G', 'G', 'G', 'G']
C40702056,['O', 'G', 'G', 'G', 'G', 'G', 'G']
C64070093,['G', 'G', 'O']
C39353585,['G', 'G', 'O', 'G', 'G', 'G', 'G', 'G']
C60411434,['G', 'G', 'G', 'G', 'G', 'G']
C21318392,['G', 'G', 'G', 'O', 'G', 'G', 'G', 'G']
C35729718,['G', 'G', 'G', 'G', 'G', 'G', 'G', 'G', 'G']
C20528301,['G', 'G', 'G', 'G', 'G', 'G', 'G', 'G']
C64370062,['G', 'G', 'O', 'G', 'O', 'G', 'G']
C24450833,['G', 'G', 'G', 'G', 'G', 'G', 'G', 'G']
C01283830,['G', 'G', 'G', 'G', 'G', 'G', 'G', 'G', 'G']
C28535649,['G', 'G', 'G', 'G', 'G']
C21321192,['G', 'G', 'G', 'O', 'G', 'G', 'G']
C16790818,['O', 'G', 'G', 'G', 'G', 'O', 'O']
C35166982,['G', 'G', 'G', 'G', 'G', 'G']
C12759595,['G', 'G', 'O', 'G', 'G', 'O', 'G', 'G', 'G', 'G']
C16371395,['G', 'G', 'G', 'G', 'G', 'G', 'O', 'O', 'G', 'G']
C03265426,['G', 'G', 'G', 'G', 'G', 'G', 'O']
C63710176,['G', 'G', 'G', 'G']
C36650229,['G', 'O', 'G', 'G', 'G', 'G', 'G']
C54174395,['G', 'G', 'O', 'G']
C23154056,['O', 'O', 'O', 'G', 'G', 'G', 'G', 'G', 'O']
C04601227,['G', 'G', 'G', 'G', 'G', 'O']
C05067850,['G', 'O']
C31353821,['G', 'G', 'G', 'G', 'G', 'G']
C59309563,['G', 'G', 'G', 'G', 'G', 'O', 'G']
C55007453,['G', 'G', 'G', 'G', 'G']
C39361870,['G', 'G', 'G', 'G', 'G', 'G', 'G', 'G']
C20528070,['G', 'G', 'G', 'G', 'G', 'G', 'G', 'G']
C20831747,['G', 'O', 'O', 'O', 'G', 'G', 'G', 'G', 'G', 'G', 'G']
C65315518,['O', 'G', 'G', 'G', 'G', 'O', 'G', 'G', 'G', 'G']
C21328375,['G', 'G', 'G', 'O', 'G', 'G', 'G', 'G', 'G']
C20912694,['O', 'G', 'G', 'G', 'G', 'G', 'G', 'O', 'G']
C58990091,['G', 'G', 'G', 'G', 'O', 'G', 'G', 'G', 'G', 'O']
C20298739,['G', 'G', 'G', 'G']
C50987813,['G', 'O', 'G']
C40111161,['O', 'G', 'O', 'G', 'G', 'G']
C38744980,['G', 'O', 'O']
C49186506,['G', 'O', 'G', 'G']
C54043763,['G', 'G', 'G', 'G', 'G', 'G', 'G', 'G', 'G']
C21734848,['G', 'G', 'G', 'G', 'G', 'G', 'O']
C42667408,['O', 'O', 'G', 'G', 'G', 'G', 'G', 'G', 'G']
C59039025,['G', 'G', 'O', 'G', 'G', 'O', 'O', 'G', 'G', 'G', 'G']
C56559547,['G', 'G', 'G', 'G', 'G', 'G', 'G', 'G', 'G', 'G']
C15675419,['O', 'G', 'G', 'G']
C35021845,['G', 'G', 'G', 'G', 'G', 'O', 'O']
C37063099,['O', 'G', 'G']
C03633187,['G', 'G', 'O', 'O', 'G', 'G', 'G']
C28975945,['G', 'O', 'G', 'O']
C59842451,['G', 'G', 'G', 'G', 'G', 'G']
C08629208,['O', 'G', 'G', 'G', 'G', 'O', 'G']
C26895595,['G', 'G', 'G', 'G', 'G', 'G']
C40779733,['G', 'O', 'O', 'O']
C40782340,['G', 'G', 'G', 'O', 'O', 'G']
C04689460,['G', 'G', 'O', 'G', 'G', 'G', 'G']
C05582095,['G', 'G', 'G', 'G', 'O', 'G']
C35770801,['G', 'G', 'O', 'G', 'O', 'O', 'O', 'G', 'G', 'G']
C05919330,['G', 'G', 'G', 'G', 'G', 'G', 'G', 'G']
C28527658,['G', 'G', 'G', 'G', 'G']
C01768882,['G', 'G', 'G', 'G', 'O', 'G', 'G']
C66790465,['G', 'G', 'G', 'G', 'G', 'G', 'G']
C39856108,['O', 'G', 'G', 'G', 'G']
C67149427,['G', 'G', 'G', 'G', 'G', 'G', 'G', 'G', 'G', 'G', 'G']
C63686337,['O', 'G', 'G', 'G', 'O', 'G']
C66606244,['O', 'G', 'G', 'G', 'G', 'O', 'G', 'G']
C03380976,['G', 'G', 'G', 'G', 'G', 'O', 'G']
C24977371,['O', 'G', 'G', 'O', 'G', 'G']
C09638589,['O', 'G', 'G', 'G', 'G', 'G']
CHEMBL220888,['G', 'G', 'G', 'G', 'G', 'G', 'G']
C59714142,['G', 'O', 'O', 'G', 'G', 'G']
C40399866,['G', 'G', 'O', 'G', 'G', 'O', 'O', 'G']
CHEMBL571038,['G', 'O', 'G', 'G', 'G', 'G', 'G', 'G']
C28992707,['G', 'G', 'G', 'G', 'G', 'G', 'O', 'G', 'G', 'O', 'G', 'G']
C52637660,['G', 'G', 'O', 'G', 'G']
C09491602,['G', 'G', 'G', 'G', 'G', 'G', 'G', 'G', 'G']
C61750887,['G', 'G', 'O', 'G', 'G', 'G']
C66818509,['G', 'O']
C51636171,['O', 'G']
C09373211,['G', 'O', 'G', 'G', 'O', 'G', 'G', 'G']
C05780472,['G', 'G', 'G', 'G', 'G', 'G', 'G']
C16428376,['G', 'G', 'G', 'G', 'G', 'G', 'O', 'G', 'G', 'G']
C21325563,['G', 'G', 'G', 'G', 'G', 'G', 'O', 'G', 'G', 'G', 'G', 'G']
C22024024,['O', 'G', 'G', 'G', 'G', 'G']
C24139646,['G', 'G', 'G', 'G', 'G', 'G', 'O', 'O']
C07983914,['G', 'G', 'G', 'G']
C40756221,['O', 'G', 'G', 'G', 'G', 'G']
C39015763,['G', 'G', 'G', 'G', 'G']
C17084591,['G', 'G', 'G', 'G', 'O', 'G', 'O', 'O', 'G', 'G', 'G']
C08709362,['G', 'G', 'G', 'G', 'G', 'G']
C33471070,['G', 'G', 'G', 'G', 'G', 'G']
C40681490,['O', 'O', 'G', 'G']
C11005797,['O', 'G', 'G', 'O', 'G', 'G', 'O']
C50700275,['G', 'G', 'G', 'G']
C28639838,['G', 'O', 'G', 'G', 'G', 'G', 'G', 'G', 'O']
C23050413,['G', 'G', 'G', 'G', 'G', 'G', 'G']
C15262349,['G', 'G', 'G', 'G', 'G', 'G']
C06858597,['G', 'G', 'G', 'G', 'G', 'G', 'G']
CHEMBL599224,['O', 'G', 'G', 'G']
C21318036,['G', 'G', 'G', 'O', 'G', 'G', 'G', 'G']
C40783373,['G', 'G', 'O', 'O', 'G']
C20827028,['G', 'G', 'G', 'O', 'G', 'G', 'G', 'G', 'G', 'G', 'G']
CHEMBL571030,['G', 'O', 'G', 'G', 'G', 'G', 'G', 'O']
C21320712,['G', 'G', 'G', 'G', 'G', 'G', 'G', 'G', 'G', 'G', 'G']
C59941823,['G', 'G', 'G', 'G', 'G', 'O']
C08846199,['G', 'G', 'G', 'G', 'G']
C08634976,['G', 'G', 'G', 'G', 'G']
C32753389,['G', 'G', 'G', 'G', 'G', 'G', 'G', 'G', 'G', 'G', 'G']
C02858374,['G', 'G', 'G']
C08063996,['G', 'G', 'G', 'G', 'O']
C32100549,['G', 'O']
C28359393,['G', 'O', 'G', 'G', 'G', 'G', 'O', 'O', 'G']
C19075165,['G', 'G', 'G', 'O', 'G', 'G', 'G', 'G', 'G', 'G']
C17188155,['G', 'G', 'G', 'G']
C40683810,['G', 'G', 'G', 'G', 'G', 'O', 'O', 'O']
C04904928,['G', 'G', 'G']
C21325295,['G', 'G', 'G', 'G', 'G', 'G', 'G', 'G']
C39012175,['G', 'G', 'G', 'G', 'G', 'O']
C12747309,['O', 'G', 'G', 'O', 'G', 'G', 'O', 'G', 'G', 'G']
CHEMBL570366,['G', 'O', 'G', 'G', 'G', 'G', 'G', 'O']
C32507802,['G', 'G', 'G']
C06556820,['G', 'G', 'G']
C06831686,['O', 'O', 'O', 'G', 'O']
C45782966,['G', 'G', 'G', 'O', 'G', 'G', 'G', 'O']
C33063229,['G', 'G', 'G', 'G', 'G', 'G']
C04309769,['G', 'G', 'G']
C04176566,['O', 'O', 'G', 'G', 'G', 'G', 'G']
C39335232,['G', 'G', 'G', 'G', 'G']
C42667570,['G', 'G', 'G', 'G', 'G', 'G', 'G', 'G', 'G', 'G']
C67000765,['G', 'G', 'G', 'G', 'O', 'G']
C42015248,['O', 'G']
C27368674,['G', 'G', 'G', 'G', 'G', 'G', 'G', 'G']
CHEMBL565460,['G', 'G', 'G', 'G', 'O', 'G', 'O', 'G']
C05188240,['G', 'G', 'G', 'O', 'O']
C03658979,['O', 'O', 'G', 'G', 'O', 'G', 'G']
C00208752,['G', 'G', 'G', 'G']
C39559033,['G', 'G', 'G', 'G', 'G', 'O', 'O', 'G', 'G']
C51331024,['G', 'G', 'G', 'G', 'O', 'G', 'G', 'G', 'G', 'G']
CHEMBL572157,['G', 'G', 'O', 'G', 'G', 'G', 'G', 'G']
C04335997,['G', 'G', 'G', 'O']
C21322837,['G', 'G', 'O', 'G', 'G', 'G', 'G', 'G', 'O', 'O']
CHEMBL571056,['G', 'G', 'G', 'O', 'G', 'G', 'G', 'G', 'G']
C67528834,['G', 'G', 'G', 'G', 'O', 'G', 'O']
C64089955,['G', 'G', 'G', 'O', 'G', 'G', 'G', 'G']
C58990880,['G', 'O', 'G', 'G', 'O', 'G', 'G', 'G', 'O', 'O']
C45626251,['O', 'G']
C12390697,['G', 'G', 'G', 'G']
C15449768,['G', 'G', 'G', 'G', 'G', 'G', 'G', 'G', 'G', 'G', 'O', 'O']
C39021150,['G', 'G', 'G', 'G', 'G']
C20830696,['G', 'G', 'G', 'G', 'G', 'G', 'G', 'G', 'G', 'O']
C67260198,['O', 'O', 'G', 'G', 'O', 'O', 'O', 'G', 'G']
C35051118,['G', 'G', 'G', 'G', 'G', 'G', 'G', 'O', 'G', 'G', 'O']
C51756366,['G', 'G', 'O', 'G', 'G', 'G', 'G']
C01726834,['G', 'G', 'O', 'G', 'G', 'G']
C17535292,['G', 'G', 'G', 'G', 'O']
C59875779,['O', 'G', 'G', 'G', 'O', 'G', 'G', 'G', 'G']
C14019501,['O', 'G', 'G', 'G', 'G', 'G', 'G']
C63469879,['G', 'G', 'G', 'G', 'G', 'G', 'G', 'G']
CHEMBL572162,['G', 'O', 'G', 'G', 'G', 'G', 'G', 'G']
C59006325,['G', 'O', 'O', 'O', 'G', 'G', 'G', 'G']
C66671914,['G', 'G', 'G', 'G', 'O', 'G', 'O']
C39147091,['G', 'G', 'O', 'G', 'G', 'G', 'G']
C40824466,['G', 'G', 'O', 'G', 'G']
C59471607,['G', 'G', 'G', 'O', 'G']
C21124198,['G', 'G', 'O', 'G', 'G', 'G', 'G', 'G', 'G', 'G', 'G']
C16325670,['G', 'O', 'O', 'G', 'G', 'G', 'G']
C10243471,['O', 'G', 'G', 'G', 'G', 'O']
C04149545,['G', 'G', 'O', 'O']
C11335755,['O', 'G', 'G']
C03272685,['G', 'G', 'O', 'G', 'G', 'G', 'O', 'O']
C20918457,['G', 'G', 'G', 'G', 'G', 'G', 'O', 'G', 'G']
C32825619,['G', 'G', 'G', 'G', 'O', 'G', 'G']
C59507319,['G', 'G', 'O', 'G', 'G', 'O', 'G']
C39383961,['G', 'G', 'G', 'G', 'O', 'G', 'G', 'G', 'G']
C12501150,['G', 'G', 'G', 'G', 'G', 'G', 'G', 'G', 'G', 'G', 'G']
C03327587,['G', 'G', 'O', 'G', 'O', 'O']
C01430779,['G', 'G', 'G', 'G']
C37042079,['G', 'G', 'G', 'G']
C58989699,['O', 'O', 'G', 'G', 'G', 'O', 'G']
C40761061,['O', 'O', 'G', 'O', 'O']
C05351826,['G', 'G', 'G', 'G', 'G', 'G']
C00719864,['G', 'G', 'G', 'G', 'G', 'G', 'G']
C52570024,['G', 'G', 'G', 'G', 'O', 'G', 'G']
C40779876,['G', 'G', 'O', 'G']
C20830202,['G', 'G', 'G', 'G', 'G', 'G', 'G', 'G', 'O']
C21458622,['G', 'G', 'G', 'G', 'G']
C58551187,['G', 'G', 'G', 'O', 'G', 'G']
C60864016,['G', 'G', 'G', 'G']
C40167797,['G', 'O', 'G', 'G', 'G']
C17192570,['G', 'O', 'G', 'G', 'G', 'G', 'G', 'G', 'O']
C48390411,['O', 'G', 'G', 'G', 'G', 'G', 'G', 'G', 'G']
C20829807,['G', 'G', 'G', 'G', 'O', 'G', 'G']
C39362859,['G', 'G', 'G', 'G', 'O', 'G', 'G', 'G', 'G', 'G']
C38556259,['O', 'G', 'G', 'G', 'G']
CHEMBL235345,['G', 'G', 'G', 'G']
C09641051,['G', 'O']
C22227577,['G', 'G', 'G', 'O', 'G', 'G', 'G']
C12279475,['O', 'G', 'G', 'O', 'G', 'G', 'G', 'G', 'G']
C40801438,['G', 'O', 'O', 'G', 'G']
C66241533,['G', 'G', 'G', 'G', 'G']
C39007553,['G', 'O', 'G', 'G', 'G', 'O']
C67104135,['O', 'G', 'G', 'O', 'G', 'G', 'G', 'G', 'O', 'G', 'G']
C59351032,['G', 'G', 'G', 'G', 'G', 'G', 'G', 'G', 'G']
C40783390,['G', 'G', 'O', 'G', 'G', 'G']
C51481024,['G', 'G', 'G', 'G', 'O', 'G', 'G', 'G', 'G']
C36813329,['G', 'G']
C40159226,['G', 'G', 'G', 'G', 'G', 'G']
C40232039,['O', 'G', 'G', 'G']
C13585869,['O', 'G', 'G', 'G', 'G', 'O']
C07047738,['G', 'G', 'G', 'G', 'G', 'G']
C43420491,['O', 'G', 'G', 'G', 'O', 'G', 'G', 'G']
C31676994,['O', 'G', 'G', 'O', 'G', 'G']
C20885368,['G', 'O', 'G', 'G', 'G', 'G', 'G']
C00660110,['G', 'G', 'G', 'G', 'G', 'G', 'G', 'G', 'G', 'G', 'G']
C02543932,['G', 'G', 'G', 'G', 'G', 'G', 'G', 'O', 'G', 'O', 'G']
C21252833,['G', 'O', 'G']
C08705338,['O', 'O', 'G', 'G', 'G', 'O']
C22356314,['G', 'G', 'G', 'O', 'O', 'G', 'G']
C42027682,['G', 'O']
C12500751,['G', 'G', 'G', 'G', 'G', 'G', 'G', 'G', 'G', 'G', 'G']
C39707782,['G', 'G', 'G', 'G', 'G', 'O', 'G', 'G', 'G', 'G']
C47410100,['G', 'G', 'G', 'G']
C06533263,['G', 'G', 'G', 'G', 'G', 'G', 'O']
C13138683,['O', 'G', 'G', 'G', 'G']
C21075910,['G', 'G', 'G', 'O', 'G', 'O', 'G', 'G', 'O', 'G', 'G']
C05780544,['G', 'G', 'G', 'G', 'G', 'G']
C62372896,['G', 'G', 'G', 'G', 'G', 'G', 'G', 'G']
C12867862,['G', 'G', 'G', 'G', 'G', 'G', 'G']
C14151991,['G', 'G', 'G', 'G', 'G', 'G', 'G', 'G']
C40681436,['G', 'G', 'O', 'O']
C56157738,['O', 'O', 'G', 'G', 'O', 'G']
C59227656,['O', 'G', 'G', 'G', 'O', 'G', 'G']
C40735095,['O', 'O', 'G', 'G', 'G']
C47584904,['G', 'G', 'G', 'G', 'O', 'O', 'G', 'G', 'G', 'O']
C03242122,['G', 'G', 'G', 'G', 'G', 'G', 'G', 'G']
C67285237,['G', 'G', 'G']
C24902450,['G', 'G', 'G', 'G', 'G', 'G', 'O', 'G', 'O']
C56519012,['G', 'G', 'O', 'G', 'G', 'G', 'G', 'G', 'G']
C44243851,['O', 'G', 'G', 'G']
C04619356,['G', 'G', 'G', 'O']
C59844394,['G', 'G', 'G', 'G', 'O', 'G', 'O', 'G', 'O']
C06085043,['G', 'G', 'G', 'G', 'G']
C17192583,['G', 'G', 'O', 'G', 'G', 'G', 'G', 'G']
C59466901,['O', 'O', 'O', 'G', 'O', 'O']
C39016188,['O', 'G', 'O', 'G', 'O']
C37769899,['G', 'G', 'G', 'G', 'G', 'O', 'G']
C15810121,['G', 'G', 'G', 'G', 'G', 'G', 'G']
C59385791,['G', 'G', 'G', 'O', 'G']
CHEMBL571484,['G', 'O', 'G', 'G', 'G', 'G', 'G', 'G']
CHEMBL576048,['G', 'O', 'G', 'G', 'G', 'G', 'G', 'G']
C39016239,['O', 'G', 'O', 'G', 'G']
C66108868,['G', 'G', 'G', 'G', 'G', 'G', 'G', 'G', 'O', 'G', 'G', 'G', 'G']
C66664720,['O', 'G', 'G', 'O', 'G', 'G', 'G', 'G', 'G']
C28617800,['G', 'G', 'G', 'G', 'G', 'G', 'G', 'G', 'G', 'O']
C34778054,['G', 'G', 'G', 'G', 'G', 'G', 'G']
C48518011,['G', 'G', 'G']
C22237346,['G', 'O', 'G', 'G', 'O']
C40418923,['O', 'G', 'G', 'G', 'O']
C39363049,['G', 'G', 'G', 'G', 'G', 'G', 'G', 'G']
CHEMBL576683,['O', 'O', 'G', 'G', 'G', 'O', 'G', 'G']
C36718686,['G', 'G', 'G', 'G', 'G', 'G', 'G', 'G', 'G']
C58300280,['O', 'G', 'G', 'G', 'G', 'G', 'G', 'G']
C16226790,['G', 'G', 'G', 'G', 'G', 'O', 'G']
C56604186,['G', 'G', 'O', 'G', 'G', 'O', 'O', 'G', 'G']
C17448548,['G', 'G', 'G', 'G', 'G']
C14270327,['G', 'G', 'G', 'G', 'O']
C08777526,['G', 'G', 'G', 'G', 'G', 'G']
C40752168,['G', 'G', 'O', 'G', 'G', 'G']
C36782178,['G', 'G', 'G', 'G', 'G', 'G']
C27564272,['O', 'G', 'G']
C34759581,['O', 'G', 'G', 'G', 'G', 'G', 'G', 'O']
C51088666,['O', 'G', 'G']
C64890606,['G', 'G', 'G', 'G', 'G', 'G']
C16047182,['G', 'G', 'G', 'O']
C20879849,['G', 'G', 'G', 'O', 'G']
C40783159,['G', 'O', 'G', 'G']
C65198377,['G', 'G', 'G', 'O', 'G', 'G', 'G', 'G', 'G', 'G', 'G']
C14531672,['G', 'G', 'G', 'G', 'G', 'G', 'G', 'G', 'G']
C20681416,['G', 'G', 'G', 'G', 'G', 'G']
C66625982,['O', 'G', 'G', 'G', 'O']
C15746420,['G', 'G', 'G', 'G']
C39012173,['G', 'G', 'G', 'G', 'G', 'G']
C42250296,['O', 'G', 'G']
C20347456,['G', 'G', 'G', 'O', 'G', 'G']
C07088535,['G', 'O', 'O', 'G', 'G', 'G']
C63569339,['G', 'G', 'G', 'G']
C49570771,['G', 'G', 'G', 'G', 'O']
C00958564,['G', 'G', 'G', 'G', 'G']
C17665223,['G', 'G', 'G', 'G', 'G', 'G', 'G', 'G', 'G', 'O']
C56917201,['G', 'G', 'G', 'G', 'G', 'G', 'G', 'G', 'G', 'G']
C16720771,['G', 'O', 'G', 'G', 'O']
C40167795,['G', 'O', 'G', 'G', 'O']
C05263594,['G', 'G', 'G', 'G']
C14645665,['G']
C65470721,['G', 'G', 'G', 'O']
C21081012,['G', 'G', 'G', 'O', 'G', 'G', 'O', 'G', 'G']
C35477276,['O', 'G', 'O', 'O', 'G', 'G', 'G']
C56173996,['G', 'O', 'G', 'G', 'G', 'O']
C26564097,['G', 'G', 'O', 'G', 'G', 'G']
C12604786,['G', 'G', 'G', 'G', 'G', 'G', 'G', 'G', 'O']
C40954041,['O', 'G', 'O', 'G', 'G', 'G', 'G']
C25498203,['G', 'G', 'G', 'G', 'G', 'G', 'G', 'G', 'G', 'G', 'G']
C67246759,['G', 'G', 'G', 'G']
C12445332,['O', 'G', 'G', 'O', 'O', 'G', 'G']
C18471573,['G', 'O', 'G', 'G', 'G', 'G', 'G', 'G', 'O']
C67257793,['O', 'G', 'G', 'G', 'G']
CHEMBL571031,['G', 'G', 'O', 'G', 'G', 'G', 'G', 'G']
C32926640,['G', 'G', 'G', 'G', 'G', 'G', 'G', 'G', 'O']
C37022502,['G', 'G', 'O']
C61089041,['G', 'G', 'G', 'G', 'G']
C12914953,['G', 'G', 'O', 'G']
C39575954,['G', 'O', 'G', 'G', 'O']
C21141396,['G', 'G', 'G', 'O', 'O', 'O', 'G', 'G']
C32666335,['O', 'G', 'G', 'G']
C35694932,['G', 'G', 'G', 'G', 'G', 'G', 'G', 'G', 'G', 'G']
C55189485,['O', 'O', 'G']
C57394048,['G', 'G', 'G', 'G', 'G', 'G', 'G', 'G', 'G']
C48336345,['G', 'G', 'O', 'G']
C55154372,['G', 'O', 'O', 'G', 'G', 'G', 'G', 'G']
C58157896,['G', 'G', 'G', 'G', 'G', 'G']
C12575080,['G', 'G', 'G', 'G', 'G', 'G', 'G', 'O', 'G']
C37331151,['G', 'G', 'G']
C49779098,['G', 'G', 'G', 'G', 'G', 'G', 'G']
C35718643,['G', 'G', 'G']
C42667387,['O', 'O', 'G', 'G', 'G', 'G', 'G', 'G', 'G']
C01430797,['G', 'G', 'G', 'G']
C03380265,['G', 'O', 'G', 'G', 'G', 'G', 'O']
C05338184,['G']
C13639555,['G', 'G', 'G', 'G', 'G']
C39559656,['G', 'G', 'G', 'G', 'G', 'O', 'G', 'G', 'G']
C16490053,['G', 'G', 'G', 'G', 'G']
C41698420,['G', 'G', 'G', 'G', 'G']
C53664954,['O', 'G', 'G', 'G', 'G', 'G', 'G']
C25588676,['G', 'G', 'O', 'G', 'G', 'G', 'G', 'G', 'G']
C20920564,['O', 'G', 'O', 'G', 'O', 'G', 'G', 'G', 'G']
C67063837,['O', 'G', 'G', 'G', 'G', 'G', 'O', 'G', 'G']
C40783196,['G', 'O', 'G', 'G', 'G', 'G']
C17961177,['G', 'G', 'O', 'G', 'G', 'O', 'G', 'G', 'G']
C08843824,['G', 'G', 'G', 'G', 'G', 'G', 'G']
CHEMBL582829,['G', 'O', 'G', 'G', 'G', 'G', 'G', 'G']
CHEMBL99203,['G', 'O']
C40783120,['G', 'G', 'O', 'G']
C67459271,['G', 'G', 'G', 'O', 'G', 'G']
C16309811,['O', 'G', 'O', 'G']
C06045355,['G', 'G', 'G']
C13564329,['G', 'G', 'O']
C59912789,['O', 'G', 'G', 'G', 'G', 'G', 'G', 'G', 'O']
CHEMBL259551,['G', 'G']
C67272745,['G', 'G', 'G', 'G', 'G', 'G']
CHEMBL550658,['G', 'G']
C12501043,['G', 'G', 'G', 'O', 'G', 'G', 'G', 'G', 'G', 'G']
C52002625,['O', 'G', 'G', 'G']
C01504464,['G', 'G']
C20681766,['O', 'O', 'G', 'G', 'G', 'G']
C24772562,['O', 'G', 'G']
C03871804,['O', 'O', 'O']
CHEMBL247798,['O', 'G', 'G', 'O', 'G', 'O', 'G', 'G', 'G', 'G']
C42080267,['G', 'O']
C54156075,['G', 'G', 'O', 'G', 'G']
C02843262,['G', 'O', 'G', 'G', 'G']
C18206055,['G', 'G', 'G', 'O']
C17245420,['O', 'G', 'O', 'G', 'G', 'G']
C40369491,['G', 'O', 'O', 'G', 'G', 'G']
C20906137,['G', 'G', 'G', 'G', 'O', 'G', 'G', 'G', 'G', 'G']
C20694340,['G', 'G', 'O', 'G', 'G', 'G', 'G']
C61374275,['O', 'G', 'G', 'G']
C39267339,['G', 'G', 'G', 'G', 'G', 'G', 'O', 'O']
C66240161,['G', 'G', 'G', 'G']
C19974019,['O', 'O', 'G']
C20696077,['G', 'O', 'G', 'G', 'G']
C67066048,['G', 'G', 'G', 'G', 'G', 'G', 'G', 'O', 'G']
C57350651,['O', 'G', 'G', 'O']
C37130724,['G', 'O', 'G', 'G', 'G']
C36759230,['O', 'O', 'O', 'G']
C58900792,['G', 'G', 'G', 'G', 'G', 'O', 'G']
C59913439,['G', 'O', 'G', 'G', 'G', 'G', 'G']
C02253678,['G', 'G', 'G', 'G', 'G', 'G', 'G']
C24177345,['G', 'G', 'G', 'G', 'G', 'G', 'G', 'G']
C20919020,['G', 'G', 'G', 'O', 'G', 'O', 'G', 'O', 'G']
C49539278,['G', 'G', 'G', 'G', 'O']
C13979099,['G', 'G', 'G', 'G', 'G', 'G', 'G', 'G', 'G', 'G', 'G', 'G']
C64155964,['G', 'G', 'O', 'G', 'G']
C66929119,['O', 'G', 'O', 'G', 'O', 'G']
C44335220,['G', 'G', 'G', 'G']
C01430909,['G', 'G', 'O', 'G']
C05734024,['G', 'G', 'O', 'G', 'G']
C37000610,['G', 'G', 'G', 'G', 'G']
CHEMBL568483,['G', 'G', 'O', 'G', 'G', 'G', 'G', 'G']
C22121606,['G', 'G', 'G']
C35681714,['G', 'G', 'O', 'G', 'G']
C28360426,['G', 'O', 'G', 'G', 'G', 'O', 'O', 'G']
C39927223,['G', 'G', 'G', 'G', 'G', 'G', 'G', 'G', 'O']
CHEMBL569869,['G', 'O', 'O', 'G', 'G', 'G', 'G', 'O']
C37316569,['G', 'G', 'G', 'O', 'O']
C01131744,['O', 'G', 'G', 'G', 'O', 'O']
C20115255,['O', 'G', 'G', 'G', 'G', 'O', 'G']
C63625821,['G', 'O', 'G', 'G']
C27029690,['O', 'G', 'G']
C40735145,['G', 'O', 'G', 'G', 'G', 'G']
C09722378,['G', 'G', 'G', 'G', 'G', 'G']
C62365444,['O', 'O']
C66358734,['G', 'G', 'G', 'G', 'O', 'G', 'G', 'G']
C16260566,['G', 'G', 'O', 'G', 'G']
C15188792,['G', 'G', 'G', 'G', 'G']
C67065005,['O', 'G', 'G', 'G', 'G', 'G', 'O', 'G']
C42027162,['O', 'G']
C50997151,['G', 'G', 'O', 'O']
C67569969,['G', 'G', 'G', 'O', 'G', 'G', 'O', 'G', 'G', 'G']
C04313458,['O', 'G', 'G']
C06396014,['O', 'G', 'G']
C51168315,['G', 'G']
C13979423,['G', 'G', 'G', 'G', 'G', 'G', 'G', 'G', 'G', 'G', 'G']
C58996826,['G', 'G', 'O', 'O', 'G', 'G', 'G', 'G']
C01424840,['G', 'G', 'G', 'G']
C01726391,['G', 'G', 'G', 'G', 'G', 'G']
C28579288,['G', 'G', 'G', 'G', 'G']
C05786360,['G', 'G', 'G', 'G', 'G', 'G', 'G', 'G']
C24304101,['G', 'G', 'G', 'O', 'O', 'G', 'G', 'G', 'G', 'G', 'G', 'G']
C09459094,['G', 'G', 'O', 'G', 'G']
C28976085,['G', 'G']
C66812787,['O', 'G', 'G', 'G', 'G', 'O']
C37193426,['O', 'G', 'G', 'G', 'G', 'G']
C08720411,['G', 'G', 'G', 'G', 'G', 'G', 'G']
C54155932,['G', 'G', 'G', 'G', 'G']
C39408511,['G', 'G', 'G', 'O']
C02682661,['G', 'G', 'G', 'G', 'G', 'O', 'G', 'G']
C19927205,['O', 'O', 'G', 'G', 'G', 'G', 'G']
C04772742,['G', 'G', 'O', 'O', 'G', 'G', 'G', 'G']
C64365820,['G', 'G']
C40725634,['G', 'O', 'G']
C67022177,['G', 'G', 'G', 'G']
C10243070,['G', 'G', 'G', 'G']
C48255976,['G', 'O', 'G', 'G', 'G', 'G', 'G', 'G', 'G']
C42014686,['G', 'G', 'O']
C21705689,['G', 'G', 'G', 'G', 'O', 'G']
C59383320,['G', 'G', 'G', 'G', 'G']
C20899162,['G', 'O', 'G']
C01684459,['G', 'G', 'G', 'G', 'G', 'O', 'G']
C54412254,['G', 'G', 'G', 'G', 'G', 'G', 'G', 'G']
C44464273,['G', 'G', 'G', 'G', 'G']
C03503658,['O', 'G', 'G', 'O']
C27664428,['O', 'G', 'G', 'G']
C12542897,['G', 'G', 'G', 'G', 'G', 'G', 'G', 'G', 'G', 'G']
C46053944,['G', 'G', 'G', 'G']
C12608195,['G', 'G', 'G', 'G', 'G']
C00663231,['G', 'G', 'G', 'G']
C00524939,['G', 'G', 'G', 'G']
C26024348,['G', 'O', 'G', 'G', 'G']
C22740764,['O', 'O', 'G', 'G', 'G', 'G', 'G']
C23282919,['G', 'G', 'G', 'G']
C29566596,['O', 'G', 'G', 'G', 'G', 'G', 'G', 'G']
C09611390,['G', 'G', 'G', 'G', 'G', 'G', 'G', 'G', 'G', 'G']
C48264745,['G', 'G', 'G', 'G', 'O']
C64031953,['G', 'G', 'G', 'G']
C09645844,['G', 'G', 'O', 'O', 'G', 'O']
C21977978,['O', 'G', 'O', 'G', 'G', 'G', 'G']
C15774893,['G', 'O', 'G', 'G']
C35937807,['O', 'G', 'G', 'G']
C38919857,['G', 'G', 'G']
C67040346,['G', 'G', 'G', 'G', 'G', 'G', 'G', 'O', 'G', 'G']
CHEMBL78779,['G', 'G', 'O', 'G', 'G']
C05276275,['G', 'O']
C59849442,['G', 'G', 'G', 'G', 'G', 'G', 'G', 'G', 'G']
C45440174,['O', 'G', 'O', 'G', 'G', 'G', 'G', 'G']
C42946233,['G', 'G', 'G', 'O', 'G', 'G', 'G']
C63408819,['O', 'G', 'G', 'G', 'G', 'G', 'G']
C17093591,['G', 'G', 'G', 'O', 'O', 'G', 'G']
C58156283,['G', 'G', 'G', 'G', 'G', 'G', 'O', 'G', 'G', 'G']
C02215676,['G', 'G', 'G', 'G', 'G']
C26951292,['G', 'G', 'G', 'G', 'G', 'G', 'G', 'G', 'G']
C47757502,['G', 'G', 'G', 'G', 'G', 'G', 'G']
C66977014,['G', 'G', 'G', 'G', 'G', 'G', 'G', 'G', 'G']
C12491572,['G', 'G', 'O', 'G', 'G', 'G', 'G', 'G']
C66636238,['G', 'O', 'G', 'G', 'G', 'G']
C03371819,['G', 'G', 'G', 'G', 'G', 'G', 'O']
C38706771,['G', 'G', 'G', 'G']
C14436085,['G']
C39531547,['G', 'G', 'G', 'G', 'O', 'G']
C40733704,['G', 'O', 'O', 'G', 'G', 'G']
C50627653,['G', 'G', 'G', 'G', 'G', 'G', 'G', 'G', 'G', 'G', 'G']
C25236950,['O', 'G', 'G', 'G', 'G', 'G', 'O', 'G', 'G', 'G', 'G']
C06286141,['G', 'G', 'G', 'G']
C11575732,['G', 'O', 'G', 'G', 'O']
C59045243,['G', 'G', 'G', 'G', 'G', 'G']
C05035786,['O', 'G', 'G', 'G']
C66784176,['G', 'O', 'G', 'G', 'G', 'O', 'G']
C39935064,['O', 'G', 'G', 'G', 'O']
C02215677,['G', 'G', 'G', 'G', 'G']
C39016238,['O', 'G', 'G', 'G', 'O']
C58681038,['G', 'G', 'G', 'G', 'G']
C20414240,['G', 'O', 'O', 'G', 'G']
C02383946,['G', 'G', 'G', 'G', 'G', 'G', 'G']
C56157229,['O', 'G', 'G', 'G', 'G', 'O', 'O', 'G']
C54621226,['G', 'G', 'O', 'O', 'G']
C02255543,['G', 'G', 'G', 'G', 'G', 'O', 'G']
C44023237,['G', 'O', 'G']
C39969173,['G', 'G', 'O', 'G', 'O']
C39187995,['G', 'G', 'O']
C64891173,['G', 'G', 'G', 'G', 'G', 'G', 'G', 'G']
C38734739,['G', 'G', 'G', 'G', 'G', 'G', 'G']
C08831322,['O', 'G', 'G', 'G', 'G', 'G', 'O', 'G']
C37929661,['G', 'G', 'G', 'G', 'G', 'O']
C66698540,['G', 'O', 'G', 'G', 'G', 'G']
C44432804,['G', 'G', 'O', 'G']
C20921650,['G', 'G', 'G', 'G', 'G', 'G', 'O', 'G', 'G']
C24272291,['G', 'G', 'O', 'G', 'G', 'G', 'G', 'G', 'G', 'G']
C20911359,['G', 'G', 'G', 'G', 'G', 'G', 'G', 'G', 'G']
C39427473,['G', 'G', 'G', 'G', 'G']
C61860808,['G', 'O', 'G', 'G', 'O', 'G', 'G', 'G']
C28051159,['G', 'G', 'G', 'G', 'G', 'G']
C62203242,['G', 'O']
C19320792,['G', 'G', 'O']
C65412375,['O', 'G', 'G', 'G', 'G', 'O', 'G', 'G', 'G']
C25588670,['G', 'G', 'G', 'G', 'G', 'G', 'G', 'G', 'G']
C57014138,['G', 'G', 'G', 'O', 'G', 'G', 'G', 'G']
C50677476,['O', 'G', 'G', 'O']
C45865338,['G', 'O', 'G', 'G', 'G', 'O']
C11568933,['G', 'G', 'G']
C45621943,['O', 'G', 'G', 'G', 'G', 'G']
C13110660,['G', 'G', 'G']
C12368964,['G', 'G', 'O', 'O']
C01148703,['G', 'G', 'G', 'G']
C64411377,['G', 'G', 'G', 'G']
C20611642,['G', 'G', 'G', 'G', 'G', 'G']
C39363051,['G', 'G', 'G', 'G', 'G', 'G', 'O', 'G']
C40174023,['G', 'G']
C40723107,['O', 'G', 'O', 'G']
C35341631,['G', 'G']
C66983368,['G', 'G', 'G', 'O', 'G', 'O']
C18406160,['G', 'G', 'G', 'G', 'O', 'G', 'G', 'G']
C24525670,['O', 'G', 'G', 'O']
C42349765,['G', 'G', 'G', 'G', 'O']
C04574830,['G', 'G', 'O', 'G', 'G']
C49419593,['G', 'G', 'G', 'G', 'G', 'G']
C14275228,['G', 'G', 'G', 'G', 'G', 'G', 'O']
C02793650,['O', 'G', 'G', 'G', 'G', 'G', 'G', 'G']
C39693548,['G', 'G', 'G', 'O', 'G', 'G', 'G', 'G', 'G', 'G', 'O']
C13978525,['G', 'G', 'G', 'G', 'G', 'O', 'G', 'G', 'G', 'G', 'G']
C59045482,['O', 'G', 'G', 'G', 'G', 'G']
C52529188,['G', 'O', 'O', 'G', 'G']
C39029487,['G', 'G', 'G', 'G']
C00107800,['G', 'G', 'O']
C13699370,['G', 'G', 'O', 'O', 'G']
CHEMBL577193,['G', 'O', 'O', 'G', 'G', 'G', 'G', 'O']
C39326857,['G', 'G', 'G', 'G']
C12414799,['G', 'G', 'G', 'O', 'G', 'G']
C34382083,['G', 'G']
C04723372,['G', 'G', 'G', 'G', 'O']
C02790873,['G', 'G', 'G']
C59434236,['G', 'G', 'G', 'G', 'G', 'G']
C41069994,['O', 'O', 'G', 'O', 'G']
C67124714,['G', 'O', 'G', 'G', 'G']
C15230538,['G', 'G', 'G', 'G', 'O', 'G', 'G', 'G']
C59489979,['G', 'G', 'G', 'G', 'O', 'G', 'O', 'G', 'G']
C40735117,['G', 'G', 'G', 'G', 'O']
C37036654,['G', 'G', 'G']
C19845611,['G', 'G', 'O']
C49776669,['G', 'G']
C57014141,['G', 'G', 'G', 'G', 'G', 'G', 'G', 'O']
CHEMBL397332,['G', 'G', 'G', 'G']
C67241502,['G', 'G', 'G', 'G', 'G', 'G', 'O', 'G', 'G']
C12414549,['G', 'G', 'G']
C58758703,['G', 'G', 'G', 'G', 'O']
C67614462,['G', 'G', 'G', 'O', 'G', 'G']
C39361575,['O', 'G', 'G', 'G', 'G', 'G', 'G', 'G']
C13976368,['G', 'O', 'G', 'O', 'G', 'G', 'G', 'G', 'G', 'G']
C54392537,['G', 'G', 'G', 'G', 'G']
C02371375,['G', 'G', 'G', 'O', 'O', 'G', 'G', 'G', 'O', 'O']
C08915330,['O', 'G', 'G', 'O']
C20058774,['G', 'G', 'G', 'G', 'G', 'O', 'G', 'G', 'G']
C50046575,['O', 'G', 'O']
C09315130,['G', 'O', 'G', 'G']
C11061766,['G', 'G', 'G', 'O', 'G']
C04713772,['G', 'G', 'G', 'G', 'G', 'G', 'G']
C46587989,['G', 'G', 'G', 'O']
C01573791,['G']
C04082836,['G', 'G', 'G', 'G']
C66200742,['G', 'O', 'G', 'G', 'G', 'G', 'G', 'G', 'G', 'G']
CHEMBL570111,['O', 'O', 'G', 'G', 'G', 'G', 'G', 'G']
C45639121,['G', 'G', 'G', 'G', 'G', 'G', 'G']
C67266752,['G', 'G', 'G', 'G']
C49686216,['G', 'O', 'G']
C12573464,['O', 'G', 'G', 'G', 'G', 'G', 'G', 'G', 'G', 'G', 'G', 'G']
C10455772,['G', 'G', 'G', 'G', 'G', 'G', 'G', 'G', 'G', 'G', 'G', 'G']
C40822853,['G', 'G', 'G', 'G', 'G', 'G']
C65136156,['G', 'G', 'G', 'G', 'G', 'G', 'G', 'G']
C22707963,['G', 'G', 'G']
C31002074,['O', 'G', 'G', 'G', 'G', 'G', 'G', 'G', 'G', 'G']
C36742784,['G', 'G', 'G', 'G']
C05139047,['G', 'G', 'G']
C01232882,['G', 'G', 'G', 'G', 'G', 'O', 'G']
C33958664,['G', 'G', 'G', 'G', 'G', 'G', 'O', 'O']
C66402185,['G', 'G', 'G', 'G', 'G', 'O']
C22742145,['G', 'G', 'O', 'G', 'G', 'G', 'O']
C06792518,['G', 'G', 'O', 'G', 'G']
C46729284,['G', 'G', 'O', 'G']
C39324550,['O', 'G', 'G']
C39127399,['G', 'G', 'O', 'G']
C36298928,['G', 'G', 'G', 'G', 'G', 'G']
C10747169,['G', 'G', 'G', 'G', 'G']
C14849421,['G', 'G', 'G', 'G', 'G', 'G', 'G', 'G', 'G', 'G']
C67486958,['G', 'G', 'G', 'G', 'G', 'G']
C06568492,['G', 'G', 'O']
C43144863,['G', 'G', 'O', 'O', 'G', 'G', 'G', 'G']
C27754297,['O', 'G', 'G', 'O']
C12500695,['G', 'G', 'G', 'G', 'G', 'G', 'G', 'G', 'G', 'O', 'G', 'G']
C03620676,['G', 'G', 'G', 'G', 'G']
C47712020,['G', 'G', 'O', 'O', 'G', 'G', 'G', 'G']
C39326000,['G', 'G', 'G', 'O']
C36746921,['G', 'G', 'G', 'O']
CHEMBL359106,['-']
C43575614,['G', 'O']
C60377142,['O', 'G', 'G', 'O', 'G', 'G', 'G']
C41317889,['G', 'G', 'G', 'G', 'G', 'G', 'G', 'G', 'O', 'G']
C09157192,['O', 'G', 'G', 'O', 'G', 'G', 'G', 'G']
C05525846,['G', 'G', 'G', 'G', 'G', 'G', 'G']
C19075182,['G', 'G', 'G', 'G', 'O', 'O', 'G', 'G', 'G']
C11690802,['G', 'G', 'G', 'G', 'G', 'O', 'G', 'G', 'G']
C06257991,['G', 'G', 'G', 'O', 'O']
C00795598,['G', 'G', 'O']
C24717553,['G', 'G']
C12542895,['G', 'G', 'G', 'G', 'G', 'G', 'G', 'G']
C43222775,['G', 'G', 'G', 'G', 'G', 'G', 'G', 'O', 'G', 'G']
C67517781,['G', 'G', 'G', 'G', 'G']
C40782419,['G', 'O', 'G', 'G', 'O', 'G']
C18099760,['G', 'O', 'G', 'G', 'O', 'G', 'G', 'G']
C08937677,['G', 'G', 'G', 'O', 'G', 'G', 'O']
C09723366,['G', 'G', 'G', 'G', 'O', 'G', 'G']
C13977264,['G', 'G', 'G', 'G', 'G', 'G', 'G', 'G', 'G', 'G', 'G']
C00300244,['O', 'G']
C09751471,['G', 'G', 'G', 'G', 'G', 'G', 'G', 'O', 'G', 'G', 'G']
C20466438,['G', 'G', 'G', 'G', 'G', 'G', 'G']
C64891186,['G', 'G', 'G', 'G', 'G', 'G', 'G', 'G']
C67274092,['O', 'G', 'G', 'G']
C07022745,['G', 'G', 'G', 'G', 'G']
C63361902,['G', 'G', 'G', 'G', 'G', 'G', 'G', 'G', 'G', 'G']
C58994688,['G', 'G', 'G', 'G', 'G', 'G']
C01198518,['G', 'G', 'G', 'G', 'G', 'G']
C66072314,['G', 'G', 'G', 'G', 'G', 'G', 'G', 'G', 'G', 'G', 'G']
C67144451,['O', 'G', 'G', 'G', 'G', 'G', 'G', 'O']
C22283929,['G', 'O', 'G', 'G', 'G', 'G', 'G']
C50033958,['G', 'G']
C39315288,['G', 'O']
C26803007,['G', 'G', 'G', 'O', 'G', 'G', 'G', 'G', 'G']
C01211288,['G', 'G', 'G', 'G']
C39029489,['G', 'G', 'G', 'O']
C25147167,['G', 'G', 'G', 'G', 'O', 'G', 'G']
C67320864,['G', 'G', 'G', 'G', 'G']
C57315855,['G', 'G', 'G', 'G', 'G', 'G', 'O']
C43450089,['G', 'G', 'G', 'G', 'G', 'G', 'G', 'G', 'G']
C66144893,['O', 'G', 'G', 'G', 'G', 'G', 'G', 'G', 'G', 'G', 'G']
C25394140,['G', 'G', 'G', 'G', 'G', 'G', 'G', 'G', 'G']
C58848738,['G', 'G', 'G', 'G', 'G', 'G', 'G', 'G']
C63162223,['G', 'G', 'O', 'O', 'G']
C49060467,['G', 'O', 'G', 'G']
C45695601,['O', 'O', 'G', 'G', 'G', 'G', 'G']
C58774113,['G', 'G', 'G', 'G', 'G', 'G', 'O', 'G', 'G', 'G', 'G']
C08725788,['G', 'G', 'G', 'G', 'G', 'G', 'O']
C16450536,['O', 'O', 'O', 'G']
C37285669,['G', 'G', 'G']
C04406886,['G', 'G', 'O']
C33127542,['G', 'G', 'G', 'G', 'G', 'G', 'O']
C09102726,['G', 'G', 'G', 'O', 'G', 'G', 'G']
C33908593,['O', 'G', 'O', 'G', 'G', 'G', 'G', 'G']
C67459269,['G', 'G', 'G', 'O', 'G', 'G']
C42810191,['G', 'G', 'O', 'G', 'G']
C20478919,['G', 'G', 'O']
C40724339,['O', 'O', 'O']
C05655949,['G', 'G', 'O', 'G', 'G', 'G', 'G', 'G']
C39482382,['O', 'O', 'G', 'G', 'G', 'O']
C15357149,['O', 'G', 'G', 'O', 'O']
C48548150,['G', 'O', 'G', 'G', 'G']
C15230536,['G', 'G', 'G', 'G', 'O', 'G', 'G', 'G']
C27664425,['O', 'G', 'G', 'O']
C40707478,['G', 'O', 'G', 'G']
C66775231,['G', 'G', 'G', 'G', 'G', 'G', 'O']
C43883995,['G', 'G', 'G', 'G', 'G', 'G', 'G', 'G', 'G']
C42097559,['G', 'G', 'O', 'G', 'G', 'G', 'G', 'G']
C08890307,['G', 'G', 'G', 'G', 'G', 'G', 'G', 'G', 'G', 'G']
C04251915,['G', 'G', 'G', 'G', 'G', 'G']
C20585847,['G', 'O']
C48256247,['G', 'G', 'G', 'G', 'G', 'G', 'G']
C36530940,['G', 'G', 'G', 'G', 'G', 'G', 'G']
C20553114,['G', 'G']
C35521014,['G', 'G', 'G']
C15575246,['G', 'G', 'G', 'G', 'G', 'G', 'G', 'O']
C01508575,['G', 'O', 'G', 'G']
C38999761,['G', 'G', 'G', 'G', 'G']
C48331855,['G', 'O', 'G', 'G', 'G', 'G', 'G', 'G']
C20708112,['G', 'G', 'G']
C42014658,['G', 'G']
C20919321,['G', 'G', 'G', 'O', 'G', 'O', 'G', 'G', 'G', 'G', 'G']
C59384804,['G', 'G', 'G', 'O', 'G', 'G', 'G']
C39707766,['G', 'G', 'G', 'G', 'O']
C66106413,['O', 'O', 'G']
C20331597,['G', 'O', 'G']
C09813353,['G', 'G', 'G', 'G', 'O', 'G', 'G', 'G']
C20696470,['G', 'O', 'G', 'G', 'G']
C14583837,['-']
C39361851,['G', 'G', 'O', 'G', 'G', 'G', 'G', 'G']
C14467993,['G', 'G', 'G', 'G', 'G']
C04830756,['G', 'G', 'G', 'G', 'G', 'G']
C41262059,['G', 'G', 'G', 'G']
C05214969,['G', 'G', 'O', 'G']
C21576260,['G', 'G', 'G', 'G', 'G', 'G', 'G', 'G']
C08747370,['O', 'G', 'O', 'G', 'G']
C12894933,['G', 'O', 'G', 'G', 'G']
C02793915,['O', 'G', 'G', 'G', 'G', 'O', 'G', 'G']
C36635423,['G', 'O', 'O']
C09389674,['G', 'O', 'G', 'O', 'G', 'G', 'G', 'G']
C35183151,['G', 'G', 'G', 'G']
C09631628,['O', 'G', 'G', 'G', 'O', 'G', 'G', 'G', 'G', 'G', 'G', 'G']
C66448510,['G', 'G', 'G', 'G', 'G', 'G']
C45842293,['G', 'G', 'G', 'G', 'G', 'G', 'O', 'O', 'G', 'G', 'O']
C06525249,['G']
C01510852,['O', 'G', 'G', 'G', 'O']
C09040605,['G', 'G', 'O', 'G', 'G', 'G']
C59309452,['G', 'G', 'G', 'G']
C10212278,['G', 'G', 'O', 'G', 'G', 'G', 'G', 'G']
C00674530,['G', 'G', 'G', 'G', 'G', 'G', 'G']
C65534269,['G']
C16060733,['G', 'G', 'G', 'G', 'G', 'G', 'G', 'G', 'G', 'G']
C20505640,['G', 'G', 'G']
C66072284,['G', 'G', 'G', 'G', 'G', 'G', 'G', 'G', 'G', 'G', 'G', 'G']
C46653065,['G', 'G', 'G', 'O', 'G', 'G', 'G', 'G', 'G']
C41541247,['G', 'O', 'O', 'G']
C20395663,['G', 'O', 'G', 'G', 'G', 'G', 'G']
C16320875,['G', 'G', 'G', 'O', 'O', 'G', 'G', 'G', 'G', 'G']
C51414369,['G', 'G', 'G', 'O', 'G', 'G']
C09423156,['G', 'G', 'G', 'G']
C56851928,['G', 'G', 'G', 'G', 'G', 'G', 'G']
C37350124,['G', 'G', 'G']
C44776034,['G', 'G', 'G', 'G', 'G', 'G']
C42868964,['G', 'O', 'G', 'G', 'G', 'G', 'G']
C57351924,['G', 'G', 'G', 'G', 'G', 'G', 'G', 'G', 'G']
C42625556,['O', 'G', 'G', 'G', 'G', 'G', 'G', 'G', 'G']
C40433569,['G', 'G', 'G']
C39551092,['G', 'G', 'G', 'G', 'G', 'G', 'G', 'G', 'G', 'G', 'G']
C54621190,['G', 'G', 'O', 'G', 'G']
C03611082,['G', 'G', 'G', 'G', 'G', 'G', 'G']
C02220150,['G', 'G', 'G', 'G', 'G', 'G', 'G', 'G']
C41898356,['G', 'G', 'G', 'G', 'O', 'O']
C16778549,['G', 'O', 'O', 'G']
C61964134,['G', 'G', 'G', 'G', 'G', 'G', 'G', 'G']
C44861239,['G', 'G', 'G', 'G', 'G', 'O']
C25049045,['G', 'G', 'G', 'G', 'G', 'G', 'G']
C02816253,['O', 'G', 'G']
C66108890,['G', 'G', 'G', 'G', 'G', 'G', 'G', 'G', 'G', 'G', 'G']
C67373874,['G', 'G', 'O']
C14655924,['G', 'G', 'G', 'G', 'G', 'G', 'O']
C15575248,['G', 'G', 'G', 'G', 'G', 'G', 'G', 'G']
C01440067,['G', 'G', 'G', 'G', 'G', 'G']
C45166046,['O', 'G', 'G']
C50693518,['O', 'O']
C04096947,['G']
C09012358,['G', 'G']
C40662380,['G', 'G', 'G', 'O', 'O']
C01370757,['G', 'G', 'O']
C44023315,['O', 'O', 'G']
C34957329,['G', 'G', 'G']
C16320850,['G', 'G', 'G', 'O', 'O', 'G', 'G', 'G', 'G', 'G', 'G']
C40313457,['O', 'G', 'G']
C25355171,['G']
C35465994,['O', 'O', 'G', 'G', 'G', 'G', 'G', 'G', 'G', 'O', 'O']
C59384255,['G', 'G', 'G', 'G', 'G', 'G', 'G', 'G']
C21965160,['G', 'O', 'G', 'G', 'G', 'G', 'O', 'G', 'G']
C39361934,['G', 'G', 'G', 'G', 'O', 'G']
C14466865,['G', 'O', 'G', 'G', 'G']
C39860118,['G', 'G', 'G', 'G']
C47128972,['G', 'G', 'G', 'G', 'G', 'G', 'G', 'O', 'G', 'G']
C20541521,['O', 'G', 'G', 'O', 'G', 'G', 'G']
C16610966,['O', 'G', 'G', 'G', 'G', 'G', 'G', 'G']
C06528599,['G', 'G', 'G']
C63878215,['G', 'G', 'G', 'G', 'G']
C04236607,['G', 'G', 'G', 'G', 'G', 'O', 'O', 'G', 'G', 'G']
C63103351,['G', 'G', 'O']
C41295570,['G', 'O', 'G', 'G']
C64674481,['G', 'G', 'O', 'G', 'G', 'G', 'G', 'G']
C22620185,['G', 'G', 'G', 'G', 'G', 'G', 'O']
C03852188,['G']
C14270167,['G', 'G', 'G', 'G', 'O', 'G']
C04394823,['G', 'O', 'G']
C66616453,['G', 'G', 'G', 'G', 'O', 'G', 'G', 'G', 'G']
C67305144,['G', 'G', 'G', 'G', 'G', 'G']
C35453279,['O', 'O', 'G']
C33726327,['G', 'O', 'G', 'O', 'G', 'G']
C43976251,['G', 'G', 'G', 'G', 'G', 'G', 'G']
C62166177,['G', 'G', 'G', 'G', 'G', 'G', 'G']
C36676721,['G', 'G', 'O', 'G', 'G', 'G', 'G', 'G', 'G']
C08739843,['G', 'G', 'G', 'G', 'G', 'G', 'O', 'G', 'G']
C57541531,['G', 'G', 'G', 'G', 'G', 'G', 'O', 'G', 'G', 'G']
C43348491,['G', 'G', 'G', 'G', 'G', 'O', 'G', 'G', 'G']
C32910028,['G', 'G', 'G', 'G', 'G', 'G']
C54621225,['G', 'G', 'O', 'O', 'G']
C20681868,['O', 'G', 'G', 'G', 'G']
C00803807,['G', 'G', 'G', 'G']
C45631951,['G', 'G', 'O', 'G', 'G', 'G', 'G']
C04961466,['O', 'G', 'G']
C66664721,['G', 'G', 'G', 'O', 'O', 'G', 'G', 'G', 'G']
C54668418,['G', 'G', 'G']
C29225549,['O', 'G', 'G', 'G', 'G', 'G', 'G', 'G']
C08986227,['G', 'G', 'G', 'G', 'G', 'G', 'G', 'G', 'G']
C42175599,['O', 'G', 'G', 'G']
C49570774,['G', 'G', 'G', 'O', 'G']
C44988328,['O', 'O', 'G']
C48580600,['O', 'G']
C11727820,['G']
C50470884,['G', 'G']
C49501699,['O', 'G', 'G']
C31669947,['O']
C57336745,['G', 'G', 'G', 'G', 'G', 'G', 'G', 'G', 'G', 'G']
C26288731,['G', 'G', 'G', 'G', 'G', 'G', 'G', 'G', 'G', 'G', 'G']
CHEMBL199395,['G', 'G', 'G', 'G']
C59384622,['O', 'G', 'G', 'O', 'G']
C17098076,['G', 'G', 'G', 'G']
C53997392,['G', 'G', 'G', 'G', 'G', 'G', 'O', 'G', 'G', 'G', 'G']
C39884073,['G', 'G', 'G', 'G', 'G', 'G']
C20707012,['G', 'G', 'G', 'G']
C60346548,['G', 'G', 'G']
C23259760,['G', 'O', 'G', 'G', 'G', 'G']
C38748358,['O', 'G', 'G', 'G', 'G']
C16097302,['G', 'G', 'G', 'O', 'G', 'G', 'G']
C63119482,['O']
C44861271,['G', 'G', 'O', 'G', 'G', 'G']
C55778519,['O', 'G', 'G', 'G', 'G']
C06056824,['O', 'O']
C15086117,['O', 'G']
C35325789,['G', 'G', 'G', 'G', 'O', 'G', 'G']
C36298904,['G', 'G', 'G', 'O', 'G', 'G']
C21725514,['O', 'G']
C00648547,['G', 'O', 'G', 'G']
C66426828,['G', 'O', 'O', 'G', 'G', 'G', 'G', 'G', 'G', 'G', 'G']
C46927484,['G', 'G', 'G']
C16610403,['G', 'O', 'G', 'G', 'G', 'G', 'G', 'G', 'G']
C16489901,['G', 'G', 'G', 'G', 'G']
C16325430,['G', 'O', 'G', 'G', 'G', 'G', 'G', 'G']
C59856202,['O', 'G', 'G', 'G', 'O']
C61371041,['G', 'G', 'G', 'G', 'G']
C42667569,['O', 'O', 'G', 'G', 'G', 'G', 'G', 'G', 'G', 'G']
C35576204,['G']
C04234540,['G', 'G']
C41069950,['G', 'G', 'G', 'G']
C04357814,['O', 'G']
C14473640,['G', 'O', 'G', 'G', 'G']
C20899136,['G', 'G', 'G', 'G']
C42961546,['G', 'G', 'G', 'G', 'G', 'G', 'G', 'G', 'G']
C50227386,['G', 'G']
C53626418,['G', 'G', 'G', 'G', 'G']
C00752466,['O', 'G', 'G']
C31638415,['G', 'G', 'G', 'G', 'G', 'O', 'G', 'G']
C40255539,['G', 'G']
C16575728,['G', 'G', 'G', 'G', 'G', 'G', 'O', 'O', 'G', 'G', 'G']
C19908118,['O', 'G', 'G']
C36742906,['G', 'G']
C67193346,['G', 'G', 'G', 'G', 'G', 'G', 'G']
C14460866,['G', 'G']
C43597294,['G', 'G', 'G']
C37270309,['G', 'G', 'O', 'O']
C44857628,['G', 'G', 'G']
C54621213,['G', 'G', 'O', 'O', 'G']
C20337483,['G', 'G', 'G', 'G']
C13139390,['G', 'G', 'G', 'G', 'O']
C14476234,['G', 'G', 'G', 'G', 'G', 'G', 'G', 'G']
C05603913,['O', 'G']
C66277339,['G', 'G', 'O', 'G', 'O', 'O', 'G', 'G', 'G', 'G']
C39722539,['G', 'G', 'G', 'G', 'G', 'G', 'G']
C21722388,['G', 'G', 'G', 'G', 'G']
C09595689,['G']
C40735397,['G', 'G', 'G', 'G']
C04594174,['G', 'G', 'G']
C39856191,['G', 'O', 'G', 'G', 'O', 'G', 'G']
C20527726,['G', 'G', 'O', 'G', 'G', 'G', 'O', 'G', 'G', 'G', 'O', 'G']
C13979076,['G', 'G', 'G', 'G', 'G', 'G', 'G', 'G', 'G', 'G', 'G', 'O', 'G']
C02551496,['G', 'G', 'G']
C02512313,['G', 'G']
C04530851,['G', 'G', 'G', 'O', 'G']
C02114336,['O']
C02858382,['G', 'G', 'G', 'O', 'G', 'G', 'O']
CHEMBL571722,['O', 'O', 'G', 'G', 'G', 'G', 'G', 'G']
C19374648,['O', 'G']
C02321769,['G', 'G', 'G', 'G', 'O', 'G']
C39362118,['G', 'O', 'G', 'G', 'G', 'G', 'G']
C67398567,['G', 'G', 'G', 'G', 'G', 'G', 'G']
C02145327,['O', 'G', 'G', 'G', 'G', 'G', 'G', 'G', 'O', 'O']
C37668012,['G', 'G', 'G', 'O', 'G']
C57416075,['G', 'G', 'G', 'G', 'G', 'G', 'O', 'G']
C31634192,['G', 'G', 'G', 'O', 'G']
C56762733,['G', 'G', 'G', 'G', 'G', 'O', 'G', 'G']
C09631304,['O', 'G', 'G', 'G', 'O', 'G', 'G', 'O', 'G', 'G', 'G', 'G']
C55941213,['G', 'G', 'G', 'G', 'G', 'G', 'G', 'G', 'G', 'G']
C49118156,['G', 'G', 'G', 'O']
C14437962,['G']
C09228771,['G', 'G', 'G', 'G', 'G', 'G', 'G']
C54095209,['O', 'G', 'G', 'G', 'O']
C63686715,['G', 'G', 'O', 'G', 'O', 'G', 'G', 'G', 'G', 'G']
C00242247,['G']
C00690982,['G', 'G', 'G', 'O']
C39280369,['G', 'G']
C21535777,['G', 'G', 'G', 'G', 'O', 'O', 'G', 'G']
C09335480,['G', 'G', 'G', 'G', 'G', 'G', 'G', 'G']
C16238333,['G', 'O', 'G', 'G', 'O', 'G', 'G']
C60512916,['O', 'G', 'G', 'G', 'G']
C62961589,['G', 'G', 'G']
C62824523,['G', 'G', 'G', 'O', 'G']
C21873130,['O', 'G', 'G', 'G', 'G', 'G']
C37614977,['G', 'G', 'O', 'O', 'G', 'O', 'G']
C40782393,['G', 'G', 'G', 'G', 'O', 'G']
C04325171,['G', 'O', 'G', 'G', 'G', 'G']
C03322497,['G', 'G', 'G', 'G', 'G', 'G', 'G', 'G', 'G', 'O']
C63145082,['G', 'O', 'O']
C09464283,['O', 'G', 'G', 'G', 'G', 'G', 'G', 'O']
C08968148,['G', 'G', 'O', 'O', 'G', 'G', 'G', 'G', 'G', 'G', 'G']
C19757525,['O', 'G']
C15642943,['O', 'G', 'G', 'G', 'G', 'G', 'G', 'O']
C41069894,['O', 'G', 'G', 'G']
C01558472,['O']
C12769372,['O', 'G', 'G', 'G', 'G', 'O']
C04965678,['G', 'G', 'G', 'G', 'O', 'G', 'G']
C29851785,['G', 'G', 'G', 'G', 'G', 'O']
C61881849,['G', 'G', 'G', 'O', 'G', 'G']
C14481118,['G', 'G', 'G', 'G', 'G', 'G', 'G', 'G', 'G']
C31818975,['O', 'G', 'G']
C59385109,['G', 'G', 'G', 'O', 'G']
C59385061,['G', 'G', 'G', 'G', 'G', 'G']
C18174587,['G', 'O', 'G', 'G', 'G', 'G', 'O']
C16957745,['G', 'G', 'O', 'G', 'O', 'G', 'G']
C00803808,['G', 'G', 'G', 'G']
C39855682,['G', 'G', 'G']
C04964220,['O', 'O', 'G', 'G']
C48448373,['O', 'G', 'O', 'G']
C49065577,['G', 'O', 'G', 'G']
C36500460,['G', 'G', 'G', 'G', 'G', 'G', 'G', 'O', 'G']
C02791821,['G', 'G', 'G', 'G', 'G', 'G', 'G', 'G']
C00087687,['G', 'G', 'G']
C67373837,['G', 'G', 'G']
C04256208,['-']
C09026689,['O', 'G', 'G', 'G', 'G', 'G']
C00804041,['G', 'G', 'G', 'G']
C63008571,['G', 'G', 'G', 'G']
C35268287,['G', 'G', 'G', 'G', 'G', 'G', 'G', 'G', 'G', 'G']
C16312204,['G', 'G', 'G']
C40173191,['G', 'G', 'G', 'G', 'G', 'G', 'G', 'G']
C08915320,['G', 'G', 'G']
C08835172,['G', 'O', 'G', 'G', 'G', 'G', 'G']
C07442901,['G', 'G', 'O']
C39948774,['G', 'G', 'O', 'O', 'O', 'G', 'G', 'G', 'O', 'G']
C00042490,['G', 'G']
C15086118,['O', 'G']
C40301949,['G', 'G', 'O']
C42085706,['G', 'G', 'G', 'G', 'G', 'G', 'G']
C15620558,['G', 'G', 'G', 'G', 'G', 'O', 'G', 'G', 'G', 'G', 'G']
C65816726,['G', 'G', 'G', 'G', 'O', 'G']
C35431171,['G', 'G']
C17114063,['G', 'G', 'G', 'G', 'G', 'O', 'G', 'O']
C06332829,['G', 'G', 'O', 'G', 'G']
C66872575,['G', 'G', 'G', 'G', 'G', 'G', 'G', 'G', 'G', 'G']
C44783150,['G', 'G', 'O', 'G', 'G', 'G']
C13575859,['G', 'G', 'O']
C59384903,['O', 'G', 'G', 'O', 'G', 'G']
C40332335,['G', 'G', 'O', 'O', 'G', 'G']
C39124427,['G']
C13639525,['G', 'O', 'G', 'G', 'G']
C00807032,['G', 'G', 'G']
C08424791,['O', 'G', 'G']
C62801380,['G', 'O', 'G', 'G']
C01646794,['G', 'O']
C39722419,['G', 'G', 'G', 'G', 'G', 'G']
C37403103,['O', 'G', 'G', 'O', 'O', 'G', 'G', 'G', 'G', 'G', 'G']
C66037630,['G', 'G', 'G', 'G', 'G', 'G', 'G', 'O', 'G', 'G']
C01250849,['G', 'G', 'O', 'G', 'G']
C13018493,['G', 'G', 'G', 'G', 'G', 'G', 'G', 'G']
C42406094,['O', 'G']
C41640933,['G', 'G', 'O', 'G']
C32863430,['O', 'G', 'G', 'G', 'G', 'G']
C06541125,['G', 'G', 'G']
C00989052,['G', 'G']
C66775225,['G', 'G', 'G', 'G', 'G', 'G', 'O']
C14834028,['G', 'G', 'G', 'G', 'G', 'G', 'G', 'G', 'G', 'G', 'G']
C03670543,['G', 'G', 'G', 'G', 'G', 'G']
C48120753,['G', 'O', 'G', 'G', 'G', 'G', 'G', 'G', 'G']
C15082112,['G', 'G', 'G', 'G', 'G', 'O', 'G', 'G', 'G', 'G']
C57932786,['G', 'G', 'G', 'G']
C13889042,['-']
C08859972,['G', 'G', 'G', 'G', 'G', 'G']
C13639563,['O', 'G', 'G', 'G']
C35671613,['G', 'G', 'O', 'G']
C58139654,['O', 'G', 'G', 'G', 'G', 'G', 'O']
C34971001,['O', 'G', 'G', 'G', 'G', 'G']
C35060732,['O', 'G']
C39450552,['O', 'G']
C39751770,['O', 'G', 'G']
C10460442,['G', 'G', 'G', 'G', 'G', 'G', 'G', 'G', 'G', 'O', 'G', 'G']
C35310613,['G', 'G', 'O', 'G', 'O', 'G', 'O']
C15620776,['G', 'G', 'G', 'G', 'G', 'G', 'G', 'G', 'G']
C39280365,['G', 'G']
C63329343,['G', 'G', 'G', 'G', 'G', 'G', 'G', 'G', 'G']
C37638042,['G']
C06382137,['G', 'G', 'G']
C20475497,['G', 'G', 'G']
C41069914,['G', 'G', 'G', 'O', 'G']
C06886072,['G', 'G', 'G', 'G', 'G', 'G', 'G', 'G']
C60602898,['G', 'G', 'G', 'O', 'G', 'G']
C61948906,['G', 'O', 'G']
C51988791,['G', 'G', 'G', 'G']
C06830058,['G', 'G', 'O']
C67272825,['G', 'G', 'G', 'G', 'G', 'G']
C04815436,['G']
C13976314,['G', 'G', 'G', 'G', 'G', 'G', 'G', 'G', 'G', 'G', 'O', 'G', 'G']
C36327889,['G', 'G', 'G', 'G']
C02558479,['G', 'G', 'G', 'G', 'G', 'G']
C03880314,['G', 'O']
C05887422,['G', 'O', 'G', 'O']
C23742678,['G', 'G', 'G', 'G', 'G', 'G', 'G']
C38595174,['G']
C09231307,['G', 'O', 'G', 'G', 'G', 'G', 'G', 'G']
C19875641,['G', 'G']
C60374856,['G', 'G', 'G']
C21535731,['G', 'G', 'G', 'G', 'G', 'G', 'G', 'G']
C38920287,['O', 'O', 'G']
C57354170,['-']
C32097181,['O', 'G']
C59233703,['O', 'G', 'G', 'G', 'O']
C00898360,['G', 'G', 'G', 'G', 'G', 'G', 'G', 'G', 'G', 'G', 'G']
C59332325,['G', 'G', 'G', 'G', 'O', 'G', 'G', 'G', 'G']
C43715061,['O', 'G', 'G', 'G', 'G', 'O', 'G', 'G']
C00850006,['G', 'G']
C15733757,['G', 'G', 'O', 'G']
C55575862,['G', 'G']
C20681380,['G', 'G', 'G', 'G']
C09809070,['G', 'G', 'G', 'G', 'G', 'G', 'G']
C39194550,['G', 'O', 'O', 'G']
C01172862,['G', 'O', 'G', 'G', 'G', 'G']
C35400050,['O', 'G', 'G', 'O', 'G', 'G', 'G', 'G']
C50202323,['O', 'G', 'G', 'G']
C24709871,['G', 'G', 'G', 'O', 'G']
C31164725,['-']
C15969409,['O', 'G', 'G', 'G']
C39237567,['G', 'G']
C27263486,['G', 'G', 'G', 'G', 'G', 'G', 'G', 'G', 'G', 'G']
C54156261,['G', 'G', 'G', 'G', 'G']
C49527052,['G', 'G', 'G', 'G', 'O']
C30977553,['O', 'O', 'G', 'G', 'G', 'G', 'G', 'G', 'G', 'G']
C09605884,['G', 'G', 'G', 'G', 'G', 'G', 'G', 'G']
C05482174,['G', 'G']
C32116806,['G', 'G', 'G', 'G', 'O', 'G']
C08986234,['G', 'G', 'G', 'G', 'G', 'G', 'G', 'G', 'G']
C40166783,['O', 'G', 'G', 'G']
C19529617,['G', 'G', 'G', 'G', 'G']
C14633269,['G', 'G', 'G', 'O', 'G', 'G', 'G', 'G']
C03103688,['G', 'G', 'O', 'G', 'G', 'O', 'G', 'G', 'G', 'G', 'G']
C35400889,['G', 'G', 'G', 'O', 'O']
C37654310,['G', 'G', 'G']
C50956442,['G', 'G', 'O', 'G', 'O']
C08010472,['G', 'O', 'G', 'G']
C24875279,['G', 'G', 'G', 'G', 'G']
C49741290,['G', 'G', 'O']
C59385161,['G', 'O', 'G', 'G', 'G']
C20568193,['G', 'G', 'G', 'G', 'G', 'G', 'G', 'G', 'G', 'G', 'G']
C37933955,['O', 'O', 'G']
C49067648,['G']
C04965399,['G', 'G', 'G', 'G', 'G', 'G', 'G', 'O']
C39446795,['G', 'G', 'G', 'G']
C42561257,['O', 'G', 'O', 'G']
C40333811,['O', 'G', 'G']
C34929924,['G', 'G', 'G', 'G', 'G', 'G', 'G', 'G', 'G']
C22621259,['G', 'G', 'O', 'O']
C00906629,['G', 'G', 'G', 'G', 'G', 'G', 'G', 'O', 'G', 'G', 'G', 'G']
C10453268,['G', 'G', 'G', 'G', 'G', 'G', 'G', 'G']
C66591850,['G', 'G', 'G', 'G', 'G', 'G', 'G', 'G', 'G']
C42194932,['O', 'G', 'G']
C16572325,['G', 'G', 'G', 'G', 'G', 'G', 'G', 'G', 'G', 'G']
C00622462,['G', 'O', 'O', 'O', 'G', 'O', 'G']
C08962185,['G', 'G', 'G', 'G', 'G', 'G', 'O']
C00236592,['G', 'G']
C38984858,['O', 'G', 'G']
C57354768,['G', 'G', 'G']
C50674627,['G', 'G', 'G']
C50721855,['G', 'G', 'G', 'G']
C67200386,['G', 'G', 'G', 'G', 'G', 'G', 'G', 'G', 'G', 'G']
C50397198,['G', 'G', 'G']
C09765402,['G', 'G', 'G', 'G', 'O', 'G', 'G', 'G', 'G', 'G']
C13510434,['G', 'G', 'G', 'G', 'G', 'G', 'G', 'G', 'G']
C20256800,['G']
C62528045,['-']
C00108006,['G', 'G', 'G']
C01111489,['G', 'G', 'G', 'G', 'O', 'G']
C40086165,['G', 'G', 'G', 'G', 'G', 'G', 'G']
C60280607,['G', 'G', 'G', 'G']
C01431856,['G', 'G', 'G', 'G', 'G']
C50003128,['O', 'G', 'G']
C61570513,['G', 'G', 'G', 'G', 'O']
C59385060,['G', 'G', 'G', 'G', 'G', 'G']
C13979014,['G', 'O', 'G', 'G', 'G', 'G', 'G', 'G', 'O', 'G', 'G']
C19354560,['G', 'G', 'G', 'G', 'G', 'O', 'O', 'G', 'G', 'G']
C62825368,['G', 'G', 'G', 'G', 'G', 'G']
C19930079,['G', 'G']
C60751146,['G', 'G', 'G', 'G', 'G']
C00089285,['G', 'G', 'G', 'G']
C59385085,['G', 'G', 'G', 'G', 'G']
C13979019,['G', 'O', 'G', 'G', 'G', 'G', 'G', 'G', 'O', 'G', 'G']
C59373326,['G', 'G', 'G', 'G', 'G', 'G']
C42014657,['O', 'O']
C05413977,['G', 'G', 'G', 'O', 'G', 'G', 'G', 'G', 'G']
C21981759,['G', 'G']
C00146421,['G']
C48857489,['G', 'G']
C15523722,['G', 'G', 'G', 'G', 'G', 'G', 'G', 'G', 'G', 'G', 'G']
C67268320,['G', 'O', 'G']
C26919596,['G', 'G', 'G', 'G']
C61710505,['G', 'O']
C51993824,['G', 'G', 'G']
C10055110,['G', 'G', 'G', 'G', 'G', 'G', 'G', 'G', 'G']
C44830159,['G', 'G']
C47257571,['G', 'G', 'G', 'O', 'O', 'G', 'G', 'G']
C34811720,['G', 'G']
C00906619,['G', 'G', 'O', 'G', 'G', 'G', 'G', 'G', 'G', 'G', 'G']
C42622951,['G', 'G', 'G']
C01481839,['G', 'G']
C62466829,['G', 'G', 'G']
C00412819,['G', 'G', 'G', 'O', 'G', 'G']
C19979352,['G', 'G', 'G']
C65393819,['G']
C08685887,['G', 'G', 'G', 'G', 'O']
C08328891,['G', 'G', 'G', 'G', 'G']
C61123022,['G', 'G', 'G']
C00047822,['-']
C09356383,['G', 'G', 'G', 'G', 'G', 'G', 'G']
C44592330,['G', 'O', 'O']
C39665069,['G', 'G', 'G', 'G', 'O', 'G']
C44250122,['G', 'G', 'O']
C24709859,['G', 'O', 'G', 'G', 'O']
C48403311,['G', 'G']
C08397803,['G', 'G', 'O']
C33809948,['G', 'G', 'G', 'G']
C66860304,['G', 'O', 'O']
C20681890,['G', 'O', 'G', 'G', 'G']
C37934214,['G', 'O']
C36964216,['O', 'G', 'G', 'G']
C37138111,['G', 'G', 'G', 'G']
C40516545,['O', 'G']
C62794551,['G', 'G', 'G']
C12348177,['G', 'G', 'G']
C59385790,['G', 'G', 'G', 'O', 'G']
C09436508,['O', 'G', 'G', 'G', 'G', 'G', 'G', 'G']
C55174099,['G', 'O', 'G']
C51993483,['G', 'G', 'G']
C65393820,['G']
C14643021,['G']
C20682285,['G', 'G', 'G', 'G', 'G']
C55493217,['G', 'G', 'O', 'O']
C66813905,['G', 'O', 'G']
C46658376,['G', 'G', 'G', 'G', 'G']
C34749504,['G', 'G', 'O', 'G', 'G', 'G', 'G', 'G']
C13636566,['O', 'G', 'G', 'G']
C45824105,['G', 'G', 'G', 'G', 'G', 'G', 'G', 'G', 'G', 'G', 'G']
C39534047,['G', 'G', 'G', 'O', 'G']
C21517893,['G', 'G']
C45592885,['O', 'G', 'G', 'G', 'G']
C20412124,['G', 'G', 'G', 'G']
C39122098,['G', 'O', 'O']
C39110305,['O', 'G']
C35207772,['G']
C20681769,['G', 'G', 'G', 'G']
C13571362,['G', 'G', 'G', 'G']
C52634669,['G', 'G', 'O', 'O', 'G', 'G', 'G', 'G']
C13151301,['G', 'G', 'G', 'G', 'O']
C16328460,['G', 'O', 'G', 'G', 'G', 'G', 'G', 'G']
C28051958,['G', 'G']
C36626994,['G', 'G', 'G', 'G']
C39335213,['G', 'G', 'G', 'G', 'G', 'G']
C02251957,['G', 'G', 'G', 'G', 'O', 'G']
C48771396,['G', 'G', 'G']
C42195192,['G', 'G', 'G', 'O']
C67246665,['G', 'G', 'G', 'G', 'G', 'G', 'G']
C40381112,['G', 'G', 'G', 'O']
C44817433,['O', 'G', 'G', 'G']
C13808067,['G', 'G']
C05018297,['G', 'G', 'G', 'G', 'G', 'G', 'G']
C66055515,['G', 'G', 'G', 'G', 'G']
C22148913,['G', 'G', 'G']
C41065757,['O', 'G', 'G']
C48862738,['G', 'O']
C48701636,['O', 'G', 'G', 'G', 'G', 'G', 'G', 'G']
C20466638,['G', 'G', 'G', 'G', 'G', 'O', 'G', 'G']
C32535608,['G', 'G', 'G', 'G', 'G', 'G', 'G', 'G', 'O']
C09984686,['G', 'G', 'G', 'G', 'G', 'G', 'G', 'G', 'G', 'G']
C08214749,['O', 'G', 'G', 'G', 'O']
C14671748,['G', 'G', 'G']
C31158888,['-']
C32116667,['G', 'G', 'G', 'G', 'G', 'O']
C44963084,['G', 'G', 'G']
C59349870,['G', 'G', 'G', 'G', 'G', 'G', 'G', 'G']
C65511152,['G', 'O', 'G']
C06492409,['G']
C36926767,['G', 'G']
C06757528,['G', 'G', 'O', 'G', 'G']
C63161469,['O', 'G', 'O', 'G']
C45069455,['G', 'G', 'G', 'G', 'G', 'G', 'G', 'G']
C57509049,['G', 'G', 'O', 'G', 'G']
C42062749,['G']
C43003807,['G', 'G', 'G', 'G', 'G']
C59385376,['G', 'O', 'G', 'G', 'O', 'G']
C20328522,['G', 'G', 'O', 'G', 'G', 'G', 'G']
C12339786,['O', 'G', 'G', 'G', 'G', 'G']
C09317807,['G', 'O', 'G', 'G', 'G', 'G', 'G', 'G', 'G']
C04126519,['-']
C20466552,['G', 'G', 'G', 'G', 'G', 'G', 'G']
C33033990,['G', 'G', 'G', 'G', 'G', 'G', 'G', 'G', 'G', 'G']
C05250081,['G', 'G', 'G', 'G', 'O', 'G']
C00883414,['G', 'G']
C12573820,['G', 'G', 'G', 'G', 'G', 'G', 'G', 'G', 'G', 'G', 'G', 'G']
C65077191,['G', 'G', 'G', 'G', 'G', 'G', 'G', 'G']
C62054459,['G', 'G', 'G']
C10661557,['G', 'O', 'O', 'O', 'G', 'G']
C44776526,['G', 'G', 'G', 'O', 'G', 'G', 'G']
CHEMBL332551,['G']
C48858529,['G', 'G', 'G', 'G']
C06552777,['G', 'G', 'G', 'G', 'G', 'G']
C14328557,['G', 'O', 'G', 'G', 'G', 'G', 'G']
C22865640,['-']
C03897368,['-']
C17021139,['G', 'G', 'G', 'O', 'O', 'O']
C42440723,['G', 'O', 'G']
C66347853,['-']
C39939754,['G', 'G', 'O', 'G']
C05437408,['G', 'G', 'G', 'G', 'G', 'O']
C04435412,['O', 'G', 'G', 'O']
C49127069,['G', 'G', 'G', 'G']
C12664747,['O', 'O', 'G', 'G', 'G', 'G', 'G', 'O', 'G']
C09577855,['O', 'G', 'G', 'G']
C18200818,['G', 'G', 'O']
C58512751,['G', 'G', 'G', 'G', 'G', 'G', 'G', 'G', 'G', 'G', 'G']
C36742796,['G', 'G', 'G', 'G']
C06088854,['G', 'G', 'G', 'G', 'O', 'O']
C32986122,['G', 'O', 'G', 'O', 'O']
C20624042,['G', 'G', 'G', 'G']
C00792574,['G']
C58158747,['G', 'G', 'G', 'G', 'G', 'G', 'O', 'G', 'G']
C06091168,['G', 'G', 'O']
C39534049,['G', 'G', 'G', 'O', 'G']
C13936148,['O', 'G', 'G', 'O', 'G', 'G', 'G']
C13152244,['G', 'G', 'G', 'O']
C13038717,['G', 'G', 'G', 'G', 'G', 'G', 'G', 'O', 'G', 'G', 'G']
C49474072,['-']
C13037955,['G', 'G', 'G', 'O', 'G', 'G', 'G']
C11691125,['G', 'G', 'O', 'G', 'G', 'G', 'G', 'G', 'G', 'G']
C17206157,['G', 'G', 'G', 'G']
C06527186,['G', 'G']
C67470619,['G', 'G', 'G', 'G', 'O', 'G']
C25583886,['O', 'G', 'G', 'O', 'G']
C36948302,['O']
C35396672,['G', 'G', 'G', 'G', 'G', 'O', 'G', 'O']
C00898830,['-']
C00491557,['G', 'G', 'G', 'G', 'O', 'G']
C20799762,['-']
C18038764,['G', 'G', 'O', 'G', 'O', 'G', 'G']
C49539270,['G', 'G', 'G', 'G', 'O']
C03122261,['G', 'G', 'G', 'G', 'G', 'G', 'G', 'G', 'O']
C20681887,['G', 'O', 'G', 'G', 'G']
C08894136,['G', 'G']
C10031200,['G', 'G', 'G', 'G', 'G', 'G']
C52012036,['O', 'G', 'G', 'G', 'G']
C20681772,['G', 'G', 'G', 'G']
C15013316,['G', 'G', 'G', 'O']
C40377090,['G', 'G', 'G', 'G']
C41600222,['G', 'G', 'G']
C08386083,['G', 'G', 'G', 'O', 'O', 'G', 'G', 'G', 'G']
C11338504,['G', 'G', 'G', 'G', 'G', 'G', 'G', 'G', 'G', 'G']
C36647997,['O', 'G', 'G', 'G', 'G', 'G', 'G', 'G', 'G']
C14256768,['O', 'G', 'G', 'O', 'G']
C37692053,['G', 'O']
C54621192,['G', 'G', 'G', 'O', 'G']
C50350920,['G', 'G', 'G']
C39359536,['G']
C40315891,['G', 'G', 'O', 'O']
C43509434,['G']
C39296709,['G']
C01596428,['-']
C62824767,['O', 'G', 'G', 'G', 'G', 'G', 'G', 'G', 'O']
C49741030,['G', 'G', 'O']
C43516845,['G', 'O']
C35797434,['O', 'G', 'G', 'O', 'G']
C39722555,['G', 'G', 'G', 'G', 'G', 'G', 'G']
C56958583,['G', 'O']
C48570067,['G', 'G', 'G', 'G', 'G', 'G', 'G', 'G']
CHEMBL440356,['-']
C17188823,['G', 'G', 'G', 'G', 'O', 'G', 'G', 'G', 'G', 'G']
C35347062,['G', 'G', 'G']
C61088729,['G', 'G', 'G', 'G', 'G', 'G', 'G', 'G']
C42805352,['G', 'G', 'G', 'G']
C61092066,['G', 'G', 'G', 'G']
C51988922,['O', 'G', 'G', 'G']
C14544847,['G', 'G', 'G', 'G']
C34929927,['G', 'G', 'G', 'G', 'G', 'G', 'G', 'G', 'G']
C22942313,['-']
C40172861,['G', 'G', 'G', 'G', 'O', 'G', 'G', 'G']
C05581004,['G', 'O', 'G', 'G', 'G', 'G']
C51730444,['O', 'G']
C04387457,['G', 'G', 'G']
C38665051,['G']
C40471393,['G', 'O', 'G', 'G', 'G']
C35321316,['G', 'G', 'G', 'G', 'G']
C36056959,['G', 'O', 'O']
C50291487,['G', 'G', 'G', 'G']
C43199422,['-']
C35360884,['G', 'G', 'O', 'G']
CHEMBL361708,['-']
CHEMBL255465,['-']
C54220886,['G', 'G', 'G', 'O', 'G', 'G', 'G', 'G', 'G', 'G', 'G']
C44168159,['-']
C37053109,['G', 'G', 'G']
C08988272,['G', 'G', 'G', 'O', 'O', 'G', 'G', 'G', 'G', 'G']
C67060063,['G', 'G', 'G', 'G', 'G', 'G', 'G', 'G', 'G', 'G', 'G']
C50672657,['G', 'G', 'G']
C66760138,['G', 'O', 'G', 'G', 'G', 'G', 'G']
C33513669,['G', 'G', 'G', 'G']
C40330498,['G', 'G', 'G', 'G']
C12364961,['G', 'O']
C28631763,['G', 'G', 'O', 'G', 'G', 'O', 'G', 'O', 'G', 'O']
C37895765,['G', 'G', 'O', 'G', 'G', 'G']
C00062514,['O', 'G']
C12630110,['G', 'G', 'G', 'O', 'G', 'G', 'G', 'G', 'G', 'G', 'G', 'G', 'G']
C20580319,['G', 'O', 'G', 'G']
C67124236,['G', 'G', 'G', 'G', 'G', 'G', 'O', 'G', 'G']
C20939854,['G', 'G', 'O']
C02141458,['-']
C39468803,['O']
C61916759,['O', 'G']
C08767370,['G', 'G']
C52094580,['G', 'G', 'G', 'G']
C39511479,['G']
C61751924,['G', 'O', 'G', 'G', 'G', 'G', 'G', 'G', 'G']
C08856939,['G', 'G', 'G']
C37507535,['G', 'O', 'O']
C00640770,['G', 'O', 'G', 'G', 'O']
C03305838,['G', 'G', 'G', 'G', 'O', 'G', 'O', 'O', 'G', 'G']
C19597194,['G', 'O', 'G']
C05817207,['G', 'G', 'O']
C51992880,['G', 'G', 'G']
C16320885,['G', 'G', 'G', 'O', 'O', 'G', 'G', 'G', 'G', 'G']
C40482139,['G', 'G', 'G', 'G', 'O', 'G']
C14459720,['G', 'G', 'G', 'G', 'G']
C64900673,['O', 'G', 'G', 'G', 'G', 'G', 'G']
C59293797,['G', 'G', 'O']
C65366099,['O', 'G']
C13800303,['G', 'G', 'G', 'G', 'G', 'O', 'G']
C48652162,['G', 'G', 'G']
C20420537,['G', 'G', 'G', 'G']
C15205714,['G', 'G', 'O']
C65763749,['G', 'O', 'G', 'O']
C38009012,['O', 'G', 'G', 'G']
C04291901,['G', 'G', 'O', 'G', 'G']
C39534050,['G', 'G', 'G', 'G', 'G']
C35181701,['G', 'G', 'G', 'G', 'G', 'G', 'G', 'G', 'G']
C48797112,['G', 'G', 'G', 'G', 'G', 'G', 'G']
C39657928,['G', 'G', 'G', 'G', 'G', 'G', 'G', 'O']
C26109210,['G', 'G', 'G', 'G', 'G', 'O', 'G', 'G']
C25758952,['G', 'G', 'G', 'G', 'G', 'G', 'O', 'G', 'G', 'G', 'O', 'G', 'O']
C50397270,['G', 'G', 'G']
C43425484,['G', 'G']
C49122891,['G', 'G', 'G', 'O', 'G']
C37263636,['G']
C39521821,['O']
C06575998,['G', 'G', 'G', 'O']
C20566401,['G', 'G', 'O']
C40486465,['G', 'O', 'G', 'G']
C18053671,['G', 'G']
C35453628,['G', 'O']
C43509371,['O']
C62716117,['G', 'G', 'G']
C63006630,['G', 'O', 'O']
C64788598,['G', 'O', 'G', 'G']
C25032497,['G', 'G', 'G', 'G', 'G', 'G', 'G']
C39531120,['G', 'G', 'G', 'G', 'G', 'O', 'O']
C17175279,['-']
C49741460,['G', 'G', 'O']
C06149489,['G', 'G', 'G', 'G', 'G', 'O', 'O', 'O']
C16682094,['G', 'G', 'G', 'O', 'O']
C20720191,['G', 'G', 'G', 'G']
C44924929,['G', 'G', 'O']
C04234547,['-']
C04523115,['O', 'O', 'G']
C44925855,['O', 'G', 'O']
C48449752,['G', 'G', 'G']
C36829145,['G', 'G', 'G']
C05671377,['G', 'G']
C41027061,['G', 'G', 'O']
C54163469,['G', 'G', 'G', 'G', 'G', 'G']
C44925493,['O', 'O', 'G']
C20218287,['G', 'G', 'G', 'G', 'G', 'G']
C01248778,['G', 'G', 'G', 'G']
C62825356,['G', 'G', 'G', 'G', 'G', 'G']
C08789133,['G', 'G', 'O', 'G', 'G', 'G']
C12358818,['-']
C37561316,['O', 'G', 'G', 'O']
C62825425,['G', 'G', 'G', 'O', 'G']
C25262223,['G', 'G', 'O', 'G', 'G', 'G', 'G', 'G', 'G', 'G', 'G', 'O']
C07488887,['G', 'G']
C67586966,['G', 'G', 'G', 'G', 'O']
C05720572,['G']
C16187700,['O', 'G', 'G', 'O']
C25497868,['G', 'G', 'O']
C62723189,['G']
C32501028,['O', 'G']
C19313354,['G', 'G', 'G', 'G']
C63933778,['G', 'G', 'G']
C40546215,['G', 'G', 'G', 'G', 'O']
C41058311,['G', 'O', 'G', 'G']
C48847348,['O', 'G', 'G', 'G', 'G']
C03177914,['-']
C44925925,['G', 'G', 'G']
C67574308,['G', 'G', 'G', 'G', 'G', 'G']
C08283303,['G', 'O', 'G', 'G', 'G', 'G', 'G', 'O']
C62874573,['G', 'O', 'G', 'G']
C20218263,['G', 'G', 'G', 'G', 'G', 'G']
C03876666,['G', 'O', 'G']
C32105656,['G', 'G']
C66588483,['G', 'G', 'G', 'G', 'G']
C37690752,['G', 'O']
C04974072,['G', 'G', 'O']
C48839614,['G', 'G', 'G', 'G']
C33827291,['G', 'G', 'O']
C08600375,['G', 'G', 'G', 'G', 'G', 'G', 'G', 'G', 'G']
C50918664,['O', 'G', 'G', 'O']
C05881821,['G', 'G', 'G']
C44925151,['G', 'G', 'O']
C36262172,['G', 'G']
C18325247,['G', 'G', 'G', 'O']
C44925114,['G', 'O', 'O']
C01786863,['G', 'G', 'G', 'G', 'G']
C34198910,['-']
C65344734,['G', 'G']
C44925012,['G', 'G', 'O']
C03359232,['G', 'G']
C12931181,['G', 'G', 'G', 'G', 'G']
C20218264,['G', 'G', 'G', 'G', 'G', 'G']
