CHEMBL29424,['G', 'G', 'G', 'O', 'G', 'G', 'G']
CHEMBL29500,['G', 'G', 'G']
CHEMBL1224098,['G', 'G']
CHEMBL282093,['G', 'G', 'G']
CHEMBL29562,['O', 'G', 'G']
CHEMBL30091,['G', 'G', 'O']
CHEMBL282839,['G', 'G', 'G']
CHEMBL409468,['G', 'G', 'G', 'G', 'G']
CHEMBL408897,['G', 'G', 'G', 'G', 'G']
CHEMBL313387,['G', 'G', 'G']
C04138141,['G', 'G', 'G']
CHEMBL281694,['G', 'G', 'G', 'G']
CHEMBL117306,['G', 'O', 'G']
CHEMBL151042,['O', 'G', 'G', 'G']
CHEMBL278492,['G', 'G', 'G']
CHEMBL325894,['G', 'G', 'G']
CHEMBL110331,['G', 'G', 'G']
CHEMBL171335,['G', 'G', 'G']
CHEMBL420628,['G', 'G', 'G']
C01039846,['G', 'G', 'G']
C21956889,['O', 'G', 'G', 'O']
CHEMBL70478,['G', 'G', 'G', 'G']
CHEMBL296447,['G', 'G', 'G']
C02917952,['G', 'O']
CHEMBL38368,['G', 'G', 'G']
CHEMBL516680,['G', 'G', 'G', 'G']
C06676582,['G', 'G', 'G', 'G', 'G']
CHEMBL273420,['G', 'G']
CHEMBL290192,['O', 'G', 'G']
CHEMBL302266,['G', 'O', 'G', 'G']
C00135031,['G', 'G']
CHEMBL110382,['G', 'G', 'G']
C41090291,['G', 'O', 'G', 'G']
CHEMBL42485,['G', 'G', 'G']
C06590186,['G', 'G', 'G']
C62926485,['G', 'G', 'G']
CHEMBL261429,['G', 'G', 'G']
CHEMBL463232,['G', 'G', 'G']
C37210628,['G', 'G', 'O', 'O']
C63227812,['G', 'G', 'G', 'G', 'G', 'G', 'G']
C49964011,['G', 'G', 'G', 'G']
C62143820,['G', 'G', 'G']
C09148831,['O', 'O', 'O', 'G', 'G']
C37629201,['G', 'G']
C01515930,['G', 'G']
C37282607,['G', 'O']
C67353240,['O', 'G', 'G', 'O']
CHEMBL1223901,['G', 'G', 'G']
C60565511,['O', 'G', 'G', 'O', 'G']
CHEMBL316823,['G', 'G', 'G']
CHEMBL143653,['O', 'O']
C08682908,['G', 'G', 'O', 'G']
C50083463,['G', 'G', 'G', 'G', 'G', 'G', 'G']
C14473852,['G']
C40787062,['G', 'G', 'G', 'G', 'G', 'O']
C21800455,['O', 'G', 'G']
C09156193,['O', 'G', 'G']
C01725012,['G', 'G', 'G']
C19964556,['O', 'G']
C22146844,['G', 'G', 'G', 'G']
CHEMBL563,['G', 'O', 'G']
C42015695,['G', 'G']
C05775753,['G', 'O', 'G', 'G', 'G']
C04999779,['O', 'O', 'G', 'G']
C20617681,['G', 'O', 'O']
C04620587,['O', 'G', 'G', 'G', 'G']
C41507749,['G', 'G', 'G']
C02831139,['O', 'G', 'G']
C00426770,['G', 'O', 'G']
C02637188,['O', 'O']
C59005445,['G', 'G']
C20479244,['G', 'O', 'G']
CHEMBL549393,['G', 'G', 'G', 'G', 'G', 'G']
C00221862,['G', 'G']
C36976010,['G', 'G', 'O']
C37243651,['O', 'G', 'G', 'O']
CHEMBL320790,['G', 'G', 'O']
C04999777,['G', 'O', 'O', 'G']
C11958971,['G', 'G', 'G', 'G']
C48579726,['G', 'O', 'G']
C06191596,['O', 'G', 'G']
CHEMBL424063,['G', 'G', 'G']
C53992661,['O', 'G', 'G']
C54415780,['O', 'G', 'G']
C05729011,['G', 'G', 'G']
C05799848,['G', 'G', 'G', 'O', 'O']
C43666974,['G', 'G', 'G']
C38001709,['G', 'G', 'O']
C05776128,['G', 'G', 'G']
C04653893,['G', 'G']
C39980400,['G', 'G', 'G']
C61534740,['G', 'O', 'G']
C13838009,['O', 'G', 'G', 'O']
C61691264,['G', 'G', 'G', 'O']
C12113605,['O', 'G', 'G', 'O']
C00401054,['G', 'G', 'O']
C02570249,['G', 'O', 'G']
C61691270,['G', 'G', 'G', 'G']
C49036304,['G', 'O', 'G', 'O', 'O']
C54440094,['G', 'G', 'G']
C19962040,['G', 'G']
C22897208,['O', 'G', 'G', 'G', 'G']
C55036791,['G', 'G', 'G', 'G']
C62335315,['G', 'G']
C09473686,['O', 'G', 'G', 'G', 'G', 'G', 'G', 'G', 'O']
C56363146,['G', 'O', 'G']
C63008731,['G', 'G', 'G', 'G']
C13127597,['O', 'O', 'O', 'O']
C01877951,['G', 'G', 'G', 'G', 'G']
C63005410,['G', 'G', 'G', 'G', 'G']
C05562127,['G', 'O', 'O', 'G']
CHEMBL94939,['G', 'G', 'G']
C03921219,['G', 'G', 'O', 'G']
C50430506,['G', 'O', 'G', 'G']
C42432014,['G', 'G']
C32101578,['G', 'O']
C19994232,['G', 'G', 'G', 'O', 'O']
CHEMBL89429,['G', 'O', 'O']
C37532682,['G', 'G', 'G']
C66903391,['G', 'G', 'G']
C00442822,['G', 'G']
C20020097,['G', 'G', 'G']
C20483239,['G', 'G', 'O', 'G']
C36976267,['G', 'G', 'O']
C10911924,['G', 'G', 'G', 'G']
C32879096,['G', 'G', 'G', 'G', 'G', 'G']
CHEMBL143523,['G', 'G']
C54108048,['G', 'O']
C60382271,['G', 'G', 'O', 'G']
C43666646,['G', 'G']
CHEMBL224400,['G', 'G', 'G']
C36990053,['G', 'O', 'O']
C56694881,['G', 'G', 'G', 'G', 'G', 'G', 'G']
C35892862,['G', 'G', 'O', 'G', 'G', 'G', 'G']
C47294644,['G', 'G', 'G', 'O', 'O', 'O']
C16400529,['O', 'G']
CHEMBL457332,['G', 'G', 'G']
C41148494,['O', 'O', 'G']
C28437873,['O', 'G', 'O']
C05331436,['O', 'G', 'G', 'G']
C36910693,['O', 'G', 'G']
C19844831,['O', 'O', 'G']
C00407631,['O', 'G', 'G', 'G', 'G']
C41507735,['G', 'G', 'G']
C64369897,['G', 'G']
C61094661,['O', 'O', 'O']
C04975191,['G']
C40226062,['O', 'G']
C00196588,['G', 'G', 'O', 'O']
C50042150,['G', 'G', 'G']
C39291267,['G', 'G', 'G']
CHEMBL122,['G', 'G', 'G']
C45333899,['G', 'G', 'G']
CHEMBL326335,['G', 'G', 'G']
C35019037,['G', 'G', 'O', 'G', 'G']
C61692653,['G', 'G']
C39540728,['O', 'G', 'G', 'G']
C35342921,['G', 'G']
C38108724,['G', 'G', 'O']
CHEMBL75896,['G', 'G', 'G', 'O']
C02831138,['O', 'O', 'G']
CHEMBL299794,['G', 'G', 'O']
C14456304,['G']
C53749981,['G', 'G', 'G']
C00091865,['G', 'G', 'O']
C50743558,['G', 'G', 'G', 'G', 'G']
C30896399,['G', 'G', 'G', 'G', 'G']
C55243069,['G', 'G']
C06785977,['G', 'G', 'G', 'G', 'G']
C44201143,['G', 'G', 'G', 'G']
C00651431,['G', 'G']
C11895974,['G', 'G', 'G', 'O']
C53783498,['G', 'G', 'G', 'G']
C01007542,['O']
C40243344,['G', 'G']
C24744754,['G', 'O', 'G', 'G', 'G', 'O']
C37055743,['G', 'G', 'G', 'O', 'O']
C65348061,['G', 'G']
C48631283,['O']
C25765254,['G', 'G', 'G']
C44446238,['G', 'G', 'G', 'G', 'O', 'G']
CHEMBL428710,['G', 'G', 'G']
C35630737,['O', 'G', 'O', 'G', 'G']
C08587383,['G', 'G', 'O']
C61146946,['G', 'G']
C50039290,['O', 'G', 'G']
C49122601,['G', 'O', 'G']
C03906261,['G', 'O', 'G']
C42401660,['G', 'G', 'O', 'G', 'G', 'G']
C43666625,['G', 'G']
C31084930,['G', 'G', 'O', 'O']
C40264985,['G', 'G']
C57659974,['G', 'G', 'G']
C43398894,['O', 'G']
C37530822,['G', 'O', 'G']
C35700109,['O', 'G', 'O', 'G']
CHEMBL341652,['G', 'G']
CHEMBL473946,['G', 'G', 'G', 'G']
C05377362,['G', 'G']
C46017362,['G', 'G', 'O']
C48963059,['G', 'G', 'O']
C62137342,['G', 'G', 'G']
CHEMBL286490,['G', 'G', 'G']
C50042243,['G', 'G', 'G']
C62143214,['G', 'G', 'G']
C36976417,['G', 'O', 'O']
C37248185,['G', 'G', 'G', 'G', 'O', 'O']
C53782413,['G', 'G', 'G']
C48364825,['G', 'O', 'O']
C30799941,['G', 'G']
C25572261,['G', 'G', 'G']
C62041337,['O', 'O', 'G']
C37070032,['G', 'G', 'O']
C47751425,['O', 'O', 'G', 'G', 'G']
C04656019,['G', 'G', 'O']
C50129058,['G', 'G', 'G']
C65699355,['G', 'G', 'G', 'G', 'G', 'O', 'G', 'G']
C36913297,['G', 'G']
C65788872,['G', 'G', 'G', 'O', 'G', 'O', 'G']
C14075311,['O', 'G', 'G', 'G']
C27664022,['G', 'G', 'G']
C15566436,['G', 'G', 'G', 'G', 'G', 'O']
CHEMBL562791,['G', 'G', 'G', 'G']
C37286131,['G', 'G', 'G']
C49187756,['O', 'G', 'G', 'G', 'G', 'G', 'G']
C44028465,['G', 'O', 'G']
C19228967,['G', 'G']
C48631108,['G', 'O']
C52137298,['G', 'G', 'O']
C63436169,['G', 'G', 'O', 'G', 'G']
C37422487,['O', 'G', 'G']
C50046466,['G', 'G', 'G']
C21500169,['G', 'G', 'O']
C00125671,['G', 'O']
C24107047,['G', 'G', 'G']
C37676545,['G', 'O']
C49465412,['O', 'G', 'O', 'G', 'G']
C40941127,['G', 'G']
C20479480,['G', 'O']
C41678656,['G', 'G', 'G', 'G']
C04323989,['G', 'G', 'G']
C49342025,['G', 'G', 'G']
C00221864,['G', 'G']
C42291571,['G', 'O', 'O']
C41070965,['G', 'G']
C37508502,['O', 'O', 'O']
C37154045,['G', 'G']
C13135563,['G', 'G']
C42048512,['G', 'G', 'G', 'G', 'G']
C62335255,['G', 'G']
C38755653,['G', 'G', 'G', 'G']
C40243286,['G', 'G']
C29476768,['G', 'G', 'G', 'O', 'G']
C43667198,['G', 'G', 'G']
C40257815,['G', 'G']
CHEMBL344837,['G', 'G']
C57994753,['G', 'G', 'G', 'G', 'G']
C54218732,['G', 'G', 'G', 'G']
C39535150,['G', 'G', 'G', 'G']
C43648557,['G', 'G', 'G', 'G', 'G', 'O']
C00977629,['O', 'G', 'G', 'G']
CHEMBL405123,['G', 'G', 'G', 'O', 'O']
C41957785,['G', 'G', 'G', 'G', 'G', 'G']
C44982256,['G', 'G']
C36153852,['G', 'G', 'G', 'O']
C36841589,['G', 'G', 'G']
C20581780,['O', 'O']
C40264931,['G', 'G']
C37154862,['O', 'G']
C39931168,['G', 'O']
C40242677,['O', 'G', 'G']
CHEMBL142650,['G', 'O']
C20478257,['G', 'G', 'G', 'O']
C41062206,['G', 'G', 'G', 'G']
C50541060,['G', 'G', 'O']
C61860927,['G', 'G']
C20479340,['O', 'G', 'G', 'O']
C50526448,['G', 'G']
CHEMBL88549,['G', 'G', 'G']
C43560687,['G', 'G', 'G']
C50329596,['G', 'G']
C38052217,['G', 'G', 'G', 'O']
C35811323,['G', 'G', 'G', 'G']
C36379595,['G', 'G']
C07308999,['G', 'G', 'G', 'O']
C62431836,['O', 'G']
C11157581,['O', 'O']
C39955554,['G', 'O']
C30267111,['O', 'G']
C63047293,['O', 'O', 'G']
C06757795,['G', 'G']
C35580085,['O', 'O', 'G']
C04455701,['G', 'G', 'G', 'G', 'O']
C37279178,['G', 'G', 'G', 'G', 'G']
C66844806,['O', 'G', 'G', 'G']
C51039654,['G', 'O']
C42304631,['G', 'G', 'O']
C62772845,['G', 'G', 'G', 'G']
C61719793,['G', 'G']
C50200868,['O', 'G', 'G', 'G', 'O', 'G']
C40265059,['G', 'G', 'G']
C08579886,['O', 'G']
C00398686,['G', 'G']
C08746995,['G', 'O', 'G']
C08297883,['G', 'G', 'G', 'O', 'O']
C63911706,['G', 'G', 'G', 'G']
C40241821,['G', 'G']
C40264990,['G', 'G']
C66710683,['G', 'O', 'G']
C20477390,['O', 'G']
C40242767,['G', 'G', 'G']
C09151444,['G', 'G', 'G', 'G', 'G']
C62772449,['G']
C42329858,['G', 'G', 'O']
C63810581,['G', 'G', 'O', 'G', 'G', 'O']
C08342248,['G', 'G', 'G', 'O', 'G']
C52811584,['G', 'G']
C66146133,['G', 'G']
C09244935,['G', 'G', 'G', 'O', 'G']
C37879309,['O', 'O', 'G', 'G']
C43665459,['G', 'G']
C25730287,['O', 'G', 'G', 'G', 'G']
CHEMBL272627,['G', 'G', 'G', 'G', 'G']
C01741867,['G', 'G', 'G', 'O']
C62354538,['O', 'O']
C30848025,['G', 'G', 'G']
C20555627,['G', 'G', 'G']
C25436308,['G', 'G']
C62926486,['G', 'O', 'G']
C50954426,['G', 'G', 'G', 'G', 'O']
C19918297,['G', 'O', 'O']
CHEMBL278392,['G', 'G', 'G']
C22114826,['O']
C49184556,['G', 'G', 'G', 'O']
C16928447,['G', 'G']
C37206884,['G', 'G']
C49412557,['G', 'O', 'G', 'G', 'O']
C40242863,['G', 'G', 'G']
C21816593,['G', 'G', 'G']
C48566195,['G', 'O', 'O']
C32899382,['G', 'O', 'O', 'O', 'G']
C40260293,['G', 'G']
C19908094,['O', 'G']
C44257086,['G', 'G', 'G']
CHEMBL551419,['G', 'G', 'G', 'G', 'G']
C51173044,['G', 'G']
C54910023,['G', 'O', 'G']
C43666770,['G', 'G']
C04304806,['G', 'G', 'O']
C00666584,['G', 'O', 'G']
C40242882,['O', 'G', 'G']
C50358808,['G', 'G', 'O']
C63014143,['G']
C20478252,['G', 'G', 'G', 'O']
C05732969,['G', 'G', 'G', 'O']
C37384244,['G', 'G', 'G']
C21016615,['O', 'G']
C64820083,['O', 'O', 'G', 'G']
C61099065,['G', 'G', 'O']
C62240026,['G', 'G']
C48132488,['O', 'G', 'G']
C53787304,['G', 'G', 'G']
C35379369,['G', 'O']
C04821485,['O', 'G']
C62143311,['G', 'G', 'G']
CHEMBL344085,['O', 'O']
C49237547,['O', 'G', 'G', 'O']
C48502409,['G', 'G', 'O']
CHEMBL108201,['G', 'G', 'G', 'G']
C39538536,['G', 'G', 'G', 'G', 'G']
C01692048,['-']
C37372896,['G', 'G', 'G']
C57743274,['G', 'O', 'G']
C52945465,['G', 'G', 'G']
C61640584,['G', 'G', 'G', 'G']
C36302520,['G', 'G', 'G']
C61093447,['G', 'G', 'G']
C07031172,['G', 'O', 'O']
C05155527,['G']
C67601617,['G', 'G', 'G', 'O', 'G', 'O', 'G', 'G']
C49853187,['G', 'O', 'G']
C40304838,['G', 'G', 'G']
C02125308,['O', 'G', 'G', 'G', 'G']
C08503834,['G', 'G', 'G', 'G']
C15018077,['G']
C49840801,['G', 'G', 'G']
C08781915,['O', 'G', 'G', 'G', 'G', 'G']
C61872818,['G', 'G']
C36919499,['G', 'G', 'O', 'G', 'G']
C66578101,['O', 'G', 'G', 'G']
C40257676,['G', 'G', 'G', 'G']
C40257912,['G', 'G']
C44025997,['G', 'O']
C43597126,['O', 'G', 'O']
C16578597,['G', 'G', 'G']
C50337758,['G', 'G', 'O', 'G']
C36698802,['G', 'G', 'G', 'G']
C17316209,['G', 'G', 'O', 'O', 'G', 'O']
C51638059,['G', 'G']
C63103352,['G', 'G']
C55333803,['G', 'O', 'G']
C66776359,['O', 'G', 'O', 'G']
C66363697,['G', 'G', 'G', 'G', 'G', 'O', 'G']
C20436639,['G', 'G', 'O']
C40820409,['G', 'O', 'G']
C48810936,['G', 'G', 'O', 'G', 'G', 'G']
C20431752,['G', 'G', 'G']
C00426778,['G', 'O', 'G']
C42304637,['G', 'O', 'O']
C54238566,['G', 'G', 'G']
CHEMBL200812,['O', 'G', 'G', 'G']
C09714058,['G', 'G', 'G']
C67046079,['G', 'G', 'G', 'G', 'G', 'O']
C21310292,['G', 'G', 'O', 'G']
C40243402,['G', 'G']
C35247383,['G', 'G', 'G', 'G']
C59386332,['G', 'O']
C50337842,['G', 'G', 'G']
C01697167,['G', 'G']
C54214207,['G', 'G']
C64085611,['G', 'O', 'O', 'G']
CHEMBL19056,['G', 'G', 'G']
C09440674,['O', 'G', 'G', 'O']
C36668631,['G', 'G', 'G']
C40270296,['G', 'G', 'G']
C03307495,['G', 'G', 'G', 'G', 'G', 'G']
C03124465,['O', 'G']
C42366827,['G', 'G', 'G']
C04944180,['G', 'G', 'G']
C49546722,['O', 'G', 'G']
C02536539,['O', 'O', 'O']
C66335187,['O', 'G', 'G', 'G', 'G']
C19944594,['G', 'G', 'G']
C40261027,['G', 'G']
C06702679,['G', 'G', 'G']
C66254404,['G', 'G', 'G']
C50212114,['G', 'G', 'O']
C02617509,['G', 'O', 'G', 'G']
C41702956,['G', 'G']
C58273000,['G', 'O', 'G', 'G', 'G', 'G']
C49281185,['G', 'O', 'G', 'O', 'G']
C51635585,['G', 'G', 'O']
C03177068,['G', 'G', 'G']
C40272321,['G', 'G']
C48794504,['G', 'G', 'O', 'G', 'O', 'G', 'G']
C47321089,['G', 'G', 'G', 'O']
C67054623,['G', 'G', 'G', 'G', 'G', 'G', 'G']
C36990070,['O', 'G']
C20752787,['G']
C54237593,['G', 'G', 'G']
C37528873,['G', 'G', 'G', 'G']
C31787734,['G', 'G', 'G', 'G']
C61873265,['G', 'O', 'G']
C63044063,['O', 'G', 'G']
C40244068,['G', 'G']
C67448227,['G', 'O']
C02778499,['O', 'G', 'G', 'G']
C20478254,['G', 'G', 'G', 'O']
C20478739,['G', 'G', 'G', 'O']
C43307863,['G', 'G', 'G', 'G', 'O', 'G']
C50340072,['G', 'O', 'G']
C36963743,['G', 'G']
C27837126,['G', 'O', 'O']
C61874138,['G', 'G', 'G', 'G', 'G']
C48790947,['G', 'G', 'G']
C65480749,['G', 'O', 'G', 'G', 'G', 'G', 'G', 'G', 'G']
CHEMBL296220,['G', 'G', 'G', 'G']
C50329435,['G', 'G']
C37488534,['G', 'G', 'O', 'G']
C05740731,['G', 'O', 'O', 'O']
C37976495,['G', 'G', 'G', 'G', 'G']
C58605750,['G', 'G', 'G', 'G']
C26618215,['G', 'O', 'O', 'G', 'G', 'G', 'G', 'O']
C41695233,['O', 'G', 'G', 'G']
C43560649,['G', 'G', 'G']
C45393747,['O', 'G', 'O', 'G', 'G']
C33689701,['G', 'O', 'G', 'G', 'G']
C39955445,['G', 'G', 'G', 'G', 'G']
C48770457,['G', 'G']
C01368133,['G', 'G', 'G', 'G', 'G']
C40257825,['G', 'G']
C40257678,['G', 'G', 'G', 'G']
C40884412,['O', 'G']
C37309138,['G', 'G', 'O']
C53787265,['G', 'G', 'G']
C52486810,['G', 'O', 'G']
C01291410,['G', 'O', 'G']
C37422158,['G', 'O']
C01857183,['G', 'G']
C20567350,['O', 'G', 'O']
C11734503,['G', 'G', 'G', 'G']
C01762177,['G', 'G']
C04483698,['O']
C61117890,['G', 'O']
C41357956,['G', 'G']
C65105818,['G', 'G', 'G', 'G', 'G', 'G']
C19961966,['G', 'G', 'G']
C40242617,['G', 'G', 'G']
C21009934,['G', 'G', 'O']
C36399023,['G', 'O']
C65259544,['O', 'O', 'G', 'G']
C01387049,['G', 'O']
C58420196,['G', 'G', 'O', 'G']
C36278623,['G', 'G', 'G', 'G']
C40245355,['G', 'O']
C08951352,['G', 'G']
C40242778,['O', 'G', 'G']
C37422346,['O', 'O']
C04973831,['G', 'O', 'O', 'O']
C09235019,['G', 'G', 'G', 'O', 'O', 'G']
C53782692,['G', 'G', 'G', 'G']
C07602174,['O', 'O', 'G', 'G']
C38106866,['G', 'G', 'G']
C63001139,['G', 'O']
C65351260,['G', 'G']
C40544952,['O', 'O', 'G']
C40723934,['O', 'G', 'G']
C13803160,['O', 'G', 'O', 'G', 'G']
C34979365,['G', 'G', 'O', 'G']
C57467590,['G', 'G', 'O', 'G', 'G']
C54181334,['G', 'G', 'G']
C37235003,['G', 'G', 'G', 'G']
C19979942,['O', 'G', 'G']
C40241702,['G', 'G']
C51814318,['G', 'G', 'G']
C52890756,['G', 'G', 'G', 'G', 'G']
C19723909,['G']
C26451472,['G', 'G']
C20044829,['G', 'O', 'O']
C41569731,['O']
C42418491,['G', 'G', 'G']
C47042390,['O', 'G', 'G', 'G']
C20368546,['G', 'O']
C43679033,['G', 'G']
C37248304,['O', 'G', 'G']
C63899941,['G', 'G', 'G']
C52998824,['G', 'G', 'G']
C42412941,['G', 'G', 'G']
C43406380,['G', 'G']
C49157786,['G', 'G', 'G', 'G', 'G']
C67090714,['G', 'G', 'O', 'G', 'O']
C10924873,['G', 'G', 'O']
C02619151,['G']
C54237974,['O', 'G', 'G']
C49084969,['G', 'G', 'G']
C65651964,['G', 'G', 'G', 'G']
C40887127,['G', 'G', 'G']
C52123958,['O', 'G', 'G']
C61815198,['O', 'G']
C61693767,['O', 'G']
C46541118,['G', 'G', 'G', 'G']
C31887852,['G', 'G']
C41630843,['G', 'G', 'G', 'G', 'G', 'G', 'O']
C36244651,['G', 'G']
C44270667,['G', 'G']
C01973088,['G', 'G', 'O']
C57782965,['G', 'G', 'G', 'G', 'G', 'G', 'G']
C53108373,['G', 'G', 'G', 'G', 'O']
C51987512,['O', 'O']
C61874302,['G', 'G', 'O', 'G']
C49477279,['G', 'G', 'G', 'G', 'G']
CHEMBL91118,['G', 'G', 'G']
C62765319,['G', 'G', 'O']
C30558749,['O', 'G', 'G', 'G', 'G']
C09802052,['O', 'G', 'O', 'G', 'O']
C44241918,['G', 'O']
C49517313,['G', 'G', 'G', 'O']
C27029978,['G', 'G', 'O']
C40285532,['G', 'G']
C48563707,['O', 'G', 'O', 'O']
C62188922,['G', 'G', 'G']
C41017036,['G', 'O', 'G', 'G']
C62340347,['G', 'G', 'G']
C54186208,['G', 'G', 'G', 'G']
C44490625,['G', 'G', 'O']
C50127838,['G', 'G', 'O']
C32936373,['G', 'O', 'G', 'G', 'G']
C50047376,['O', 'O']
C18213122,['O']
C48639700,['G', 'O', 'G']
C20551772,['G', 'G', 'G']
C49755950,['G', 'G', 'O', 'G', 'G']
C36964488,['G', 'G']
C01684931,['G', 'G', 'O']
C41039255,['G', 'G', 'O', 'G', 'G']
C53782589,['G', 'G', 'O']
C67120324,['O']
C35356963,['G', 'G', 'G']
C67145319,['G', 'G', 'G']
C38001781,['G', 'G', 'G']
C09834023,['G', 'G', 'G', 'G']
C65586255,['O', 'G', 'O']
C20540676,['G', 'G']
C51850017,['G', 'O', 'O']
C04811197,['G', 'G', 'G', 'O']
C49569427,['G', 'G']
C01830790,['G', 'G', 'G', 'G']
C48627300,['G', 'G', 'G']
C42630977,['G', 'G', 'G', 'O']
C63836935,['G', 'G']
C37129218,['G', 'G', 'G']
C11729825,['G', 'G', 'O']
C40462049,['O', 'O', 'O', 'O']
C43662674,['O', 'G', 'G']
C40692360,['O', 'G', 'G']
C54185713,['G', 'G']
C06113089,['G', 'G', 'G', 'O']
C42352595,['G', 'G']
C36934458,['G', 'G', 'O', 'O']
C37055554,['G', 'G', 'G', 'O', 'G']
C66802384,['G', 'O', 'G', 'O', 'G', 'G']
C03233536,['G', 'O']
C16642088,['O', 'O', 'G', 'G']
CHEMBL306946,['-']
C67357950,['G', 'O', 'G', 'G', 'G']
C40261109,['G', 'O']
C53786070,['G', 'G', 'G', 'G']
C02564239,['G', 'O', 'G']
C01216960,['O', 'G', 'O', 'G']
C62898720,['O', 'G', 'G', 'G', 'G']
C58568413,['G', 'G', 'G', 'O', 'O']
C40241813,['G', 'G']
C37370135,['G', 'G', 'O']
C38971238,['G', 'G', 'G']
C50361416,['G', 'G', 'G', 'O']
C50973225,['G', 'G']
C21791332,['G', 'G', 'G']
C55037566,['G', 'G', 'G', 'G']
C62933794,['G', 'G', 'O', 'G']
C41989037,['O', 'G', 'O', 'G', 'G', 'G']
C00210976,['O', 'G', 'G', 'O']
C41679207,['O', 'G', 'G', 'O']
C42135682,['G', 'G']
C25665868,['G', 'G', 'G']
C36933873,['G', 'O', 'O']
C67259670,['G', 'G', 'G', 'G', 'O', 'G', 'G']
C37288598,['G', 'G', 'G', 'G', 'G']
C42304616,['G', 'O', 'O']
C67369083,['G', 'O', 'G']
C67259873,['G', 'G', 'G']
C37055667,['G', 'G', 'G', 'G']
C53170745,['G', 'G', 'G']
C37502973,['G', 'O', 'G', 'O']
C36973201,['O', 'O']
C50046901,['O', 'G', 'G']
C57637908,['G', 'G', 'G', 'O']
C37422702,['G', 'O']
C61099802,['O', 'G']
C48697805,['G', 'G', 'G', 'O', 'G']
C36879912,['G', 'O', 'G']
CHEMBL550473,['G', 'G', 'G', 'G', 'G']
C37940277,['G', 'G', 'G', 'G']
C41382805,['G', 'G']
C34990268,['G', 'G', 'G', 'G', 'O']
C61889701,['G', 'G', 'G']
C40273741,['G', 'G']
C05505958,['O', 'G']
C50726741,['G', 'G', 'G', 'G']
C19787618,['G', 'O', 'G']
C36951975,['G', 'G', 'O']
C43560592,['G', 'G', 'O']
C62143550,['G', 'G', 'G']
C12658413,['O', 'G', 'O', 'G', 'G']
C02720037,['G', 'G', 'G', 'G', 'O']
C51173030,['G', 'G']
C61577009,['G', 'G']
C27526212,['G', 'O']
C36814247,['G', 'G']
C51331023,['G', 'G', 'O']
C62239922,['G', 'G']
C67259682,['G', 'G', 'G', 'G', 'G', 'G', 'G']
C62137165,['G', 'G', 'G', 'G']
C61825013,['G', 'G', 'G', 'O', 'O']
C47824157,['G', 'O', 'O', 'G']
C57796849,['O', 'O']
C13732354,['G', 'G']
C37296803,['G', 'G', 'G', 'O']
C37911644,['O', 'G', 'G']
C49972901,['G', 'G', 'G', 'G', 'G']
C45447232,['G', 'G']
C48289031,['G', 'O', 'G']
C54824709,['G', 'G']
C06765432,['G', 'G', 'G']
C63061509,['G', 'G']
C41127303,['O', 'G']
C52986773,['O', 'G', 'G', 'G']
C40785797,['G', 'G']
CHEMBL293122,['G', 'G', 'O']
C00189044,['O']
C06115456,['G', 'G', 'G']
C37998657,['G', 'O', 'G', 'G', 'G']
C49303628,['G', 'G']
C35651929,['G', 'G']
C20267802,['G', 'O', 'O']
C62561205,['G', 'G', 'G', 'G']
C36867908,['G', 'G', 'G']
C36854631,['O', 'G', 'G']
C04491417,['G', 'G', 'G']
C15867322,['G', 'G']
C53782001,['G', 'G', 'G']
C42811256,['G', 'G', 'G']
C39738666,['G', 'G', 'G', 'G', 'G']
C08745980,['O', 'G']
C00861847,['G', 'G', 'G', 'G', 'O']
C62143730,['G', 'G', 'G']
C38537886,['O', 'O']
C20368571,['G', 'O', 'G']
C49729166,['G', 'O', 'G', 'O']
C62509841,['O', 'G']
C62764533,['G', 'G', 'O']
C42656815,['G', 'G', 'O', 'G', 'G', 'G']
C09014231,['G', 'O', 'G']
C37010357,['G', 'G', 'G']
C63602554,['G', 'O', 'O', 'G', 'O']
C27829858,['G', 'G', 'O']
C00405984,['G', 'G', 'O']
C37506971,['G', 'G', 'G', 'G']
C50429074,['G', 'G']
C19999536,['G', 'G', 'G', 'O']
C00480777,['G', 'O']
C37532476,['G', 'G', 'G']
C34797302,['G', 'G', 'G', 'G', 'G', 'G']
C61368129,['G', 'O', 'O', 'G']
C15647559,['G', 'G', 'O', 'O', 'G', 'O']
C40271748,['G', 'G']
C40242482,['G', 'G']
C00087396,['G', 'G', 'G']
C03484381,['G', 'G', 'O', 'G', 'O', 'O']
C49853112,['G', 'G', 'O', 'O']
C20594280,['O']
C48810005,['G', 'O', 'G', 'G']
C37205442,['O', 'G', 'O']
C25759464,['G']
C49853185,['G', 'G', 'G']
C50129491,['G', 'G', 'O']
C66794860,['G', 'G', 'G']
C62142099,['G', 'G', 'G']
C50346469,['G', 'G', 'G', 'G']
C66845148,['G', 'G', 'G']
C37845541,['G', 'O', 'G']
C20077789,['G', 'G']
C49916156,['G', 'G', 'O']
C48629070,['O', 'G']
C37773085,['G', 'G', 'G']
C48327255,['G', 'G', 'G', 'G']
C61481640,['O', 'O', 'G', 'G', 'G']
C44318015,['G', 'O']
C07039477,['O', 'G']
C36954719,['G', 'G', 'O']
C37672643,['G', 'O', 'O']
C53786585,['G', 'G', 'G']
C43668739,['G', 'G']
C62143549,['G', 'G', 'G']
C52225081,['O', 'O', 'G']
C11139987,['G', 'G', 'G', 'G', 'G', 'G']
C54185668,['G', 'G']
C40245905,['G', 'G', 'G']
C40245278,['G', 'G']
C49546720,['G', 'O', 'G']
C55494348,['G', 'G', 'G', 'O']
C41021203,['G', 'O']
C40542347,['G']
C50866902,['G', 'G']
CHEMBL563322,['G', 'G', 'G', 'G', 'G']
C10613056,['G', 'O', 'G', 'O']
C62764505,['G', 'O', 'O']
C37243796,['G', 'G', 'G']
C09668844,['G', 'G', 'G', 'G', 'G']
C45886948,['G', 'G', 'G']
C62615880,['G', 'G', 'G']
C40542345,['O']
C01254898,['G', 'G', 'G', 'G', 'G', 'G', 'G', 'G']
CHEMBL33957,['G']
C44731443,['G', 'G', 'G', 'G']
C02727062,['G', 'G', 'G', 'G']
C35515758,['G', 'O', 'G']
C63760713,['G', 'G']
C26927813,['G', 'G', 'O']
CHEMBL161728,['O', 'O', 'G']
C39314946,['G', 'O', 'G', 'G']
C13112350,['G', 'O', 'G', 'G', 'G']
C03882351,['O']
C04188727,['O', 'G', 'G', 'G']
C02701704,['G', 'G']
C33500618,['G', 'G', 'G', 'G']
C42010481,['G', 'G', 'G']
C61322215,['O', 'G', 'G']
C49542952,['G', 'O', 'O', 'O']
C42331445,['G', 'O', 'G', 'G', 'O']
C43659197,['G', 'G']
C48640232,['O', 'O']
C48854830,['G', 'O', 'G', 'G', 'O']
C00053314,['G', 'G']
C61851155,['O']
C49047894,['G', 'G', 'O', 'G']
C66408663,['G', 'G', 'O']
C49014832,['G', 'G', 'G']
C43580646,['O', 'O', 'O', 'G', 'G', 'G']
C44824284,['G', 'G', 'G', 'G', 'G', 'G']
C48546623,['O', 'O']
C20092081,['G', 'O', 'G']
C16969595,['G', 'G', 'G', 'O']
C51393370,['G', 'G', 'G', 'O']
C06760533,['O']
C00091377,['O', 'O']
C20544703,['O', 'G', 'G']
C39313358,['G']
C40333689,['G', 'G', 'O', 'G']
C40226084,['O', 'G']
C09350310,['G', 'G', 'O']
C50329571,['G', 'G', 'G']
C37296801,['G', 'G', 'G', 'G', 'O']
C42117130,['O', 'O']
C42418165,['G', 'G', 'G', 'G', 'G']
C00085983,['G', 'G', 'O']
C50328736,['G', 'G']
C40510380,['G', 'G']
C62118080,['G', 'G', 'G', 'O']
C48431225,['G', 'O', 'O', 'G', 'G']
C11454920,['O', 'G']
C61495683,['G', 'G', 'G', 'G', 'G']
C58174580,['G', 'G', 'G']
C29343559,['G', 'O', 'G', 'G']
C40241824,['G', 'G']
C49601073,['G', 'G', 'G', 'G']
C03477151,['G', 'O', 'G']
C10312148,['G', 'G', 'G', 'G']
C62141790,['G', 'G', 'G']
C36244685,['G', 'G']
C19848308,['G']
C48912215,['G', 'G', 'G']
C01732368,['G', 'G', 'O']
C16400527,['O', 'G']
C42801726,['O']
C00390130,['G', 'O', 'G']
C62321759,['O', 'G']
C61585596,['G', 'G', 'G']
C39347136,['G', 'G', 'G', 'G']
C38240490,['G', 'G', 'G', 'G', 'G']
C01613006,['G', 'G']
C00035595,['G', 'G']
C44353417,['G', 'G']
C40247669,['G', 'G']
C37149640,['G', 'G']
C00221602,['G', 'G']
C52122025,['G', 'G', 'G']
C05196188,['G', 'O', 'O', 'G', 'G', 'G']
C42137090,['O', 'O', 'G']
C37206825,['G', 'O']
C40217258,['O', 'G', 'O', 'G']
CHEMBL8998,['G', 'G', 'G']
C35659279,['G', 'O', 'G', 'G', 'O']
C20560477,['G', 'G', 'O']
C62658946,['G', 'G']
C37247923,['G', 'G', 'G', 'O']
C49242235,['G', 'O', 'G', 'G', 'G', 'G']
C67341461,['G']
C53442182,['G', 'G', 'O', 'O', 'G']
C57385966,['G', 'O', 'O']
C48132471,['G', 'G', 'G', 'O']
C48910942,['G', 'O', 'G']
C50417089,['O', 'O', 'O']
C38157530,['G']
C44241971,['G', 'O', 'G']
C06520258,['O', 'O', 'O']
C39219126,['G', 'G', 'G']
C45511932,['G', 'O', 'G', 'G', 'G', 'O']
C50045426,['G', 'O', 'G', 'G']
C21028177,['G', 'G', 'O']
C61712248,['G', 'O']
C02925172,['G', 'G', 'G', 'G', 'G', 'G']
C29166636,['G', 'G', 'G', 'G', 'G', 'G', 'O', 'G']
C54857193,['O', 'O']
C07987442,['G', 'G', 'G', 'G', 'G', 'G']
C00048776,['O', 'O', 'O']
C52227111,['G', 'O', 'G']
C05054539,['G', 'G', 'G', 'G']
C66848490,['G', 'G', 'G']
C62360179,['G', 'G', 'G', 'G']
C04745405,['G', 'O', 'G', 'G']
C39989528,['O', 'G', 'G']
C37055988,['G', 'G', 'G', 'G', 'G', 'G']
C50266899,['G', 'G']
C08325521,['G', 'G', 'G', 'G', 'O']
C20181280,['G', 'G', 'O', 'G']
C06542923,['G', 'O', 'G', 'G']
C00171355,['G', 'G']
C36251721,['G', 'O']
C34972935,['G']
C49895728,['O', 'O']
C39072976,['G', 'G', 'G', 'G']
C48963049,['G', 'O', 'G', 'G']
C58734302,['G', 'G', 'G', 'O', 'G']
C63729477,['G', 'G', 'G', 'G']
C37186066,['G', 'G', 'G', 'G']
C39345235,['O', 'G', 'G', 'G', 'O']
C40242684,['G', 'G', 'G']
C36724008,['G', 'G', 'G', 'G']
C20589692,['O', 'G']
C41132058,['G', 'G', 'G']
C35342735,['G', 'G']
C02919067,['O', 'G']
C43554376,['G', 'G', 'G']
C20437106,['G', 'G', 'G']
C42245266,['G', 'O']
C62765854,['O', 'G', 'G', 'O']
C55352560,['O', 'O', 'G', 'G']
C07111373,['G', 'O', 'G', 'G', 'O']
C62722496,['O', 'O']
C49392305,['G', 'G', 'O']
C02147204,['O', 'G']
C51393367,['G', 'G', 'G', 'O']
C38574087,['G', 'G']
C41069716,['G', 'G', 'O']
C62708401,['O', 'G']
C37324546,['G', 'G']
C40260654,['G', 'G']
C59396449,['G']
C60478268,['G', 'G', 'G', 'G']
C61954162,['G', 'G', 'G', 'G', 'O']
C21806119,['G', 'O', 'O']
C49792120,['G', 'G', 'O']
C43575787,['O', 'G', 'O']
C41579091,['G', 'G', 'O']
C01079066,['G', 'G', 'G', 'G', 'G']
C59386662,['G']
C45016137,['O', 'G', 'G']
C37176910,['G', 'G', 'G', 'O']
C50328916,['G', 'G']
C36284133,['G', 'G', 'G']
C37057071,['G', 'G', 'G', 'O']
C00148098,['G', 'G']
C40282532,['G', 'G']
C01056042,['G', 'G']
C43536995,['O']
C02566898,['G', 'G', 'G']
C05489633,['G', 'G']
C42142978,['G', 'G', 'G']
C54526584,['G', 'G']
C37675502,['G', 'G', 'G', 'G']
C49045181,['G', 'O', 'G', 'G', 'G']
C34787667,['G', 'G', 'G', 'G', 'G']
C32123562,['G', 'G']
C36867759,['G', 'G', 'O']
C39219136,['G', 'G', 'G']
C62722479,['O', 'G']
C37485626,['G', 'G', 'G', 'G']
C48560256,['G', 'G']
C02172367,['G', 'G', 'G', 'G']
C40242576,['G', 'G', 'G', 'G']
C20436551,['G', 'O', 'G']
C34972152,['O']
C50329010,['G', 'G']
CHEMBL257103,['G', 'G', 'G', 'G']
C20504361,['G', 'G']
C04266738,['O', 'G', 'O', 'G']
C37070197,['O', 'G']
C41678567,['G', 'G']
C37089019,['O', 'G', 'G', 'O']
C43674231,['G', 'G', 'G', 'G', 'G']
C49061157,['G', 'G', 'G']
C42729106,['G', 'G', 'G']
C37767637,['G', 'G', 'O']
C49219226,['G', 'O', 'G']
C61863452,['G', 'O']
C06626377,['G', 'O', 'G', 'G']
C53972484,['G', 'G', 'G', 'G']
C01673995,['G', 'G']
C60389033,['G', 'G']
C18055144,['G', 'G', 'G', 'O']
C57933573,['G', 'G']
C49336124,['G', 'G', 'G']
C35232511,['G', 'G', 'G', 'G', 'G']
C34990448,['G', 'G', 'G', 'G', 'O', 'O']
C63647462,['G', 'G', 'G']
C40724356,['G', 'G']
C20476016,['G', 'G', 'O', 'G']
C36989470,['G', 'G', 'G']
C20091295,['G', 'G', 'G']
C07177405,['G', 'G', 'G', 'G']
C44562605,['G', 'G', 'O']
C39451101,['-']
C62772589,['-']
C62148462,['G', 'G', 'G']
C36860725,['G', 'G', 'G', 'G']
C02889985,['O', 'O']
C40292477,['G', 'G']
C20921164,['O', 'G']
C62557990,['G', 'G', 'G', 'G']
C37192470,['G', 'G', 'G', 'G']
C46928702,['O', 'O', 'G', 'G', 'G']
C19982933,['G', 'G', 'O']
C21988199,['G', 'G', 'G']
C51732228,['G', 'G']
CHEMBL134342,['G', 'G', 'G', 'G', 'O']
C21022759,['O', 'O', 'G']
C04251179,['G', 'G', 'G', 'G', 'G']
C48391152,['G', 'G']
C48856311,['G', 'G', 'G', 'G', 'O', 'G', 'G']
C58575444,['G', 'G', 'G', 'G']
C37393043,['G', 'O']
C66364379,['G', 'G', 'G', 'G', 'G', 'G', 'G']
C11633579,['G', 'G']
C20021045,['G', 'G', 'O']
CHEMBL284705,['G', 'O']
C36923350,['G', 'G', 'G']
C10681822,['G', 'O']
C03554080,['G', 'G', 'G']
C43522777,['G', 'G', 'O']
C37560872,['O', 'G']
C05003638,['G', 'G', 'G', 'G', 'G', 'G']
C44176292,['O', 'G']
C35427077,['G', 'G']
C13236420,['G', 'G', 'G', 'G']
C00168546,['G', 'G']
C43546354,['O', 'G', 'G', 'G', 'G']
C54963503,['G', 'O']
C44783994,['G', 'G', 'G', 'G']
C62785584,['G', 'G']
C09805728,['O', 'G', 'G', 'G', 'G']
C49782000,['G', 'G', 'G', 'G']
C37685969,['G', 'G']
C34972202,['O']
C64524208,['G', 'G', 'G', 'O', 'O']
C27058140,['O', 'G', 'O', 'O']
C40723942,['O', 'G', 'O', 'G']
C40278277,['G', 'G']
C19676476,['G', 'O', 'G']
C49600582,['G', 'G']
C42214093,['G', 'G', 'G', 'G', 'G']
C07052710,['G', 'G', 'O']
C28911636,['G', 'G', 'G', 'O']
C40543187,['O']
C64025987,['G', 'G', 'G', 'G']
C37406816,['G', 'G', 'G', 'G', 'O', 'O']
C50566484,['G', 'G']
C50586637,['G']
C44241657,['O', 'G']
C63077240,['G', 'G']
C01025238,['G', 'G']
C24760993,['G', 'O', 'G', 'G', 'G', 'G']
C39540996,['G', 'G']
C02528085,['O']
C41540651,['G', 'G', 'G']
C61125066,['G', 'G', 'G']
C03009747,['O', 'G', 'O']
C63011709,['O', 'G', 'G', 'G']
C12628276,['O', 'O', 'G', 'G', 'G', 'G']
C37921266,['G', 'G', 'G', 'O']
C59138007,['G', 'G']
C44316567,['G', 'O', 'G']
C61933028,['G', 'G', 'G']
C00522764,['O', 'O']
C40226054,['G', 'G']
C22597248,['G', 'G', 'G', 'G', 'O']
C12643544,['G', 'G']
C39961329,['G', 'O']
C41395929,['O', 'G', 'G', 'G', 'O']
C54763934,['G', 'O', 'G']
C18143917,['G', 'G', 'G', 'O']
C49537330,['G', 'O', 'G']
C63114515,['G', 'G', 'G', 'G']
C38787669,['G', 'G', 'O']
C41394501,['G', 'G', 'O', 'G']
C55860710,['O', 'O', 'O', 'G']
C67447717,['G', 'G']
C65877614,['G', 'G', 'G']
C62054800,['G', 'G']
C03357835,['G', 'O', 'G', 'G']
C61079983,['G', 'O', 'G', 'O', 'G']
C33154753,['O', 'G', 'G', 'O', 'G', 'G']
C03373687,['G', 'G', 'O']
C42412909,['G', 'G', 'G']
C63008516,['G', 'G']
C35059712,['O', 'O']
C66832339,['G', 'G', 'G', 'O']
C35676476,['G', 'G']
C66519359,['G', 'G', 'G', 'O', 'G']
C41326333,['G', 'G']
C36952198,['G', 'G', 'G']
C49095382,['G', 'G', 'G', 'G', 'G', 'G']
CHEMBL828,['-']
C05228922,['G', 'O', 'G', 'G']
C48062414,['G', 'G', 'G', 'G', 'G', 'G']
C37756141,['O', 'G']
C00507994,['O', 'G']
C31666038,['G', 'G', 'G']
C61092846,['G', 'G', 'G', 'O']
C40256583,['G', 'G']
C43679628,['G', 'G', 'G', 'G', 'G']
C67348429,['O', 'G']
C09651673,['O', 'G', 'O', 'O']
C35763800,['G', 'G', 'O']
C50602911,['G', 'O', 'G']
C37783756,['G', 'G', 'O']
C00638757,['G', 'G', 'G', 'O', 'G', 'G']
C05135173,['O', 'G', 'G', 'G']
C08123263,['G', 'G', 'G', 'G', 'G', 'G', 'G', 'O']
C09639115,['G', 'G', 'G', 'O', 'G', 'G', 'G', 'G']
C49792153,['G', 'G', 'G', 'G']
C04644378,['G', 'G', 'G']
C67006889,['G', 'O', 'O', 'G', 'G']
C29074462,['G', 'O', 'G']
C57743204,['G', 'G', 'G']
C12850333,['G', 'G']
C54740561,['G', 'O', 'G', 'G']
C00548858,['G', 'G', 'G']
C57341339,['O', 'G', 'G', 'O']
CHEMBL362290,['O', 'G', 'G']
C16845162,['G', 'G', 'G', 'G', 'G']
C14608971,['G', 'O', 'O', 'O']
C37154470,['G', 'G', 'G']
C61694701,['G', 'G']
C08587415,['G', 'G', 'G', 'G', 'G']
C63958924,['G', 'G', 'G', 'O', 'G']
C57661261,['G', 'G', 'G']
C09058089,['G', 'G']
C44804582,['G', 'G']
C39555702,['G', 'O', 'G']
C11730278,['G', 'O']
C40233651,['O', 'G', 'G']
C40824628,['G', 'G', 'G', 'G']
C25060317,['G', 'G', 'O']
C43681734,['G', 'G']
C44241518,['G', 'G', 'G', 'O']
C55203192,['G', 'G', 'G', 'G']
C01109083,['G', 'G', 'G', 'O']
C67119780,['G', 'G']
C66693639,['G', 'G', 'G']
C61495655,['G', 'G', 'G']
C41628647,['G', 'G']
C29867605,['O', 'G', 'G', 'G']
C37696516,['O', 'G']
C48705876,['G', 'G', 'G', 'G', 'G']
C37926492,['G', 'G', 'G']
C25518787,['G', 'G', 'G', 'G']
C43393268,['G', 'G', 'G', 'O']
C55420381,['O', 'G', 'G', 'O']
C10465192,['G', 'G', 'G', 'G', 'O', 'G']
C49036300,['G', 'O', 'G', 'G', 'O']
C62614896,['G', 'G']
C61897239,['G', 'G']
C61838117,['G', 'G']
C26955944,['O', 'G', 'O']
C38488353,['G', 'O', 'G']
C49791993,['G', 'G', 'G', 'G']
C62323568,['G', 'G', 'G']
C57500502,['-']
C24841768,['G', 'G', 'G', 'O']
C22203352,['-']
C03518321,['G', 'G', 'G', 'G']
C09855391,['G', 'G', 'G', 'O', 'G']
C49169931,['G', 'G', 'G', 'O']
C08682535,['O', 'O']
C43659531,['G', 'O']
C21015192,['O', 'G', 'G', 'G']
C07736508,['G', 'G', 'O']
C29481319,['O', 'G']
C40711934,['G', 'G']
C05784178,['G', 'G', 'G', 'G']
C61121211,['G', 'G']
C65692276,['O', 'G', 'G']
C01613331,['G', 'O', 'O']
C54964066,['G', 'G', 'O']
C44118227,['G']
C40534481,['O', 'G', 'G']
C41975383,['G', 'G', 'O', 'G']
C12382859,['O', 'G', 'G']
C51783022,['O', 'O', 'G', 'G', 'G', 'G', 'G']
C61496448,['G', 'G', 'G']
C40488470,['G', 'O']
C09315311,['O', 'G', 'O']
C48609818,['O', 'O']
C06748912,['G', 'G', 'G']
C66349261,['G', 'O']
C50329510,['G', 'G']
C59266145,['G', 'G', 'G', 'G', 'O']
C63044315,['G', 'G', 'G']
C00224870,['-']
C36898012,['G', 'O']
C41938703,['G', 'G', 'G', 'G']
C07405653,['O', 'G', 'G', 'G']
C50329615,['G', 'G']
C43653713,['G', 'G', 'G']
C58106601,['G', 'G', 'G']
C09090257,['G', 'G', 'G', 'G']
C38595098,['G', 'G', 'O', 'G']
C48631212,['O', 'G']
C48890577,['G', 'G', 'G']
C03292917,['G', 'G', 'G', 'G', 'G']
C24309227,['G', 'G', 'O', 'G']
C22153132,['G', 'G', 'O']
C40262827,['G', 'G']
C05727190,['G', 'G']
C48913793,['G', 'G', 'O', 'G']
C49798980,['G', 'G', 'G', 'G']
C52724033,['G', 'G', 'G', 'O']
C22133166,['O', 'G', 'G', 'G']
C48687334,['G', 'O', 'G']
C49864715,['G', 'O', 'G', 'G', 'G', 'G']
CHEMBL110446,['G', 'G', 'G']
C02210686,['G', 'O']
C08599731,['G']
C48554897,['G', 'G', 'G', 'G']
C40325914,['G', 'G', 'G', 'G']
C66815718,['O', 'G']
C62571705,['G', 'G', 'O']
C39480930,['G', 'G', 'G', 'G']
C36720715,['G', 'G', 'G']
C02833205,['O', 'G', 'G']
C09707821,['G', 'G', 'O', 'G', 'G', 'G', 'G']
C48888813,['G', 'G', 'G']
C62702554,['G', 'O', 'O', 'G']
C41268526,['G', 'G']
C56362753,['G', 'G', 'G']
C31705700,['G', 'G', 'O', 'O']
C37320887,['O', 'O', 'O', 'O']
C46849617,['O', 'G', 'O']
C43445431,['G', 'G', 'G', 'G', 'G']
C43667374,['G']
C49817558,['G', 'G']
C00046264,['O', 'G']
C42128237,['G', 'G', 'G']
C38537938,['O']
C06309928,['G', 'G', 'G', 'G', 'G']
C32099358,['G', 'G', 'G']
C40248445,['G', 'G']
C44955063,['G', 'G', 'O']
C21933440,['G', 'G', 'G', 'G']
C19723907,['G']
C02537107,['G', 'G']
C25253468,['G', 'G', 'G', 'G']
C35135045,['O', 'G', 'G']
C14704079,['G', 'G', 'G']
C20796254,['G', 'G', 'G', 'O', 'G']
C20591299,['O', 'G']
C15156265,['O', 'G', 'G']
C36951941,['G', 'O', 'O']
C37282521,['G', 'G', 'O', 'G']
C01830791,['G', 'G', 'G', 'G']
C36890115,['G', 'O', 'G', 'O', 'O', 'G', 'G']
C19887481,['O', 'O', 'G']
C57666062,['G', 'G', 'O']
C57851113,['G', 'G', 'G']
C49490659,['O', 'G', 'G', 'O']
C62790081,['G']
C34978111,['G', 'O', 'O']
C65340954,['G', 'G']
C65343352,['G', 'G']
C40227457,['G', 'G', 'G']
C01810144,['G', 'G', 'G', 'G']
C37067999,['G', 'O', 'G', 'G']
C40260687,['G', 'G']
C62618380,['-']
C10106084,['G', 'O', 'O']
C48652643,['G', 'G', 'O']
C65763392,['G', 'O', 'G', 'O']
C10340244,['O', 'G', 'G', 'G']
C33885554,['G']
C44435182,['G', 'O', 'G']
C36075746,['G', 'O', 'G']
C41487364,['G', 'G', 'G', 'G', 'G']
C36961109,['G', 'O', 'G']
C36383399,['G', 'G', 'G']
C04538149,['G']
C11633506,['G']
C40313894,['G', 'G', 'G']
C67259679,['G', 'G', 'G', 'G', 'O', 'G', 'G']
C42376752,['O']
C54213327,['G', 'O', 'G']
C66744782,['G', 'G', 'G', 'G', 'G', 'O']
C33128156,['G', 'G', 'G', 'G', 'G', 'G']
C01723980,['-']
C40175348,['O']
C54830408,['G', 'O']
C41265066,['G', 'G', 'G']
CHEMBL274642,['G']
C48820665,['O', 'O', 'G']
C52122492,['O']
C20505537,['G', 'G', 'G', 'O', 'G']
C48328052,['G', 'O', 'G', 'O']
C12601854,['G', 'G', 'G', 'O']
C52957243,['G']
C03268318,['G', 'G']
C49886056,['G', 'O']
C61672475,['O', 'G', 'G']
C20430602,['O', 'O']
C00354312,['O', 'O']
C36912762,['G']
C51123016,['O', 'G', 'G', 'O']
C61417593,['G', 'G']
C37845398,['G', 'G', 'O', 'O', 'G']
C55305114,['G', 'G']
C21505149,['G', 'O', 'G']
CHEMBL257054,['G', 'O', 'G', 'G', 'G']
C01870470,['G', 'G']
C02243371,['G', 'G', 'G']
C50443754,['G', 'G', 'O', 'G', 'G']
C61572520,['G', 'G']
C34975314,['G', 'G']
C09805474,['O', 'G', 'G']
C25536639,['G', 'O', 'G', 'G', 'G', 'O', 'G', 'G', 'G', 'G']
CHEMBL371477,['G', 'G', 'G', 'G']
C30600846,['G', 'G', 'O']
C57549463,['G', 'O', 'O', 'G', 'G', 'O']
C05775555,['G', 'G', 'O', 'G', 'O']
C37393341,['O', 'G']
C65547798,['G', 'O', 'G', 'G']
C39957461,['-']
C06329490,['G', 'O', 'O']
C02276123,['G', 'G']
C49222749,['G', 'G', 'G']
C13835935,['O']
C14189338,['G', 'G', 'G']
C16545281,['G', 'O']
C49028230,['G', 'O', 'G', 'G', 'G']
C62758950,['G', 'G', 'G', 'O', 'G', 'G', 'G']
C41069243,['G', 'G', 'G']
C61628149,['G', 'G', 'O']
C40305950,['G', 'O', 'G']
C52299686,['G', 'G', 'G']
C48460934,['G', 'G', 'G', 'G', 'G']
C08976411,['G', 'G', 'O']
C61629470,['G']
C45145820,['G', 'G', 'G', 'G']
C50959493,['G', 'O', 'G', 'O']
C32157320,['G']
C41067744,['G', 'G', 'O']
C32015730,['G', 'G']
C11073664,['G', 'G', 'G', 'O', 'G']
C41549391,['G', 'O', 'G']
C24609569,['O', 'G', 'G']
C56895827,['G', 'G']
C62625233,['G']
C61147159,['G', 'G', 'G']
C55330002,['G', 'O']
C62152707,['-']
C41569294,['G', 'G', 'G']
C25070219,['G', 'G', 'O']
C54294353,['G', 'G', 'G', 'O']
C66967612,['G', 'O', 'G', 'G', 'G', 'G', 'G']
C49002071,['G']
C17071335,['O', 'G', 'G', 'G']
C60101906,['G', 'O', 'O']
C63153640,['G', 'G', 'G', 'G', 'G']
C40236545,['G', 'G', 'G']
C02150068,['G', 'G', 'G']
C39497198,['G', 'G', 'G', 'G', 'O', 'G']
C50470684,['G', 'G', 'G']
C09521401,['G', 'O', 'G']
C42366809,['G', 'G', 'O', 'G', 'G', 'G']
C62360313,['G', 'G', 'G']
C00070914,['G', 'G', 'O']
C49792121,['G', 'G', 'O']
C08813853,['O', 'O', 'G', 'G']
C37293439,['G', 'O', 'G', 'G']
CHEMBL270294,['G', 'G', 'G', 'G', 'O']
C39865341,['G', 'G', 'O']
C36859872,['G', 'G', 'G', 'G']
C60211779,['O', 'G', 'G', 'G']
C48461166,['G', 'G', 'O']
C49783577,['G', 'G', 'G', 'G']
C05612880,['G', 'G', 'G']
CHEMBL270723,['G', 'G', 'G', 'G', 'O']
C20527105,['O', 'G', 'O']
C61600076,['G', 'G', 'O', 'G', 'G']
C00092800,['G', 'G', 'G']
C18137410,['O', 'O']
C66389645,['G', 'G', 'G', 'G']
C44865765,['G', 'O', 'G', 'G', 'O']
C44591727,['G', 'O', 'O']
C37326852,['G', 'G', 'G', 'G']
C37773147,['G', 'G', 'O']
C40271144,['G', 'O', 'G']
C63818009,['O', 'G']
C37379767,['G', 'G']
C11862978,['G', 'G', 'G', 'G']
C06431020,['G', 'O']
C48759499,['G', 'G']
C63011781,['G', 'O']
C42174740,['G', 'G']
C62706382,['G', 'G']
C06244154,['O', 'G', 'G']
C41114447,['G', 'G', 'G', 'O']
C61121879,['G', 'G']
C36912864,['G']
C58882724,['G', 'O', 'G', 'G', 'G']
C12600442,['G', 'G', 'O']
C58240112,['G', 'O', 'G', 'O', 'G']
C41628547,['G', 'G']
C53025819,['G', 'G', 'G', 'G', 'G', 'G', 'G']
C63427970,['G', 'G', 'O', 'G']
C52836071,['G', 'O']
C25136886,['O', 'G', 'G', 'G']
C40260535,['G', 'G']
C46581406,['G', 'G', 'G']
C07850530,['O', 'G', 'O', 'G', 'G']
C00240121,['G']
C22905060,['G', 'G', 'G', 'G', 'G']
C63216008,['G', 'G']
C05681520,['G', 'O']
C62829171,['G', 'G']
C63277984,['O', 'G', 'G']
C20513272,['G']
C37315208,['G', 'O', 'G', 'G', 'G']
C53170879,['G', 'G']
C37086667,['G', 'O', 'O', 'G', 'G']
C67173781,['G']
C49018102,['G', 'G', 'G', 'G']
CHEMBL14767,['G', 'G', 'G', 'G']
C48382105,['G', 'G']
C19783879,['O', 'O', 'O', 'O', 'G']
C07192475,['G', 'G', 'G', 'G', 'G', 'O']
C63908410,['G', 'G', 'G', 'G', 'O']
C47873343,['G', 'O', 'G']
C34975455,['G', 'G']
C49493896,['G', 'O', 'G', 'G']
C00165635,['G']
C01616116,['G', 'G']
C48395971,['G', 'G', 'O', 'O', 'G']
C57353719,['O', 'G']
C49492958,['G', 'G', 'G', 'G', 'G', 'O']
C03157297,['G', 'G', 'G']
C40260760,['G', 'G', 'G']
C37696199,['G', 'G', 'G']
C05687726,['G', 'G']
C61832014,['-']
C51332124,['G', 'G', 'G']
C20367915,['G', 'G', 'O', 'O']
C40542042,['G', 'O']
C50086157,['G', 'G', 'G', 'G']
C36989724,['O', 'O', 'O', 'G', 'G']
C67519126,['O', 'G', 'G', 'G']
C37069862,['O', 'G', 'G']
C54404993,['G', 'O', 'O']
C48763800,['G', 'G', 'G', 'O']
C61874044,['G', 'O', 'G', 'G', 'G']
C53169610,['G', 'G']
C37506943,['G', 'G', 'G', 'G']
C62797000,['G', 'G']
C42141641,['G', 'G', 'G']
C50131147,['G', 'G', 'O']
C37422210,['G', 'O']
C13036214,['G']
C51756056,['G', 'G']
C10156817,['O', 'G']
C55447336,['G', 'G', 'G']
C47205490,['O', 'G']
C66340577,['G', 'G', 'G', 'O', 'G', 'G']
C55304898,['G', 'O', 'G']
CHEMBL213338,['G', 'G', 'G']
C45626302,['G', 'O']
C00309637,['G', 'G']
C37156560,['G', 'G']
C39724921,['G', 'G']
C66499678,['G', 'G', 'G']
C36244287,['G']
C06699793,['G', 'O', 'O', 'G']
C37312191,['O', 'G', 'G', 'O', 'G']
C42351013,['G', 'G']
C36969373,['G', 'O', 'G']
CHEMBL277519,['G', 'G', 'G']
C43683319,['G', 'G', 'G', 'O']
C41066300,['G', 'G']
C44977727,['G', 'G']
C05556435,['O', 'G', 'G', 'G', 'O']
C50543908,['G', 'G', 'G']
C37845908,['G', 'G', 'G', 'G']
C62779384,['G', 'G']
C37373401,['O', 'O', 'G']
C37543776,['G', 'G', 'G', 'O']
C01445048,['G', 'O', 'O', 'G', 'G', 'G']
C02036482,['G', 'G']
C20872293,['G', 'G', 'O', 'G']
C00495092,['G', 'G']
C50866548,['G', 'G']
C20606020,['G']
C50006369,['G', 'O', 'O', 'G', 'G', 'G', 'G']
CHEMBL1316,['G', 'O']
C37629838,['G', 'G', 'G', 'G']
C00078965,['O', 'O']
C37668944,['G', 'O']
C43479843,['G', 'G', 'G', 'G', 'O']
C00159432,['O', 'O', 'O']
C19877364,['G', 'G']
C37203558,['G', 'G', 'G', 'G']
C40520282,['O', 'O', 'O', 'O']
C37391597,['G', 'G', 'G', 'G', 'G', 'G', 'G']
C63044860,['G', 'G', 'G']
C60334474,['G', 'O', 'G', 'G', 'G']
C00387029,['G', 'G', 'G']
C37575176,['G', 'G', 'G']
C35662251,['G', 'G', 'G', 'G']
C48810990,['G', 'G']
C05102342,['O', 'G', 'O']
C17155709,['G', 'G', 'G']
C48440896,['G', 'G', 'G']
C39164355,['G', 'G', 'G', 'O']
C49678567,['O', 'G', 'O', 'G']
C11944649,['G', 'G']
C55333552,['G', 'G', 'O']
C48797609,['O', 'G', 'G', 'G', 'G']
C62764917,['G', 'G', 'O']
C04822146,['G', 'G', 'G']
C34913140,['G', 'G', 'G', 'G', 'O']
C42243371,['O', 'G', 'G']
C59679573,['O', 'O', 'O']
CHEMBL260944,['G']
C43677355,['G', 'G', 'G']
C40274798,['G', 'G', 'G']
C25494487,['G', 'O']
C05427960,['G', 'O', 'G']
C34962594,['-']
C40285490,['G', 'G']
C62339970,['G', 'G', 'G', 'G']
C41796001,['G', 'G', 'G', 'O', 'G', 'G']
C48872141,['G', 'G', 'G', 'O']
C67211481,['G', 'O', 'G', 'G', 'O', 'O']
C49600521,['O', 'O']
C20591518,['G', 'G', 'G', 'G', 'G', 'G', 'G']
C48798354,['G', 'G', 'G', 'G']
C50973200,['G', 'G', 'G']
C29166644,['G', 'G', 'G', 'G', 'G', 'G', 'O', 'G']
C40242575,['G', 'G', 'G', 'G']
C41433656,['G', 'G', 'G']
C44814734,['G', 'G', 'G', 'G']
C67176671,['O', 'G', 'G', 'G', 'G', 'O']
C66444918,['G', 'G', 'G', 'G']
C44241733,['O']
C37134354,['G', 'G', 'O']
C06469068,['O', 'O', 'O', 'G']
C37008501,['G', 'G', 'O']
C54439965,['G', 'G']
C43303005,['G', 'G']
C33507399,['O']
C37174953,['O', 'G', 'G']
C00035594,['G', 'G']
C20504708,['G', 'O', 'G', 'O']
C36278107,['G', 'O']
C38804494,['G', 'G', 'G', 'G', 'G']
C50829773,['O', 'O']
C51814319,['G', 'G', 'G']
C49447049,['G', 'G', 'G', 'G', 'G']
C37024753,['G', 'O', 'O', 'G']
C37444457,['G']
C24000489,['G', 'G', 'G', 'G', 'O']
C57316763,['O', 'G']
C11756780,['O', 'G', 'G']
CHEMBL276850,['-']
C50361413,['G', 'G', 'G', 'O']
C04830453,['G', 'G', 'G']
C39337043,['G', 'G']
C48440834,['G', 'G', 'G']
C48630187,['G', 'G']
C38486276,['G', 'G', 'O']
C01556099,['G', 'G']
C02513606,['G', 'O']
C42266921,['G', 'G', 'G', 'O']
C50871009,['G']
C57499591,['G', 'G']
C62774175,['G', 'G', 'G']
C22414898,['G', 'G', 'G', 'G', 'G']
C43423228,['G', 'G']
C41988806,['G', 'O', 'O']
C36896446,['G', 'G', 'G']
C37277027,['G', 'G', 'O']
C52343775,['G', 'G', 'O', 'G']
C62763039,['G', 'G', 'G', 'O']
C58089482,['G', 'G']
C37839417,['O', 'O', 'O', 'G']
C66346634,['G', 'G', 'G', 'G', 'O']
C05190328,['G', 'O']
C42351279,['G', 'G']
C64523958,['G', 'G', 'O', 'O']
C48772121,['G', 'G', 'G', 'G']
C05382720,['O']
C40218160,['G', 'G', 'G', 'G', 'G', 'G']
C43683208,['O', 'G', 'O', 'G']
C01065954,['G', 'G']
C04987572,['O', 'G', 'O']
C20505641,['G', 'G']
C67210154,['G', 'G', 'G', 'G', 'G']
C50006378,['G', 'O', 'O', 'G', 'G', 'G', 'G']
C67210652,['G', 'O', 'G', 'G', 'O']
C53171257,['G', 'G', 'O', 'G']
C37402937,['G', 'G', 'O', 'G', 'G']
C39459596,['O', 'G']
C04243175,['G', 'G']
C31866917,['-']
C00336967,['G', 'G', 'G', 'G']
C45092307,['O', 'G']
C40295850,['G', 'G', 'G', 'G']
C36197168,['G', 'G', 'G', 'G']
C35207297,['G', 'G', 'G']
C61952559,['G', 'G', 'O', 'O']
C61848026,['O', 'G']
C17066771,['G', 'G', 'O']
C47042455,['G', 'O', 'G', 'G', 'G']
C38936015,['O', 'G', 'G', 'O']
C39506563,['G']
C14135336,['G', 'O', 'G']
C58910860,['G', 'G', 'G', 'G']
C37496366,['G', 'O', 'G', 'G']
C52309850,['O', 'G']
C08701835,['G', 'O', 'O', 'G']
CHEMBL423576,['G', 'G', 'G']
C58092565,['G', 'G', 'G']
C32594527,['G']
C55333755,['O', 'G', 'G', 'O']
C61471054,['G', 'G', 'G', 'G', 'G']
C08683729,['G', 'G']
C66358614,['G', 'G', 'G', 'G', 'G', 'O']
C06275367,['G', 'O', 'G', 'G', 'O']
C59895192,['G', 'G']
C05087632,['G', 'G', 'O', 'O']
C07816593,['G', 'O', 'G', 'G', 'G', 'G', 'G']
C36865456,['O', 'G']
C15291040,['G', 'G', 'G', 'G', 'G']
C41326200,['G', 'G', 'G']
C55176194,['G', 'G']
C55173524,['G', 'G', 'G', 'G', 'G']
C60891784,['O', 'O', 'O']
C58421609,['G', 'G', 'G', 'G', 'O']
C64937658,['G', 'G', 'G', 'G']
C54968493,['O', 'O', 'G']
C12380090,['G', 'G', 'G']
C39895656,['O', 'G']
C63064755,['G', 'G', 'G']
C39362088,['G', 'G', 'G', 'G']
C06780430,['G', 'G', 'G']
C47417275,['G', 'G', 'G', 'O']
C37843891,['G', 'G', 'O']
C67346613,['G', 'G', 'G']
C11633382,['G', 'G']
C48797714,['G', 'G', 'O', 'O', 'G']
C19906148,['G', 'O', 'O']
C10106348,['G', 'O', 'O']
C66560507,['G', 'G', 'G', 'O', 'G']
C46318685,['G', 'G', 'G', 'G']
CHEMBL104592,['G', 'O', 'G']
C41261996,['G', 'G', 'G']
C13689903,['G', 'G', 'O']
C07344142,['G', 'G', 'G', 'G']
C15443748,['G']
C48440881,['G', 'G', 'G']
C49425692,['G', 'G', 'G', 'O']
C04819093,['G', 'G', 'G']
C04208963,['G']
C52293672,['G', 'O']
C63116230,['G']
C41390995,['G', 'G', 'G', 'G']
C05570652,['G', 'G', 'G', 'G', 'G', 'G', 'G']
C61495652,['G', 'G', 'G']
C41305524,['O', 'G', 'G']
C43302798,['G', 'G', 'G']
C03176062,['-']
C50396899,['G', 'G']
C59291905,['G', 'G', 'O', 'G', 'O']
C57880580,['O', 'O', 'O']
C38104368,['O', 'G', 'G', 'G']
C32013349,['G', 'G', 'G']
C39776269,['O', 'G', 'O', 'G']
C43560455,['G', 'O']
C02789627,['G', 'G', 'G']
C37070232,['O', 'G', 'G']
C01225973,['O']
C57478065,['O', 'G']
C19721508,['O', 'G']
C63065109,['G', 'G']
C52225807,['G', 'O']
C45223746,['G', 'G', 'G']
C38074866,['G', 'G', 'G', 'G']
C26275098,['O', 'G', 'O']
C61325774,['G', 'G']
C33433206,['O', 'O', 'G']
C62571450,['-']
C49514995,['O', 'G', 'G', 'O']
C04316923,['G', 'G', 'G']
C37487849,['G', 'O', 'O', 'G']
C48798355,['G', 'G', 'G', 'O']
C43426103,['O', 'G']
C37089047,['G', 'G', 'G', 'G']
C43427362,['G', 'G']
C44420689,['O', 'O', 'O', 'O']
C36175291,['O', 'O', 'G']
C37548974,['G', 'G', 'G']
C59458869,['O', 'G']
C64363880,['O', 'G', 'O', 'G', 'G']
C20627033,['G', 'G', 'O']
C35786760,['G', 'G', 'G']
C42291145,['G', 'G']
C14178541,['G', 'G', 'G', 'G']
C20368576,['G', 'O', 'G']
C66845215,['G', 'G', 'O']
C49509984,['G', 'G', 'G', 'O']
C48731525,['G', 'O', 'O', 'G', 'O', 'G']
C13434520,['G', 'O', 'G']
C37846030,['G', 'G', 'G', 'G']
C39121236,['O']
C15972079,['G', 'G', 'G', 'G']
CHEMBL19657,['-']
C40226065,['G', 'G']
C62816704,['G', 'O']
C37463549,['G', 'G']
C63079047,['G', 'G', 'G']
C65137144,['G', 'G', 'G']
C42337197,['G', 'G', 'G', 'G', 'G']
C22036664,['O', 'G', 'G', 'G']
C02502529,['G']
C03122828,['G', 'G', 'G', 'G', 'G']
C37896430,['O', 'G', 'G', 'G']
C41051091,['G', 'O', 'O']
C51691316,['G']
C02763900,['G', 'G', 'G', 'G']
C12363354,['G']
C20676895,['G', 'G', 'G']
C37379750,['G', 'G']
C52814309,['G', 'O']
C40242747,['G', 'G', 'G']
C37907057,['G', 'G', 'O', 'G']
C67376813,['G', 'O', 'O', 'G']
C19615417,['G']
C58505159,['O', 'G', 'G', 'G', 'G']
C66560770,['G', 'G', 'G', 'G', 'G']
C12310564,['O', 'G', 'G', 'G', 'G']
C07535736,['G', 'G', 'G']
C04823707,['G', 'G']
C41287972,['G', 'G', 'G', 'G']
C66966340,['G', 'G', 'G', 'G', 'G', 'G', 'G']
C62764336,['G', 'G', 'O', 'G', 'G']
C62334277,['G', 'G']
C49600636,['O', 'G', 'G', 'O']
C02560306,['G', 'O']
C47212287,['-']
C01597850,['G', 'G']
C48869318,['G', 'G', 'G', 'G']
CHEMBL47644,['G', 'G', 'G', 'G', 'G', 'G', 'G', 'O']
C41960763,['O', 'G', 'G', 'G']
C44117711,['G']
C44221443,['G', 'G', 'G']
C61487467,['G', 'G', 'O']
C42053865,['G', 'G', 'G', 'G', 'G', 'G']
C41225322,['G', 'G']
C36976002,['G', 'G', 'O']
C39522964,['G', 'G']
C01585753,['G', 'G']
C41979537,['G', 'O', 'G']
C41956267,['G', 'G', 'O']
C57637925,['G', 'G', 'O', 'G']
C32601910,['O', 'G', 'G']
C67495132,['G', 'G', 'G', 'O']
C50840636,['O', 'G']
C41641909,['G', 'O', 'G']
C02201453,['G', 'G', 'G']
C09639849,['G', 'G', 'G']
C42435397,['G', 'G', 'G', 'O']
C11737069,['-']
C62529584,['-']
C11893786,['G', 'G']
C55171680,['G', 'O', 'G']
C17008662,['G', 'G', 'G']
C43653714,['G', 'G', 'G']
C40288835,['G', 'G']
C40927643,['G', 'G', 'G']
C32013338,['G', 'G', 'G']
C60438510,['O', 'G', 'G', 'G']
C52015522,['G', 'G', 'G']
C06975493,['G', 'G', 'O']
C61897529,['O', 'G', 'G', 'G', 'O']
C61589739,['G', 'G', 'G']
C40270411,['G', 'G']
C66054165,['G']
C57584477,['G', 'O', 'G', 'G', 'G']
C67047947,['O', 'G', 'G', 'G', 'G']
C49054291,['O', 'G', 'G', 'G', 'G', 'O']
C19079598,['G', 'G']
C32592277,['G', 'O', 'G', 'G', 'O']
C15444548,['O']
C50603194,['G', 'G', 'G']
C25581596,['G', 'G', 'O']
C23114906,['O', 'G']
C54793323,['O', 'O', 'G']
CHEMBL1096383,['G', 'G', 'G']
C53168106,['G', 'G', 'G']
C08680768,['G', 'G', 'G', 'G', 'G']
C19959579,['G', 'O', 'G']
C37239003,['O', 'G', 'G', 'G']
C21954172,['G', 'G', 'G', 'G', 'G']
C49988973,['G', 'O']
C40829188,['G', 'G', 'G']
C54632515,['O', 'G', 'G']
C34979245,['G', 'G', 'G', 'G', 'G']
C38959411,['G', 'G', 'G', 'G', 'G', 'G', 'G']
C04675640,['G']
C09256540,['G', 'G']
C11633173,['-']
C08193352,['G', 'O', 'G', 'G', 'O', 'O']
C01076069,['-']
C36897085,['G']
C61589740,['G', 'G', 'G']
C40273788,['G', 'G']
C17858592,['G', 'G']
C42444588,['G', 'G']
C60367255,['G', 'G', 'O', 'G', 'G']
C63046108,['G', 'G']
C04277095,['G', 'G']
C20444224,['G', 'O']
C36315342,['O', 'G', 'G', 'O', 'G']
C19615748,['-']
C08316688,['G', 'G', 'G']
C37148810,['O', 'G']
C37296853,['G', 'G', 'G', 'O']
C54715485,['G', 'G', 'O', 'G', 'G']
C37284059,['O', 'G']
C00550729,['G', 'G', 'G']
C39408477,['-']
C36960356,['G', 'G']
C48543895,['O', 'G', 'G', 'O']
C04935275,['G', 'G', 'G']
C02473596,['O', 'G', 'G']
C52126744,['O', 'O']
C39506774,['O', 'G']
C06756449,['G', 'G']
C40856890,['G', 'O']
C67096407,['G', 'G', 'G']
C43302051,['G', 'G', 'G']
C35019139,['G', 'G', 'O', 'G']
C04366110,['-']
C09403236,['G', 'G', 'G', 'G', 'G', 'O']
C06698091,['O', 'O', 'G', 'G']
C62181416,['G', 'G', 'G', 'G', 'G']
C08279293,['G', 'G', 'O', 'G']
C58816481,['G', 'G']
C44677887,['G', 'G', 'G']
C37342321,['G', 'G', 'G', 'O', 'O']
C17637160,['O', 'G', 'G', 'O', 'G', 'G']
C49091615,['O', 'G', 'G']
C63064999,['O', 'G']
C49283269,['G']
C62529095,['G']
C38107897,['G', 'G', 'G']
C32558291,['O', 'G']
C61888974,['G', 'G', 'G']
C62170955,['G', 'O', 'G']
C08419681,['G']
C63324654,['G', 'G', 'G']
C22024153,['G', 'O', 'G', 'G', 'O']
C49692688,['G', 'G']
C55070314,['G', 'G', 'O', 'G']
C39055799,['O']
C16982790,['O', 'G']
C61096476,['G', 'G']
C44925993,['G', 'G', 'G', 'O']
C10106422,['G', 'G', 'G', 'O', 'G']
C05891337,['O', 'O', 'O', 'O']
C04013678,['G', 'G', 'G', 'G']
C62304638,['G', 'G', 'O', 'O', 'G', 'G']
C54078048,['G', 'O', 'G', 'G']
C55104141,['-']
C43677714,['G', 'O']
C37302417,['G', 'G', 'G']
C05541860,['-']
C04404170,['G', 'G', 'G']
C62625240,['G']
C49716273,['G', 'G']
C39530464,['G', 'G', 'G', 'G', 'G']
C62789745,['G', 'O', 'G']
C04839218,['G', 'G', 'G', 'G', 'G']
C53168399,['G', 'O']
C55313328,['G', 'G', 'O', 'G']
C43668294,['G', 'G']
C01326652,['G', 'G', 'O']
C50907481,['O', 'G', 'G']
C39523235,['-']
C42451204,['G', 'G', 'G', 'G']
C33507889,['G', 'O', 'G']
C59381904,['G', 'G', 'G']
C36245385,['G', 'G', 'O']
C36902399,['O', 'G', 'G', 'G', 'G', 'G']
C49454000,['G', 'G']
C41992701,['G', 'G', 'G', 'O']
C49458265,['G', 'O', 'O', 'G', 'G']
C36949724,['G', 'G', 'G', 'G', 'G', 'G']
C49399755,['G', 'G', 'O']
C48508554,['-']
C63116623,['G']
C43410343,['G', 'G']
C19997549,['G', 'O', 'O', 'G']
C48937881,['G', 'G', 'G', 'G', 'G', 'G', 'G', 'G']
C14401076,['-']
C48382099,['G', 'G']
C06221369,['O', 'G', 'O', 'G']
C00985478,['G', 'G', 'O', 'O']
C52095117,['G', 'G']
C42324187,['G', 'G', 'G']
C40227304,['O', 'G']
C61691003,['O', 'G']
C62522504,['G']
C51749678,['O', 'O', 'G', 'G']
C66561114,['G', 'G', 'G', 'G', 'G']
C42373610,['O', 'G', 'O']
C57637892,['G', 'O', 'G']
C49790991,['G', 'G', 'G', 'G']
C37565332,['G', 'G', 'G', 'G']
C33508840,['G', 'G']
C06884257,['O', 'G', 'O']
C40242083,['G', 'G', 'G']
C17077258,['G', 'O', 'G']
C39957463,['-']
C26811222,['G', 'G', 'G']
C19965820,['O', 'G']
C61494658,['G', 'G', 'G']
C00389357,['-']
C62526852,['-']
C42652047,['G', 'G', 'G', 'G']
C03182628,['O', 'G', 'G', 'G']
C41532051,['G', 'G', 'G', 'G']
C15444672,['O']
C62561193,['G', 'O', 'G']
C66762536,['G', 'G', 'G']
C51091072,['O', 'O', 'O']
C41485745,['O', 'G', 'G', 'G']
C44980070,['G', 'G']
C48816817,['G', 'G', 'G', 'G']
C40290814,['O', 'G']
C49588690,['O']
C34989039,['O', 'G', 'G', 'O']
C49460728,['G', 'G', 'O']
C33660697,['G', 'G', 'G', 'G']
C64031289,['G', 'G', 'G', 'O']
C06305931,['G', 'G', 'G', 'G']
C08698365,['G', 'G', 'G']
C43683346,['G', 'G', 'G']
C66054369,['G']
C62793517,['O']
C41607696,['G', 'G', 'G', 'G', 'O']
C20341032,['G', 'G', 'G', 'G']
C46393577,['G', 'G', 'G', 'O', 'G', 'O']
C53784540,['O', 'G', 'G']
C48723900,['G', 'G', 'O', 'G', 'G']
C04566295,['G', 'G', 'G']
C01276265,['G', 'G', 'G']
C36979472,['G', 'G', 'O']
C21322995,['G', 'G', 'G', 'O', 'O', 'O']
C24384642,['G', 'O', 'G', 'G']
C13377373,['G', 'G', 'G', 'G']
C00421821,['G']
C61918711,['G', 'G', 'G', 'G', 'G']
C39582835,['G', 'G', 'G', 'O']
C20156558,['O', 'O', 'G', 'G']
C25503347,['-']
C10885737,['G', 'G', 'G', 'G', 'G', 'G']
C05752562,['O', 'G']
C11007700,['G', 'G', 'G', 'G', 'G', 'G', 'O']
C50568062,['O', 'G', 'O', 'O']
C10323384,['G', 'G', 'G']
C39892950,['G', 'G', 'O']
C14587028,['G', 'O', 'G', 'G']
C62108243,['O', 'G', 'G', 'G', 'O']
C36953696,['G', 'G', 'G', 'O', 'G']
C52095390,['-']
C48519641,['G', 'G', 'O']
C43135949,['G', 'G']
C05866507,['G', 'O', 'G', 'G', 'O', 'G']
C50675511,['G', 'O', 'G']
C04266760,['G']
C40451421,['G', 'G', 'O']
C46703470,['G']
C32931110,['G', 'G', 'G']
C63011832,['G', 'G', 'G']
C03121570,['G']
C39504073,['G', 'G']
C67516989,['G', 'G']
C05738184,['G', 'G', 'O', 'G', 'G', 'G', 'G']
C02083323,['G', 'G', 'G']
C37953680,['G', 'G', 'G', 'G']
C02786357,['G', 'O', 'O']
C40245353,['G', 'G']
C37436489,['G', 'G', 'G']
C37175511,['O', 'G', 'G']
C31894303,['G', 'G', 'G', 'G', 'G']
C04674337,['G']
C40691845,['G', 'G', 'G', 'G', 'G']
C48802298,['G', 'G', 'G', 'G']
C00339706,['O']
C50724930,['G', 'G', 'G', 'G']
C20376366,['O', 'G', 'O', 'G', 'O']
C39507293,['G']
C43662511,['G', 'G', 'G', 'G']
C42864648,['O', 'G', 'G', 'G']
C49690893,['G', 'O', 'G', 'G', 'G']
C39511602,['G', 'G']
C22283794,['G', 'G', 'G', 'G', 'G']
C54600597,['G']
C39503949,['G', 'O']
C29904570,['O', 'G', 'O', 'G']
C55309134,['G', 'G', 'O', 'G', 'G']
C16310935,['G', 'G', 'G', 'G', 'G']
C47882409,['G', 'G', 'G']
C21763054,['G', 'G', 'O', 'O', 'G']
C48557044,['G', 'G', 'G', 'G', 'G', 'O']
C49253336,['G', 'O', 'G', 'O', 'G']
C66151569,['G', 'O', 'G', 'G', 'O', 'G', 'G']
C49794116,['G', 'G', 'G']
C40634244,['G', 'G', 'G']
C19798173,['G']
C65573892,['G', 'G', 'G', 'G', 'G']
C06674522,['O', 'G', 'G', 'G', 'O']
C62541100,['-']
C41126634,['G', 'G', 'G']
C62465429,['O']
C45697528,['G', 'G', 'G', 'G', 'G', 'G']
C03172766,['O', 'G']
C62558784,['G']
C13166965,['O', 'O', 'O', 'G', 'G', 'G']
C01101817,['G']
C51176193,['G', 'G', 'G']
C13269131,['G', 'G', 'G', 'G']
C11987567,['G']
C20157812,['G', 'G', 'G']
C11568112,['-']
C19948143,['-']
C22152658,['G', 'O', 'O']
C41182465,['G', 'G', 'O']
C43554389,['G', 'G']
C66687014,['G', 'G', 'O', 'G', 'G']
C40285956,['G', 'G']
C04154973,['O', 'O']
C04518000,['G', 'O', 'G', 'O']
C44980247,['G', 'G']
C49036292,['G', 'O', 'G', 'G']
C39738503,['G', 'G', 'G', 'G', 'G']
C66577187,['G', 'G', 'G', 'G']
C49054087,['G', 'G', 'G', 'O', 'G']
C02298434,['O', 'G']
C20435561,['O', 'O']
C65350205,['G', 'G', 'G']
C62202878,['G']
C37263331,['G', 'G', 'G']
C61629480,['O']
C37843906,['G', 'G', 'G']
C36810526,['O', 'G', 'G', 'O', 'G']
C06085374,['O', 'G', 'G']
C61874043,['G', 'G', 'G', 'G', 'O']
C65406724,['G', 'G', 'G']
C53787162,['G', 'G', 'O']
C61488850,['G', 'G', 'O', 'G', 'G']
C40289413,['G', 'G']
C15809709,['O', 'G']
C08227610,['O', 'G']
C58340473,['G', 'O', 'G']
C57684134,['G', 'G', 'O', 'O', 'O']
C55399946,['G', 'G', 'G', 'G']
C49790856,['G', 'G', 'G', 'G']
C36975757,['G', 'G', 'O', 'G']
C37960336,['G', 'O', 'G', 'O']
C37471581,['O', 'G', 'O']
C06465612,['G', 'G', 'O']
C40000987,['G', 'G', 'G', 'O']
C37437420,['G', 'G', 'O', 'O']
C05711282,['G', 'G']
C24343004,['G', 'G', 'O']
C46255228,['O', 'G', 'O']
C05374484,['G', 'O', 'O']
C48519319,['G', 'G', 'G', 'O']
C13036295,['G']
C20588579,['O', 'O']
C25499037,['O', 'G', 'G', 'G', 'G']
C06948315,['G', 'G']
C54911203,['O', 'O', 'G']
C59383960,['G', 'G']
C34797555,['G', 'G']
C44710200,['G', 'G', 'G']
C37379855,['G', 'G', 'G']
C12745230,['G', 'G', 'G', 'G']
C37376065,['G']
C08698478,['-']
C36719762,['-']
C46928729,['G', 'G', 'G', 'G', 'G']
C51814039,['O', 'O']
C43554968,['G', 'G', 'G', 'G', 'G', 'G']
C60372989,['G', 'G', 'G', 'O', 'G']
C38005104,['G']
C55189943,['G']
C40283159,['G', 'G']
C37958034,['G', 'G', 'G', 'O']
C37884867,['G', 'O', 'G', 'G']
C48529763,['G', 'G', 'G']
C38077056,['G', 'G', 'O']
C10031497,['G', 'O', 'G', 'G', 'G']
C50165610,['O', 'G', 'O']
C20828159,['O', 'G', 'G', 'G']
C38107865,['G', 'O', 'G']
C02212596,['G']
C48599616,['G', 'G', 'G', 'O']
C21762331,['G', 'G', 'G', 'G', 'G']
C64874306,['G', 'G']
C02044238,['O']
C57339499,['O', 'G']
C24525186,['G', 'G', 'G', 'O', 'G', 'G']
C39540190,['G', 'G', 'G', 'G', 'G']
C35405144,['G']
C40516623,['G', 'O', 'G', 'G', 'G']
C63279178,['G', 'O', 'G', 'G']
C50711301,['G', 'G', 'G', 'G']
C61832001,['-']
C42266916,['G', 'G', 'G', 'O']
C01401257,['G', 'G']
C41040439,['G', 'G', 'G', 'G']
C31944858,['G', 'G', 'G']
C42162270,['O', 'G', 'G', 'O']
C20872173,['O', 'G', 'G', 'G']
C43427740,['O', 'G']
C50329359,['G', 'G']
C57514521,['-']
C24572701,['O', 'G', 'G', 'O', 'G']
C54826248,['O', 'G', 'G']
C50566183,['O']
C17093445,['G', 'G', 'G', 'G', 'O', 'G']
C49731813,['G', 'G', 'G', 'O']
C35778341,['O']
C40116049,['G']
C01504543,['-']
C66399790,['O', 'G', 'G', 'G', 'G', 'G', 'G']
C48596792,['G', 'G', 'O', 'G', 'G', 'O']
C51168031,['G', 'O', 'G', 'G', 'G', 'O', 'O']
C03199836,['G']
C55269788,['O', 'O']
C08684252,['O', 'O']
C62789845,['O']
C39967898,['G', 'G', 'G']
C13177772,['G', 'G', 'O', 'G']
C21319011,['G', 'G']
C63040426,['G', 'G', 'G', 'G']
C07798727,['G', 'G', 'G', 'G', 'G']
C48653934,['G', 'G', 'G', 'O']
C13556647,['G', 'G', 'G']
C20388780,['G', 'G', 'G', 'G', 'G', 'G', 'O']
C39508403,['G', 'G', 'G']
C00121932,['G', 'G']
C00266229,['G', 'G']
C57830576,['G', 'G', 'G']
C49521411,['G', 'G', 'G', 'G', 'G']
C39730950,['G', 'G', 'G']
C19783810,['O', 'O', 'G']
C16162794,['G']
C48519655,['G', 'G', 'G', 'G']
C43669083,['G', 'G', 'G', 'G']
C13747849,['G', 'G']
C00972841,['-']
C61368045,['G', 'G', 'G']
C37625783,['-']
C00350460,['G', 'G', 'G', 'G']
C19859373,['G']
C00309093,['G', 'G', 'O']
C67489474,['G', 'O', 'G', 'G', 'G', 'G', 'O']
C36324568,['O', 'G', 'G']
C19955685,['O', 'G']
C42401751,['G', 'O', 'O', 'G', 'G', 'G']
C38643375,['-']
C62658874,['O', 'G', 'G', 'G']
C40529100,['G', 'G', 'G', 'G', 'G']
C67601222,['G', 'G', 'O', 'G']
C00059005,['-']
C40554973,['G', 'G', 'G', 'G']
C61640248,['G', 'G', 'G']
C44755493,['O', 'G', 'G', 'G']
C13637047,['G', 'G']
C39443353,['G', 'G', 'O']
C19431001,['G', 'O']
C38818785,['-']
C11946874,['G', 'O', 'G', 'G', 'O']
C51073816,['G', 'G']
C37327231,['G', 'O', 'G']
C43303085,['G', 'G']
C63970017,['G', 'O']
C40269130,['G', 'G']
C32620079,['G', 'G', 'G', 'G']
C66815405,['G', 'O']
C43429306,['G']
C16159359,['G', 'G', 'G']
C06755525,['O', 'O']
C38720138,['O', 'G', 'G']
C37845064,['G', 'G', 'G', 'O']
C35782380,['O', 'O', 'O', 'G', 'G']
C04218235,['G', 'G']
C62141019,['G', 'G', 'G']
C48760077,['O', 'O', 'O']
C20872249,['G', 'G', 'G', 'O']
C08772644,['G', 'G', 'G', 'G', 'G', 'G']
C05048111,['G', 'G']
C40322587,['G', 'G', 'G']
C39528530,['O']
C63747508,['G', 'G', 'G', 'G']
C65066471,['G', 'G', 'G']
C65809971,['O', 'G', 'G', 'G', 'G', 'G', 'G']
C35692430,['G', 'O', 'O']
C37680806,['O', 'G', 'G', 'G']
C50329013,['G', 'G', 'G', 'G']
C45226307,['G', 'G', 'G', 'O']
C31920895,['G', 'G']
C50603196,['G', 'G', 'G']
C53751569,['G']
C44765447,['G', 'G', 'G']
C23294308,['O', 'O', 'G', 'G']
C48731189,['G', 'G', 'O', 'G', 'G']
C42343758,['G', 'G', 'G', 'G', 'G', 'G']
C48775222,['G', 'G', 'G']
C00143667,['-']
C62765007,['G', 'G', 'O']
C58239177,['O', 'G', 'G', 'G', 'G']
C43427360,['G', 'O']
C48888812,['G', 'O', 'G']
C37515473,['G', 'G', 'G']
C40290054,['G', 'G', 'G']
C57341037,['O', 'G']
C48758577,['O', 'G', 'G', 'O']
C56718228,['G', 'G', 'O', 'G', 'G']
C59487658,['G', 'G', 'G', 'G']
C39568194,['G', 'G', 'O']
C35010305,['G', 'O', 'G', 'G']
C51330129,['G', 'G', 'G', 'G', 'O', 'G']
C05556434,['O', 'G', 'G', 'G', 'O']
C00857383,['G', 'G', 'G']
C43554327,['G', 'G']
C04269875,['G']
C41548793,['O', 'O', 'O', 'G']
C54631474,['G', 'G', 'G']
C65068256,['G', 'G', 'G', 'G']
C48892415,['G', 'O', 'G']
C33423102,['G', 'G', 'G', 'G', 'O', 'G', 'G']
C41721538,['O', 'G', 'G']
C05182090,['O', 'O', 'G']
C20255891,['G', 'G', 'G']
C55304891,['G', 'G', 'G']
C42412926,['G', 'G', 'G', 'G', 'O']
CHEMBL118839,['G', 'O']
C36810094,['O']
C23120662,['O', 'G', 'G', 'O', 'O']
C39506245,['O', 'G']
C36842987,['G', 'O', 'O']
C62529577,['-']
C67387023,['G', 'G', 'G', 'G', 'G']
C65341560,['G', 'G']
C22073604,['O']
CHEMBL154,['G', 'O', 'G']
C12901131,['G', 'O', 'O']
C04295239,['G', 'G', 'G', 'G', 'G']
C00972843,['-']
C49831020,['G']
C50502850,['O', 'G', 'O']
C07786964,['O', 'O', 'G', 'G', 'G']
C00784493,['O', 'O', 'O', 'G']
C35287918,['O', 'O', 'O']
C55785381,['G', 'G', 'G']
C62959706,['G', 'O', 'G']
C06909264,['G', 'G', 'G', 'G', 'G', 'G', 'G']
C39709504,['G', 'G']
C54633473,['G', 'G', 'G', 'G', 'G']
C39504169,['G', 'G', 'O']
C06509171,['G', 'O', 'G', 'G']
C62152017,['O', 'G']
C51712773,['G', 'G', 'G', 'O', 'O']
C39167724,['O', 'G']
C42393385,['G', 'G', 'G']
C41131706,['G', 'G', 'G', 'O', 'G']
C54715495,['G', 'G', 'O', 'G', 'G']
C12488931,['G', 'G', 'G', 'G', 'G', 'G']
C36899796,['O', 'G']
C35206100,['G', 'G']
C62721245,['G', 'O', 'G']
C20546355,['G', 'G', 'G', 'O']
C67183719,['O', 'G', 'G', 'G']
C05223887,['G']
C55556495,['O', 'G', 'G', 'O', 'G']
C36276657,['G']
C37174403,['O', 'G']
C48196318,['G', 'O', 'G']
C00047381,['G', 'G']
C39539975,['G', 'O', 'G']
C43410974,['G', 'O']
C00250196,['G', 'G']
C39511027,['G', 'G']
C51728546,['G', 'O']
C32776447,['G', 'G', 'G', 'G', 'G']
C36075719,['G', 'G']
C37302379,['G', 'G', 'O']
C61411462,['G', 'O']
C45250271,['G', 'G', 'G', 'G', 'G', 'O']
C50557181,['G', 'O', 'G', 'O']
C04825134,['G', 'G']
C62793814,['G']
C04769699,['-']
C31910744,['G', 'G', 'G', 'G', 'O']
C49916940,['G', 'O', 'G']
C40260160,['G', 'G', 'G']
C04419246,['-']
C62824965,['G', 'G', 'O', 'G']
C13468688,['O', 'O']
C49165553,['G', 'G', 'G', 'G']
C67470034,['G', 'G', 'O', 'G', 'O']
C48748496,['G', 'G', 'G', 'G', 'G']
C66254506,['G', 'G', 'G', 'G']
C63275754,['G', 'G', 'G']
C49510035,['G', 'G']
C49829305,['G']
C04878195,['G', 'G', 'G', 'G']
C26570577,['G', 'O']
C62938725,['G', 'G', 'G']
C67418710,['G', 'G', 'G', 'G', 'G', 'G', 'G', 'O', 'G']
C43301922,['G', 'G', 'G']
C66771983,['G', 'G', 'G', 'G']
C44836244,['G', 'O', 'G']
C40073940,['O', 'G', 'G']
C36968515,['G', 'G', 'G', 'O']
C37198582,['O', 'G', 'G']
C03165690,['G', 'G', 'G']
C45774244,['G', 'G', 'G', 'O']
C44449746,['G', 'G', 'G']
C39505753,['O', 'G']
C49813265,['G']
C62361225,['G', 'G']
C35659895,['G', 'G', 'G', 'G']
C42258606,['O', 'G', 'G']
C40767378,['G', 'G', 'G', 'O', 'O']
C54094876,['G', 'G', 'G', 'G', 'G', 'O']
C37885285,['G', 'G', 'O', 'G', 'G']
C03299603,['O', 'G', 'G', 'G']
C36785687,['O', 'G', 'O', 'G']
C41983430,['G', 'G', 'G', 'G', 'O']
C64934773,['G', 'G', 'G', 'G']
C00032874,['-']
C62916896,['G', 'G', 'G', 'G']
C66076490,['G', 'G', 'G']
C06607769,['G', 'G', 'G', 'G', 'O']
C37846025,['G', 'G', 'G', 'G', 'G']
C63692595,['O', 'G', 'G', 'O', 'G', 'G', 'O', 'G']
C04722448,['-']
C39862276,['G', 'G', 'G', 'G', 'G']
C05530937,['G']
C66772454,['G', 'G', 'G', 'O', 'G', 'G']
C39505749,['G', 'G', 'G', 'O']
C48938513,['G', 'G', 'G', 'G']
C21418990,['G', 'O', 'G']
C02019935,['G', 'G']
C52911841,['G', 'G', 'G', 'O', 'G', 'O']
C02917954,['G', 'O']
C39513375,['G', 'G', 'G']
C14985845,['-']
C53751568,['G']
C20395387,['O', 'G', 'G', 'G']
C03399951,['G', 'G', 'G', 'G', 'G']
C42362077,['G', 'O', 'G']
C49050039,['G', 'O', 'G', 'O']
C05181920,['O', 'G', 'G']
C62558022,['G', 'G', 'G']
C04680334,['O', 'G', 'O']
C02519555,['-']
C37844283,['G', 'G', 'G', 'O']
C48865567,['G', 'G', 'G']
C04466882,['G', 'O', 'G']
C38001419,['G', 'G']
C49818501,['O', 'G', 'G', 'O']
C22413285,['O', 'G', 'O']
C48545420,['O', 'G', 'O']
C32635456,['G', 'O', 'O']
C37151294,['G', 'G']
C06788669,['G', 'G', 'G', 'O', 'G']
C04095549,['G']
C51607341,['G', 'O']
C08957963,['G', 'G', 'G']
C62655924,['G']
C39394957,['O', 'O', 'G']
C62132724,['G', 'O', 'O']
C20435668,['G', 'G']
C04501946,['O', 'O', 'O', 'G']
C49513911,['G', 'G', 'G']
C20504311,['G', 'G', 'O', 'G']
C39332063,['G', 'G']
C13595791,['G', 'G', 'G', 'O', 'G']
C62137106,['G', 'G', 'G']
C05687439,['G', 'O', 'G']
C29619136,['G', 'G', 'O', 'G', 'G']
C63818843,['G', 'G']
C39506803,['G']
C36324765,['G', 'G', 'G', 'G', 'O']
C06465614,['G', 'G', 'G']
C51733849,['O', 'G', 'G']
C41989476,['G', 'G', 'O', 'G']
C55494438,['G', 'G', 'G', 'G']
C00652059,['O', 'G', 'G']
C42443910,['G']
C48529660,['G', 'G', 'G']
C00354238,['G', 'G', 'O', 'O']
C61488563,['G', 'G', 'G', 'O', 'G', 'G']
C37337412,['G', 'O', 'G', 'G', 'G', 'G']
C37281516,['G', 'G']
C41753354,['G', 'G', 'G', 'G', 'O']
C65088054,['O', 'G', 'G']
C48530165,['G', 'O', 'G']
C05312109,['G', 'G', 'G', 'G', 'G']
C67179612,['G', 'G', 'G']
C04246521,['O', 'G', 'G', 'G', 'G']
C44380322,['G', 'G']
C62843587,['G', 'G', 'G', 'G']
C57807472,['G', 'O', 'G', 'G', 'G', 'O']
C50502585,['G', 'G']
CHEMBL9197,['G']
CHEMBL527,['G', 'G', 'O']
C41953600,['G', 'G', 'G']
C50985666,['O', 'G', 'G']
C37684316,['G', 'G', 'G', 'G']
C08324990,['G', 'G', 'G', 'O']
C37104755,['G', 'G', 'O', 'G']
C50044717,['G', 'G', 'O', 'G']
C35426861,['G', 'G', 'G', 'O']
C64542039,['G', 'G', 'G', 'G']
C35659803,['O', 'G', 'G', 'G', 'O']
C61327729,['O', 'O', 'G', 'G']
C37501136,['G', 'G', 'G', 'O', 'G', 'G']
C67519491,['G', 'G', 'O', 'G', 'G']
C00140134,['O']
C48530111,['G', 'G', 'G']
C61821149,['O', 'G', 'G']
C09577162,['G', 'O', 'G']
C40696132,['G', 'G']
C30015387,['G', 'G', 'G']
C52005212,['O', 'G', 'G']
C49314569,['G', 'O']
C37843743,['G', 'G', 'G', 'G', 'G']
C62190996,['G', 'G', 'G', 'O']
C16545092,['G']
C40086027,['G', 'G']
C01762530,['-']
C36220820,['O', 'O', 'O']
C37328648,['G', 'O', 'O']
C52175348,['G', 'G']
C37961748,['G', 'G', 'G', 'G']
C24346704,['G', 'G', 'O', 'O']
C37423033,['G', 'G', 'G']
C13169711,['G', 'G', 'G', 'G']
C40692398,['G', 'G', 'G']
C42865639,['G', 'G', 'O']
C17149284,['G']
C39097021,['G', 'G']
C45079646,['G', 'G', 'G']
C00386115,['O', 'G', 'G', 'G']
C40713646,['G', 'O']
C39055681,['O', 'G']
C20564624,['G', 'G', 'G', 'G', 'G']
C46587780,['G', 'G', 'G', 'G', 'G', 'O', 'G', 'G', 'G']
C18254721,['G', 'G', 'G']
C44201111,['O', 'G', 'G']
C39553824,['G', 'G', 'G', 'G']
C50985514,['G', 'G', 'G', 'O']
C17243992,['O', 'O']
C38827509,['-']
C43426970,['G', 'O']
C37359315,['G', 'O', 'O']
C20397925,['O', 'G']
C61863543,['G']
C44289420,['G', 'G', 'G', 'G', 'G']
C37624101,['G', 'G']
C37153994,['G', 'G']
C16956887,['G', 'G', 'O', 'G', 'G', 'G', 'O']
C42425337,['G', 'O', 'O', 'G']
C48989382,['G', 'G', 'G']
C52855347,['G', 'O', 'O']
C20078004,['G', 'G', 'G', 'G']
C39507731,['G', 'G', 'O']
C66262689,['G', 'G', 'G']
C36075515,['G', 'G']
C37130026,['G', 'G', 'O']
C67171895,['G', 'G', 'G', 'G']
C52144676,['G', 'G']
C20858914,['O', 'G', 'O', 'G']
C37155561,['O', 'G']
C44396148,['G', 'G', 'G']
C52147210,['G', 'G', 'G']
C66819492,['G', 'G', 'O', 'G', 'G', 'G']
C20590056,['G', 'G', 'G', 'G']
C34265862,['O', 'G', 'G']
C63043621,['G', 'G', 'O']
C34957186,['G', 'G', 'O']
C31739828,['O', 'O']
C52211817,['G', 'O', 'G']
C37203409,['O', 'G', 'G']
C36866782,['G', 'G', 'G', 'G']
C48797497,['G', 'G', 'O', 'G']
C60781135,['O', 'G']
C62944037,['G', 'G', 'O']
C36901715,['G', 'O', 'G']
C39732579,['G']
C43763601,['-']
C62614095,['G']
C20417584,['G', 'O', 'G', 'G', 'G']
C36075492,['G', 'G']
C48427360,['O', 'G', 'O']
C62135389,['G', 'O', 'O', 'O']
C38079291,['G', 'G', 'G', 'G']
C14034713,['G', 'G', 'G']
C62985793,['G', 'G', 'G']
C48461346,['O', 'G', 'G', 'G', 'O']
C45837249,['O', 'O', 'G', 'G']
C09475334,['G', 'G', 'O', 'G', 'G', 'G', 'G', 'G', 'G', 'G']
C36810474,['G', 'O']
CHEMBL214101,['G', 'G', 'G']
C02530908,['G', 'G', 'G']
C39055840,['G']
C37833264,['G', 'G', 'G', 'G']
C42325506,['G', 'G', 'O']
C36752764,['G', 'O', 'G']
C66272331,['G', 'G', 'G', 'G', 'G', 'G']
C43669085,['G', 'G', 'G', 'G']
C04769794,['G', 'G']
C42581210,['G', 'G', 'G']
C39736509,['G', 'O', 'G', 'G', 'G', 'G']
C04266881,['G', 'G']
C15375732,['G', 'G', 'G', 'G', 'G']
C01444817,['G', 'O', 'G', 'G', 'G', 'G']
C37438908,['O', 'G']
C65335867,['G']
C66755886,['G', 'G', 'G', 'O']
C61697205,['G', 'G']
C67047948,['O', 'G', 'G', 'O', 'G']
C62874646,['G', 'O', 'G']
C52267838,['G', 'G', 'G', 'G']
C51176840,['G', 'G', 'G']
C57315335,['G', 'G', 'O', 'G']
C41669491,['G', 'O']
C08265210,['G', 'G', 'G', 'G']
C39459572,['G', 'O', 'O']
C34794855,['G', 'G', 'G', 'G', 'G']
C36288275,['G', 'G', 'G']
C32507437,['G', 'O', 'G']
C48785651,['G', 'O']
C00501706,['G']
C40529535,['G', 'G']
C62118143,['G', 'G', 'G', 'O']
C35676407,['G', 'G', 'G', 'G', 'G', 'G']
C57746137,['G', 'G', 'G']
C24945363,['G', 'G', 'G', 'G']
C63046110,['O', 'G']
C67175725,['-']
C65467507,['G', 'O', 'G', 'G']
C32538305,['G', 'G']
C00052521,['G', 'G', 'O', 'G', 'O']
C05521345,['G', 'O', 'G', 'G']
C66322395,['-']
C49515033,['O', 'G', 'G', 'G']
C44120716,['G']
C37388581,['G', 'G', 'G']
C54629894,['G', 'G', 'G']
C34948337,['G', 'O', 'O', 'O', 'G', 'O', 'G']
C20389511,['G', 'O', 'G']
C63711083,['G', 'O', 'G', 'G', 'G']
C66402283,['G', 'O', 'O', 'G']
C61632604,['G', 'O', 'G', 'G', 'G', 'G', 'O']
C36155114,['G', 'G', 'G']
C39511168,['G']
C06740825,['G', 'G']
C00036150,['G', 'G', 'G', 'O']
C16124585,['G', 'G', 'G']
C08014918,['G', 'G', 'G', 'G']
C48505773,['O', 'G', 'G']
C03996065,['O', 'G', 'G', 'O']
C63107736,['G', 'G', 'G', 'G']
C00119049,['G', 'G']
C52144679,['G', 'G']
C45074491,['O', 'O', 'G']
C05142888,['G', 'G', 'G', 'G']
C03106353,['O']
C44069164,['O']
C63868478,['G', 'G', 'G', 'G', 'G']
C00533840,['G', 'G']
C42412169,['G', 'G', 'G']
C06086696,['O', 'G', 'G', 'O']
C40885885,['O', 'G', 'G']
C37498015,['G', 'O', 'G', 'O']
C49504212,['G', 'G', 'O', 'G']
C00035359,['G', 'G', 'O']
C37692678,['G', 'G']
C43661228,['G']
C14031384,['G', 'G', 'O']
C61590828,['G']
C11633725,['G', 'G', 'G']
C04323654,['G']
C25303925,['G', 'G', 'G', 'G']
C38971386,['G', 'G', 'G', 'G', 'O', 'O']
C42009365,['G', 'G', 'G']
C00203878,['-']
C43828354,['-']
C03183783,['G', 'G', 'G', 'G']
C55333824,['O', 'O', 'O', 'O']
C61845995,['G', 'G', 'G', 'G']
C16641658,['G', 'O']
C05627011,['G', 'G', 'O', 'G']
C27924519,['G', 'O', 'G']
C52198857,['G', 'O', 'G', 'G']
C50480712,['G', 'G', 'G', 'G']
C66504547,['G', 'G', 'G']
C15634159,['G', 'O', 'G', 'G']
C60162133,['G', 'G', 'G', 'O', 'O', 'G', 'O']
C35521238,['G', 'G', 'G', 'G']
C62105504,['O', 'G', 'G']
C37054086,['G', 'G', 'G']
C40232172,['G', 'G', 'G', 'G']
C18168584,['O', 'G', 'G']
C11902723,['G', 'G']
C00392539,['-']
C43302149,['G', 'G']
C12794764,['G', 'G', 'G', 'G']
C66329188,['O', 'G', 'G', 'O', 'G', 'G', 'G']
C62954565,['O', 'G']
C44158323,['G', 'G', 'G', 'O']
C36912554,['-']
C29907703,['G', 'O', 'G', 'G', 'O']
C39964685,['G', 'G']
C36166502,['G', 'G', 'O']
C40289490,['G', 'G']
C04099967,['G', 'G', 'G']
C35357126,['G', 'G', 'G']
C38805630,['O']
C54631391,['G']
C59383588,['G']
C45165948,['G', 'G', 'G']
C32914328,['G', 'G', 'G', 'G']
C46017434,['G', 'G', 'G', 'O']
C48347691,['G', 'G', 'G']
C40113895,['G', 'G', 'G', 'G', 'O', 'G']
C24769754,['G', 'G', 'G', 'O']
C40830697,['G', 'G', 'G']
C00414383,['G', 'G', 'G', 'G']
C61563507,['G', 'G', 'G', 'G', 'O', 'G']
C41620402,['G', 'G', 'O', 'G', 'G']
C39054667,['G', 'O']
C64523330,['G', 'O', 'O', 'O']
C61697206,['G', 'G']
C67545784,['O', 'G', 'G', 'G', 'O']
C32819182,['G', 'O', 'O']
C62758619,['G', 'G', 'O']
C39524330,['-']
C07237226,['G', 'O', 'G', 'G']
C37503695,['G', 'O', 'G', 'G', 'G']
C43722724,['G', 'G', 'G', 'O', 'G', 'G']
C51734361,['G', 'G', 'G']
C41327382,['G', 'G', 'G']
C22608565,['G', 'O', 'G']
C36909564,['G', 'G']
C41960652,['G', 'G', 'G', 'G']
C61629990,['G']
C62614880,['G', 'G', 'G', 'G']
C62758779,['O', 'O', 'G', 'O']
C62851101,['O', 'G', 'O']
C15110115,['G', 'O', 'G']
C21989735,['-']
C37979867,['G', 'G', 'G']
C19771783,['G', 'O']
C40830676,['G', 'G', 'G']
C48606436,['G', 'G']
CHEMBL157623,['G', 'G', 'G']
C57652524,['O', 'O', 'G', 'G', 'O']
C35418659,['G', 'G', 'O', 'G']
C61490845,['G', 'G', 'G']
C44934744,['G', 'G', 'G']
C28463549,['G', 'G', 'G']
C62808883,['G', 'G', 'G']
C62529580,['-']
C52911988,['O', 'G', 'G', 'G', 'G', 'G']
C00531119,['G', 'G']
C48643182,['O', 'G', 'G', 'G']
C49791047,['G', 'G', 'G']
C01579194,['G']
CHEMBL119170,['G', 'O', 'G', 'G']
C44544847,['G', 'G', 'G', 'G', 'G', 'G', 'G', 'G', 'O']
C37530524,['G', 'G', 'G']
C41636297,['G', 'G', 'G', 'G']
C40578332,['O', 'O', 'O', 'G', 'O']
C49461804,['G', 'O', 'G', 'G']
C39054839,['G', 'O', 'O']
C50985369,['G', 'G', 'G', 'O']
C66255031,['G', 'G', 'G', 'G']
C64033243,['-']
C49315074,['G', 'G', 'G', 'G', 'G', 'G']
C40803811,['G', 'G', 'G', 'O', 'G']
C41912839,['G', 'G', 'G']
C06499552,['O', 'G']
C06563571,['G', 'O', 'G', 'G']
C04504929,['O', 'G', 'O']
C50529596,['G']
C18068118,['G', 'G']
C37793257,['O', 'O', 'G', 'O', 'O']
C67366376,['G', 'G', 'G', 'G', 'O', 'G', 'G']
C12368959,['G', 'G']
C64002812,['G', 'G', 'G', 'G', 'G', 'G']
C04339284,['G']
C45079434,['G', 'O', 'G']
C05626426,['G', 'G', 'G', 'G']
C01621873,['G', 'G', 'G']
C51746494,['O', 'G', 'G']
CHEMBL56563,['G', 'G', 'G']
C14093440,['G', 'G', 'G']
C45699139,['O']
C35209215,['O', 'G', 'O', 'G']
C38931903,['O', 'O', 'G', 'G', 'G']
C05552158,['G', 'G', 'G']
C57463795,['G', 'O', 'G', 'G', 'G']
C41271477,['G', 'G', 'G']
C49374339,['G', 'G', 'G', 'O']
C07781249,['G', 'G', 'G', 'G', 'G']
C37379515,['G', 'G']
C42242871,['G', 'G', 'G', 'G', 'G']
C32026789,['G', 'O']
C37247614,['G', 'G', 'O']
C43699598,['G', 'G', 'G']
C49313432,['G', 'G', 'G']
C62049875,['G', 'G', 'G', 'G', 'G']
C49479145,['G', 'G', 'G', 'G']
C42887362,['G', 'G', 'G']
C43302989,['G', 'G']
C03978589,['-']
C03898474,['O', 'G', 'O']
C41980781,['G', 'G', 'G', 'G', 'G', 'O']
C39513153,['O', 'G', 'O']
C52312279,['G', 'G', 'G']
C00942227,['G', 'O']
C41983065,['G', 'G', 'G', 'G']
C45660160,['G', 'G', 'G', 'G']
C06781486,['G', 'G', 'G', 'G']
C65284868,['G', 'G', 'G', 'G', 'G']
C61564749,['G', 'O', 'G', 'G', 'O', 'G']
C42350350,['G', 'G']
C04418450,['G', 'O', 'O', 'G']
C12417763,['O', 'G', 'G']
C48666137,['G', 'G', 'G']
C51992294,['G', 'G', 'G', 'G']
C49786383,['O', 'G']
C36133929,['G', 'G', 'G']
C67520026,['G', 'G', 'G', 'G', 'O']
C54632806,['G', 'G', 'G', 'G', 'G']
C37845039,['G', 'G', 'G', 'G', 'O']
C12789807,['G', 'O', 'G', 'G', 'O']
C41229880,['G', 'G']
C41410270,['G', 'G', 'G']
C35209256,['G', 'G', 'O', 'O', 'G']
C62089454,['G', 'O', 'G']
C67512042,['O', 'G', 'G', 'G', 'G']
C39523899,['G']
C35224110,['G', 'G', 'O', 'O']
C20525607,['G', 'O']
C35259776,['G', 'G', 'G', 'G', 'O', 'O']
C02334179,['G', 'G', 'G']
C62833471,['G', 'G', 'G', 'G', 'O', 'G']
C02497009,['G', 'G', 'G']
C52992322,['G', 'G', 'G', 'O', 'G']
C40446843,['G', 'G', 'G', 'G']
C13633799,['-']
C19897697,['O', 'O']
C11403726,['G', 'G', 'G', 'O', 'G']
C43668383,['G', 'G']
C42343950,['G', 'G', 'G', 'G', 'G']
C62749580,['G', 'G', 'G', 'G']
C09344608,['G', 'G', 'G', 'O']
C13716901,['G', 'G', 'G']
C58950122,['G', 'G', 'G']
C05225349,['G', 'G']
C40089600,['G', 'G', 'G']
C62764378,['G', 'O', 'G', 'G']
C66411876,['G', 'G', 'G', 'G']
C55494349,['G', 'G', 'G', 'O']
C55303413,['G', 'G']
C36396240,['G', 'G', 'G', 'G', 'G', 'G', 'G', 'O']
C45527075,['G', 'G', 'G', 'G']
C19783754,['G', 'G', 'O']
C49524293,['G', 'G', 'G', 'G']
C17084846,['G', 'G', 'G', 'G', 'O']
C49518144,['G', 'G', 'G', 'G', 'O', 'G']
C49792209,['G', 'G', 'G', 'G']
C37912536,['G', 'G', 'G', 'G']
C47328605,['G', 'G', 'G']
C49596462,['O', 'G', 'G', 'G']
C49586016,['G', 'G', 'G', 'O']
C00407490,['G']
C63881797,['G', 'G', 'O', 'G', 'G']
C37885900,['G', 'G', 'G', 'G']
C13306732,['G', 'G', 'O', 'G']
CHEMBL139,['G', 'G', 'G', 'G']
C41326159,['G', 'G', 'G']
C01377175,['G', 'G', 'O', 'G', 'G']
C54660634,['G', 'G', 'O', 'G']
C44285677,['G', 'G', 'G', 'G']
C37558177,['G', 'G', 'G']
C04314855,['G', 'G', 'G']
C41981612,['G', 'G', 'G', 'G', 'O']
C07603941,['G', 'G', 'O', 'G']
C58394989,['O', 'G', 'O', 'O', 'G']
C17028882,['O', 'G', 'G', 'G', 'G', 'O', 'G']
C03846058,['G']
C51720511,['G', 'G', 'O', 'G', 'G']
C62146283,['G', 'G', 'G', 'G', 'O']
C48444973,['O', 'G']
C06947595,['G', 'G']
C54712687,['O', 'G', 'G']
C65397985,['G', 'G', 'G', 'G', 'G']
C41259713,['G', 'G', 'G', 'G']
C20433623,['G', 'G', 'O']
C04945400,['G', 'G', 'G']
C05328558,['G', 'G']
C00021675,['O', 'G', 'G']
C37497223,['G', 'G', 'G', 'O']
C13960179,['O', 'G', 'G', 'O']
C42269221,['G', 'G', 'G', 'G']
C58964483,['G', 'O', 'O', 'O']
C37641187,['G', 'G']
C29811702,['G', 'O', 'G', 'G']
C62181527,['G', 'G', 'G', 'G', 'G']
C06674633,['G', 'G', 'G', 'G', 'O']
C55309096,['G', 'G', 'O']
C66562543,['G', 'G', 'G', 'G']
C66582765,['G', 'G', 'G', 'G', 'G']
C54186706,['G', 'G', 'O']
C33428563,['O', 'G', 'O']
C61095151,['G', 'O', 'G', 'G']
C42406752,['G', 'G', 'G', 'G', 'G', 'G']
C65877874,['G', 'G', 'O', 'G', 'G']
C00711053,['G']
C66276582,['G', 'G', 'G', 'G', 'G', 'G', 'O']
C39776541,['G', 'G', 'G']
C32740545,['G', 'G', 'O', 'G', 'G']
C41689258,['G', 'G', 'O', 'O']
C38936145,['G', 'G', 'G', 'G', 'G', 'G']
C35659889,['G', 'G', 'G', 'G', 'G', 'G']
C40009560,['G', 'G', 'G']
C63157536,['G', 'G', 'G']
C41922431,['G', 'G', 'G', 'G', 'G']
C16731369,['G', 'G', 'G', 'G']
C06719960,['G', 'G']
C37154717,['G', 'G', 'G', 'G', 'G']
C62793840,['G']
C62827401,['G', 'G', 'G', 'G', 'G', 'G']
C61363439,['G', 'G', 'G', 'G']
C41981619,['G', 'G', 'G', 'G', 'G', 'G']
C02116060,['G', 'G', 'G', 'G']
C49594687,['G', 'O', 'G', 'G']
C43661227,['G']
C67633718,['G', 'G', 'G', 'G', 'G', 'G']
C37238590,['O', 'O', 'G']
C38789787,['G', 'G', 'G', 'G', 'G', 'G']
C06082970,['G', 'O']
C37690480,['G', 'G', 'G']
C04008339,['G']
C48499655,['G', 'G', 'O']
C02090232,['-']
C42413873,['G', 'G', 'G']
C62764440,['G', 'G', 'G', 'O']
C49449818,['G', 'G', 'G', 'G', 'G', 'G']
C62766687,['G', 'G', 'O', 'G']
C14755494,['G', 'G', 'O', 'G', 'G', 'G']
C36983974,['G', 'G', 'G']
C61487899,['G', 'G', 'G', 'G']
C39994915,['G', 'O', 'O', 'G']
C01619824,['-']
C35635977,['G', 'G', 'G', 'O', 'G', 'G', 'O']
C00106389,['O', 'G', 'O']
C40259616,['G', 'G']
C33945535,['G', 'G']
C42117404,['G', 'G']
C12658343,['G', 'G', 'G', 'O']
C37009923,['G', 'O']
C48916316,['G', 'O']
C39522986,['G']
C51176200,['G', 'G', 'G', 'G', 'G']
C61952512,['G', 'O']
C01563021,['-']
C66825524,['G', 'G', 'G', 'O', 'G', 'G']
C13750026,['G', 'O']
C53787065,['G', 'G', 'O']
C12506054,['G', 'G']
C36130495,['O', 'O', 'G', 'G', 'G']
C41680662,['O', 'G']
C41766184,['G', 'G', 'G', 'O']
C62914826,['G', 'G', 'G', 'G', 'O']
C63348689,['G']
C63067525,['O', 'G']
C41464169,['G', 'G', 'G']
C05902096,['O', 'G', 'G', 'O']
C42301215,['O', 'G', 'G', 'O', 'G', 'G']
C61954169,['G', 'G', 'G', 'O', 'O']
C38058322,['O', 'G', 'G', 'G']
C62793834,['G']
C52304692,['G']
C45147941,['G', 'G', 'G']
C44872082,['G', 'G', 'O', 'G', 'G', 'G', 'G']
C51849287,['O', 'O']
C43686680,['O', 'G', 'O', 'G', 'O']
C64873689,['O', 'G', 'G', 'G', 'O']
C64952659,['G', 'G', 'G', 'O']
C37373280,['O', 'G']
C50727474,['G', 'G', 'G', 'G', 'G', 'G']
C50502727,['G', 'G', 'G']
C66255151,['O', 'G', 'G', 'G']
C00728165,['G', 'O']
C20591731,['G', 'G', 'G', 'G', 'G', 'G']
C39506558,['G', 'G']
C37127914,['G', 'O', 'G', 'G', 'G']
C13947244,['G', 'G', 'G']
C42462336,['G', 'G', 'G', 'G']
C51038411,['G', 'G', 'G', 'G']
C49243344,['G', 'G', 'O', 'G', 'G']
C00814867,['O', 'G', 'O']
C62954538,['G', 'G', 'G', 'G']
C43688361,['G', 'G', 'G', 'O', 'G']
C64353758,['O', 'O', 'G', 'G']
C66262821,['G', 'G', 'O']
C31852425,['G', 'G', 'O', 'G']
C45951439,['G', 'G', 'G']
C06894158,['G', 'G', 'G', 'G', 'O']
C41912842,['G', 'G', 'G']
C28165714,['O', 'O', 'G']
C55494576,['G', 'G', 'G', 'G', 'O']
C51750172,['O', 'G', 'G', 'G']
C35306350,['G', 'G', 'G', 'O']
C55266598,['O', 'O', 'G']
C40273519,['G', 'G']
C04844071,['G', 'O']
C43423124,['G', 'G', 'G', 'G', 'G', 'G']
C06694123,['O', 'G', 'G']
C62836947,['G', 'G', 'G', 'G', 'G']
C63092725,['G', 'O', 'O', 'G']
C38077251,['G', 'G', 'G']
C40262826,['G', 'G']
C62976457,['G', 'G', 'G', 'G']
C40271151,['G', 'G', 'G']
C51036914,['G', 'G', 'O']
C39507571,['G', 'G', 'O', 'G']
C39964547,['-']
C04029673,['G']
C48449040,['G', 'G', 'G', 'G']
C40578330,['O', 'O', 'O', 'G', 'O']
C28223301,['O', 'G', 'G']
C61941966,['O', 'G']
C52852253,['G', 'G']
C12797799,['O', 'G', 'G', 'O', 'G', 'G', 'O']
C04482119,['O', 'O']
C62837636,['G', 'G', 'G', 'O']
C35425178,['G', 'G', 'G', 'G', 'G', 'G']
C58125074,['G', 'O', 'O', 'G', 'O']
C60550112,['O', 'G', 'O', 'G', 'G', 'G']
C13267399,['G', 'G', 'G', 'O']
C03122330,['G', 'G', 'G']
C67651492,['G', 'O', 'G', 'G', 'O']
C57963269,['G', 'G', 'G', 'G', 'O']
C65502095,['G', 'G', 'G', 'O']
C34677890,['G', 'G', 'G', 'O']
C61916431,['O', 'G']
C66828527,['G', 'G', 'G', 'O', 'G']
C05344162,['G']
C50031332,['G', 'G', 'O', 'G', 'G']
C46913896,['O', 'O', 'O', 'G']
C43537834,['O']
C12822076,['G', 'O', 'G', 'G', 'G', 'G', 'G']
C36631111,['G', 'G', 'G', 'O']
C13115113,['-']
C19281436,['G', 'G', 'G', 'G', 'G', 'G']
C62761357,['G', 'G', 'G', 'G', 'G', 'G', 'G', 'O']
C62801264,['G', 'G', 'G', 'G']
C37653070,['G', 'G']
C62825451,['G', 'G']
C46926851,['O', 'G', 'O', 'G']
C27467964,['G', 'G', 'G', 'O', 'O']
C43303102,['G', 'G', 'G']
C20526904,['O', 'G', 'O', 'G']
C12923695,['G', 'G', 'G']
C42798216,['G', 'O', 'G', 'G', 'G', 'G']
C41906244,['G', 'G', 'G', 'O']
C41233243,['O', 'G', 'G', 'O', 'G']
C54600994,['O']
C16982817,['G', 'G', 'O']
C20872234,['G', 'G', 'G', 'O']
C20606667,['G', 'G', 'O']
C40889658,['G', 'G', 'G', 'G', 'G', 'G', 'G', 'G']
C62316418,['G', 'G', 'O', 'G', 'G', 'O', 'G']
C51073817,['G', 'G']
C48758006,['G', 'O', 'G', 'G', 'G']
C49415504,['G', 'G', 'G']
C37885973,['G', 'G', 'O', 'O']
C63153497,['G', 'G', 'G', 'O', 'G', 'G']
C36736289,['G', 'G', 'G']
C42006337,['G', 'G', 'G', 'O']
C12322317,['G', 'O', 'G', 'G', 'G']
C62934005,['G', 'G', 'O', 'G']
C38086298,['G']
C03304362,['G', 'G', 'G', 'O', 'G', 'G', 'G', 'G']
C04718338,['G', 'G', 'G']
C62830559,['G', 'G', 'G']
C49520660,['G', 'G', 'G', 'G']
C63004295,['G', 'G', 'G']
C01826930,['G', 'O']
C14031393,['G', 'O', 'O']
C41976399,['G', 'G', 'G']
C62519738,['G']
C33071446,['O', 'G', 'G', 'G']
C66281679,['G', 'G', 'G', 'O', 'O']
C36022458,['O', 'G', 'O']
C43367925,['G']
C08821006,['O', 'G', 'G']
C52916595,['O', 'G', 'G', 'G', 'O']
C49167547,['G', 'G', 'G', 'G']
C61327429,['G', 'O', 'G']
C14035703,['G', 'G', 'G', 'G', 'G', 'G', 'G']
C13407026,['G', 'O']
C13576577,['G', 'G', 'G']
C37307988,['G', 'G', 'O', 'O']
C67653649,['G', 'G', 'O', 'G', 'G', 'G']
C50535885,['O', 'G', 'O', 'O']
C23865672,['G', 'G', 'G', 'G']
C62266478,['O', 'G', 'G', 'G']
C41982559,['G', 'G', 'G', 'G', 'O']
C67562916,['O', 'G', 'G', 'G', 'O', 'G', 'G']
C04254456,['G', 'G']
C38109987,['G', 'O', 'G']
C62230062,['G', 'G', 'G']
C65483642,['G', 'G', 'G', 'O', 'O']
C62320415,['G', 'G', 'G']
C66504045,['O', 'G', 'G', 'G', 'G']
C41599953,['O', 'G', 'G', 'O']
C52860906,['O', 'G', 'G']
C07092202,['O', 'G', 'G', 'G']
C38549835,['G', 'G', 'O', 'G', 'G']
C05238274,['G', 'O', 'G', 'G', 'G', 'G']
C43427743,['O', 'O']
C65478779,['G', 'G', 'G', 'O']
C00226679,['O', 'G', 'O']
C40242561,['G', 'G']
C44765714,['G', 'G', 'G', 'G']
C43699694,['G', 'O', 'G']
C45956441,['G', 'O', 'G']
C39523084,['G']
C00267564,['G', 'G', 'G', 'G']
C39500687,['O', 'G']
C66262175,['G', 'O', 'O']
C16975799,['O', 'G', 'G', 'G', 'G']
C39515003,['G', 'G', 'G']
C53944177,['G', 'O', 'G', 'G']
C39226651,['G', 'O', 'O']
C59255259,['G']
C49524395,['G', 'G', 'G', 'G']
C51329378,['G', 'G', 'O', 'G']
C13489640,['G', 'G', 'G', 'G']
CHEMBL155658,['G', 'G']
C65077287,['G', 'O', 'G', 'G', 'G', 'G']
C45687066,['G']
C36841954,['G', 'G', 'O', 'G']
C55450513,['O', 'G', 'O', 'G', 'O']
C37930867,['G', 'O', 'G']
C62235045,['G', 'G', 'G', 'G', 'G', 'G', 'G']
C02996280,['G', 'G', 'G']
C40722976,['G', 'G', 'O', 'G']
C49103771,['G', 'G', 'G', 'G', 'G']
C63393440,['G', 'G']
C61326343,['G', 'G']
C27525960,['O']
C20591027,['G', 'O']
C50634895,['G', 'G', 'G']
C61830806,['G', 'G', 'O', 'G', 'G']
C37186886,['G', 'G', 'G', 'O']
C65218319,['O', 'G', 'G', 'G']
C05287084,['G', 'G', 'G', 'G']
C37507843,['G', 'G', 'G']
C04355803,['G', 'G', 'G', 'G', 'G']
C37206362,['G', 'O']
C37489766,['G', 'G']
C02578650,['G', 'O', 'G', 'G']
C13693382,['G', 'G', 'G', 'G']
C07274700,['O', 'G', 'G', 'G']
C53796665,['G', 'O', 'G', 'G', 'G', 'O']
C63729817,['G', 'G', 'G', 'G', 'G']
C05277040,['G', 'G']
C04735034,['G']
C05095402,['G', 'O', 'G', 'O']
C48556998,['G', 'G', 'G', 'O']
C66332524,['G', 'G', 'G', 'O', 'G']
C01765098,['O']
C41627808,['G', 'G', 'G', 'O', 'G', 'G', 'G']
C20478591,['O', 'G']
C65609748,['O', 'G', 'G', 'G', 'G']
C66539065,['G', 'G', 'G', 'O']
C49593298,['G', 'G', 'G', 'G']
C42115272,['G', 'G']
C05177899,['G', 'G', 'G', 'G', 'O', 'G', 'G']
C40696150,['G', 'G', 'G']
C48671738,['G', 'O', 'G', 'G']
C22455317,['O', 'G']
C37370799,['G', 'G', 'G', 'G']
C63155086,['G', 'G', 'G', 'G']
C42802769,['G', 'G', 'O', 'G']
C44351816,['O', 'G']
C44510461,['G', 'O', 'G', 'G']
C44412196,['G', 'O', 'G', 'G']
C08062414,['G', 'G', 'G', 'G']
C63773808,['G', 'G', 'G', 'G']
C20552989,['G', 'O', 'O', 'O']
C38051293,['G', 'G']
C00477109,['G', 'O']
C23956176,['G', 'G', 'G', 'G', 'G']
C02311466,['G', 'G', 'G']
C65528355,['G', 'G', 'G', 'O']
C57746375,['G', 'G', 'G']
C00403632,['O']
C09189305,['G', 'G', 'G', 'O', 'G']
C49816190,['O', 'O']
C48751038,['G', 'G', 'G', 'G']
C62962231,['G', 'G', 'G']
C04910711,['G', 'G']
C19789690,['G']
C61708960,['G', 'G']
C51331616,['O', 'G', 'G']
C36352658,['O', 'O']
C67552062,['G', 'G', 'G', 'G', 'O']
C67119382,['G', 'G', 'O', 'G', 'G']
C12323688,['G', 'G', 'G']
C20285200,['G', 'G', 'O']
C12049940,['G', 'G', 'G', 'G', 'G']
C61585477,['O', 'G', 'O']
C53928957,['G', 'G']
C59138603,['O', 'G', 'O']
C18143566,['-']
C24480966,['G', 'G', 'G', 'G', 'O', 'G']
C41677642,['G', 'G', 'G', 'G', 'G', 'G']
C37994189,['G', 'G', 'G', 'G', 'G', 'O']
C49181479,['G', 'G', 'G', 'G', 'G', 'G', 'G', 'G']
C45809542,['G']
C37528533,['G', 'G', 'G', 'O', 'G']
C43686462,['G', 'G', 'O', 'G', 'G']
C54556997,['G', 'G']
C48266038,['G', 'G', 'G']
C53093165,['G', 'O', 'O', 'G', 'G']
C48768106,['G', 'G', 'G', 'G', 'G', 'G']
C49585994,['G', 'G', 'G', 'G']
C38644332,['-']
C41987854,['G', 'G', 'G']
C37718200,['G', 'G', 'G', 'G']
C43681735,['G', 'G']
C62830637,['G', 'G', 'G']
C38818788,['-']
C20276087,['G', 'G', 'G']
C00476514,['O', 'O', 'G', 'O']
C00330695,['G', 'G', 'G', 'O', 'G']
C20504279,['G', 'O']
C35232370,['G', 'G', 'G', 'G', 'O']
C39450606,['G']
C36135444,['G', 'G', 'G']
C40475332,['G', 'G', 'G', 'G', 'G']
C62181522,['G', 'G', 'G', 'G', 'G']
C16931258,['O', 'G']
C48810452,['O', 'G', 'G', 'O', 'G']
C43520872,['G', 'G', 'G']
C46673195,['G', 'G', 'G', 'G']
C06817081,['G']
C12550781,['O', 'G', 'G', 'G', 'G', 'O']
C09910072,['G', 'O', 'G', 'G', 'G', 'G', 'G']
C61891784,['O', 'G', 'G']
C38053905,['O', 'G', 'G']
C12433099,['G', 'O', 'G', 'G', 'G']
C02180946,['O', 'O', 'G', 'G', 'G', 'G']
C58585648,['G', 'O', 'G', 'G', 'G']
C41927012,['G', 'G', 'G', 'G']
C41906767,['G', 'G', 'G', 'G']
C62926315,['G', 'O', 'O', 'G', 'G']
C19740633,['G', 'G', 'O', 'G']
C04945697,['O', 'G', 'G', 'G', 'G']
C43653648,['G', 'G', 'G']
C65813816,['O', 'G', 'O']
C54557006,['O', 'G', 'G']
C04678911,['G', 'G', 'O']
C36857092,['G', 'G', 'G', 'G', 'O']
C65256467,['O', 'G', 'O', 'G']
C24926406,['G', 'O', 'G', 'G']
C00189116,['G']
C04823430,['O', 'G', 'G', 'O']
C42449076,['G', 'G', 'O', 'G']
C35208509,['G', 'G', 'O', 'G']
C40885518,['O', 'G', 'G']
C49270422,['O', 'O', 'G', 'G', 'G']
C32774202,['O', 'G', 'G', 'G']
C47373075,['G', 'O', 'O', 'G']
C12887276,['G', 'G', 'G']
C53775910,['G', 'O', 'G', 'G', 'G', 'G', 'O']
C37575554,['G', 'G', 'G']
C37502892,['G', 'G', 'G', 'G']
C37846223,['G', 'G', 'O', 'O', 'G']
C50503059,['G', 'G']
C41298288,['G', 'G', 'G', 'G']
C58004322,['G', 'O', 'G', 'G', 'O']
C51169250,['O', 'O']
C00189109,['G']
C65920168,['G', 'O', 'G', 'G', 'G', 'G', 'G', 'G']
C37196557,['G', 'G', 'G', 'G']
C57547899,['O', 'G', 'G']
C40947029,['G', 'O', 'G', 'G', 'G', 'G', 'G']
C39451005,['-']
C37897135,['G', 'G', 'G']
C48821175,['G', 'O', 'G', 'G']
C38036305,['G', 'G', 'G', 'G', 'O']
C48412105,['G', 'G', 'G']
C63155935,['O', 'G', 'G', 'G', 'G']
C21799099,['O', 'G', 'G', 'G', 'G']
C36177976,['O', 'G', 'G', 'G', 'O']
C62998383,['O', 'G', 'G', 'O']
C01593085,['G', 'G', 'O', 'G']
C17113231,['G', 'G']
C41908079,['G', 'G', 'G']
C53850808,['O', 'G', 'O']
C31944426,['O', 'G', 'G', 'G']
C38046525,['G', 'G', 'G', 'G']
C41670725,['G', 'G', 'G', 'G']
C36966225,['G', 'G', 'O']
C62759029,['G', 'O', 'G']
C18209255,['G', 'G', 'O', 'G', 'O']
C49219344,['G', 'G', 'G', 'G', 'G', 'G', 'G']
C05309976,['G', 'G', 'G', 'G', 'O']
C08140113,['O', 'G', 'G', 'G', 'G', 'G']
C00412927,['G', 'G', 'G', 'G']
C13090364,['G', 'G', 'G']
C37763546,['G', 'G']
C44425264,['O', 'G', 'G', 'O']
C49061193,['G', 'G', 'G']
C42731260,['G', 'G', 'G', 'G']
C05217878,['-']
C06913770,['G', 'G', 'G', 'G', 'G', 'G', 'G']
C39855428,['G', 'G', 'G', 'G']
C49297669,['G', 'G', 'G', 'G', 'G']
C04937660,['G', 'G', 'G', 'G']
C44318114,['G', 'O']
C24011225,['G', 'G', 'O', 'G', 'O', 'G', 'G']
C12736185,['G', 'G', 'G', 'G', 'G', 'G']
C58982345,['G', 'G', 'O', 'G', 'O']
C58867724,['G', 'G', 'O', 'G', 'G']
C50363056,['G', 'O', 'G']
C20376984,['G', 'G', 'G', 'G']
C35676416,['G', 'G', 'G']
C41981140,['G', 'G', 'O']
C62766343,['G', 'G', 'O']
C62830546,['G', 'G', 'G']
C58249172,['O', 'G']
C33929197,['-']
C43669344,['G', 'G', 'G']
C39869880,['G', 'O', 'G']
C09358226,['G', 'G', 'G', 'G']
C45074571,['G', 'G', 'G', 'G']
C58244508,['G', 'O', 'O', 'G', 'G']
CHEMBL330516,['G', 'G', 'G']
C04545076,['-']
C61891446,['G', 'G']
C04652479,['G', 'G']
C39994564,['G', 'G', 'O', 'G', 'G']
C12410522,['G']
C09236822,['G', 'G', 'O']
C23872877,['G', 'G', 'G']
C21010661,['G', 'G']
C54733784,['G', 'G', 'G', 'O']
C53548823,['G', 'G', 'G', 'O']
C00690324,['O', 'G', 'O', 'O', 'G']
C40000986,['G', 'G', 'G', 'G']
C04107833,['G', 'G', 'G', 'G', 'G']
C39505842,['O', 'G']
C37828456,['O', 'G', 'G']
C36861414,['G', 'G', 'G']
C00132750,['G']
C36332656,['G', 'G', 'G', 'G', 'G', 'O']
C00338685,['G', 'G']
C41988558,['G', 'G', 'G', 'G', 'G']
C35741055,['G', 'G', 'O', 'G', 'O']
C52126719,['G', 'O', 'O']
C13093268,['O', 'G', 'G', 'O', 'O', 'G']
C06698280,['O', 'G', 'G']
C42010218,['G', 'G', 'G', 'G', 'O']
C62837638,['G', 'G', 'G', 'O']
C49333945,['G', 'G', 'G']
C42007938,['G', 'G', 'G', 'G', 'G', 'G']
C51662254,['G', 'G', 'G']
C42346090,['O', 'G', 'G', 'G']
C05339724,['-']
C50502761,['G', 'G']
C62833748,['G', 'G']
C37088358,['G', 'O', 'O', 'G']
C57593033,['O', 'G', 'G']
C03902650,['O', 'G', 'O', 'G', 'G']
C09882798,['G', 'O', 'G', 'G']
C35382802,['O', 'G', 'G']
C18216468,['G', 'G', 'G', 'G']
C43386892,['G', 'G', 'O', 'G']
C24997636,['O', 'G', 'O']
C59464795,['O', 'G']
C41915152,['G', 'G', 'G']
C00556554,['G', 'G', 'G', 'O']
C04322414,['G', 'G']
C39526020,['G', 'G']
C52343751,['G', 'G', 'O', 'O', 'G']
C20479067,['G', 'O', 'G', 'G']
C00163280,['G', 'G']
C20525507,['G', 'O', 'G']
C55556498,['G', 'O', 'G', 'O', 'G']
C11177030,['G', 'G', 'G', 'G', 'G']
C01610813,['O', 'G']
C41960044,['G', 'G', 'O', 'G', 'G']
C51361220,['G', 'G', 'G', 'G']
C49825549,['G', 'G']
C20514369,['G', 'G', 'G']
C62758742,['O', 'G', 'O']
C41972503,['G', 'G', 'G', 'O']
C20379303,['G', 'G', 'G', 'G', 'O']
C60851552,['G', 'O', 'O', 'G']
C40552403,['O', 'G', 'G', 'G']
C04945402,['G', 'G', 'G']
C01191118,['O', 'G', 'O']
C44351811,['O', 'G']
C47421829,['O', 'O', 'G', 'G', 'G', 'O']
C66055871,['G', 'G', 'O', 'G', 'G']
C66787079,['O', 'G']
C48955590,['G', 'G', 'G', 'G']
C36684300,['O', 'G', 'G']
C05584574,['G', 'G']
C66562215,['G', 'G', 'O']
C42572766,['G', 'G', 'G', 'G', 'G', 'O']
C49165504,['O', 'O', 'G']
C36857843,['G', 'G', 'G', 'G', 'G']
C36857089,['G', 'G', 'G', 'G', 'O']
C05766949,['G']
C42008861,['G', 'O', 'O']
C31944440,['G', 'G', 'G']
C56124607,['G', 'G', 'G']
C14465491,['G', 'G', 'O', 'O', 'G']
C63823553,['G', 'G', 'G', 'G']
C62628183,['O', 'G', 'G', 'G', 'O', 'G', 'G', 'G']
C06370577,['G', 'G', 'G']
C02505275,['O', 'G', 'O', 'O']
C62959248,['G', 'G', 'O']
CHEMBL420987,['G', 'G', 'G']
C41620180,['G', 'O', 'G', 'G', 'G']
C39761336,['O', 'G', 'G', 'G', 'O', 'G', 'G']
C54297061,['G', 'G', 'G', 'O']
C61863503,['G', 'G']
C40591608,['G', 'G', 'G', 'G', 'O', 'G']
C04249821,['G', 'O', 'G']
C53062072,['G', 'G', 'G', 'O']
C39568267,['G', 'G', 'O']
C35787387,['G', 'O']
C54400108,['G', 'G', 'G', 'O', 'O']
C64552497,['G', 'O', 'G']
C41917869,['G', 'G', 'G', 'G', 'G']
C40480544,['O', 'O', 'G']
C32933459,['G', 'G', 'G', 'G']
C37301905,['G', 'O', 'G', 'G']
C37498801,['O', 'G', 'G', 'G']
C46004541,['G', 'G', 'O', 'O', 'G']
C06273129,['G', 'G', 'G']
C67039842,['O', 'O', 'G', 'G', 'G', 'G', 'G', 'G']
C54185547,['G', 'G']
