C14546619,['O', 'G']
CHEMBL559581,['G', 'G', 'G', 'G', 'G']
C67321777,['O', 'O', 'O']
C05171917,['G']
C37197027,['O', 'O', 'G']
C36971081,['G', 'O', 'O', 'G']
C14478751,['G']
C20545260,['G', 'O', 'O']
C04597407,['G', 'O', 'O']
C00356487,['G', 'G', 'O']
C13645698,['G']
CHEMBL480178,['G']
CHEMBL25261,['G']
C40242059,['G', 'G', 'G']
C37196081,['O', 'G', 'O', 'G']
C49321846,['G', 'O', 'G']
C05567857,['G', 'G', 'G']
C37129112,['O', 'O', 'G']
C20362965,['G', 'G', 'O']
C01455074,['G', 'G', 'O']
C04302666,['G', 'O', 'G']
C50455385,['G', 'O', 'G']
C58850998,['G']
C51631050,['G', 'G', 'O']
CHEMBL144321,['O', 'O', 'O']
C59267154,['G', 'G']
C06889340,['G', 'G', 'G', 'G']
C50352969,['O', 'O', 'O']
C37279135,['O', 'G', 'O', 'G']
C01027674,['O', 'G', 'G']
C12609738,['G', 'G']
C45959462,['G', 'G', 'G', 'G']
C40307932,['G', 'O', 'G', 'G', 'G']
C36903426,['O', 'G', 'G']
C37516360,['G', 'G', 'G', 'G']
C04903114,['G', 'O', 'O']
C37506894,['G', 'G', 'G', 'G']
C37423337,['O', 'O', 'O']
C37652038,['G', 'O', 'G']
C02948367,['G', 'G']
C01055087,['G', 'G', 'G', 'G']
C01709008,['G', 'O', 'G']
C43316982,['G', 'O', 'O', 'O', 'O']
C61534501,['G', 'O', 'G']
C05905752,['G', 'G', 'G']
C42247772,['O', 'O', 'G']
C42315723,['O', 'G', 'G']
C37324476,['O', 'G', 'O']
C37247642,['G', 'O']
CHEMBL241642,['G', 'G']
C36952126,['G', 'G', 'G']
C37105179,['G', 'O', 'O']
C37302215,['O', 'O', 'O', 'G', 'G', 'G']
C36963792,['G', 'G', 'G', 'O']
C06572169,['G', 'O', 'O']
C37129092,['G', 'G', 'O']
C36860094,['G', 'G', 'G', 'G']
C20478303,['G', 'G', 'G', 'G', 'G']
C04745353,['G', 'G', 'O', 'G']
C20505510,['G', 'G', 'G']
C36952118,['G', 'G', 'G']
C14548624,['G']
C20480519,['G', 'G', 'G', 'G']
C14467151,['G']
C21800588,['G', 'G', 'G', 'G']
C50165908,['G', 'G']
C50358281,['O', 'O', 'O']
C36956989,['G', 'O']
C20479121,['G', 'G', 'O', 'G']
C20018709,['O', 'G', 'G']
C62041292,['O', 'O']
C20565329,['O', 'G', 'G']
C37195222,['G', 'G', 'O']
C37392933,['O', 'G', 'G']
C14465932,['G']
C37203048,['G', 'O', 'O']
C37037191,['O', 'G', 'G']
CHEMBL324499,['G']
C37496306,['G', 'G', 'G']
C14455858,['G']
C03503938,['G', 'G', 'G', 'G', 'O']
C06222503,['O', 'O', 'G', 'O']
C49217208,['G', 'G', 'G', 'G']
C61123402,['G', 'O']
C35116439,['G', 'G', 'G']
CHEMBL164139,['G']
C42200189,['G', 'G', 'G']
C49455867,['O', 'G']
C12940485,['G', 'G', 'G']
C43570112,['O', 'G', 'G', 'G']
C35676227,['G', 'G', 'O']
C04450144,['G']
C50955481,['G', 'O', 'G']
C28232712,['O', 'G', 'G']
C06523321,['G', 'G', 'O']
C36860258,['O', 'G', 'G']
C37506893,['G', 'O', 'G', 'G']
C02468834,['O', 'O', 'G']
C57398147,['G', 'G', 'G', 'G']
C37378582,['G', 'G']
C17046734,['G', 'G', 'G', 'G', 'G']
C48704631,['G', 'G', 'G', 'G']
C00682549,['G', 'G', 'G']
C35127995,['G', 'G', 'O', 'O']
C49029910,['G', 'O', 'G', 'G', 'G']
C36168317,['G', 'O', 'G']
C20504960,['G', 'G', 'G']
C36956750,['G', 'O', 'O']
C01994227,['G', 'G', 'O']
C28700884,['G', 'G', 'G', 'G']
C37105180,['G', 'G', 'G']
C37206686,['G', 'G']
C48499167,['G', 'G', 'G', 'O']
C00171008,['G', 'G', 'G', 'G']
C60446078,['G', 'G', 'O', 'O', 'O']
C10821700,['G', 'G', 'O', 'G', 'O']
C12357247,['G']
C06863390,['G']
C40713606,['G', 'O']
C28165806,['O', 'O']
C04144705,['G', 'G', 'G', 'G', 'G']
C02767002,['O', 'G', 'G', 'O']
C37123486,['G', 'G', 'O', 'G', 'G']
C32094072,['O', 'G']
C05548643,['G', 'G', 'O']
C36922952,['G', 'O', 'O']
C37121551,['O', 'G', 'O']
C59372721,['G', 'G', 'O']
C21020831,['O', 'O', 'G']
C09528153,['G', 'G', 'O', 'O', 'O']
C00657405,['G', 'G', 'G', 'O']
C38001993,['G', 'G', 'G', 'G', 'G']
C04924028,['G', 'O', 'O']
C55203429,['G', 'G']
C14546496,['G']
C37575872,['G', 'O', 'G', 'G']
C05269399,['G', 'G', 'G']
C36132274,['G', 'O']
C36899518,['G']
C37123476,['G', 'G', 'O', 'G', 'G']
C36952161,['G', 'G', 'G']
C37061056,['G', 'G', 'O', 'G']
C54108332,['G', 'G']
C59121595,['G', 'O']
C58430220,['O', 'G', 'G', 'G']
C00550695,['G', 'O', 'O']
C49534208,['G', 'G', 'G']
C04370166,['O', 'O', 'G']
C00872907,['G', 'O', 'O', 'G']
C37532246,['G', 'G', 'G']
C66828328,['O', 'G', 'O']
C02101100,['O', 'G', 'G', 'G']
C59117291,['G', 'G', 'G', 'G']
C61696301,['G', 'O', 'O', 'O']
C35222392,['G', 'G', 'G', 'G']
C21817408,['G', 'G', 'O']
C00406835,['G']
C21791742,['O', 'G', 'G', 'G']
C45170643,['O', 'G', 'G']
C37101646,['O', 'O', 'G']
C42320957,['O', 'G', 'O', 'O', 'G']
C03299981,['G', 'G', 'O', 'G']
C66410769,['G', 'O', 'G']
C37987133,['G', 'G', 'G', 'O']
C17020869,['G', 'G']
C13310368,['G', 'O', 'O', 'G']
CHEMBL479581,['G', 'G', 'G']
C40217022,['O', 'O', 'G', 'G', 'G']
C63837241,['O', 'O']
C22152227,['O', 'G', 'O']
C14547329,['G']
C37057055,['G', 'G', 'G', 'O', 'O']
C22882608,['G', 'G', 'O', 'G', 'O']
C57764434,['G', 'G', 'G', 'G']
C18177542,['G']
C37129178,['O', 'O', 'O']
C37205980,['G']
C36670821,['G', 'G', 'G']
C06638577,['G', 'G', 'G']
C37392747,['G', 'G', 'O']
C48825206,['G', 'G', 'O', 'O']
C37230661,['G', 'O', 'O']
C37311333,['G', 'O', 'G']
C49394645,['G', 'O', 'G', 'O', 'G', 'O']
C48420395,['G', 'G', 'G', 'O', 'G', 'O']
C14111317,['O', 'G', 'G']
C05284916,['G', 'G', 'G']
C06525669,['G', 'G', 'O']
C08728940,['G']
C49320620,['G', 'G', 'G']
C36741525,['G', 'G']
C49125641,['G', 'O', 'G']
C48687230,['G', 'O', 'G']
C49964402,['G', 'G', 'G']
C61415698,['G']
C37076889,['G', 'O', 'O']
C37503663,['G', 'G', 'G']
C04903136,['G', 'O', 'O']
C35898238,['G', 'G', 'G']
C37343258,['G', 'G', 'G', 'O']
C37189049,['G', 'G', 'G']
C55308102,['G', 'G']
C00387833,['G', 'O']
C01105009,['G', 'O']
C01502392,['G', 'G']
C04842531,['G', 'G', 'G', 'O']
C37203856,['G', 'O']
C17089440,['G', 'G', 'G']
C05593638,['G', 'G']
C61327260,['O', 'G']
C61669780,['O', 'G']
C00255930,['G', 'G', 'G', 'G']
C37105266,['G', 'G', 'O']
C20542899,['G', 'O', 'O']
C61640258,['G', 'G', 'G']
C37105110,['G', 'G', 'G', 'G']
C08435807,['G', 'G', 'G']
C43328455,['O', 'O', 'O', 'G', 'O']
C37206030,['G']
C36842638,['G', 'G', 'O', 'G']
C20480144,['G', 'G', 'G', 'O']
C38582801,['O', 'G', 'G']
C37061508,['G', 'G', 'G', 'O']
C40242242,['G', 'G']
C36899642,['G']
C20552747,['G', 'G', 'G', 'G']
C48681622,['O', 'G', 'G', 'G', 'G', 'G']
C43659119,['G', 'G']
C36964976,['O', 'G', 'G', 'G']
C20479161,['G', 'G']
C61847508,['G', 'G']
C37086448,['G', 'O', 'G', 'O', 'G']
C59270908,['G', 'G', 'G', 'O']
C37131129,['G', 'G', 'O', 'G']
C32936684,['O', 'G', 'G', 'O', 'G']
C67030357,['G', 'G', 'G', 'G', 'G']
C37247843,['G', 'O', 'G']
C36813989,['G', 'G']
C41148096,['G', 'O', 'O']
C19755145,['G', 'O']
C67348259,['G', 'O']
C37392114,['G', 'G', 'O']
C42079622,['G', 'G', 'O']
C17783426,['G', 'G']
C00043003,['G', 'G', 'O']
C61116453,['G', 'G', 'G']
C33586183,['G', 'O']
C42376602,['O', 'O']
C05944340,['G', 'G', 'G']
C14944975,['G', 'G']
C37204351,['G', 'G', 'O']
C44269242,['G', 'G']
C40236835,['G', 'G', 'G', 'G']
C00612793,['O', 'G', 'G', 'G', 'O']
C39933067,['G']
C41479717,['G', 'O']
C37206409,['G', 'O']
C37237897,['G', 'O', 'O']
C35222464,['G', 'G', 'G']
C37516238,['O', 'G', 'G']
CHEMBL1209366,['G', 'G', 'G']
C19802885,['O']
C00514642,['G', 'G', 'G']
C54765749,['O', 'O', 'G']
C37785711,['O', 'O']
C00458035,['G', 'G', 'G']
C16267966,['G', 'O']
C28196000,['G', 'G', 'G']
C20477856,['G', 'G']
C37101602,['G', 'G', 'O']
C63153787,['G', 'O']
C38039516,['G', 'G', 'G']
C00533252,['O', 'G', 'G', 'G']
C36956878,['G', 'G', 'G', 'G', 'O']
C53850608,['O', 'O']
C53784208,['G', 'G', 'G']
C14111150,['G', 'G']
CHEMBL136376,['G']
C13153686,['G']
C37979571,['G', 'G', 'G']
C50161252,['O', 'O', 'O', 'O']
C61618475,['G', 'G', 'G']
C00235464,['G', 'G', 'G', 'O']
C49030991,['G', 'G', 'G', 'G']
C67119597,['G', 'G', 'O']
C37324639,['O', 'G', 'O']
C50544614,['G', 'G', 'O']
C06649424,['G', 'G', 'G', 'G']
C61116047,['G', 'G']
C03896518,['O', 'O', 'G']
C36963619,['G', 'G', 'G', 'O', 'O']
C40290199,['G', 'G', 'G', 'G']
C37498253,['G', 'G', 'G']
C36683521,['O', 'G']
C48653156,['G', 'G', 'O']
C48641881,['G', 'O']
C40243892,['G', 'G']
C21509239,['O', 'G', 'O']
C37245006,['G', 'G', 'G']
C37392802,['G', 'G', 'G', 'G']
C67371744,['G', 'O']
C67320976,['G', 'G', 'G']
C07334537,['G', 'G', 'G']
C21813271,['G', 'O', 'O', 'G']
C00078558,['G', 'G']
C51632465,['G', 'G']
C08436826,['G', 'G', 'G', 'G', 'G', 'G']
C21813272,['G', 'O', 'O', 'G']
C36957052,['G', 'G', 'O']
C43174644,['O', 'G', 'O', 'G', 'O']
C38536997,['G', 'G', 'G']
C19231648,['G', 'G', 'O']
C20056440,['G', 'G', 'G']
C54463561,['G', 'G', 'O']
C37105194,['O', 'O', 'O']
C20360957,['O', 'G', 'G']
C42418166,['G', 'O', 'G', 'G']
C48698061,['G', 'G', 'O', 'G']
C00142675,['G', 'G', 'G']
C61417355,['G', 'G']
C40798740,['G', 'G', 'G', 'G']
C53040727,['O', 'O', 'O']
C14546722,['G']
C20680633,['G']
C67119636,['G', 'O']
C14547761,['G']
C49446564,['G', 'G', 'O', 'O']
C04727549,['G']
C42750436,['G', 'G', 'G', 'G']
CHEMBL282650,['G']
C60098500,['G', 'G', 'G']
C57499593,['G', 'G', 'G']
C25473561,['G', 'G', 'O', 'O']
C49320362,['G']
C58850610,['G']
C48421821,['G', 'G']
C40258568,['G', 'G']
C42740549,['O']
C01596823,['G', 'G']
C43667205,['G', 'G']
C04903283,['O']
C37230659,['G', 'G', 'G']
C54684660,['G']
C43865605,['O', 'G', 'G', 'G']
C39953821,['G']
C22125100,['G', 'G', 'G']
C37316797,['G', 'G', 'G']
CHEMBL139749,['G']
C18185626,['G', 'G', 'G']
C59267971,['G', 'G', 'G', 'G', 'G', 'G']
C35659377,['G', 'G']
C25586905,['O', 'G', 'G', 'G']
C03911625,['G', 'O', 'G']
C37402354,['G', 'G', 'G']
C02785987,['G', 'G']
C36841143,['G', 'G', 'G']
C35222401,['G', 'G', 'G']
C02503574,['G', 'O', 'G']
C11326589,['G', 'G', 'O']
C20479124,['G', 'G', 'G', 'G']
C19908096,['O', 'G', 'G']
C64438802,['G', 'G']
CHEMBL51343,['G', 'G', 'G']
C55331549,['G', 'G']
C41641023,['G', 'O', 'G', 'G', 'G']
C26860620,['O', 'G', 'G']
C64363446,['G', 'G', 'O', 'G', 'G']
C12532960,['O', 'G']
C00410240,['O', 'G', 'G']
C40218535,['G', 'O', 'G']
C50359815,['G', 'O', 'O']
C04377882,['G']
C37057191,['G', 'G', 'G']
C61329571,['G']
C48540538,['G', 'G', 'O']
C00447746,['G', 'G', 'G']
C54871738,['G', 'G', 'G']
C37206296,['G', 'G']
C37205065,['O', 'G', 'O']
C15162663,['G']
C61838238,['G', 'G']
C53783494,['G', 'G', 'G']
C25490236,['G']
C13645431,['G']
C37304029,['G', 'G', 'O', 'G']
C35039178,['O', 'O', 'O']
C59514565,['G', 'O', 'O']
C50044594,['G', 'G', 'G']
C08071777,['O', 'G', 'G']
C53782066,['G', 'G', 'G']
C19952425,['G', 'G', 'G']
C35057077,['G', 'O', 'G']
C22016773,['G', 'G']
C15964865,['G', 'G', 'O', 'G', 'G']
C06921368,['G', 'G', 'G']
C60375188,['G', 'G', 'G']
C19966306,['O', 'G']
C15356979,['G', 'G']
C37978776,['O', 'G', 'G']
C37734648,['G', 'G', 'G']
C50043741,['G', 'G', 'G']
C00345438,['G', 'G']
C62166001,['G', 'G', 'G', 'O']
C09096021,['G', 'G', 'O', 'O']
C37084670,['G', 'G', 'G']
C63008432,['G', 'G']
C37771833,['G', 'G', 'G']
C37518656,['G', 'G', 'G']
C35163499,['G', 'G', 'G']
C01795535,['G', 'G', 'G', 'G', 'G']
C00261124,['G', 'O']
C00255972,['G', 'G', 'G']
C23074898,['G', 'G', 'O', 'O', 'G']
C45265129,['O', 'G', 'O', 'G', 'G', 'G']
C00350188,['G', 'G']
C20360881,['G', 'G', 'G']
C37372109,['G', 'G', 'O', 'O']
C41475443,['O']
C20134826,['G', 'G', 'G']
C27028807,['O', 'G']
C03909460,['O', 'O', 'G']
C37197733,['G', 'O', 'G']
C37188428,['G', 'O', 'G']
C40260755,['G', 'G', 'G']
C49216370,['G', 'G', 'G', 'G']
C37278738,['O', 'O', 'G', 'O']
C21883614,['G', 'G', 'O']
C06693184,['G', 'O', 'O', 'G']
C49372371,['G', 'G', 'O']
CHEMBL331249,['G']
C37974782,['G', 'G', 'G']
C37187215,['O', 'G']
C37295559,['G', 'G', 'O']
C53782064,['G', 'G', 'G']
C37067830,['G', 'G', 'G', 'O']
C67347643,['G', 'G', 'O']
C51813968,['O', 'G']
C06898494,['O', 'G', 'G', 'G']
C20478500,['G', 'G', 'O']
C40713526,['O']
C40264804,['G', 'G']
C37215625,['O', 'G', 'G']
C36860059,['G', 'G', 'G', 'G']
C61892235,['G', 'G', 'G']
C12686427,['G', 'G', 'G']
C00428774,['G', 'O', 'O']
C34936513,['G', 'G', 'G']
C40246475,['G', 'G']
C36922754,['G', 'G', 'G']
C10782798,['O', 'G', 'G']
C37331605,['G', 'O', 'O']
C48619262,['G', 'G']
C37091242,['O', 'G', 'G', 'G']
C20478244,['G', 'O', 'O']
C37776594,['G', 'G', 'G', 'O', 'G']
CHEMBL565274,['G']
C19724869,['G', 'G']
C37503664,['G', 'O', 'G']
C61099410,['G', 'G', 'O']
C44495689,['G', 'G', 'G']
C37315223,['G', 'G', 'G', 'G', 'O']
C54108118,['G', 'G', 'O']
C40256575,['G', 'G', 'G']
C20557381,['G', 'O']
C14429653,['O', 'G', 'G']
C37518590,['G', 'G', 'G']
C54202485,['G', 'G']
C40261197,['G', 'G']
C57343401,['G', 'O']
C60540177,['G', 'O', 'G', 'G']
C40246474,['G', 'G']
C22315131,['G', 'G', 'G', 'G', 'O']
C50123121,['G', 'G', 'O']
C31675065,['G', 'G', 'G', 'G']
C37298338,['G', 'G', 'G']
C13223699,['G']
C19900599,['G', 'O', 'O']
C37563284,['G', 'G']
C25869795,['O', 'G', 'G']
C40257628,['G', 'G', 'G']
C13526617,['G', 'G']
C35285656,['O', 'G', 'G']
C61693002,['G', 'G', 'G']
C65002320,['G']
C07548956,['O', 'O', 'G', 'G']
C21047701,['G', 'G', 'G', 'O', 'G']
C54770441,['G', 'O', 'G']
C20505011,['G', 'O', 'G']
C20305689,['O', 'G']
C35657917,['O', 'G']
C50045188,['G', 'G', 'G']
C40243827,['G', 'G']
C02853755,['G', 'G', 'G', 'O', 'G', 'G']
C62137394,['G', 'G', 'G']
C19907674,['O', 'O']
C09313531,['G', 'O']
C20305718,['G', 'G']
C40245919,['G', 'G']
C66797165,['O', 'O', 'G']
C40242621,['G', 'G', 'G']
C16671286,['O', 'G']
C04527332,['G', 'O', 'O', 'G']
C61326530,['O', 'G']
CHEMBL486709,['G']
C46439537,['G', 'O', 'G', 'O']
C37392190,['O', 'O', 'O']
C40257881,['G', 'G']
C54928020,['G', 'O', 'G']
C36953940,['G', 'G']
C40257643,['G', 'G']
C05027134,['G', 'G', 'G', 'G']
C62945859,['G', 'O']
C20585118,['G', 'O', 'O', 'O']
C00571329,['G', 'O', 'O']
C50358853,['G', 'G', 'G', 'G']
C20090352,['G', 'G', 'G']
C13895317,['G', 'G', 'G']
C04971182,['G', 'G', 'G']
C67637744,['G', 'G', 'O', 'G', 'G', 'G']
C41480212,['G', 'O']
C37185331,['O', 'G', 'G', 'O', 'G']
C04971109,['G', 'G', 'G']
C06514337,['G', 'G']
C21513027,['G', 'O']
C57877708,['O', 'G', 'G']
C40242620,['G', 'G', 'G']
C48469783,['G', 'O', 'G', 'G', 'G']
CHEMBL71527,['G']
C42252507,['G', 'G', 'G']
C36970571,['G', 'G', 'G', 'O', 'G']
C62165646,['G', 'G', 'G', 'G']
C63528940,['G', 'G', 'G']
C61093520,['O', 'O', 'G']
C49467393,['G', 'G', 'G', 'G']
C41506782,['G', 'G']
C19879463,['O', 'O']
C20520938,['G', 'G', 'G']
C62639889,['O', 'G']
C61117618,['G', 'G']
C31678517,['G', 'G', 'O']
C21512955,['G', 'G', 'G']
C54202496,['G', 'O']
C37216570,['G', 'G', 'G']
C11987969,['O']
C43537172,['O', 'O']
C62354584,['G', 'O']
C40886905,['G', 'O', 'G']
C22276570,['G', 'G', 'G']
C13325777,['G', 'G', 'G']
C46083148,['G', 'G', 'O']
C00514155,['G', 'G', 'G']
C37379791,['G', 'O']
C18253924,['G', 'G', 'G']
C43668752,['G', 'G']
C17007371,['G', 'G', 'G']
C21505597,['O', 'G', 'G']
C35023098,['G', 'G', 'O', 'O']
C07057131,['G', 'G', 'G']
C00428779,['G', 'O', 'G']
C40242786,['O', 'G', 'G']
CHEMBL491206,['G']
C40260612,['G', 'G']
C06876853,['O', 'G', 'G']
C42445330,['G', 'G']
C04276623,['G', 'G', 'O']
C09314160,['O', 'G', 'G']
C42411860,['G', 'O', 'O']
C38719142,['G', 'G', 'G', 'O']
C50438699,['G', 'G']
C54441353,['G', 'G']
C26107075,['G', 'O', 'G', 'O']
C43665493,['G', 'G']
C48626590,['G', 'G', 'G']
C42894044,['G', 'G']
C61446282,['G', 'G', 'G']
C05868721,['G', 'G', 'G']
C36852075,['O', 'G']
C61518407,['G', 'O', 'G']
C00322178,['G']
C35660319,['G', 'G']
C48421825,['G', 'G']
C28802840,['G', 'G', 'G', 'G', 'G']
C05345500,['O', 'G']
C03909597,['G', 'O', 'O']
C40264953,['G', 'G']
C20585416,['G', 'G']
C44181498,['G']
C49840502,['G', 'G', 'G']
C14547147,['G']
C27458714,['G', 'G']
C20090180,['G', 'G', 'G']
C22149111,['G', 'G']
C09667843,['G', 'G', 'G', 'O', 'G', 'O']
C37937488,['G', 'G']
C43537242,['O', 'O']
C00069653,['G']
C37278767,['G', 'G', 'G', 'G', 'O']
C47041114,['O', 'G', 'G', 'O']
C54202490,['G', 'O']
C04973644,['G']
C50044297,['G', 'G', 'G']
C61099780,['O', 'G']
C63076978,['G', 'G', 'G']
C37055735,['G', 'O', 'G']
C34936520,['O', 'G', 'O']
C37270834,['G', 'G', 'G', 'O']
C08701809,['G', 'O', 'O']
C32381586,['G', 'G', 'G', 'G']
C49007873,['G', 'O', 'G']
C40281712,['G', 'G']
C37201156,['G', 'O', 'G']
C61415591,['G', 'G']
C18284033,['O', 'G', 'G']
C40230430,['O', 'O']
C04735143,['O', 'O', 'O']
C44181512,['G']
C36956807,['O', 'G', 'G']
C05775225,['G', 'G']
C29486805,['O', 'G', 'G']
C42376905,['G', 'O']
C37130503,['O', 'O', 'G']
C21792707,['G', 'G', 'G']
C66329997,['G', 'G', 'G', 'G']
C48671568,['G', 'G', 'G', 'O']
C05376192,['G', 'G']
C40288775,['G', 'G', 'G']
CHEMBL577034,['G']
C66801962,['G', 'G', 'O', 'O', 'G', 'G']
C41307635,['G', 'G', 'G']
C24836863,['G', 'G', 'G']
C35737582,['G', 'O', 'G']
C51814039,['G', 'O']
C37278942,['G', 'O', 'O', 'O', 'O']
C06810422,['G', 'G', 'G', 'G']
C61870295,['G', 'G']
C19277166,['O', 'G']
C20586222,['G', 'G']
C39513371,['O', 'G', 'G']
C37420359,['G', 'G']
C06465735,['G', 'G', 'G', 'G', 'O']
C06983124,['O', 'G', 'G']
C40909083,['G', 'G', 'G']
C00799322,['O', 'G', 'G']
C40236040,['G', 'G']
C57930451,['G', 'G', 'G', 'O', 'O', 'G']
C35333288,['O', 'G']
C37529315,['G']
C51072696,['G', 'G', 'G']
C37515919,['O', 'G']
C37529314,['G']
C20556384,['G', 'G']
C40260717,['G', 'G', 'G']
C47830105,['O', 'G', 'G']
C62498056,['G', 'G']
C06082770,['G', 'G']
C12180851,['G', 'G', 'G']
C36830513,['G', 'G', 'G']
C48413586,['O', 'G']
C67348470,['G', 'O']
C37186120,['O', 'O']
C38009225,['G', 'O', 'G']
C04358282,['G', 'G', 'G', 'G', 'G']
C65207475,['G', 'G', 'G']
C50335603,['G']
C54823998,['G', 'G']
C48544167,['G', 'G', 'G']
C25572296,['G', 'G', 'G']
C00826244,['O', 'G', 'O']
C37563280,['G', 'G']
C47222484,['G', 'G', 'G', 'G', 'O']
C49490874,['G', 'O', 'G']
C00556456,['G', 'G', 'G']
C38198032,['G']
C39507388,['G']
CHEMBL315445,['G', 'G']
C35340888,['G', 'G']
C36989861,['G', 'G']
C61861108,['O', 'G']
C00437422,['O', 'G']
C00035305,['O']
C36897417,['O', 'G', 'O']
C36719992,['G', 'G', 'O']
C40941077,['G', 'G']
C00223054,['G', 'G']
C09314567,['G', 'G', 'G']
C61539699,['G', 'O', 'G', 'O']
C63106444,['G', 'O']
C40257815,['G', 'G']
C23671178,['G', 'G', 'O', 'G', 'G']
C44256550,['G', 'G', 'O']
C36896563,['O', 'G', 'O']
C61326413,['O', 'G', 'G']
C43328297,['O', 'O', 'O', 'G', 'O']
C20494284,['G']
C20478206,['G', 'O', 'G']
C48708332,['G', 'G', 'G']
C06337338,['O', 'G', 'G', 'O']
C41627347,['G']
C20445016,['O', 'G', 'G']
C37059514,['G', 'G', 'G', 'O']
C51040037,['G', 'O']
C40236265,['G', 'G']
C41651319,['G', 'G', 'O']
C00531908,['G', 'O', 'G']
C49031123,['G', 'G', 'G']
C32088745,['O', 'G', 'G', 'G']
C00642704,['G', 'G', 'G']
C51039333,['O', 'O']
C28060276,['G', 'G', 'G', 'G']
C37906197,['G', 'G']
C00359888,['G']
C61694916,['G', 'G']
C28908634,['G', 'G', 'O', 'G', 'G']
C20594757,['O', 'O', 'G']
C49394755,['O', 'G', 'G', 'G', 'G', 'G']
C60098627,['G', 'G', 'G']
C00406336,['G']
C36970188,['O', 'G', 'G']
C48550965,['G', 'G', 'G']
C33682240,['G', 'G', 'G']
C40794415,['G', 'G', 'G', 'G']
C36822545,['G', 'O', 'O']
C43534569,['G', 'G']
C42443778,['O']
C63003213,['G', 'G']
C35737222,['G', 'O', 'O']
C19230880,['G', 'G', 'G', 'G']
C37231229,['G', 'G', 'O', 'G']
C20585407,['G', 'G']
C53715283,['O']
C32686250,['G', 'G']
C51332160,['G', 'G', 'G']
C42200265,['O', 'G', 'G']
C04699491,['G', 'G', 'G']
C37843109,['G', 'G', 'G', 'G']
C19962020,['O', 'G', 'G']
C36709819,['O', 'G', 'G']
C27100905,['G', 'G', 'G', 'O']
C04376644,['G', 'O']
C51171513,['G', 'G', 'G']
C51039320,['G', 'O']
C04693184,['O', 'G']
C11633935,['G', 'G']
C19876947,['O', 'O']
C08702047,['G', 'O']
C37121489,['G', 'G', 'O']
C48770269,['G', 'G', 'G']
C48705781,['G', 'O', 'G']
C43457199,['G', 'G', 'O', 'G']
C14986103,['-']
C59305199,['G', 'O', 'G', 'O']
C36867791,['O', 'G', 'O']
C37206155,['O', 'O']
C01559910,['O']
C00699946,['G', 'O', 'G', 'G']
C37248075,['G', 'O']
C65340974,['G']
C42773386,['G', 'G']
C40864196,['O', 'G']
C61838122,['G', 'G', 'G']
C00501066,['G']
C51609066,['O', 'G', 'G']
C47041015,['O', 'G', 'G', 'O']
C55204206,['G', 'G', 'G']
C36904165,['G', 'G']
C55352528,['G', 'O']
C61821150,['O']
C50165791,['G', 'G']
C49490739,['G', 'O', 'G']
C03236299,['G', 'G', 'G']
C48657977,['G', 'G', 'G', 'G']
C37249209,['G', 'G', 'G']
C20504319,['G', 'G', 'G', 'G']
C33336548,['O', 'O', 'G', 'G']
C40230364,['O', 'O']
C12917871,['O', 'G', 'G', 'G']
C51321708,['G', 'G', 'G', 'O', 'G', 'G']
C37231531,['G', 'G', 'G', 'G', 'G']
C19725776,['O']
C03185950,['G', 'O', 'G']
C40261920,['G', 'G']
C40260977,['G', 'G']
C52835670,['O', 'G']
C20478834,['G', 'G', 'G']
C37069791,['G', 'G', 'G']
C40261165,['G', 'G']
C37373207,['G', 'O']
C17149440,['G', 'G']
C35678526,['G', 'G', 'O']
C19930224,['G', 'G', 'G']
C37986043,['G', 'O', 'G']
C54826545,['O', 'G']
C21266575,['G', 'G', 'O']
C37316632,['O', 'G', 'O', 'G']
C14171172,['G', 'G', 'G']
C43681955,['O', 'G', 'O']
C20479599,['G', 'O', 'O']
C03911621,['O', 'O', 'G']
C05036437,['G', 'G', 'G']
C62466009,['G', 'G']
C40260929,['G', 'G']
C06215326,['O', 'G', 'G']
C00888299,['O', 'G', 'G', 'G']
C52812476,['O', 'G']
C14517685,['G', 'G', 'G']
C01034860,['G', 'G', 'G', 'O']
C19900600,['G', 'O', 'O']
C38078760,['G', 'O', 'G', 'G']
C50867859,['G', 'G']
C15923784,['G']
C40411983,['G', 'O']
C21014356,['G', 'G', 'O']
C40264803,['G', 'G']
C40258717,['G', 'G']
C36670818,['G', 'G', 'G']
C19944561,['O', 'O']
C36975820,['G', 'O']
C49064684,['O', 'O', 'G', 'G', 'G', 'O']
C06456740,['G', 'O', 'O']
C19439490,['O', 'G']
C39506781,['G']
C04124404,['G']
C51172962,['G', 'G']
C43665297,['G', 'G']
C43647272,['G', 'G']
C37351626,['G', 'G']
C16947635,['G', 'G']
C03130897,['G', 'G', 'G', 'G', 'G']
C62336152,['G', 'G']
C32437353,['G', 'G', 'G', 'G']
C19888802,['G', 'G']
C50335849,['G']
C36712685,['G', 'G', 'G', 'G', 'G']
C12618445,['G', 'G', 'O']
C37051478,['G', 'G']
C35343642,['G', 'O']
C01368935,['G', 'O', 'O']
C36923265,['O', 'O', 'O']
C50268862,['O', 'O', 'O']
C37365816,['G', 'G', 'G']
C61096187,['G', 'G', 'O', 'O']
C13403907,['G', 'O']
C50358374,['G', 'O', 'O']
C19723221,['G', 'G']
C64657102,['G', 'O', 'G']
C39881195,['G', 'G', 'G', 'G']
C37210768,['O', 'G', 'G', 'O', 'O']
C38290873,['O', 'O']
C11116971,['G', 'G']
C52172391,['G', 'G', 'G']
C20472116,['O', 'O', 'G']
C39926864,['O', 'G']
C19930946,['G', 'G']
C24835831,['G', 'G', 'O', 'G', 'G']
C42376634,['G', 'O']
C25490039,['G']
C26422364,['G']
C40242806,['O', 'G', 'G']
C43659275,['G', 'G']
C40264990,['G', 'G']
C42566963,['G', 'G', 'G', 'G', 'G']
C62334765,['G', 'G']
C21786817,['G', 'G', 'G']
C48793641,['O', 'G', 'G', 'O', 'O']
C40257764,['G', 'G']
C32590376,['G', 'G', 'G']
C03159137,['G']
C49130809,['G', 'O', 'O', 'G']
C35046781,['G', 'O', 'G']
C37466944,['G', 'O', 'O']
C43535407,['O', 'G', 'G']
C40261198,['G', 'G']
C54917681,['G', 'G']
C37184868,['G', 'G', 'G']
C19737338,['G', 'O']
C43473101,['G', 'G', 'G', 'G']
C01027162,['G', 'G', 'O']
C19813648,['G', 'G', 'G']
C54684653,['G', 'G']
C06227743,['G', 'O']
C27530863,['G', 'G', 'G', 'G', 'G']
C20551815,['G', 'G', 'O', 'G']
C37785293,['G', 'G', 'O']
C01705410,['O', 'O']
C48644642,['G', 'G', 'G', 'O']
C52122302,['G', 'G']
C43675780,['O', 'G', 'G']
C25586886,['G', 'O', 'G', 'O']
C64363427,['O', 'G', 'G']
C50044615,['G', 'G', 'G']
C40265038,['G', 'G']
C40265006,['G', 'G']
C00417588,['G', 'G', 'G', 'G']
C14984076,['-']
C00142774,['G', 'G', 'G']
C61870421,['G', 'G']
C36912240,['G', 'G']
C14849683,['O', 'G', 'G']
C40264997,['G', 'G', 'G']
C19970626,['O', 'G', 'G']
C05007798,['G', 'G', 'G']
C37243974,['O', 'O', 'G']
C37055834,['G', 'G']
C37214023,['G', 'G', 'G']
C00458658,['O', 'G', 'O']
C54079101,['G', 'G']
C61693346,['O', 'O']
C41411496,['G', 'G', 'G']
C20437717,['G', 'G', 'O']
C12866184,['G', 'G', 'G', 'G']
C48631115,['G', 'O']
C67348356,['G', 'O']
C05799236,['G']
C28429400,['G', 'G', 'G']
C21508024,['G', 'O', 'O']
C18079830,['G', 'G', 'G']
C31333937,['G', 'G', 'G']
C02708090,['G', 'G', 'G']
C54404267,['G', 'G', 'G']
C48785641,['G', 'O']
C08063697,['G', 'O', 'G']
C20305704,['G', 'O']
C42729366,['G', 'G', 'G']
C41040173,['G', 'G', 'G']
C37204404,['O', 'G']
C00047343,['G', 'G', 'O']
C04815496,['O', 'G', 'O', 'G']
C03413724,['G', 'G', 'O', 'G']
C40139476,['G', 'G', 'G', 'O', 'G']
C43479343,['O', 'G', 'O']
C61414063,['G', 'G', 'O']
C60340087,['G']
C00569566,['G', 'G', 'G']
C35233192,['G', 'G', 'O', 'O']
CHEMBL50786,['G', 'G']
C48606343,['O', 'O']
C33168611,['G']
C36277293,['G', 'O']
C37198238,['O', 'O', 'G']
C42415139,['G', 'G']
C43659277,['G', 'G']
C61892237,['G', 'G', 'G']
C00071447,['G', 'G', 'O']
C37326544,['G']
C37421333,['G']
C57998035,['G', 'O', 'G']
C37206814,['G', 'G']
C50973227,['G', 'G']
C37420474,['O', 'G']
C40242814,['G', 'G', 'G']
C61094555,['G', 'G', 'O']
C53097688,['O']
C35060756,['G', 'G']
C31978798,['G']
C20435930,['G', 'G', 'G']
C11568317,['G', 'G']
C59294535,['G', 'G', 'G']
C43463775,['G']
C44764725,['G', 'G', 'G']
C37192746,['G', 'G', 'G']
C57352723,['O', 'O', 'G']
C55203260,['G', 'G']
C43596982,['O', 'G']
C37362987,['G', 'O', 'G']
C20504318,['G', 'G', 'O', 'G']
C35285614,['G', 'G', 'G']
C61847517,['G', 'G']
C37205984,['G']
CHEMBL117954,['G']
C48045936,['O', 'O']
C40248442,['G', 'G']
C13473130,['O', 'O']
C19908750,['G', 'G']
C27446062,['O', 'G', 'G']
C58713543,['G', 'G', 'G', 'G']
C40247288,['G', 'G']
C35778784,['G', 'G']
C20545638,['G', 'G', 'G']
C20486930,['G', 'G', 'G']
C19725069,['O', 'O']
C37084709,['G', 'O']
C50329522,['G', 'G']
C43659201,['G', 'O', 'G']
C49350880,['G', 'G']
C51631092,['O', 'O']
C35688238,['G', 'G']
C37129113,['O', 'O', 'O']
C32975873,['O', 'G', 'G']
C36867788,['O', 'G', 'O']
C06971338,['G']
C35682729,['G', 'O']
C54084493,['G', 'G']
C59294139,['G', 'G', 'G']
C67438038,['G', 'G', 'G', 'G']
C06932950,['G', 'G', 'G', 'O']
C48962341,['G', 'G', 'O']
C22192103,['G', 'G', 'G']
C50044595,['G', 'G', 'G']
C00344144,['G', 'O', 'O']
C33359350,['O', 'O']
C40261917,['G', 'G']
C53734694,['G', 'G']
C55331577,['G', 'G']
C35381261,['G', 'G']
C64220210,['O', 'O', 'G']
C04091832,['G', 'G']
C38051456,['G', 'G']
C21015387,['G', 'O', 'G']
C22147431,['O', 'G', 'O']
C36934379,['O', 'G', 'G', 'G']
C50588544,['G']
C57629054,['G', 'O']
C05488110,['G', 'G', 'G']
C00556492,['G', 'G', 'G']
C19986095,['G', 'G']
C43661357,['G', 'G', 'G']
C37372979,['G', 'O']
C35286161,['O', 'G', 'G']
C28864739,['G', 'G', 'G', 'G', 'G']
C36277231,['G', 'G']
C59456926,['O', 'O']
C40884803,['O', 'O']
C41057115,['G', 'G']
C37323418,['O', 'O']
C61862619,['G', 'G']
C52924850,['G', 'G']
C54824697,['G', 'G']
C49372375,['G', 'G', 'O', 'O']
CHEMBL167492,['G']
C65466239,['G', 'G']
C37105323,['O', 'O', 'O']
C54669324,['G']
C37248121,['G', 'G', 'O']
C35469384,['G', 'G', 'G']
C49412053,['O', 'G']
C54205202,['G', 'G', 'G']
C19952626,['G', 'G', 'G']
C36532888,['G', 'O']
C36867709,['G', 'G', 'O']
C61850029,['G', 'G', 'O', 'O']
C00144701,['G', 'G']
C40260916,['G', 'G']
C39272377,['O', 'G']
C62166663,['G', 'G', 'G']
C05589513,['G', 'G']
C40490282,['O', 'O', 'G', 'G', 'G']
C00136774,['G', 'O']
C40265041,['G', 'G']
C21508709,['G', 'G']
C21012725,['G', 'G']
C21033074,['G', 'O', 'O']
C20473986,['G', 'G']
C51040195,['O', 'G']
C08845931,['G', 'G', 'G', 'G']
C37771830,['G', 'G', 'G']
C50544602,['G', 'O', 'G']
C19922466,['O', 'G', 'O']
C05099910,['O', 'O', 'O', 'G']
C59474593,['G', 'O', 'G', 'G']
C02069659,['G', 'G', 'G']
C20314973,['G', 'G']
C21807050,['G', 'G', 'G']
C51074243,['G', 'G', 'G']
C19965117,['G', 'G', 'G']
C35286936,['G', 'O']
C08727818,['O', 'G', 'G']
C50847301,['O', 'O']
C43665961,['G', 'G']
C43461017,['G']
C53140712,['G', 'G', 'G']
C36254892,['G', 'O']
C19906404,['G', 'O', 'G']
C40264771,['G', 'G']
C54773573,['G', 'G', 'O', 'O']
C40280620,['G', 'G']
C31920846,['G', 'G']
C02708122,['G', 'G', 'G']
C40864148,['G', 'O']
C17284878,['O', 'G']
C43560633,['G', 'G']
C05030385,['G', 'G', 'G']
C48442834,['G', 'G', 'G']
C24468948,['G', 'O', 'O', 'G', 'G']
C20504505,['O', 'O', 'G']
C19905534,['O', 'G', 'O']
C41702458,['-']
C54961773,['G', 'G']
C34957758,['G', 'G']
C61570698,['G', 'G']
C12292637,['O', 'G', 'O', 'G']
C08694688,['G', 'G', 'O']
C06152997,['G', 'G', 'O', 'G']
C61326308,['O', 'G', 'G']
CHEMBL138059,['G']
C54863650,['G', 'G', 'O', 'O']
C41047041,['G', 'G', 'G']
C36936664,['G', 'G']
C61096564,['O', 'G', 'G']
C41530321,['G', 'O', 'O']
C18182770,['O', 'O']
C36750552,['O', 'G', 'O']
C64032616,['G', 'O']
C53045965,['O']
C42376597,['G', 'O']
C43666687,['G', 'G']
C41662028,['G', 'G']
CHEMBL350283,['G', 'G']
C63106219,['G', 'G']
C21800650,['O', 'G']
C48670547,['O', 'G', 'G']
C37084815,['G', 'G', 'G']
C53129433,['O', 'G']
C47014065,['O', 'G', 'O', 'G']
C19876903,['G', 'O', 'O']
C37745865,['G', 'G']
C37638575,['G']
C47042847,['G', 'G', 'G', 'G', 'O']
C36995338,['G', 'O', 'G', 'O', 'O']
C47040734,['O', 'G', 'G', 'O']
C32458120,['O', 'G', 'G']
C54823278,['G', 'G']
C49751510,['G', 'O']
C04955317,['G', 'G', 'G']
C40282185,['G', 'G']
C45894036,['O', 'G', 'G']
C61694710,['G', 'G']
C40242103,['G', 'G']
C40806504,['O', 'G', 'G']
C54910238,['G', 'G']
C37652553,['G', 'G', 'G']
C06003169,['-']
C47382658,['G', 'G', 'G']
C00395150,['G', 'G']
C40257937,['G', 'G']
C35650452,['O', 'G']
C37939005,['O', 'G', 'G']
C36878093,['G', 'G']
C25530579,['G', 'G', 'G']
C28908877,['O', 'O', 'G', 'G']
C42364016,['G', 'G', 'O', 'G', 'G', 'G']
C13636911,['G']
C67347645,['G', 'G', 'O']
C03182669,['O']
C05941522,['O']
C43763021,['G']
CHEMBL519560,['G']
C19984839,['G', 'G']
C21266653,['G', 'G', 'G']
C17888292,['O', 'O', 'G', 'G']
C00863052,['G', 'G']
C57760971,['G', 'G', 'G']
C47346676,['O', 'G']
C51043452,['O', 'G', 'G']
C26978757,['G', 'G', 'G', 'G', 'G', 'G']
C38003443,['G', 'G', 'O', 'G']
C45048757,['G', 'G']
C52924849,['G', 'G']
C42731156,['G', 'G']
C63133786,['G', 'G', 'G', 'G', 'G']
C36302614,['G', 'G', 'G']
C19921854,['O', 'G']
C63103395,['G', 'O']
C36242704,['G', 'G']
C00320773,['G', 'G']
C35453906,['G', 'G']
C48816598,['O', 'G', 'G']
C08225503,['G', 'O']
C02653660,['O', 'G', 'G']
C37772958,['O', 'O']
C48640224,['O', 'G']
C20372797,['G', 'G']
C41711485,['G', 'G', 'G', 'G']
C04168847,['G']
C37995914,['G', 'G']
C08419037,['G', 'O']
C51039370,['G', 'G', 'O']
C61638393,['G', 'G', 'G', 'G', 'G', 'O']
C02659635,['G', 'O', 'O']
C30615110,['G', 'G', 'G']
C37488594,['G', 'G', 'G']
C37402441,['G', 'O', 'G']
C51042535,['O', 'O']
C15784001,['G', 'G', 'G']
C58019438,['G']
C37185472,['O', 'G']
C03100284,['G']
C52814987,['O', 'O']
C06818817,['G', 'G', 'G', 'G']
C48889776,['G', 'G', 'G', 'G']
C36657582,['G', 'O', 'O']
C37372438,['G', 'O']
C42415108,['O']
C03255834,['O', 'G']
C37373156,['G', 'G']
C49216411,['G', 'G', 'G', 'G']
C37316263,['G', 'G', 'G']
C44592890,['G']
C35059933,['O', 'G']
C50329429,['G', 'G']
C40230337,['O', 'G', 'O']
C39957254,['O', 'O']
C44592894,['G', 'G']
C39571956,['G', 'G', 'G']
C06477652,['G', 'G']
C60385606,['G', 'G', 'O', 'O']
C42255777,['G', 'G', 'G', 'G']
C40244969,['G', 'G']
C05517492,['G', 'G']
C00464384,['G', 'G']
C42892433,['G', 'G']
C54107814,['G', 'G']
C13945442,['G', 'O', 'G', 'O']
C05815355,['O', 'G', 'G']
C04581257,['G']
C43577924,['G', 'G']
C00137230,['G', 'G']
C00446558,['G', 'G']
C40262029,['G', 'G']
C65607683,['G', 'G']
C35224950,['G', 'G', 'G']
C49976044,['G', 'O', 'O']
C37979568,['G', 'G', 'G']
C62705597,['G', 'G', 'O']
C61417150,['G', 'G']
C44470351,['G', 'G', 'G']
C39505402,['G', 'G']
C00130397,['O', 'G', 'O']
C01469650,['G', 'G']
C63045254,['G', 'G', 'O']
C40246524,['G', 'G']
C36738998,['G', 'G', 'G']
C37181478,['G', 'G', 'O', 'G', 'O']
C31976344,['G']
C43668883,['G']
C41676478,['G', 'O', 'O', 'G']
C38102329,['G', 'G', 'G', 'G']
C08667426,['G']
C50560574,['O', 'O', 'G']
C35698321,['G']
C67541548,['G', 'O', 'G', 'G']
C19923386,['G', 'G', 'O']
CHEMBL70114,['G']
C01004371,['G', 'G', 'G']
C00116012,['G', 'G', 'G']
C00342684,['O', 'G']
C20002576,['G', 'O']
C55503838,['G']
C37991940,['G', 'O', 'G', 'G']
C32752984,['G', 'G', 'G']
C19438568,['G', 'G', 'G']
C39504517,['G', 'G']
C06923450,['O']
C01562382,['G', 'G']
C42729369,['G', 'G', 'O']
C41326379,['G', 'O', 'G']
C23135684,['G', 'G', 'G']
C49963190,['G', 'G', 'G', 'G']
C35342781,['G', 'G']
C43537644,['O', 'O']
C01612355,['G', 'G']
C66404273,['G', 'G', 'G', 'G']
C39503907,['G', 'G']
C35343567,['G', 'O']
C37754474,['O', 'G']
C55142300,['G', 'G']
C41416345,['G', 'G', 'G']
C55142460,['G', 'O']
C42418331,['G', 'G']
C61692131,['O']
C55306645,['G', 'G']
C41161236,['O', 'G']
CHEMBL335992,['G']
C43640379,['G', 'G', 'G']
C06218225,['O', 'G', 'G', 'G']
C19879461,['G', 'G']
C37206820,['G', 'O']
C37421419,['G']
C20480092,['G', 'G', 'G']
C00516928,['O', 'O']
C20214127,['G', 'G', 'G']
C65609769,['G', 'G']
C59459890,['G', 'O', 'G', 'G']
C20383501,['O']
C40257411,['G', 'G']
C39963843,['G', 'O']
C02548721,['G']
C65929973,['G', 'G', 'G', 'O', 'G', 'G']
C01326210,['G', 'O']
C42351943,['G', 'G']
C00433055,['O']
C33344676,['O', 'G']
C36250564,['O']
C00125850,['G', 'G']
C37271128,['G', 'G', 'O', 'G', 'G']
C48769397,['G', 'G', 'O']
C08923727,['G', 'G', 'G']
C37296724,['G', 'O', 'G']
C40289793,['G', 'G', 'G']
C08490266,['O', 'G']
C40256592,['G', 'G']
C48356695,['G', 'G']
C37676202,['O', 'G', 'G']
C40083036,['G', 'G']
C54526583,['G', 'G']
C38507645,['G', 'G', 'G', 'G']
C13323334,['O', 'G', 'G', 'O']
C54160757,['G', 'G']
C00372147,['O', 'G', 'G']
C44316549,['G', 'G', 'G', 'G']
C37979572,['G', 'G', 'G']
C37439372,['G', 'G']
C35279045,['G']
C04936791,['G', 'G', 'O']
C58049399,['O', 'O', 'G', 'O']
C37845285,['G', 'G']
C19624465,['G']
C50266531,['G', 'G', 'O']
C40245002,['G', 'G']
C45913757,['G', 'O']
C36152664,['G', 'G', 'G']
C36923328,['G', 'G', 'G']
C09264106,['G', 'O']
C11336159,['G']
C37372105,['G', 'G']
C13403333,['G', 'O', 'G']
C13645774,['G', 'G']
C19908145,['O', 'G', 'G']
C42268288,['O', 'O']
C41717104,['G']
C13395095,['O']
C36822530,['G', 'G', 'G']
C48640477,['G', 'O']
C09479882,['O', 'G', 'G']
C41475440,['O', 'G', 'O']
C01406593,['G']
C20210681,['G', 'G', 'G']
C41384649,['G', 'G', 'G', 'G']
C48606370,['O', 'O']
C63008367,['G', 'G']
C24913148,['G', 'O', 'G']
C37213194,['G', 'G', 'G']
C42586639,['G', 'G', 'G', 'O']
C61814795,['G', 'G']
C61875554,['G', 'O']
C37372059,['O', 'G']
C36152850,['G', 'G', 'G']
C30823690,['O']
C19922894,['O', 'G', 'O']
C53140487,['G', 'G', 'G']
C18184369,['G', 'G', 'G']
C17054521,['G', 'G', 'G', 'O']
C35294650,['O']
C08115133,['G', 'O', 'G', 'G']
C04338819,['G', 'G']
C01508296,['-']
C35959330,['G', 'G', 'G', 'G']
C11633444,['G']
C48646288,['G', 'G', 'G', 'G', 'G', 'O']
C62988076,['O', 'O']
C32102191,['G', 'O']
C40261118,['G', 'G']
C47040334,['O', 'G', 'G', 'O']
C39512166,['G']
C01718940,['-']
C04522467,['G', 'G', 'G']
C41386438,['G', 'O', 'G']
C40412283,['O', 'O']
C61370917,['G', 'G']
C61098907,['O', 'G']
C24990143,['O', 'G', 'G']
C67090267,['G', 'G', 'G', 'G']
C36904223,['G', 'G', 'O']
C67119570,['G', 'G']
C00510218,['O', 'O', 'O']
C49596644,['G', 'G', 'G', 'G']
C62142348,['G', 'G', 'G']
C07164649,['G', 'G', 'G', 'G']
C61116287,['G', 'O', 'G']
C50330829,['O', 'O']
C37746081,['G', 'G']
C48893057,['G', 'G', 'G']
C00448787,['O', 'G']
C20792217,['G', 'G', 'G', 'G', 'G']
C67369046,['G', 'O', 'G']
C36695547,['G', 'G', 'G']
C40504133,['G', 'O', 'O']
C20592635,['O', 'O']
C06779853,['O', 'G', 'G']
C37415469,['G', 'G', 'G']
C50335607,['G']
C40428523,['G', 'G']
C19876946,['O', 'G']
C50329546,['O', 'G']
C65668078,['G', 'G', 'G']
C02191504,['G', 'G']
C39510644,['G', 'G']
C12428450,['G']
C42376527,['O', 'O']
C48275503,['O', 'G', 'G', 'O', 'G']
C05652617,['G', 'G']
C40258605,['G', 'G']
C37118344,['G', 'G', 'O']
C06686148,['O', 'O']
C39315327,['G']
C62241562,['G', 'G']
C05810102,['O']
C18184948,['G', 'G', 'G']
C48631169,['O']
C45544199,['G', 'O', 'G', 'O']
C03294961,['G', 'G', 'G']
C61845184,['G', 'O']
C20759815,['G', 'O', 'G', 'G']
C17070543,['O', 'G']
C22761017,['G', 'G', 'G']
C19923378,['G', 'G']
C62621357,['G']
C40799982,['O', 'G', 'G']
C61323462,['O', 'G', 'O']
C04973163,['-']
C16383134,['G', 'G', 'O']
C49490222,['G', 'G']
C04091836,['G', 'O']
C20355754,['G', 'G']
C09359916,['G']
C48769395,['G', 'G', 'O']
C39953846,['G', 'G', 'G']
C28624575,['O']
C05337912,['G', 'G', 'G']
C62779474,['G', 'G']
C36719812,['O', 'G', 'G']
C37253220,['G', 'G', 'G']
C67006019,['G', 'G', 'G', 'G']
C37206316,['O', 'G']
C59472245,['G', 'O', 'O']
C43461027,['G', 'G']
C00091691,['G', 'O']
C41472902,['G', 'G']
C37051671,['G', 'O']
C00109724,['G', 'G', 'O']
C11756856,['O', 'G']
C37231377,['G', 'G', 'G', 'G', 'G']
C13326463,['G', 'G', 'G']
C61576998,['G', 'G']
C50044286,['G', 'G', 'G']
C05769705,['O']
C08757446,['G', 'G', 'G']
C50329547,['G', 'G']
C44490907,['G', 'G', 'G']
C60539463,['G', 'G', 'G']
C48441379,['G', 'G']
C61519101,['O', 'G', 'G']
C17988687,['G']
C54823724,['G', 'G']
C40284324,['G', 'G']
C43675207,['G', 'G', 'O', 'G', 'G']
C01398521,['G', 'G']
C63021959,['G', 'G']
C00091255,['G', 'G', 'G']
C46996119,['G', 'O', 'G', 'G', 'O']
C13153678,['G']
C48797345,['G', 'G', 'G', 'G']
C37276896,['G', 'G', 'G', 'G']
C62538317,['G', 'O']
C42411728,['O', 'O', 'G']
C41416347,['G', 'G', 'G']
C43666460,['G', 'G']
C50329565,['O', 'G']
C20376024,['G']
C40249122,['G', 'G']
C37189050,['G', 'G', 'G']
C50043046,['O', 'G', 'G']
C21508996,['G', 'G']
C65663848,['G', 'G', 'G', 'G', 'O', 'G', 'G']
C30288188,['G', 'G', 'G', 'G']
C16608054,['G', 'O']
C49123164,['O', 'G', 'G', 'G']
C40216913,['G', 'G']
C20476521,['G', 'G']
C39504333,['G', 'G']
C62919040,['G', 'G', 'G', 'G', 'G', 'G', 'G']
C37746475,['G']
C05604915,['O', 'G']
C04382425,['G', 'G', 'G']
C36936668,['G', 'O']
C40290230,['G', 'G']
C61631606,['G', 'G']
C01569602,['G', 'G']
C36321165,['G', 'G']
C38001662,['G', 'G', 'O']
C38068072,['G', 'G']
C24758812,['O', 'O', 'G', 'G', 'G']
C56136615,['G', 'G', 'O', 'G', 'G', 'G']
C49068570,['G']
C19791600,['G']
C14548730,['G']
C49007867,['G', 'O', 'G']
C62779477,['G', 'G']
C38053948,['G']
C51925446,['G']
C54823050,['G', 'G']
C16186508,['G', 'G']
C40241132,['G', 'G', 'G']
C44767849,['G', 'G', 'G', 'G']
C41494858,['G', 'O']
C62335842,['G', 'G']
C30267088,['O', 'O', 'O']
C40260985,['G', 'G']
C43461070,['G']
C48946253,['G', 'G']
C50208622,['G', 'G']
C64030838,['G', 'G']
C39325843,['O', 'G', 'G']
C50009684,['G', 'G', 'O']
C62779555,['G', 'G']
C17041934,['-']
C40711633,['G', 'O']
C20468195,['O', 'G', 'G']
C20752485,['G']
C41394319,['G', 'G', 'O', 'G']
C12559158,['O', 'G', 'O']
C03301038,['G']
C40269243,['G', 'G']
C01414018,['O', 'G', 'G']
C37326462,['G']
C66352540,['G', 'G', 'O', 'O']
C40264875,['G', 'G']
C32392977,['G', 'O', 'G', 'G']
C37463082,['G', 'G']
C43577886,['G', 'G']
C49932033,['G', 'G', 'G']
C01682482,['G', 'G']
C36982646,['G', 'O']
C50866455,['G', 'O']
C67119964,['O', 'G', 'O']
CHEMBL25469,['G']
C05036429,['G', 'G', 'G']
C05800810,['O', 'G']
C36391544,['G', 'G', 'G', 'O']
C37091519,['G', 'G']
C32392979,['G', 'O', 'G', 'G']
C48694689,['G', 'O', 'G']
C49860666,['G', 'O', 'G']
C37419080,['O', 'O']
C37278461,['G', 'G', 'G']
C14791881,['G', 'G', 'O']
C61417183,['G', 'G']
C39323188,['G']
C20826634,['O', 'G']
C41702575,['-']
C26896957,['G', 'G']
C04504213,['G', 'O', 'G']
C61692132,['O']
C00092401,['G', 'G', 'G']
C43280953,['G', 'O', 'O']
C23314595,['O', 'G', 'G', 'G', 'O']
C04085346,['G']
C12540637,['O', 'G']
C37746496,['G', 'G']
C67052341,['G', 'O', 'G']
C55203278,['G', 'G']
C42599549,['G', 'O', 'O']
C00433273,['O', 'O']
C67120316,['G', 'G', 'O']
C49084345,['G', 'G', 'G']
C50329561,['G', 'O']
C37773271,['O', 'G', 'G']
C49489600,['G', 'G', 'G']
C54684662,['G']
C48847536,['G', 'G', 'O']
C62779219,['G', 'G']
C48670504,['G', 'G', 'G', 'G', 'G']
C57249794,['O', 'G', 'G', 'O']
C44932664,['G']
C39503909,['G', 'G']
C01002369,['G', 'G', 'G']
C39505621,['G']
C34868562,['G', 'G', 'G']
C36930208,['G', 'G']
C40289792,['G', 'G', 'G']
C61864363,['G', 'G']
C05778143,['G', 'O']
C40265032,['G', 'G', 'G']
C20504362,['G', 'G', 'O', 'G']
C50328971,['G', 'G']
C40261176,['G', 'G']
C35652029,['O', 'G']
C00290616,['G', 'G', 'G']
C05937819,['G', 'O']
C21013854,['G', 'G', 'G', 'G', 'G']
C12428974,['O']
C37055906,['O', 'G', 'G']
C05762825,['G', 'G']
C49840801,['G', 'G', 'G']
C38082388,['G', 'G']
C01058934,['O', 'G', 'O']
C48626111,['G', 'G']
C45687621,['O']
C36975835,['G', 'G']
C54387974,['G', 'G', 'G']
C01383783,['G']
C50586719,['O', 'O']
C67119670,['O', 'G']
C04810486,['G']
C20505342,['G', 'O', 'G']
C02472129,['G', 'O', 'O']
C45024635,['G', 'G', 'G', 'G', 'G']
C58171608,['G', 'G', 'G']
C40260870,['G', 'G']
C37392376,['G', 'G']
C44191081,['G', 'G', 'O', 'G']
C40880585,['G', 'G', 'O']
C48688957,['O', 'G']
C39506516,['O', 'G']
C50046544,['O', 'G', 'O']
C21062342,['G', 'G', 'G', 'G']
C62137510,['G', 'G', 'G']
C09238363,['G', 'O']
C04504380,['O', 'G', 'G', 'G']
C40886089,['G', 'G']
C62137441,['G', 'G', 'G']
C64820084,['O', 'O', 'G', 'G']
C13159290,['G', 'G', 'O', 'G', 'G', 'O', 'G']
C00165707,['G', 'O', 'G', 'G']
C37637915,['G', 'O', 'G']
C39506846,['G', 'G', 'G']
C43399326,['O', 'G']
C43659635,['G', 'G']
C22151149,['O', 'O']
C54669531,['G', 'O']
C37206298,['G', 'G']
C25305638,['G', 'G', 'G']
C49452643,['O', 'G', 'G']
C14196961,['G', 'G', 'G', 'O', 'O', 'G']
C02783774,['G', 'G']
C39510614,['G', 'G']
C40244996,['G', 'G']
C20426811,['O', 'O', 'G', 'G']
C40347897,['G', 'G']
C00262033,['G', 'G', 'G', 'O']
C40257713,['G', 'G']
C00299199,['G', 'G', 'G']
C32484482,['G', 'G', 'G', 'O']
C08747112,['G', 'G', 'G']
C46703260,['G']
C48421419,['G', 'G', 'G', 'G']
C39505934,['O']
C39261842,['G', 'G', 'G']
C39323187,['G']
C48543856,['O', 'O']
C67516685,['G', 'G']
C06914240,['O', 'G', 'G', 'G']
C62334651,['G', 'G']
C61364242,['O', 'G']
C03050945,['G', 'G']
C37215972,['O', 'G', 'G']
C36923228,['G', 'G']
C60132879,['O', 'G']
C54823896,['G', 'G']
C39509964,['G', 'G']
C41161209,['G', 'O']
C59381983,['G', 'G', 'G']
C48892031,['G', 'O']
C00899884,['-']
C44752497,['G', 'G', 'G']
C43659197,['G', 'G']
C04810919,['G']
C50844618,['O', 'O']
C05875404,['G', 'G']
C48444923,['O', 'O', 'G', 'G', 'G']
C20298617,['G', 'G', 'G']
C03276775,['G', 'G', 'G']
C32531585,['G', 'G', 'G']
C00149056,['G', 'G', 'G']
C05104843,['G', 'G', 'G', 'G']
C08829139,['G', 'G']
C08982343,['G', 'G']
C03699568,['G', 'G']
C37197313,['G', 'G', 'G']
C00570062,['G']
C20716466,['G', 'G', 'G']
C51663103,['G', 'G']
C00132600,['O', 'G']
C12540454,['O', 'G', 'G', 'O']
C36286076,['G']
C66666937,['G', 'G', 'G', 'G', 'G']
C09349850,['G', 'G', 'G', 'O']
C51073971,['G', 'G', 'G']
C55334198,['G', 'G']
C05332007,['G', 'G']
C20752482,['G']
C67119560,['G', 'G']
C40542279,['G']
C04023998,['O']
C43570121,['O', 'O', 'G', 'G']
C00328668,['G', 'G']
C63013979,['G', 'O']
C41672551,['G', 'G', 'G', 'G', 'G']
C62139212,['G', 'G', 'G']
C37251476,['G', 'G']
C50588523,['G']
C00053135,['O', 'G', 'G']
C61417189,['G', 'G']
C48665215,['G', 'G', 'G']
C03028735,['G']
C55335918,['O', 'O']
C36825883,['G', 'G']
C39524963,['G']
C40491444,['G', 'G', 'G', 'G', 'O']
C27232890,['G', 'G', 'G', 'G']
C05942028,['G', 'O']
C39858931,['G', 'G', 'G']
C02019813,['G', 'G', 'G', 'O', 'O']
C37295439,['G']
C36019030,['G', 'O', 'G']
C65508574,['G', 'G']
C41494854,['G', 'O']
C42608158,['G', 'G', 'G', 'G', 'O', 'G', 'G']
C49521051,['O', 'G', 'G', 'G', 'O']
C40713850,['G', 'O']
C32102160,['G', 'G']
C43659634,['G', 'G']
C16407290,['G']
C49318197,['O', 'G']
C37741143,['G', 'O', 'G', 'G']
C44264652,['G']
C44288912,['G', 'G', 'G']
C19966217,['G', 'O']
C39505373,['G']
C21218483,['O', 'G', 'G']
C02749743,['G', 'O', 'G', 'O']
C00251925,['O', 'G', 'G']
C11409623,['G', 'G', 'G']
C35678511,['O', 'G', 'O']
C35557252,['G', 'G']
C25061216,['G', 'G', 'G']
C03018065,['G', 'O']
C42415154,['G', 'G']
C19988326,['G', 'O']
C37069906,['G', 'G']
C36804959,['G', 'G', 'O']
C36956056,['G', 'O', 'O']
C37439092,['G']
C07782642,['G', 'O']
C01500305,['G', 'O', 'G']
C00400028,['G', 'G']
C18046422,['O', 'O']
C37205884,['G']
C50043418,['O', 'O', 'G']
C48607189,['G', 'G', 'G', 'O']
C41702633,['-']
C42432003,['G', 'G']
C40264707,['G', 'G']
C50266627,['G', 'G', 'G']
C40713885,['G', 'G']
C00201205,['G', 'O', 'G']
C06221228,['O', 'G']
C20752479,['G']
C00983737,['-']
C53714958,['G', 'G']
C35557254,['G', 'G']
C12504665,['O']
C57330328,['G', 'G', 'G', 'G', 'O', 'G']
C40711532,['O', 'G']
CHEMBL70820,['G']
C20469544,['G', 'G', 'G', 'G']
C04971115,['G', 'G', 'G']
C54669532,['G', 'G']
C14176674,['O', 'G', 'O', 'G']
C48791474,['G', 'G', 'O', 'O']
C35222391,['G', 'G', 'G']
C19965576,['G']
C39504092,['O', 'G']
C61496146,['G', 'O', 'G']
C39509027,['O', 'G', 'O']
C55330293,['G', 'O', 'G']
C37256546,['G', 'G']
C40257401,['G', 'G']
C02474800,['G', 'O']
C50525820,['G']
C54826149,['G', 'G', 'G']
C42268815,['G', 'G']
C55302601,['G']
C35379716,['G', 'G']
C50867439,['O']
C15079740,['G', 'G']
C20220950,['G', 'G', 'G']
C41590082,['O', 'G', 'G']
C39499504,['G']
C38033899,['G', 'G']
C62559953,['G']
C39521920,['O', 'G']
C16960827,['G', 'G', 'G']
C20479250,['G', 'G', 'G', 'G']
C61692474,['O', 'O']
C20546265,['G', 'G', 'O', 'G']
C39506131,['O']
C37129226,['G', 'G']
C50847608,['G', 'O', 'O']
CHEMBL280805,['G']
C37103668,['G', 'G']
C39505945,['G']
C40242566,['G', 'G']
C50041692,['O', 'G']
C43616961,['O', 'O']
C00482789,['G', 'G', 'G']
C00556100,['G', 'G', 'O']
C35616062,['G', 'O', 'O', 'O']
C48794325,['O', 'G', 'G', 'O']
C41481601,['G', 'G']
C65507601,['G']
C52837409,['O', 'O']
C58788414,['O', 'G', 'G', 'O']
C19910508,['G', 'G', 'G', 'G']
C65795084,['G', 'G', 'G', 'G']
C37324722,['G', 'G', 'O']
C05517354,['G']
C62246901,['G', 'G', 'G']
C37147493,['G', 'G']
C37938471,['G', 'G', 'O']
C39711868,['-']
C08413368,['G']
C47327742,['O', 'G', 'O', 'G', 'O']
C02556959,['O', 'G', 'G']
C49896493,['O', 'G']
C62432047,['O', 'O']
C61417806,['G', 'G']
C50588519,['O']
C20745062,['G', 'G']
C05587063,['G', 'O']
C16159611,['G', 'O']
C03642737,['O', 'O']
C00469055,['G', 'G', 'G']
C40290232,['G', 'G']
C35681806,['G', 'G', 'G']
C00348070,['G']
C50329591,['G', 'O']
C00028995,['G']
C03449101,['G', 'G', 'O']
C50329415,['O', 'G', 'G']
C37600266,['G']
C49597568,['G', 'G']
C44971355,['O', 'G', 'O', 'O']
C43666593,['G']
C37409227,['G']
C37325245,['O']
C28576431,['G', 'G']
C64333349,['O', 'G', 'G', 'G', 'G']
C49220945,['G', 'O', 'G', 'G']
C08518549,['O', 'G']
C37322151,['G', 'G', 'G']
C62351030,['O', 'G']
C05130782,['G']
C20504192,['G', 'O', 'G']
C05022699,['O', 'G']
C62561152,['G']
C37262336,['O', 'G', 'G', 'G']
C62829849,['O', 'G']
C04908959,['G', 'G']
C48759170,['G', 'G']
C66969696,['G']
C52924820,['G', 'G']
C63072158,['G', 'O']
C57476172,['G', 'G', 'G', 'G', 'G', 'G', 'G']
C51632855,['G', 'G']
C03662527,['O']
C40261025,['G', 'G']
C35731076,['G', 'G']
C35287000,['O']
C39506130,['G']
C51330254,['G', 'O']
C55332663,['O', 'O']
C40879706,['G', 'G']
C61417129,['G', 'G']
C40269834,['G', 'G']
C54910635,['G', 'G']
C40257088,['G', 'G']
C52946071,['G', 'G', 'G']
C00301531,['G', 'G', 'O']
C53168424,['G', 'O']
C50268930,['G', 'O', 'G']
C48657898,['G', 'G', 'O', 'O']
C20776263,['G', 'G']
C16545596,['O']
C40428545,['G', 'G']
C12370822,['O', 'O']
C36242257,['G', 'O']
C61326288,['O', 'G', 'G']
C49391195,['G', 'G', 'O']
C50842156,['-']
C20131876,['G', 'G', 'G']
C20757200,['G', 'G']
C12803639,['G', 'O']
C66462457,['G', 'G', 'G']
C40999511,['G', 'G', 'G']
C21810917,['G', 'G', 'O']
C66442593,['G']
C03851949,['G', 'G', 'G']
C21814774,['O', 'G']
C08520330,['G', 'G']
C40886723,['G', 'O', 'G']
C41393939,['G', 'O', 'G']
C36822544,['G', 'O', 'O']
C00035350,['G']
C26137126,['O', 'G', 'G', 'G']
C04348701,['O', 'G', 'G', 'G', 'G']
C61490259,['G', 'G', 'O', 'O']
C36990105,['G', 'O']
C20827846,['G', 'G', 'G']
C35659346,['G', 'G']
C40257939,['G', 'G']
C62666216,['O', 'G']
C00169908,['G', 'G']
C65381174,['G', 'O']
C48412278,['G', 'G']
C34936110,['G', 'G']
C35294930,['G', 'O']
C01655681,['G', 'G', 'G']
C04206751,['-']
C05348002,['G', 'G']
C50346876,['G', 'G']
C62244452,['G', 'G', 'G']
C37369140,['O', 'G', 'G']
C38696903,['O', 'G']
C39376921,['G', 'G']
C35676188,['O', 'O']
C01067555,['G', 'O', 'G']
C54911402,['O']
C39506514,['G', 'G']
C39512933,['G', 'G']
C37990852,['G', 'G', 'G', 'G']
C43699540,['O', 'G', 'O']
C13822602,['G', 'O']
C42411656,['G', 'G', 'G']
C36242141,['G', 'G']
C26966706,['G', 'O', 'G']
C04050629,['G', 'G']
C03603740,['O', 'G', 'G', 'G', 'G']
C22151198,['G', 'O']
C62988062,['O', 'O']
C40257399,['G', 'G']
C20468088,['O', 'O', 'O']
C35369540,['G', 'O']
C39511823,['G']
C62779492,['G', 'G']
C14985740,['O']
C44652233,['G', 'G', 'G', 'O']
C40714034,['G', 'G']
C00470825,['G', 'O']
C43594473,['G']
C36957443,['O', 'O', 'G']
C20890462,['G', 'G', 'G']
C42341657,['G', 'G', 'G']
C04218275,['O', 'O', 'G']
C65337190,['G']
C66430906,['G', 'G', 'G', 'G']
C03138813,['G', 'O']
C67182831,['G', 'G']
C41569370,['O']
C43681231,['G']
C54743391,['G', 'G']
C20504422,['G', 'G', 'G']
C55334409,['O', 'G']
C40245659,['G', 'G']
C36899502,['G']
C12652561,['G', 'G']
C08791886,['G']
C62160168,['G', 'G', 'G', 'G']
C01188018,['G', 'G', 'G']
C02919356,['O', 'G', 'G']
C42401075,['O', 'O']
C03870968,['-']
C39499354,['G']
C64085841,['G', 'G', 'G', 'O', 'G']
C62193933,['G', 'G', 'G']
C62617570,['G', 'G']
C42599553,['O', 'G', 'G']
C40267594,['O', 'G']
C40712337,['O', 'G']
C38081952,['G', 'G', 'G', 'G']
C37127529,['G', 'O', 'G']
C61518476,['O', 'G']
C49014788,['G', 'G', 'G']
C41090332,['O', 'G', 'O']
C00292374,['O', 'G']
C03130896,['G', 'G', 'G', 'G', 'G']
C41569021,['G', 'G', 'G', 'G']
C37775167,['G', 'O', 'G', 'G']
C05122855,['G', 'G', 'G']
C63011677,['G', 'G', 'G']
C19805818,['O', 'O']
C39506559,['G', 'G']
C40431692,['G', 'G']
C00713403,['G']
C09368429,['G', 'G']
C48792448,['G', 'G', 'G']
C40246976,['G', 'G']
C37498545,['G', 'G', 'O', 'G']
C49977696,['G', 'G', 'G']
C57926622,['O', 'O']
C59168340,['O', 'G']
C63008390,['G', 'G']
C06915950,['G', 'G', 'G']
C20546264,['G', 'G', 'O', 'G']
C20303732,['G']
C35278559,['G', 'G']
C52813939,['G', 'G']
C42795168,['G', 'G', 'G']
C01275683,['G', 'G']
C37337767,['O']
C13745708,['G', 'G', 'G']
C48770633,['O', 'G']
C38051168,['G', 'O']
C39525307,['G']
C43669270,['G']
C48858836,['G', 'G', 'G', 'G', 'O', 'G', 'O']
C66675016,['G', 'G', 'O', 'G']
C36957229,['G', 'O', 'O']
C20376111,['G']
C40713492,['G']
C42268214,['O', 'G', 'G']
C43719914,['G', 'G', 'G', 'O']
C50588477,['G']
C19821683,['O', 'G']
C65240377,['O', 'O', 'G']
C04655178,['-']
C20718737,['O', 'G']
C42389161,['O', 'O']
C09642784,['G', 'G', 'G']
C31675503,['G', 'G', 'G', 'G']
C37284897,['G', 'G', 'G', 'G', 'G']
C54928099,['G', 'O', 'G']
C46768739,['G', 'G', 'G', 'G']
C20518657,['G', 'G', 'G', 'G']
C04191952,['G']
C54826071,['O', 'G']
C40245003,['G', 'G']
C47747653,['G', 'G', 'G', 'G']
C35119750,['G', 'G', 'G', 'G', 'O', 'O', 'G', 'O', 'G']
C05032160,['G', 'G', 'G']
C05265905,['G', 'O', 'G', 'O']
C06287545,['G', 'O', 'G']
C02798543,['G', 'G', 'G']
C62779218,['G', 'G']
C21502085,['O', 'G']
C39506529,['O']
C61417198,['G', 'G']
C37463084,['G', 'G']
C04104373,['G', 'O']
C61327392,['G', 'G']
C36923151,['G', 'O', 'G']
C47948567,['G', 'O', 'O', 'G']
C48771214,['O', 'O']
C45047699,['G', 'G']
C40260002,['G', 'G']
C51985839,['G', 'G', 'G']
C52999084,['G', 'G']
C39524468,['G']
C49470766,['G', 'G', 'O', 'G']
C64787344,['G', 'G', 'G']
C41022038,['G', 'G', 'G']
C20552986,['O', 'O', 'G', 'G']
C35313204,['G', 'G']
C57343364,['G', 'G']
C41818178,['G', 'G', 'O']
C54753529,['G']
CHEMBL1209180,['O']
C14984004,['-']
C37011721,['G']
C40545716,['G', 'G']
C61692939,['G', 'G', 'G']
C38537186,['G']
C22324400,['O', 'G', 'G', 'G', 'G', 'G']
C49445626,['O', 'G', 'G', 'O']
C46987500,['G', 'O', 'G', 'O']
C58474390,['G', 'G', 'G', 'G', 'G', 'G', 'G']
C40257363,['G', 'G']
C37247949,['G', 'G']
C40311887,['G', 'G', 'G', 'O']
C63156938,['G', 'G', 'G']
C51814292,['G', 'G', 'G']
C17148485,['G', 'O']
C34651868,['G', 'G']
C53139978,['O', 'O']
C42376519,['G', 'O']
C40269833,['G', 'G']
C20551813,['G', 'G', 'O', 'G']
C47682094,['G']
C08628522,['O', 'G']
C35429370,['G', 'G', 'G', 'G']
C42376310,['G', 'O']
C36243679,['G']
C39957241,['O', 'G', 'G']
C41657785,['G', 'G']
C40885137,['O', 'O']
C12522418,['G', 'G']
C36964623,['G', 'G']
C61122109,['G', 'O']
C12374748,['G', 'O']
C00055438,['G', 'G']
C61360950,['O', 'G']
C41538189,['G', 'G', 'G', 'G']
C01403366,['G', 'G', 'O']
C67088338,['G', 'G', 'O', 'G']
C20480302,['G', 'O']
C49284634,['O', 'G', 'G', 'O']
C36153500,['G', 'G']
C40326021,['G', 'O', 'G']
C39528872,['G', 'G', 'G']
C38086092,['G', 'G', 'G']
C41702424,['-']
C47682178,['G']
C49961127,['O', 'G']
C48666782,['O', 'G', 'G']
C44804561,['G', 'O']
C00409401,['G']
C62723558,['G']
C01756565,['G']
C14984695,['-']
C42110720,['G', 'O', 'O']
C26456723,['G', 'G', 'O', 'G']
C20504484,['G', 'G', 'O', 'G']
C48759172,['G', 'G']
C40880601,['G', 'G', 'O']
C04370025,['G']
C59240062,['O', 'G', 'G']
C62779078,['G', 'G']
C01973094,['O', 'G', 'O']
C04366296,['O', 'O']
C39510420,['G', 'G']
C06506955,['G', 'G', 'G']
C39357957,['O', 'G']
C04536199,['O', 'G', 'G']
C50359524,['O', 'G', 'O']
C40159999,['G', 'G', 'G']
C19224545,['O', 'G']
C32116887,['G', 'O', 'G', 'O', 'O']
C36304639,['G', 'G']
C61514966,['G', 'O', 'O', 'G']
C43616105,['G', 'G']
C48375351,['G', 'O', 'G', 'O']
C35057157,['O']
C47247876,['G', 'G', 'O', 'G']
C00389803,['G']
C52859208,['G', 'O']
C59464801,['G']
C06572467,['G', 'G', 'O', 'G']
C34975249,['G']
C37463088,['G', 'G']
C05675741,['G', 'G', 'G', 'G']
C35343069,['O', 'G']
C01392448,['G', 'G']
C03593541,['G', 'O']
C48782071,['O', 'G', 'G', 'G', 'G']
C42338103,['G', 'G', 'G']
C49549528,['O', 'G']
C00935407,['O', 'G', 'G']
C14897125,['G', 'G', 'O']
C54213898,['O', 'G']
C62851101,['O', 'G', 'O']
C52903558,['G', 'G']
C43554347,['G', 'O']
C54352230,['G', 'G', 'O']
C35120133,['G']
C39526230,['G', 'G']
C42197042,['G', 'O', 'O', 'G']
C39342259,['G', 'G']
C07155338,['O', 'G']
C62838769,['G', 'G', 'G', 'G']
C43561054,['G', 'G', 'O']
C20616539,['G']
C66277188,['G', 'O', 'G', 'G', 'G', 'G', 'O']
C32609489,['O', 'G', 'G']
C40278806,['G', 'G']
C61446361,['G', 'G', 'G']
C62710774,['G', 'O']
C33182100,['G', 'G', 'G']
C14550187,['G', 'G']
C07276743,['G', 'O', 'G']
C08774398,['G', 'G']
C00397071,['O', 'O', 'O']
C37681062,['G', 'G', 'G']
C00492240,['G', 'G']
C32951598,['G', 'G', 'G']
C40319486,['G', 'O', 'O']
C33321297,['O', 'G', 'G']
C59928685,['G', 'G', 'G', 'G']
C00038132,['O']
C38039986,['G', 'G']
C51173023,['G', 'G']
C20009349,['G', 'G', 'G', 'G', 'G']
C37368886,['O', 'G', 'G']
C37885929,['O', 'G']
C57331223,['G', 'O']
C43391981,['G', 'G']
C39463237,['G']
C40881810,['G', 'O', 'G']
C04975083,['G', 'G', 'G']
C48771273,['G', 'G']
C34956000,['O', 'O']
C44484749,['O', 'G', 'G']
C40289301,['G', 'G']
C39507330,['G', 'G']
C21373384,['G', 'G', 'O']
C05298043,['O', 'O', 'O']
C13702556,['O', 'O', 'G', 'G']
C40261190,['G', 'G']
C21959882,['G', 'G']
C39504809,['G']
C54404167,['G', 'G', 'G']
C02539581,['G', 'G']
C35022265,['G', 'G']
C62372497,['G', 'G', 'O']
C54600605,['G']
C37196963,['G', 'O', 'G']
C36854884,['G', 'G']
C50222990,['O', 'G']
C39499367,['G']
C20370116,['O', 'O']
C43539639,['G', 'G', 'G']
C47987923,['G', 'G']
C02886784,['G']
C03269921,['G', 'G', 'G', 'G']
C49477024,['G', 'G', 'G', 'O']
C37681430,['O', 'O', 'G']
C43529658,['O', 'O', 'O']
C49671305,['G', 'O']
C20143908,['G', 'O', 'G']
C40173640,['G', 'G']
C48970917,['G', 'G', 'G']
C16641677,['G', 'O']
C36956007,['G', 'O', 'G']
C27795191,['G', 'G', 'G']
C23619964,['G', 'G', 'O', 'G', 'O']
C01294204,['O']
C26509113,['G', 'G']
C36950170,['G', 'G', 'G']
C00522433,['G', 'G']
C50867628,['G', 'G']
C12964166,['G']
C62611119,['G', 'G']
C04390824,['G']
C41039695,['G', 'G', 'G']
C20432695,['O', 'O']
C50046657,['G', 'G', 'G', 'G']
C66338977,['O']
C63113355,['O', 'G']
C02020537,['G', 'O']
C01326202,['G', 'G']
C57330644,['G', 'G']
C54927753,['G', 'O']
C00368587,['G', 'G', 'G', 'G']
C55265872,['O', 'G']
C40261814,['G', 'G']
C36922570,['O', 'G', 'G']
C07195394,['G', 'G', 'G']
C19997326,['G', 'G', 'G', 'G', 'G']
C39459010,['-']
C04474981,['G', 'O']
C39529672,['G', 'O']
C04269870,['G']
C43683107,['O', 'G', 'G']
C66725160,['G', 'G', 'G', 'G', 'G', 'O']
C01730700,['G', 'G']
C00556582,['G', 'G', 'G']
C40711706,['G', 'O']
C48770635,['G', 'G']
C00541222,['O', 'G', 'G']
C67438118,['G', 'O', 'G', 'O', 'G', 'G']
C36278103,['O', 'O', 'O']
C11634088,['G', 'O']
C39503457,['G', 'O']
C04522317,['O', 'O']
C37305577,['G', 'O', 'G']
C28429350,['O']
C13575663,['G']
CHEMBL1209179,['O']
C38077048,['G', 'G']
C51662822,['G', 'G']
C40261896,['G', 'G']
C23862629,['G', 'G', 'G']
C15443755,['O']
C32977812,['O', 'G', 'G']
C62637965,['G', 'G', 'O']
C39463405,['G']
C06701519,['G', 'G']
C39511553,['G', 'G']
C36533597,['G']
C41092465,['O', 'G', 'G']
C14629630,['G', 'G']
C37674387,['G', 'G']
C44699836,['-']
C43560007,['G', 'G']
C39454348,['-']
C50044661,['O', 'G', 'G']
C01079497,['-']
C32392583,['G', 'G', 'O', 'G']
C14456559,['G']
C41379781,['O', 'G']
C63044692,['G', 'G', 'G', 'O']
C13400520,['G', 'O', 'G', 'G']
C51753273,['G', 'O', 'O']
C39511982,['G']
C37121573,['G', 'O']
C48653535,['G', 'G', 'O']
C28540093,['G']
C52017991,['G', 'G']
C62397183,['G', 'G']
C37506561,['G', 'G']
C22920523,['G', 'G', 'G', 'G']
C19959796,['G']
C39528585,['O']
C66260474,['G', 'G', 'G', 'G']
C62561778,['G']
C20362451,['G', 'G']
C42210455,['O', 'G', 'G']
C00064300,['G', 'O']
C18128289,['O', 'G']
C00081508,['O', 'G']
C48777729,['G', 'G', 'G', 'G']
C62246498,['G', 'G', 'G']
C02906149,['O']
C38741639,['O', 'G']
C65340488,['G', 'G', 'G']
C04829110,['O', 'G', 'O', 'G']
C40261633,['G', 'G']
C37772963,['G', 'G', 'O']
C50329176,['G', 'G']
C37325473,['G', 'G', 'O', 'O']
C61417181,['G', 'G']
C02737169,['G', 'G', 'G']
C13729922,['G']
C34939225,['G', 'G']
C62104994,['G', 'O', 'G']
C19485571,['O', 'G']
C05103037,['G', 'G']
C36749660,['O', 'G']
C22015641,['G', 'G']
C41057063,['O', 'G']
C45372775,['G', 'G', 'G', 'G', 'O']
C63845488,['G', 'G']
C14983231,['G']
C62359877,['G', 'G']
C42404516,['G', 'O', 'G']
C44121298,['G']
CHEMBL1209231,['O']
C41259583,['G', 'O']
C36918447,['G', 'G']
C19891387,['O', 'O']
C00470438,['G', 'G']
C06572463,['G', 'G', 'G', 'G']
C22297521,['G', 'G', 'G', 'G', 'G', 'G', 'G']
C13776989,['G']
C02878952,['G', 'G', 'G']
C57501380,['G', 'O', 'O']
C62530333,['G']
C16545457,['G', 'G']
C55190414,['G']
C50521762,['G', 'G']
C39262766,['G', 'O', 'G', 'O', 'G', 'G']
C04149583,['G', 'G']
C43514765,['G', 'G']
C08857207,['G', 'G']
C32995941,['G', 'G', 'G']
C49185242,['O']
C00395990,['O', 'G', 'G']
C62658285,['G', 'G', 'O']
C43220605,['-']
C61849706,['G', 'G', 'O', 'O']
C37981613,['G', 'G']
C53164419,['G', 'G']
C42443774,['O']
C34971972,['O']
C28429055,['G']
C48939902,['G', 'G', 'G', 'G']
C28429365,['G']
C41472664,['G', 'G']
C48858114,['O', 'G', 'G', 'G']
C05338698,['G']
C04244104,['O']
C62988060,['G', 'G', 'O']
C51331048,['O', 'G']
C50329555,['G', 'G']
C00036132,['O', 'O']
C15203290,['G', 'G']
C01614562,['G']
C55028050,['G']
C41284276,['G', 'G', 'G', 'G']
C04820933,['G', 'G', 'G', 'G']
C47839670,['G', 'G', 'G', 'G']
C02660059,['G', 'G']
C55190423,['G']
C43666579,['G']
C18231293,['G', 'G', 'O']
C39510675,['O', 'G', 'G']
C37252787,['G', 'G', 'G', 'O']
C15442808,['-']
C51170355,['O']
C03088955,['G', 'O', 'G', 'G', 'G', 'G', 'G']
C62797365,['G', 'G']
C19803871,['G']
C38925338,['G', 'G', 'G', 'G', 'G', 'G']
C40261754,['G', 'G']
C02173062,['G', 'G', 'G']
C62988089,['O', 'O']
C43601019,['G', 'G']
C40261041,['G', 'G', 'G']
C45008015,['G', 'G', 'G']
C02808556,['G', 'G', 'O']
C28428933,['G']
C11565931,['G', 'G']
C62778930,['G', 'G']
C42143638,['G', 'G']
C37491090,['G', 'G']
C48890191,['G', 'O']
C03844878,['G', 'G', 'G']
C43220603,['-']
C54861881,['G', 'O']
C06703402,['G', 'G', 'G']
C57307389,['G', 'O']
C62397102,['G', 'G']
C12016942,['G', 'G', 'O']
C36882169,['G']
C20596469,['G', 'G']
C00152558,['-']
C14092975,['G', 'G', 'G']
C61416933,['G', 'G']
C39503609,['O']
C48413619,['O', 'O']
C62142636,['G', 'G', 'G']
C43554363,['G', 'G']
C36152385,['G']
C12788469,['G', 'G']
CHEMBL24245,['G']
C34410957,['G', 'G']
C02031934,['G']
C66704924,['G', 'O', 'G', 'O', 'G']
C09306723,['G', 'G', 'G']
C41713278,['G']
C52902007,['G', 'G']
C16545652,['G']
C47012382,['G', 'G', 'G', 'G', 'O']
C42315512,['G', 'G', 'G']
C42728720,['G', 'G']
C38689199,['G', 'G', 'O']
C49210120,['G', 'G', 'G', 'G', 'G']
C21304578,['-']
C01697275,['G', 'G']
C07736854,['G', 'G', 'G', 'G']
C62039663,['G', 'G', 'G']
C40289295,['G', 'G']
C35287003,['O']
C40290229,['G', 'G']
C43461084,['G', 'G']
C61849947,['O', 'O']
C61411428,['G', 'G', 'G']
C43658902,['G', 'O', 'G']
C19946444,['G']
C36957219,['G', 'G', 'O']
C63076536,['O', 'O']
C35286966,['O']
C00346703,['-']
C48630327,['G', 'G']
C40166147,['G', 'G']
C14095748,['G', 'G', 'G']
C49318201,['G', 'O']
C48769271,['G', 'O', 'G']
C62611166,['G', 'G']
C22992633,['G', 'O', 'O']
C50349265,['G', 'G']
C28429575,['G', 'G']
C00455645,['G', 'G', 'G']
C00568310,['O', 'G', 'G']
C20687473,['G']
C13450313,['G', 'G', 'O']
C40165590,['O']
C54823318,['G', 'G']
C22560152,['O', 'G', 'G']
C28197924,['G', 'G', 'G']
C01613006,['G', 'O']
C40257413,['G', 'G']
C01495488,['G', 'G']
C14983392,['O']
C42870449,['O', 'G', 'G']
CHEMBL438138,['G', 'G']
C58153579,['G', 'G', 'O', 'G', 'G', 'O']
C20479833,['G', 'G', 'G', 'O']
C16545465,['G', 'G']
C31775568,['O', 'G']
C14983562,['-']
C65337091,['O']
C50193795,['G', 'G', 'G', 'O', 'G']
C39512622,['G', 'G', 'O']
C55998111,['G', 'O', 'G', 'G']
C35179513,['G', 'G', 'G']
C63785476,['G', 'G', 'O', 'O']
C42175539,['G', 'G']
C33916680,['O', 'G', 'G', 'G']
C42355457,['O', 'G', 'G']
C20477229,['G', 'G', 'G', 'O']
C33359335,['G', 'O']
C43477390,['O', 'G', 'G', 'G', 'G']
C00362314,['G', 'G', 'G']
C01621168,['G', 'O']
C50045631,['G', 'G', 'G']
C06889283,['G', 'G', 'G']
C13131791,['G', 'G']
C38077045,['G', 'G']
C33521309,['G', 'G']
C40864218,['O', 'O']
C52908201,['G', 'O']
C35578418,['G', 'G', 'G', 'G', 'G']
C36825868,['G', 'G']
C14983585,['-']
C05070081,['G', 'G', 'G']
C49822193,['G']
C40882242,['G', 'G', 'G']
C13152700,['G', 'G']
C20504572,['G', 'G', 'O', 'G']
C40273926,['G', 'G']
C49014793,['G', 'G', 'G']
C06775982,['G', 'G', 'G']
C50530699,['G', 'O']
C59419417,['O', 'G', 'G']
C34409346,['G']
C37515918,['O', 'G']
C52064455,['G', 'G']
C36925433,['O', 'G', 'O']
C44712971,['G']
C01383376,['G']
C48520446,['O', 'O', 'G']
C20131779,['G', 'G', 'G']
C36882243,['G']
C49445039,['O', 'G', 'G', 'O']
C37492298,['G', 'G']
C46995498,['G', 'O', 'G', 'O', 'G']
C34936668,['O', 'G']
C40260796,['G', 'G']
C40260018,['G', 'G']
C00429785,['G', 'G', 'G']
C31164591,['-']
C61629612,['G', 'G']
C41062518,['G', 'G']
C33939351,['G', 'G']
C07472593,['G', 'O', 'G', 'O', 'G']
C31921186,['G', 'G']
C45298132,['G', 'O', 'O', 'G']
C43669291,['G']
C14983752,['G']
C31914547,['G', 'G']
C14452025,['-']
C48551016,['G', 'G', 'G']
C14425523,['G', 'G', 'G', 'G']
C39294316,['G']
C41475946,['G']
C37844785,['O', 'G', 'G', 'G']
C22241798,['O', 'G']
C42849459,['O', 'G', 'G', 'O']
C08956829,['G', 'O']
C13110538,['O', 'O', 'G', 'G']
C01663786,['G']
C49598634,['G', 'G', 'G']
C61631607,['G', 'G']
C37333081,['G', 'G']
C22606832,['G']
C04822243,['G', 'G']
C43302712,['G', 'G']
C63044848,['G', 'G', 'G', 'G']
C42227408,['G', 'G']
C48652705,['G', 'G', 'G']
C51630385,['G', 'G', 'G', 'G', 'G']
C33373271,['O', 'O']
C37773040,['G', 'G']
C06764229,['G', 'G']
C37983767,['G', 'G', 'G', 'G']
C48857347,['G', 'G', 'G', 'O']
C37273915,['G', 'G', 'G']
C44628707,['-']
C37304168,['G', 'G', 'G', 'G', 'G', 'G', 'G']
C62200629,['G']
C37022322,['O', 'G']
C61371863,['O', 'G', 'G']
C00325068,['G']
C50864480,['G', 'O']
C37202939,['G', 'G', 'G', 'O']
C40260034,['G', 'G']
C44817347,['O', 'G', 'G']
C07844494,['G', 'O']
C01081500,['-']
C36889814,['O', 'O', 'O', 'O']
C62774098,['G', 'G']
C52906240,['G', 'G', 'O', 'O']
C43375434,['G', 'G', 'G']
C16947725,['G', 'G', 'G']
C37924488,['G', 'O', 'O', 'O']
C44908827,['O', 'G', 'G']
C62944787,['G']
C54823274,['G', 'G']
C41047231,['O', 'G', 'G']
C20471099,['G', 'G', 'G', 'G']
C54928023,['O', 'G']
C40285964,['G', 'G']
C28429425,['G', 'G', 'G']
C06473145,['O', 'O']
C00495616,['G', 'O']
C32721772,['G', 'G', 'O', 'O', 'G']
C21026307,['G', 'G', 'G']
C50844502,['G', 'O']
C44228342,['O', 'G', 'G', 'G']
C12988073,['G', 'G', 'G']
C61364244,['O', 'G']
C00050844,['G']
C55334143,['O', 'G']
C38078930,['G', 'O', 'O', 'O']
C37518691,['O', 'O', 'G']
C39512836,['G']
C37787328,['G', 'G', 'G']
C66607839,['G', 'G']
C00112261,['G', 'G', 'G', 'O']
C02275880,['-']
C03091451,['G']
C44967400,['O', 'O', 'G', 'O']
C17127297,['G', 'O']
C05282271,['G', 'G']
C26442624,['G', 'G']
C04676714,['G', 'G']
C00311443,['G', 'G', 'G']
C36923447,['O', 'O']
C60991621,['G', 'G', 'G']
C39602815,['G', 'G']
C31155614,['-']
C23700999,['G', 'G', 'G', 'G', 'G']
C21642119,['G', 'G', 'G', 'O']
C20585900,['O', 'O']
C40247289,['G', 'G']
CHEMBL351465,['-']
C09969146,['G', 'O']
C20092715,['O', 'G', 'O']
C62238127,['O', 'G']
C42237072,['G', 'G', 'G']
C36532864,['G']
CHEMBL27766,['G']
C05637472,['G', 'G', 'G']
C65285536,['G', 'G', 'G']
C49123615,['G', 'G', 'G']
C01954744,['G', 'G']
C40359185,['O', 'G', 'O']
C15174873,['O', 'G', 'G']
C35248274,['G', 'O']
C37844864,['G', 'G', 'G', 'G', 'G', 'O']
C04754946,['O', 'G']
C21805986,['G', 'G', 'G', 'G']
C11985667,['G', 'G']
C37412891,['G', 'G']
C40261044,['G', 'G', 'G']
C00548505,['G', 'G']
C00349915,['O']
C06494801,['G']
C01662930,['O']
C34929214,['-']
C06706812,['G']
C12381823,['G', 'O']
C31913588,['G', 'G']
C62533598,['-']
C52095564,['G']
C31728570,['O', 'G', 'G', 'O']
C43678526,['O', 'G']
C08864608,['G', 'G', 'G']
CHEMBL282649,['G']
C40261114,['G', 'G']
C23343362,['G', 'G']
C63229052,['O', 'G']
C61691195,['O', 'G', 'O']
C51756095,['G', 'G']
C36846073,['G', 'G', 'G']
C17045383,['G']
C54202315,['G', 'O', 'G']
C34733872,['G', 'O']
C13330715,['G', 'G', 'G']
C43594439,['G', 'G']
C25542812,['O', 'G']
C39977025,['O', 'G']
C14984045,['-']
C04615102,['O', 'O', 'G']
C39953831,['O']
C39512859,['G']
C40494154,['G', 'O', 'O']
C03381660,['G', 'G']
C01423953,['G']
C39522508,['O', 'G', 'G']
C22898237,['O', 'G', 'G', 'G', 'G']
C48820916,['G', 'G']
C04920115,['G', 'G', 'G', 'G']
C17145870,['G']
C39463604,['G', 'O']
C12736296,['O', 'O']
C42174008,['G', 'G']
C36841635,['G', 'G', 'G']
C66709259,['G', 'G', 'G', 'G']
C01683335,['-']
C37785250,['G', 'O', 'O']
C47916658,['G', 'G']
C00103028,['G', 'G']
C55503706,['G']
C39523904,['G', 'G']
C20170975,['O', 'O']
C37313715,['G', 'O', 'O']
C44292431,['G', 'G', 'G']
C08584518,['O']
C16310920,['G', 'G']
C55334754,['O', 'G', 'O']
C40245762,['G', 'G']
C01823650,['G', 'O', 'G', 'G']
C35342375,['O']
C03210421,['G', 'O']
C08139951,['G', 'G', 'G']
C00360373,['G', 'G']
C12520601,['G', 'O', 'O', 'G']
C00334859,['G']
C67509926,['G', 'G', 'G', 'G']
C66716612,['G', 'G', 'G', 'O']
C37101236,['O', 'G', 'G']
C22001285,['-']
C04206694,['G', 'O']
C00241982,['G']
C42355354,['G', 'G', 'G']
C09236164,['G', 'G']
C46259634,['G', 'G', 'O']
C49146686,['G', 'G', 'O']
C06854879,['O', 'G']
C39522370,['G', 'G']
C36903341,['G', 'G', 'O']
C40281015,['G', 'G', 'G', 'G', 'G']
C00250018,['G', 'G']
C67007020,['O', 'G', 'G', 'G']
C40886014,['G', 'G']
C51987483,['G']
C34090752,['G', 'G']
C20601940,['G', 'G']
C50865658,['G', 'G', 'O']
C36809561,['O']
C05091436,['O']
C44676342,['-']
C40258595,['G', 'G']
C43577930,['G', 'G']
C03902502,['-']
C09871447,['G', 'G', 'G', 'G']
C40173679,['G', 'G']
C49829108,['G']
C40258706,['G', 'G']
C07034725,['O', 'G', 'G', 'G', 'G', 'G']
C26118001,['G', 'G', 'G', 'O']
C64933867,['G', 'G', 'G', 'G']
C40278858,['G', 'G', 'G']
C35269917,['G']
CHEMBL280767,['G']
C37328405,['O', 'G', 'G', 'G']
C37337832,['G']
C53146467,['O']
C02786982,['G', 'G']
C14984052,['-']
C37670448,['G', 'G']
C01398520,['G', 'G']
CHEMBL188131,['G', 'G']
C43735583,['G', 'G']
C00547012,['G', 'G']
C36899385,['G']
C20093005,['O', 'G', 'O']
C05587529,['G', 'G', 'G']
C01532214,['-']
C35560246,['G', 'G', 'G', 'G']
C39524547,['-']
C19230694,['G', 'G']
C01717143,['O']
C40264807,['G', 'G']
C36814011,['G', 'G']
C26466917,['-']
C37260075,['O', 'G']
C40259921,['G', 'G']
C20271122,['G', 'O', 'G']
C35179557,['G', 'G', 'G']
C35285774,['G', 'G', 'O']
C39512153,['O', 'G']
C00140462,['G', 'G']
C42728700,['G', 'G']
C37145750,['G', 'G', 'O']
C37674669,['G', 'O']
C32951617,['G', 'G', 'G', 'O']
C05249116,['G', 'G', 'O']
C43614561,['G', 'G', 'G', 'G', 'G', 'G', 'O']
C36151917,['G']
C66293345,['G', 'G', 'G', 'G']
C64818382,['O', 'G', 'G']
C20688135,['G']
C61122471,['G']
C14199858,['G', 'O', 'G']
C05256001,['G', 'O', 'G', 'O', 'G', 'G']
C01760537,['G']
C12422084,['O', 'G', 'G']
C60741208,['G', 'G', 'G']
C32518157,['G', 'G', 'G']
C38008403,['G', 'G']
C54823316,['G', 'G']
C20376114,['G']
C40260003,['G', 'G']
C62621772,['G', 'G']
C43554330,['G', 'G']
C36929293,['G']
C01924801,['O', 'G', 'O', 'G', 'G', 'O']
C54463119,['G', 'G']
C48733996,['G', 'G', 'O']
C40264755,['G', 'G']
C16578207,['O', 'G']
C40242583,['G', 'G']
C46702902,['G', 'O']
C61446322,['G', 'G', 'G']
C40286198,['G']
C64820238,['O', 'O', 'G', 'G', 'G', 'G']
C20487322,['G', 'G']
C54378767,['G', 'G']
C49220957,['G', 'G', 'G', 'G']
C03883960,['O']
C45707908,['G', 'G']
C03322436,['O', 'G', 'G', 'G', 'G', 'O']
C05898335,['O', 'G', 'G']
C40260010,['G', 'G']
C40452592,['G', 'G', 'G', 'G', 'G']
C53166339,['G', 'G', 'G', 'O']
C41483047,['O', 'G']
C05516748,['G', 'G']
C32516008,['G', 'G']
C05941619,['O', 'O']
C37147461,['G', 'G']
C16159791,['G']
C10370969,['G', 'G', 'O']
C41475467,['O']
C44713278,['-']
C35818423,['G', 'O', 'G']
C65356380,['G']
C62563305,['G']
C49821471,['G', 'G', 'G']
C00225579,['-']
C43640247,['O', 'G']
C39205911,['G']
C06220457,['G', 'G']
C05241208,['G', 'G']
C37755846,['G', 'G', 'G']
C59498983,['O', 'G', 'G']
C61831890,['-']
C02401934,['O', 'G', 'G']
C40264756,['G', 'G']
C64871470,['-']
C66854734,['G', 'O']
C50586643,['G']
C01045183,['G', 'G', 'O']
C01648331,['G', 'G', 'G']
C20541926,['G', 'G']
C44288989,['G', 'G']
C62537256,['G']
C41092180,['G', 'G']
C39506811,['G']
C54910210,['G', 'O']
C04156240,['O']
C09201161,['G', 'G', 'G', 'G']
C52068575,['G', 'G']
C62665554,['G']
C44027561,['G']
C36956773,['G', 'O', 'G', 'O']
C20210500,['G', 'G', 'G']
C49989280,['G', 'G', 'G']
C17014889,['G']
C00397072,['G', 'O', 'G']
C48462133,['G', 'G', 'G', 'G']
C06876876,['G', 'O', 'G']
C54213399,['G', 'G', 'G']
C37443922,['G', 'G']
C14984784,['G']
C43396168,['O', 'G']
C04290809,['O']
C03161157,['G', 'G']
C37121683,['G', 'O', 'G', 'G', 'O']
C03000261,['G', 'G', 'G']
C56285981,['G', 'G', 'G', 'G']
C20132240,['G', 'G', 'G', 'G']
C39511552,['G', 'G']
C05935382,['O', 'G', 'G']
C39506061,['G']
C39525031,['G', 'O']
C40245056,['G', 'G']
C39523888,['G']
C35286998,['O']
C03366120,['G', 'G', 'G', 'G', 'G']
C04973125,['G', 'G', 'G']
C62560936,['G']
C39931177,['-']
C05707014,['G']
C61121870,['G']
C35294355,['O']
C42352223,['G', 'G']
C57330831,['O', 'O']
C43410102,['G', 'O']
C03905269,['-']
C35416983,['G', 'G', 'O', 'G']
C40261935,['G', 'G']
C61823635,['O']
C08640181,['G', 'O', 'G']
C20134653,['-']
C08673045,['G', 'G', 'G', 'G']
C42689372,['O']
C03180348,['O', 'G']
C45621303,['G', 'G', 'G', 'O', 'G']
C62357948,['G', 'G']
C05036436,['G', 'G', 'O']
C08849158,['G', 'G', 'G']
C02803363,['G', 'G', 'G']
C43699719,['G', 'O', 'G']
C37491147,['G', 'G', 'G']
C13220376,['G', 'G', 'G']
C61629496,['G', 'G']
C13729919,['G']
C00548861,['O', 'O']
C48889286,['G', 'G', 'O']
C63913236,['G', 'G', 'G']
C19883191,['G', 'G', 'G', 'G']
C15444475,['G']
C28236063,['G', 'G', 'G', 'G']
C16075212,['G', 'G']
C62561637,['-']
C35286965,['G', 'O']
C05293475,['G', 'O']
C66786617,['O', 'O', 'G', 'G', 'G']
C39506775,['O', 'G']
C31943796,['G']
C22312448,['G', 'G', 'G', 'G', 'G']
C13233496,['-']
C39451354,['G']
C00269255,['G', 'G', 'G']
C40245057,['G', 'G']
C61870348,['G', 'G']
C49712328,['G', 'G', 'O']
C67339376,['G', 'G', 'G', 'O']
C52068487,['G', 'O']
C37002504,['G', 'G', 'O', 'G']
C39479657,['G']
C55230305,['G']
C07910510,['O', 'G', 'G']
C03208303,['G']
C62558569,['-']
C02570585,['G', 'G']
C61120084,['O']
C15444634,['O', 'G', 'G']
C15720133,['O', 'O', 'G', 'G', 'O', 'G']
C26899403,['-']
C07148574,['O', 'G', 'G', 'G', 'G']
C44909487,['G']
C47238528,['O', 'O', 'G', 'G']
C41347292,['G']
C37057427,['G', 'G']
C44221345,['G', 'G', 'O']
C02774022,['G', 'G', 'G', 'G', 'O', 'G']
C17043456,['O', 'G', 'O']
C44385449,['G', 'G', 'G']
C62537290,['G']
C62617557,['O', 'G']
C48374343,['G', 'G', 'G', 'G']
C14548395,['G']
C48645477,['O', 'G', 'G']
C37055613,['O', 'G', 'G']
C50046575,['O', 'G', 'G']
C15443796,['O']
C48630272,['G', 'G']
C23114756,['G']
C37600151,['G', 'O', 'G', 'G']
C13114113,['G', 'O']
C47913137,['G', 'G', 'O']
C13440069,['G']
C36736280,['G', 'G', 'G']
C04953507,['G', 'G', 'G']
C37380033,['G', 'G', 'G']
C00178329,['-']
C13463913,['G', 'G', 'O']
C48412209,['G', 'O']
C44764930,['G', 'G', 'G']
C43647366,['G', 'O', 'G', 'G', 'O']
C62779609,['G', 'G']
C38052789,['G']
C37235018,['G', 'G', 'G', 'G']
C19901645,['O', 'G']
C39525053,['G']
C49457892,['O', 'O']
C03449098,['G', 'G', 'G']
C14983270,['-']
C62661261,['G', 'G', 'G']
C56052108,['G', 'G', 'G']
C67518566,['O', 'G']
C54503661,['G', 'G']
C66420880,['G', 'G']
C64452080,['O', 'G', 'G']
C47345569,['G', 'O', 'O']
C22607647,['O']
C18007285,['G', 'O']
C38710073,['G']
C61120078,['O']
C32610946,['G', 'G', 'G', 'G']
C49861665,['G']
C36152119,['G', 'O']
C06062033,['G']
CHEMBL361901,['G', 'G']
C40050114,['G', 'O', 'G', 'O']
C37491101,['G', 'O']
C49679729,['G', 'G', 'G']
C50869539,['-']
C36814251,['G', 'G']
C45088864,['G', 'G', 'G', 'G']
C54927957,['O', 'O', 'G']
C15838651,['G', 'G', 'G', 'G']
C40247283,['G', 'G']
C40242556,['G', 'G']
C00393696,['G']
C13998037,['O']
C02766467,['G']
C20135816,['G', 'O']
C38002917,['G', 'G', 'G']
C01004583,['O', 'O']
C40880747,['G', 'G', 'G']
C00304381,['G', 'G', 'O']
C43683392,['G', 'G', 'O']
C37487204,['G', 'G', 'G', 'O']
C35892681,['G', 'G']
C40243321,['G', 'G']
C39932004,['G', 'O']
C41092431,['G', 'G', 'G']
C00288936,['G']
C37011932,['O', 'G']
C48915687,['G', 'G', 'G']
C40242465,['G', 'G']
C48353394,['G', 'G', 'G', 'O']
C02525263,['O', 'O']
C58408247,['G']
C39525338,['-']
C50972550,['G', 'G']
C36398839,['G', 'G']
C00375935,['O', 'G', 'G']
C31920570,['G', 'G']
C48544221,['G', 'G']
C33035465,['G', 'O', 'G']
C21596132,['G', 'G', 'G']
C36277335,['O', 'O']
C16609748,['G']
C50841949,['G', 'G']
C33995728,['G', 'G']
C34925366,['G', 'G', 'G']
C40259352,['G', 'G']
C32951666,['G', 'G', 'G']
C62140441,['G', 'G', 'G']
C12471809,['-']
C32012538,['G', 'G']
C50366835,['G', 'G', 'G', 'G']
C00053188,['G']
C37091461,['O', 'G']
C00283870,['G']
C41530595,['O', 'O', 'G']
C50840047,['G', 'G']
C10421499,['G', 'G']
C38805630,['O']
C36897982,['G', 'G', 'G']
C13746881,['G', 'G', 'O']
C04861657,['O']
C33595098,['G', 'G', 'G', 'O']
C58408260,['G']
C39525538,['O', 'G']
C36985487,['O', 'G']
C04806472,['O']
C08221493,['G', 'G']
C51814313,['G', 'G', 'G']
C04372243,['G', 'G']
C36755488,['G', 'G', 'G']
C39523355,['G', 'G']
C36736356,['O', 'G', 'G']
C39457080,['-']
C36277398,['G', 'O']
C01566025,['O']
C15992239,['O', 'G', 'G']
C37206270,['G', 'G']
C63837150,['G']
C36903335,['O']
C20076770,['O', 'G', 'G', 'G']
CHEMBL197846,['-']
C07278785,['G', 'G', 'G', 'G']
C14245459,['G', 'G', 'G']
C39557843,['G', 'G']
C03675641,['O', 'G']
C39525253,['-']
C54694760,['O', 'G', 'O']
C36989733,['G', 'G', 'O', 'G', 'G']
C60192792,['O', 'G', 'O']
C00164925,['G', 'O']
C13362567,['G', 'G', 'G']
C00110835,['O', 'G', 'G', 'G']
C36012047,['G', 'G', 'O', 'O', 'G', 'O', 'G']
C35185902,['G', 'G', 'G', 'G']
C37785355,['G', 'G', 'O']
C20101820,['O', 'G']
C21660267,['G']
C41702932,['G', 'O', 'G']
C40289225,['G']
C32820520,['G', 'G']
C38577463,['G', 'G']
C54825450,['G', 'G']
C20424040,['G']
C22606961,['O']
C37155707,['G', 'G']
C00114781,['G', 'G', 'G']
C05020051,['G', 'O', 'G']
C36332363,['G', 'G']
C36150459,['O', 'G']
C54526652,['G', 'G']
C36150679,['G', 'G']
C37282579,['G', 'G', 'O']
C38577468,['G', 'G']
C51606513,['O', 'O']
C40422173,['G', 'G', 'G']
C61889102,['G', 'G', 'G']
C20391540,['O', 'O']
C49867874,['G', 'G']
C42582184,['G']
C37674521,['G', 'G']
C51734262,['O', 'O']
C01772837,['G', 'G', 'G', 'G']
C40887137,['G', 'G', 'G', 'O']
C39523344,['O', 'G']
C00341708,['G', 'G', 'O']
C28224720,['G', 'G']
C66870809,['G', 'G', 'G']
C37326540,['G', 'G', 'G']
C63519907,['G', 'G', 'G', 'G']
C05379612,['G', 'G']
C35687667,['O', 'O', 'G']
C04973077,['G', 'G', 'G']
C28428883,['G']
C40260051,['G', 'G']
C21641579,['G', 'O']
C40074199,['O', 'G', 'O', 'G']
C20368544,['G']
C01141233,['O', 'G', 'G', 'O']
C59323233,['O', 'G', 'O', 'G', 'G']
C05056246,['G', 'G', 'G', 'G', 'O', 'G']
C48908621,['G', 'O', 'G']
C25493705,['O']
C05182984,['G', 'G', 'G', 'G', 'O', 'G']
C04973126,['G', 'G', 'G']
C61414674,['G', 'O', 'G', 'G']
C21922795,['O', 'G', 'G']
C27093183,['G', 'G', 'G']
C04832934,['G']
C03472118,['-']
C06525661,['G', 'G', 'G']
C01184535,['G']
C62166991,['O', 'G', 'G']
C04290813,['G']
C26422475,['G', 'G', 'G']
C00193582,['G', 'G', 'G']
C59247988,['O', 'G']
C02619133,['G', 'O']
C27789875,['G']
C28577665,['O', 'G']
C40564666,['G', 'G']
C16134043,['-']
C04488145,['G', 'G', 'O']
C29486912,['G', 'G']
C36929324,['O']
C01566024,['G']
C42316586,['G', 'G', 'G']
C05396747,['O', 'G', 'O', 'G', 'G', 'G']
C21032371,['O', 'G', 'G']
C44712731,['-']
C35537996,['O', 'O', 'G']
C35116890,['G', 'G', 'G', 'G', 'O', 'O', 'G', 'G', 'G']
C35322949,['G', 'O']
C62105152,['G', 'O', 'G', 'G']
C54862211,['O', 'G', 'O']
C49453918,['G', 'G']
C02571266,['-']
C19909567,['-']
C06111399,['G']
C53151232,['G']
C47035046,['G', 'G', 'O', 'G']
C37205477,['G', 'O', 'G']
C34461007,['G', 'G']
C39458119,['G']
C19787257,['G']
C06729286,['G', 'G', 'O']
C40264831,['G', 'G']
C00992618,['G', 'G']
C43494965,['O', 'G', 'G']
C06830965,['G', 'O']
C56391979,['G', 'G']
C63883798,['G', 'G']
C65587952,['O', 'G', 'G', 'G', 'G']
C44592891,['G']
C28225607,['G', 'G']
C14984720,['G']
C40260057,['G', 'G']
C00130326,['-']
C62561774,['G']
C20594227,['G', 'O']
C36964402,['O']
C35789393,['O', 'G', 'G', 'G', 'G']
C17054060,['G', 'G']
C61418027,['G', 'G', 'G']
C43679253,['G', 'O']
C49458589,['G', 'G', 'O']
C66253037,['G', 'G', 'O']
C03909784,['O', 'O', 'G']
C41022211,['G', 'G', 'G', 'G', 'G', 'G', 'O']
C02802053,['G', 'O', 'O']
C09215904,['G', 'G']
C25467163,['G', 'G', 'G']
C52887521,['G', 'G']
C66388861,['G', 'G', 'G', 'G']
C02525217,['-']
C20559782,['O', 'G', 'O']
C22151964,['G', 'G', 'O']
C52222853,['G', 'O']
C54911389,['G', 'G']
C39952054,['G', 'O', 'G']
C48436744,['G', 'G', 'G']
C17823454,['G', 'O', 'G']
C48601687,['G', 'G', 'O']
C64155638,['G', 'G', 'O', 'G']
C40242557,['G', 'G']
C35657406,['G', 'O', 'O', 'G', 'G', 'G']
C50970410,['O', 'G']
C00411732,['O', 'G']
C38003444,['G', 'O', 'O', 'G']
C19723608,['G', 'G', 'G']
C20553237,['O', 'O', 'G', 'G']
C00408962,['G', 'G']
C36151648,['G', 'O']
C37132184,['G', 'O', 'G']
C03907051,['O']
C14113168,['G', 'G', 'O', 'G', 'O', 'G']
C42372023,['O', 'G', 'G']
C62822008,['O']
C37123462,['G', 'G', 'G', 'G', 'O']
C02204319,['G', 'O', 'O']
C48927805,['O', 'G', 'G']
C14547163,['G']
C37197525,['G', 'G', 'G']
C58408265,['G']
C66888842,['G', 'G', 'G', 'G', 'O', 'O']
C13464319,['G', 'G', 'G']
C04144067,['G', 'G', 'O']
C03909758,['G', 'O', 'O']
C39463323,['G', 'G']
C38100869,['O', 'O']
C35503070,['G', 'G', 'G']
C02659204,['G', 'G', 'G']
C06056701,['O', 'G', 'G']
C42586688,['G', 'G', 'G', 'G', 'G', 'O']
C42297395,['G', 'G', 'G', 'G', 'O', 'G', 'G', 'G', 'G']
C36964251,['O', 'O']
C05262372,['G', 'O', 'G']
C31914642,['O', 'G']
C21820252,['G', 'G', 'G']
C37206378,['O', 'G', 'G']
C04142739,['G', 'O']
C41394532,['G', 'G', 'G']
C61831360,['-']
C06858581,['G', 'G', 'G']
C31699540,['G', 'G', 'G', 'O']
C37387233,['G', 'G', 'G']
C06037452,['G']
C48980083,['G', 'G', 'G', 'O', 'O']
C43577821,['G', 'G']
C05730779,['O', 'O', 'G']
C37251560,['G', 'G']
C01383780,['G']
C19779130,['G']
C58044320,['O', 'G', 'G', 'G']
C49829116,['G']
C60917601,['G', 'G', 'O', 'G']
C22958502,['G', 'O', 'G', 'G', 'O']
C65814776,['G', 'G']
C15442330,['-']
C33503490,['G', 'G']
C59364416,['O', 'G']
C62561683,['O']
C05038170,['O', 'G', 'G']
C33219080,['O', 'G', 'G']
C50568082,['O', 'G', 'G', 'G', 'G']
C39459096,['O']
C26897584,['-']
C36923445,['G', 'G']
C39511108,['G', 'G']
C39582721,['G', 'G', 'G']
C06908590,['G']
C20212609,['G', 'G', 'G']
C41092391,['G', 'G']
C08939459,['G', 'G', 'O', 'G', 'G', 'G', 'G', 'O']
C34838235,['G', 'G', 'G']
C42520728,['G', 'G', 'G']
C36334319,['G', 'G', 'G']
C09692013,['G', 'G']
C37504349,['G', 'G']
C49679877,['G', 'G', 'G']
C20471325,['G', 'G']
C36151534,['G', 'G']
C54733760,['G', 'G', 'G', 'O']
C35741395,['O']
C35557316,['G', 'G']
C44457836,['G', 'G', 'O', 'G', 'G']
C66435446,['G', 'G', 'G', 'O']
C00292060,['G', 'G']
C06061924,['G']
C12756767,['G', 'G', 'G']
C55125449,['G']
C57925216,['O', 'G']
C41346296,['G']
C41837059,['G', 'O', 'G', 'G', 'G']
C37936864,['G', 'G', 'G']
C50605273,['O', 'O']
C57655277,['G', 'G', 'G']
C20069849,['G']
C39507566,['G', 'G', 'O']
C20727407,['G']
C05575677,['G', 'G', 'G', 'G']
C49479277,['G', 'G', 'O', 'G']
C63959554,['O', 'G']
C06645858,['G', 'G']
C62361419,['G', 'G']
C50044101,['G', 'G', 'G', 'G']
C43842099,['G', 'G', 'G', 'G', 'O']
C61326733,['G', 'O']
C20454342,['O', 'G', 'G', 'G']
C41769450,['G', 'G', 'O']
C37368947,['O', 'G', 'G']
C06678333,['G', 'G']
C41601069,['G', 'G']
C04800322,['O', 'G', 'G', 'G', 'O']
C38177048,['O', 'O', 'O']
C17064115,['G', 'G']
C51663254,['G', 'O']
C24545025,['G']
C41541317,['G', 'G']
C45069457,['G', 'G', 'G']
C39526232,['G', 'G']
C62396465,['G', 'G', 'G']
C05049152,['G', 'G', 'G']
C36150411,['G', 'G']
C43611676,['G', 'G', 'G']
C50200934,['G', 'G', 'G', 'O', 'G']
C53612287,['G', 'G', 'G', 'O', 'G']
C35186230,['G', 'G']
C01697773,['G', 'G']
C54630072,['G', 'G']
C13304751,['G', 'O', 'G', 'G']
C35208893,['G', 'O', 'G']
C39525982,['G', 'G']
C03672594,['G', 'G']
C00305625,['G', 'G']
C36926400,['G', 'G']
C21987209,['G']
C05058825,['G', 'G', 'G']
C61416813,['G', 'G']
C02471983,['O', 'G', 'G']
C20673127,['O', 'G']
C04206693,['G', 'G']
C62192724,['G', 'G', 'G']
C58114839,['G']
C08976590,['G', 'G', 'G']
C00815571,['G', 'G', 'O']
C05412135,['G', 'O', 'G', 'G', 'G']
C20487701,['G', 'G', 'G', 'G']
C44914585,['G', 'G', 'G', 'O']
C48412265,['G', 'G']
C40881860,['G', 'O', 'G']
C44026521,['G']
CHEMBL566981,['O']
C19906426,['G', 'O', 'G']
C04228004,['-']
C06730393,['O', 'O', 'G', 'G']
C37218270,['G', 'G', 'G', 'G', 'G']
C49962899,['G', 'G', 'G']
C20707211,['O', 'G', 'G']
C18913631,['G', 'G']
C02541449,['O']
C36151715,['G']
C40259609,['G', 'G']
C37280549,['G', 'G', 'G', 'G']
C66247743,['G', 'G', 'G']
C26177594,['G', 'O', 'G', 'O']
C39507014,['G', 'G']
C39520442,['G', 'G']
CHEMBL523659,['G', 'G']
C62797912,['G', 'G', 'G', 'G', 'G']
C62558313,['G', 'G']
C18191225,['-']
C49445299,['G', 'G', 'G', 'O']
C37296939,['O', 'G', 'G']
C00373781,['O', 'G', 'G']
C00068786,['G', 'G']
C19883190,['G', 'G', 'G', 'G']
C66607892,['G', 'G']
C21062346,['O', 'G', 'G', 'G']
C14547165,['G']
C00285637,['G', 'G', 'O']
C53714553,['G', 'G', 'G']
C13684266,['O', 'G', 'G']
C39523270,['-']
C62561769,['G']
C00338269,['-']
C43663940,['G', 'G']
C38068059,['G', 'G', 'G']
C25371076,['G', 'O', 'G']
C66818463,['G', 'O', 'G']
C57423961,['G', 'G', 'O']
C48855540,['G', 'G', 'G']
C20615771,['G']
C50045169,['G', 'G', 'G', 'G']
C60880442,['G', 'G', 'O']
C46376271,['G', 'G', 'G']
C37374159,['G', 'O', 'O']
C20445711,['G', 'O']
C55494300,['O', 'O']
C26463619,['-']
C63001258,['G', 'O', 'G']
C55270082,['G', 'G']
C43640408,['G', 'G', 'G']
C36810520,['G', 'G', 'G', 'O']
C08393278,['G', 'O', 'G', 'G']
C20345599,['G']
C13328874,['G', 'G', 'G', 'G']
C54363382,['O']
C35698265,['G', 'G']
C42608670,['G', 'G', 'G']
C37121764,['G', 'O', 'G', 'O']
C00035203,['G', 'G']
C38693548,['O', 'G', 'G', 'G']
C00517571,['G']
C06214808,['G', 'G', 'G']
C66599660,['G', 'G', 'G', 'O']
C07505311,['G', 'G', 'O']
C20594278,['G', 'O']
C05016828,['G', 'O', 'G']
C51751829,['G', 'G']
C42472116,['G', 'O', 'G', 'G', 'G']
C49735717,['G', 'G', 'G', 'O']
C43577819,['G', 'G']
C50439638,['G', 'G', 'G', 'G']
C36281995,['G', 'G', 'G']
C49623546,['G', 'O', 'G']
C39523611,['G', 'O']
C19229963,['G', 'G']
C10653512,['G', 'G', 'G']
C26505217,['G']
C36276627,['G']
C37314568,['G', 'G', 'O', 'G']
C37323973,['O', 'G']
C55616415,['G', 'G', 'G', 'G']
C01697854,['-']
C36244286,['-']
C49058347,['G', 'G', 'G', 'G']
C05061254,['O', 'G']
C37206300,['G', 'G']
C36895640,['G', 'O', 'G']
C18164772,['O', 'O']
C20545669,['G', 'G']
C61702122,['G', 'G']
C02233038,['G', 'G', 'O', 'G', 'O']
C62622549,['G']
C00426780,['O', 'O', 'G']
C67215287,['O', 'O', 'G', 'G', 'G', 'G']
C03985140,['-']
C42418847,['G', 'G', 'G', 'O']
C54931723,['G', 'G']
C52309869,['G', 'G', 'G']
C00528913,['O', 'G', 'G']
C50330943,['G', 'O']
C62673178,['G', 'G', 'G']
C61630211,['O']
C00478594,['-']
C37522928,['G', 'G', 'G', 'G']
C08749223,['O', 'G', 'G']
C57135026,['G', 'G', 'G']
C43682747,['G', 'O', 'G', 'G']
C35653765,['G', 'G', 'G']
C40508823,['O', 'G']
C12522559,['G', 'G', 'G']
C04095177,['G']
C50869041,['-']
C08864760,['G', 'G', 'O']
C04592237,['G', 'G']
C06613449,['O', 'G']
C16857601,['G', 'O']
C35287058,['O']
C28429023,['G', 'G']
C48831764,['O', 'G', 'O', 'G']
C13087481,['G', 'G', 'G', 'G', 'G']
C32714677,['G']
C04743149,['O', 'G', 'G']
CHEMBL6735,['G', 'G']
C48430121,['O', 'G', 'G']
C41092691,['O', 'O', 'G']
C64318816,['G', 'O']
C36756195,['G', 'G']
C01394050,['G', 'G', 'G']
C37326549,['G', 'G']
C33859752,['G', 'G', 'G', 'O']
C01716977,['-']
C06908589,['G']
C62142424,['G', 'G', 'G']
C42817745,['O', 'O', 'G', 'O', 'G']
C37430556,['G', 'G', 'G', 'G']
C17052671,['G', 'G']
C33658180,['G', 'G', 'G', 'O', 'G']
C00224074,['G', 'O']
C06402402,['G', 'G', 'G']
C16101164,['G', 'G', 'G']
C21500163,['G', 'O']
C35206101,['O', 'G']
C36290220,['G', 'O']
C48817025,['O', 'G', 'G']
C08782202,['G', 'O']
C05787510,['G', 'G', 'G']
C42176923,['G', 'G', 'O']
C54713650,['G', 'G', 'G', 'O']
C08762871,['G', 'G']
C12653818,['O']
C42571639,['G', 'G', 'G', 'G', 'G', 'G']
C36960204,['O', 'G', 'G']
C48572087,['G', 'G', 'G']
C39523251,['G', 'G']
C02565144,['G', 'G']
C54733155,['G', 'G', 'G', 'O']
C40467288,['G', 'O', 'G']
C41323671,['G', 'G']
C62564276,['G', 'G', 'G', 'G']
C61822261,['O', 'G']
C37731528,['G', 'G', 'G']
C50330942,['G', 'O']
C48884864,['G', 'G', 'G']
C36277211,['O', 'O']
C12935492,['G', 'G', 'G']
C36151667,['G']
C61673579,['G', 'G']
C35789412,['O', 'G', 'G', 'G']
C39513103,['O', 'G', 'O']
C40260101,['G', 'G']
C45091329,['G', 'G', 'G', 'O', 'G']
C37506588,['G']
C42373302,['G', 'G', 'G', 'G', 'O']
C39512868,['G']
C40273035,['G', 'G', 'G']
C00500781,['G', 'G']
C40561987,['G', 'O', 'G', 'G', 'O']
C62945869,['G', 'O']
C04657155,['O', 'O']
C37785336,['G', 'G', 'O']
C51699125,['G', 'G']
C37491098,['G', 'O']
C05330729,['G', 'O']
C42229707,['O', 'G']
C35465758,['O', 'G']
C04521782,['G', 'G']
C50183975,['G']
C48696044,['O', 'G', 'G']
C04226565,['G', 'G']
C41669917,['G', 'G', 'O']
C58235135,['G', 'G']
C35789404,['O', 'G', 'G', 'G']
C41117183,['G', 'G', 'O']
C67132613,['G', 'G']
C37840586,['G', 'O', 'G']
C64202698,['G', 'O']
C63073033,['G', 'G']
C34959687,['G', 'G']
C40538346,['G']
C12878881,['G']
C04254895,['O', 'G', 'G', 'G', 'G']
C36923332,['G', 'O', 'G']
C06576143,['-']
C37911315,['G', 'G']
C65657783,['G', 'G', 'G']
C08993455,['G']
C40245260,['G', 'G']
C07505272,['G', 'G', 'G']
C62335214,['G', 'G']
C42355405,['G', 'O', 'G']
C37253294,['G', 'G', 'O', 'G', 'G']
C05021086,['G', 'G', 'G', 'G']
C46898690,['G', 'G', 'G', 'O']
C50962982,['G', 'G', 'G']
C20594253,['O', 'G']
C37139932,['G', 'G']
C36275513,['O', 'O']
C36755207,['O', 'O', 'G']
C66465855,['O', 'G']
CHEMBL71456,['G']
C35505255,['G', 'G', 'G']
C25723546,['G', 'G']
C36327714,['G', 'O', 'G', 'G', 'G']
CHEMBL233660,['G', 'G', 'G', 'G', 'G']
C05010924,['O']
C40433445,['G', 'O']
C51746554,['O', 'G']
C49068400,['O', 'G']
C36224297,['O', 'O']
C67034733,['G', 'G', 'G', 'G', 'G']
C36964403,['G']
C00452394,['G', 'G', 'O']
C37844719,['G', 'G', 'G']
C04664172,['G', 'G']
C02069619,['G', 'G', 'G']
C05533269,['G', 'G']
C01442637,['O', 'G', 'G', 'O']
C39528882,['G', 'O']
C35273659,['G', 'G']
C43635035,['G', 'G', 'G']
C03893415,['G', 'G']
C33143501,['O', 'G', 'O', 'G']
C37674718,['G', 'O']
C03533526,['G', 'G', 'G']
C36813241,['G', 'G']
C36151318,['G', 'O', 'O']
C18038441,['O', 'O']
C39555702,['G', 'O', 'G']
C28628278,['G', 'G', 'G', 'G']
C06335717,['G', 'O', 'G', 'G']
C08236656,['G', 'G', 'G']
C26031259,['O', 'G', 'O', 'O', 'G', 'G']
C17174314,['G', 'G', 'O']
C04100687,['G']
C00411410,['G', 'G', 'G', 'G']
C49712598,['G', 'G', 'G', 'O']
C05416787,['G', 'G']
C39520469,['O', 'G', 'G']
C36969989,['G', 'G']
C16147294,['G', 'G', 'G']
C35188862,['G', 'G', 'G', 'O']
C00524573,['O', 'O', 'O']
C13068053,['G', 'G', 'G', 'G']
C06485578,['G', 'G', 'G']
C40241989,['G', 'G', 'G']
C43428846,['G', 'G', 'G', 'O']
C18168359,['O']
C12981876,['G', 'G', 'G']
C02616535,['O', 'G', 'G', 'G']
C39522232,['G', 'G']
C67453107,['G', 'G', 'G', 'G', 'O', 'G']
C62955528,['G', 'G', 'G']
C04370023,['G']
C49298900,['G', 'G', 'G', 'G']
C21922854,['O', 'G', 'G']
C05239712,['G', 'G', 'G', 'G', 'G', 'G']
C36276991,['O']
C36906034,['G', 'G', 'G', 'O', 'G']
C43555660,['G', 'G', 'G', 'G', 'G', 'G']
C03030771,['G', 'G', 'G']
C00446335,['G', 'G']
C49185911,['G']
C15240565,['O', 'G']
C40259687,['G', 'G']
C00227182,['O']
C38137146,['G', 'G']
C61892604,['O', 'G', 'G']
C35258199,['O', 'G', 'G']
C21313694,['G', 'G', 'G']
C37108036,['G', 'G']
C54742600,['G', 'G', 'G']
C50045167,['G', 'G', 'G', 'G']
C54462993,['G', 'G']
C22517370,['G', 'O', 'G', 'O', 'G']
C08854555,['O', 'G', 'G', 'G', 'G', 'O', 'G', 'G']
C09289502,['-']
C08864791,['O', 'G', 'G', 'O']
C37375649,['G', 'G']
CHEMBL585185,['G']
C13074131,['G', 'G', 'G', 'G']
C35585412,['G', 'G', 'G', 'G', 'G']
C02665411,['G', 'G']
C64341656,['G', 'G', 'G', 'O']
C37324439,['G', 'G', 'G']
C61912418,['G', 'O']
C40259674,['G', 'G']
C40148185,['G', 'O', 'G', 'G']
C62779370,['G', 'G', 'G']
C16129320,['G', 'G', 'G']
C03246469,['G', 'G']
C31903898,['G', 'G', 'G', 'O', 'O', 'G']
CHEMBL241425,['G', 'G']
C43756999,['-']
C39457342,['-']
C01440433,['G', 'G', 'O']
C12359920,['O', 'G']
C01758115,['G', 'G']
C37518543,['G', 'G', 'O', 'O']
C48412245,['G', 'G']
C61822204,['G', 'O']
C22450351,['O', 'O']
C64761043,['G', 'O', 'G', 'G']
C35004468,['G', 'G', 'G', 'G', 'G', 'G']
C05137326,['G']
C28166012,['G', 'O']
C35784523,['G', 'G', 'G']
C23623896,['G']
C37318313,['O', 'G', 'G', 'G']
C39519891,['G', 'G', 'G']
C04390826,['G']
C06623587,['G', 'O']
C46996117,['G', 'O', 'G', 'O', 'O']
C05125929,['G', 'G', 'G']
C44143988,['G', 'G', 'O']
C39979740,['G', 'G', 'G']
C49061130,['G', 'G', 'O', 'G', 'G', 'G']
C57103313,['G', 'G', 'G', 'O']
C48502049,['G', 'G', 'G']
C49851066,['G', 'G']
C39854599,['O', 'G', 'G', 'G']
C62561783,['G']
C62756879,['G', 'O']
C31164469,['-']
C37145618,['G', 'G']
C04105319,['O', 'G', 'O', 'G']
C43634276,['G', 'G']
C48805472,['O', 'G', 'G']
C13826173,['G', 'G']
C58357535,['G', 'G', 'G']
C42612783,['G', 'O', 'G', 'G', 'G']
C16090608,['G', 'G', 'G']
C28901006,['O', 'G', 'G', 'G', 'O']
C09576772,['G', 'G', 'O']
C11895559,['G', 'O']
C12359919,['O', 'G']
C20594645,['O', 'G', 'O']
C48896213,['G', 'G', 'G']
C40692249,['G', 'O', 'G']
C39734767,['G', 'G', 'G']
C44226262,['G', 'G']
C11737049,['-']
C59323283,['O', 'G', 'O', 'G', 'G']
C08714958,['G', 'G']
C55330584,['G', 'G', 'G']
C60112814,['G', 'O', 'G']
C43662732,['G', 'G', 'G']
C01657279,['-']
C36922844,['G', 'O', 'G']
C21799403,['G', 'O']
C04518930,['G', 'G', 'O', 'G']
C05288300,['O', 'G']
C35840109,['G', 'G', 'G', 'O', 'G']
C07375665,['G', 'G', 'G']
C62946488,['G', 'G', 'G', 'G']
C66854641,['G', 'O', 'G', 'G', 'G', 'G', 'G']
C00050446,['G', 'G', 'O', 'G', 'O']
C00378603,['O', 'G', 'G', 'G']
C62825148,['G', 'G', 'G', 'G']
C43460804,['G', 'O']
C57512156,['O', 'G', 'G', 'G']
C05727686,['G']
C30364952,['G', 'G', 'G', 'G']
C20838753,['G', 'G', 'G', 'G', 'G']
C09421959,['O', 'G']
C47003647,['G', 'O', 'G', 'G']
C39776626,['G', 'G']
C39571930,['G', 'O']
C17860700,['O', 'G']
C06557487,['-']
C00437148,['O', 'G']
C43594405,['G']
C19845047,['G', 'O', 'G']
C31944552,['O', 'G', 'G']
C41057309,['G', 'O']
C42639752,['G', 'G', 'G', 'O', 'G', 'G']
C17427001,['G', 'G', 'O', 'O']
C37373263,['G', 'G', 'G', 'G', 'O']
C36828809,['G', 'G', 'G']
C40261013,['G', 'G', 'G', 'G']
C40536994,['G', 'G', 'G', 'O', 'G', 'O']
C02781944,['G', 'G', 'G']
C63118813,['G']
C01005893,['G', 'G']
C04206086,['G', 'G', 'G', 'G']
C44592337,['O', 'G', 'G']
C01728523,['G', 'G', 'G', 'G']
C37490763,['G', 'G']
C20557723,['O', 'G', 'G']
C49060959,['G', 'G', 'G']
C00290472,['G', 'G', 'G']
C20790435,['G', 'G']
C66054421,['G']
C37152179,['G', 'G']
C04968473,['G', 'G', 'G']
C35305995,['G', 'G', 'O', 'G']
C45690933,['G', 'G', 'G']
C39560032,['G', 'G']
C62183114,['G', 'O', 'G']
C62766858,['G', 'G', 'O']
C62561193,['G', 'G', 'G']
C16264976,['O', 'O']
C01692039,['G', 'G']
C20573472,['G', 'G']
C50530708,['G', 'G']
C53923983,['G', 'O']
C20505537,['G', 'G', 'G', 'O', 'O']
C42492299,['O', 'O']
C54552385,['G', 'O', 'G']
C66779477,['G', 'G', 'G', 'G', 'G', 'G']
C37332522,['G']
C44233016,['G', 'G']
C20627891,['G', 'G', 'O']
C04970833,['G', 'G', 'G', 'G', 'O', 'G']
C40692471,['O', 'G', 'G']
C01282621,['G', 'G']
C32903558,['G', 'G', 'G', 'G']
C37404879,['G', 'G', 'G', 'G']
C00310262,['G', 'G']
C37254898,['G', 'G', 'G', 'G']
C04359221,['G', 'G', 'G', 'G', 'G', 'G']
C09143461,['G', 'O']
C62533928,['G', 'G']
C16848340,['G', 'O']
C33421242,['O', 'G', 'G', 'O']
C54597041,['O', 'G', 'G', 'O']
C35572395,['O', 'G', 'G']
C04652049,['G', 'G', 'G', 'O']
C43662736,['G', 'G', 'G']
C13442643,['G', 'G', 'O', 'G', 'G', 'G']
C06855905,['G', 'G']
C05358858,['G']
C54107893,['G', 'G']
