C40376556,['O', 'O', 'G', 'O', 'G', 'G', 'G', 'G']
C59794172,['O', 'O', 'G', 'O', 'O']
C20917690,['G', 'O', 'G', 'G', 'G', 'G', 'O']
C21075637,['G', 'G', 'O', 'O', 'O', 'G', 'O', 'O']
C33302060,['G', 'O', 'G', 'G', 'G', 'O']
C20799873,['G', 'G', 'G', 'O', 'O', 'G']
C21076634,['G', 'G', 'G', 'G', 'G', 'G', 'O']
C59795109,['O', 'O', 'G', 'G', 'O']
C21077631,['G', 'O', 'O', 'O', 'G', 'G', 'O']
C21079012,['G', 'O', 'O', 'G', 'O', 'G', 'G', 'O']
C63778126,['G', 'G', 'G', 'G', 'G', 'G', 'O']
C20905113,['G', 'G', 'G', 'G', 'G', 'G', 'G', 'O']
C63959003,['G', 'G', 'G', 'O', 'O']
C39965816,['G', 'G', 'G', 'G', 'G', 'O', 'O', 'G', 'G']
C21075416,['G', 'G', 'O', 'G', 'G', 'G', 'O', 'G', 'G', 'G', 'G']
C21077417,['G', 'O', 'G', 'O', 'G', 'O', 'O']
C59831323,['G', 'G', 'G', 'O', 'G', 'O', 'G', 'G', 'O']
C20832537,['G', 'G', 'G', 'G', 'G', 'G', 'G', 'G', 'G', 'G', 'G', 'G']
C21082979,['O', 'O', 'G', 'O', 'G', 'G', 'G']
C20907916,['G', 'O', 'G', 'O', 'G', 'O', 'O']
C03067107,['O', 'G', 'G', 'O', 'G']
C21079241,['G', 'G', 'G', 'O', 'G', 'O', 'O']
C15134534,['G', 'G', 'G', 'G', 'G', 'O', 'G', 'O', 'G', 'G', 'G']
C62677713,['G', 'O', 'G', 'O', 'G', 'G', 'G', 'G', 'G']
C58086186,['G', 'O', 'G', 'G', 'G', 'G', 'G', 'O', 'O']
C21075455,['G', 'G', 'G', 'G', 'O', 'G', 'G', 'G', 'G']
C45644149,['G', 'O', 'G', 'O', 'G', 'G', 'G', 'G']
C39558317,['G', 'G', 'G', 'G', 'O', 'O', 'O']
C26569179,['G', 'G', 'O', 'G', 'G']
C24833752,['G', 'G', 'G', 'G', 'G', 'G', 'G', 'G', 'G']
C04430698,['G', 'G', 'G', 'G', 'G']
C20837483,['G', 'G', 'G', 'O', 'G', 'G', 'O', 'G', 'G', 'O']
C31040753,['G', 'G', 'G', 'G', 'G', 'O', 'G', 'O']
C62677705,['O', 'O', 'O', 'G', 'G', 'O', 'G', 'G']
C13413061,['O', 'G', 'G', 'O', 'G', 'G', 'G', 'G', 'G', 'G']
C64372334,['G', 'G', 'O', 'G', 'G', 'G', 'G', 'G']
C21038828,['G', 'G', 'G', 'G', 'G', 'G', 'O', 'O', 'G']
C01320081,['G', 'G', 'G', 'G', 'G', 'G']
C59879197,['G', 'O', 'G', 'G', 'G', 'G', 'O', 'G', 'O', 'G']
C65880172,['G', 'O', 'G', 'G', 'G', 'G', 'G']
C45697042,['G', 'O', 'O', 'G', 'G', 'G', 'O', 'O', 'G']
C21326864,['O', 'G', 'O', 'G', 'G', 'G', 'G', 'G']
C05105272,['G', 'O', 'O', 'G', 'G']
C13417892,['G', 'G', 'G', 'G', 'G', 'G']
C59311042,['O', 'G', 'G', 'G', 'G', 'G', 'G', 'O', 'G']
C48704058,['G', 'O', 'G', 'G', 'G', 'G', 'O']
C39558476,['G', 'G', 'G', 'G', 'G', 'G', 'O', 'G']
C67469278,['G', 'G', 'G', 'G', 'G', 'G', 'G', 'G']
C26948436,['G', 'O', 'G', 'G', 'G', 'O', 'G']
C05090571,['G', 'G', 'G', 'G', 'G', 'G', 'G']
C33436888,['G', 'G', 'G', 'O', 'G', 'G', 'O', 'G']
C33673840,['G', 'G', 'G', 'G', 'G', 'G', 'O', 'O']
C09612877,['G', 'G', 'G', 'G', 'G', 'G', 'O', 'G', 'G', 'G']
C20673427,['G', 'G', 'G', 'G', 'G', 'G', 'G', 'G']
C35423044,['G', 'G', 'G', 'O']
C04185257,['G', 'G', 'O', 'G', 'G']
C51836177,['G', 'G', 'G', 'G', 'O', 'G', 'G', 'G', 'G']
C21320371,['G', 'O', 'G', 'G', 'G', 'G']
C20838082,['G', 'G', 'G', 'G', 'O', 'G', 'G', 'G', 'G', 'G']
C03874446,['G', 'G', 'G', 'O', 'G', 'O']
C01778944,['G', 'G', 'G', 'G', 'G', 'G']
C23820131,['G', 'G', 'G', 'G', 'O']
C39558327,['G', 'O', 'G', 'G', 'G', 'G', 'G', 'G']
C23250783,['G', 'G', 'G', 'G', 'G', 'O', 'G', 'G']
C59369077,['G', 'G', 'G', 'G', 'G', 'G', 'G', 'G']
C45798649,['G', 'G', 'G', 'O', 'G', 'G', 'G', 'O']
C05778145,['O', 'G', 'G', 'G', 'G', 'G', 'G', 'G', 'G']
C40736772,['O', 'O', 'G', 'G', 'G', 'O', 'G', 'G', 'O']
C13630177,['G', 'O', 'G', 'G', 'G', 'G', 'G', 'G', 'G', 'G']
C26107542,['O', 'G', 'G', 'G', 'O', 'G', 'G']
CHEMBL378704,['G', 'G', 'G', 'G', 'G', 'O', 'G', 'O', 'G', 'O']
C17259473,['G', 'G', 'G', 'G', 'G', 'O', 'O', 'G']
C27802136,['G', 'G', 'G', 'G', 'G', 'O', 'G', 'G', 'O']
C62677710,['G', 'G', 'G', 'G', 'G', 'G', 'O', 'G', 'G']
C23507005,['G', 'G', 'G', 'G', 'G', 'G', 'G', 'G']
C04544024,['G', 'G', 'G', 'O', 'O', 'G', 'G']
C30864422,['G', 'G', 'G', 'G', 'G', 'O', 'G', 'G', 'G']
C04769189,['G', 'G', 'G', 'G', 'G']
C20911190,['G', 'G', 'G', 'G', 'O', 'G', 'O', 'G', 'G', 'G']
C49427192,['G', 'G', 'G', 'G', 'G', 'O', 'G', 'O', 'G']
C51587394,['G', 'G', 'G', 'G', 'G', 'G', 'G', 'G', 'G', 'G']
CHEMBL257691,['G', 'G', 'G', 'G', 'G', 'G', 'G', 'G', 'G', 'G', 'G', 'O', 'G', 'O']
C21388051,['G', 'G', 'G', 'G', 'G', 'O', 'G', 'O', 'G', 'G']
C33039764,['G', 'G', 'G', 'G', 'G', 'G']
C20911195,['G', 'G', 'G', 'G', 'G', 'G', 'G', 'G', 'G', 'G', 'G']
C05733452,['G', 'O', 'G', 'O', 'G', 'G', 'G', 'G']
C20832150,['G', 'G', 'G', 'G', 'G', 'O', 'O', 'O', 'G']
C62677503,['G', 'G', 'G', 'G', 'O', 'G', 'G']
C21318527,['G', 'O', 'G', 'O', 'G', 'G']
C62132268,['G', 'G', 'G', 'G', 'G', 'G', 'G', 'G']
C05733449,['G', 'O', 'G', 'O', 'G', 'G', 'G', 'G']
C35459010,['G', 'G', 'G', 'G', 'O', 'G']
C26948484,['G', 'G', 'G', 'G', 'G']
C12559373,['G', 'G', 'G', 'O', 'G', 'G', 'G', 'G', 'G']
C66729969,['G', 'O', 'G', 'G', 'G', 'G', 'G', 'G', 'G', 'G']
C07507703,['O', 'G', 'G', 'G', 'G', 'G', 'G', 'O', 'G']
C11042168,['G', 'G', 'G', 'G', 'G', 'O', 'G', 'G', 'G']
C27093644,['O', 'O', 'O', 'G', 'G', 'G']
C65622785,['G', 'G', 'G', 'O', 'O', 'G', 'G', 'G', 'G', 'O', 'O']
C15898850,['G', 'O', 'G', 'G', 'G', 'G', 'G', 'G']
C40734332,['O', 'O', 'G', 'G', 'G']
C13395090,['G', 'G', 'G', 'G', 'G', 'G', 'G', 'G', 'O']
C09562795,['G', 'G', 'G', 'G', 'O', 'G', 'G', 'G', 'G', 'G', 'O']
C59250553,['G', 'G', 'G', 'G', 'G', 'G', 'G']
CHEMBL82181,['G', 'G', 'G', 'G', 'G', 'O', 'G', 'O', 'G', 'G']
C13659552,['G', 'O', 'G', 'O', 'G', 'G']
C19819317,['G', 'O', 'G', 'G', 'G', 'G', 'G', 'G']
C59914511,['G', 'G', 'G', 'O', 'G', 'O', 'G', 'G', 'G', 'G', 'G']
CHEMBL453090,['G', 'G', 'G', 'G', 'G', 'G', 'G', 'G', 'G', 'G', 'O', 'G', 'O']
C39559440,['G', 'O', 'G', 'G', 'G', 'O', 'G']
C62677434,['G', 'G', 'G', 'G', 'G', 'G', 'G']
CHEMBL491104,['G', 'G', 'G', 'G', 'G', 'G', 'G', 'G', 'G', 'O', 'G', 'O']
C56800960,['G', 'G', 'G', 'G', 'G', 'G', 'G', 'G', 'G', 'G']
C30287683,['G', 'G', 'G', 'O', 'G', 'G', 'G']
C25667505,['G', 'G', 'O', 'G', 'G', 'G', 'G']
CHEMBL315076,['G', 'G', 'G', 'G', 'G', 'G', 'G', 'O', 'G', 'O']
C67015814,['G', 'G', 'G', 'G', 'G', 'G', 'G']
CHEMBL522455,['G', 'G', 'G', 'O', 'G', 'G', 'G', 'O', 'G', 'O']
C52563094,['G', 'O', 'G', 'G', 'G', 'G', 'G', 'G', 'O', 'G', 'G']
CHEMBL82390,['O', 'G', 'G', 'G', 'G', 'G', 'G', 'O', 'G', 'O']
C62132306,['G', 'G', 'O', 'G', 'G', 'G', 'G', 'G']
C16017136,['G', 'G', 'G', 'G', 'G', 'G', 'G', 'G', 'G', 'G', 'G']
C20912006,['G', 'G', 'O', 'G', 'O', 'G', 'G', 'G', 'G', 'O', 'G', 'G']
C06399598,['O', 'O', 'G', 'G', 'G', 'O', 'G']
C46670874,['G', 'G', 'G', 'O', 'G', 'O', 'O', 'G']
C37930063,['G', 'G', 'G', 'G', 'O', 'O', 'O']
C24346024,['G', 'G', 'G', 'G', 'G', 'G', 'O', 'G', 'G', 'G', 'G']
CHEMBL294768,['G', 'G', 'G', 'G', 'G', 'O', 'G', 'O', 'O', 'G', 'G', 'G']
C62677769,['O', 'G', 'G', 'G', 'O', 'G', 'G']
C39558479,['G', 'O', 'G', 'G', 'G', 'G', 'G', 'G', 'G']
C41372217,['G', 'G', 'G', 'G', 'G', 'G', 'G', 'G', 'G', 'G', 'G', 'O']
CHEMBL170101,['G', 'G', 'G', 'G', 'G', 'G', 'G', 'O', 'G', 'O']
CHEMBL38902,['G', 'G', 'G', 'G', 'G', 'O', 'G', 'G', 'O', 'G']
C04556971,['G', 'G', 'G', 'G', 'G']
C38762152,['G', 'G', 'G', 'G', 'G', 'G', 'G', 'G', 'G', 'G', 'O']
C10011900,['G', 'G', 'G', 'G', 'G', 'G', 'G', 'G', 'G', 'G']
C38794362,['G', 'G', 'G', 'G', 'G', 'G', 'G', 'G', 'G']
C05515924,['G', 'O', 'G', 'G', 'G', 'O', 'G', 'O', 'G']
CHEMBL452322,['G', 'G', 'G', 'G', 'G', 'G', 'G', 'G', 'G', 'G', 'O', 'G', 'O']
C38143877,['G', 'G', 'G', 'G', 'G', 'G', 'G', 'G', 'G']
C38794172,['G', 'G', 'G', 'O', 'G', 'G', 'G']
C28710243,['G', 'G', 'G', 'G', 'G']
C43860234,['G', 'G', 'O', 'G', 'G', 'G', 'G', 'G', 'O']
C38588544,['G', 'O', 'O', 'G', 'G', 'O']
CHEMBL491129,['G', 'G', 'G', 'G', 'G', 'G', 'O', 'G', 'G', 'G', 'O', 'G', 'O']
C24894970,['G', 'G', 'O', 'O', 'O']
C14198991,['G', 'G', 'G', 'G', 'G', 'G', 'O']
C39559430,['G', 'G', 'G', 'G', 'G', 'G', 'G']
C62677962,['O', 'O', 'G', 'G', 'G', 'G', 'O', 'G', 'G']
C63329309,['G', 'G', 'G', 'G', 'G', 'G', 'G', 'G', 'G', 'G']
C46154472,['G', 'G', 'G', 'G', 'G', 'G', 'G', 'G', 'G', 'G', 'G', 'G', 'G']
C38794302,['O', 'G', 'O', 'G', 'G', 'G', 'G', 'G']
C39558530,['G', 'G', 'G', 'G', 'G', 'O', 'G', 'G']
C39558229,['G', 'G', 'G', 'G', 'O', 'G', 'G', 'O', 'G']
C15038405,['G', 'G', 'G', 'O', 'G', 'G', 'G', 'O']
CHEMBL451819,['G', 'G', 'G', 'G', 'G', 'G', 'G', 'G', 'G', 'G', 'O', 'G', 'O']
C66790367,['G', 'G', 'G', 'G', 'G', 'G', 'G', 'G', 'O', 'G']
C62677462,['G', 'G', 'G', 'G', 'O', 'G', 'G']
C58881602,['G', 'G', 'G', 'G', 'G', 'G', 'G', 'O', 'G', 'O', 'G', 'G', 'G']
C20805281,['G', 'G', 'O', 'G', 'O', 'G', 'G']
C59878288,['G', 'G', 'G', 'G', 'G', 'G', 'O', 'G']
C33777213,['G', 'G', 'G', 'G', 'G']
C65742750,['G', 'G', 'G', 'O']
C35183060,['O', 'G', 'G', 'G']
C62677491,['G', 'G', 'G', 'G', 'G', 'O', 'G', 'G']
CHEMBL117353,['G', 'G', 'G', 'G', 'G', 'G', 'O', 'G', 'O', 'G', 'O']
C38794008,['G', 'G', 'G', 'G', 'G', 'G', 'G']
C26539585,['G', 'G', 'G', 'G', 'G', 'G', 'G', 'G', 'G', 'G', 'G']
C40860781,['G', 'G', 'G', 'G', 'G']
C31156627,['G', 'G', 'G', 'G']
C12381337,['G', 'G', 'G', 'G', 'G', 'G']
C11796898,['G', 'G', 'G', 'G', 'G', 'O', 'G', 'G']
C62677459,['G', 'O', 'G', 'G', 'G', 'G', 'G']
C64099975,['G', 'G', 'G', 'G', 'G', 'G']
C08479210,['G', 'G', 'O', 'G']
C20836572,['G', 'G', 'G', 'G', 'G', 'G', 'O', 'G', 'O', 'G']
C51642221,['G', 'O', 'G', 'G', 'G', 'O', 'G', 'O']
C59878291,['G', 'G', 'G', 'G', 'G', 'G', 'G', 'G']
C38794260,['G', 'O', 'O', 'G', 'G', 'G', 'G', 'G']
C39159925,['G', 'O', 'G', 'G', 'G']
CHEMBL490934,['G', 'G', 'G', 'G', 'G', 'G', 'G', 'G', 'O', 'G', 'O']
CHEMBL417696,['G', 'G', 'G', 'G', 'G', 'O', 'G', 'G', 'O', 'G']
C38794147,['G', 'G', 'G', 'O', 'G', 'G', 'G']
C13145934,['G', 'G', 'G', 'G', 'G', 'G', 'G']
C62677899,['O', 'O', 'O', 'G', 'G', 'O', 'G', 'G']
C38794243,['G', 'G', 'G', 'G', 'G', 'O', 'G', 'G']
C12529492,['G', 'G', 'G', 'G', 'G', 'O', 'G', 'G', 'G', 'G', 'G', 'G']
CHEMBL326511,['G', 'G', 'G', 'G', 'G', 'G', 'O', 'G', 'O']
C65735220,['G', 'G', 'G', 'O', 'G', 'G', 'G', 'G']
C67625336,['G', 'G', 'G', 'G', 'G', 'G', 'O', 'G']
C08400284,['G', 'G', 'G', 'G', 'G', 'G', 'G', 'G', 'G', 'O']
C61088106,['G', 'G', 'G', 'G', 'G', 'G', 'G', 'G', 'G', 'G', 'G', 'G']
C01062114,['G', 'G', 'G', 'G', 'G', 'G', 'G', 'G', 'G']
C09442139,['G', 'O', 'G', 'G', 'G', 'O', 'G', 'G', 'G']
C48180555,['G', 'O', 'G', 'G', 'O', 'G', 'O', 'O', 'G']
C63778123,['G', 'G', 'G', 'G', 'G', 'O']
C50006589,['G', 'O', 'G', 'G', 'G', 'G', 'G']
C18240970,['O', 'O', 'G', 'G', 'G']
C38794500,['G', 'G', 'G', 'G', 'G', 'G', 'G', 'G', 'G', 'G', 'G']
C65208031,['G', 'G', 'G', 'G', 'G', 'G', 'G', 'G', 'O', 'G', 'G', 'G', 'G']
C39558433,['O', 'G', 'G', 'G', 'G', 'G', 'O', 'G']
C09187651,['G', 'O', 'O', 'G', 'G', 'G', 'G', 'O']
C46264885,['G', 'G', 'O', 'G', 'G', 'G', 'G', 'G']
C38794129,['G', 'O', 'G', 'G', 'G', 'G', 'G']
C11331740,['G', 'O', 'G', 'G', 'G', 'G', 'G', 'G', 'G']
C38168314,['G', 'G', 'G', 'G', 'G', 'G']
C28969289,['G', 'G', 'O', 'G', 'G']
C65489874,['G', 'G', 'G', 'G', 'G', 'G', 'G', 'G']
C38794126,['G', 'G', 'G', 'O', 'G', 'G', 'G']
C38794214,['G', 'G', 'G', 'G', 'G', 'G', 'G', 'G']
C45799295,['G', 'G', 'G', 'G', 'G', 'G', 'G']
C36398791,['O', 'G', 'G', 'G', 'G', 'G', 'G', 'O']
C46354117,['G', 'G', 'G', 'G', 'O', 'G']
C28837104,['G', 'G', 'G', 'G', 'G', 'G', 'G', 'G', 'G', 'G']
C65191071,['G', 'G', 'G', 'G', 'G', 'O', 'G', 'O', 'G']
C67386235,['G', 'G', 'G', 'G', 'G', 'G', 'G', 'G', 'G', 'G']
C13475847,['O', 'G', 'G', 'G', 'G']
CHEMBL167304,['G', 'G', 'G', 'G', 'O', 'G', 'O', 'G', 'G', 'G']
C44928651,['G', 'G', 'O', 'G', 'O', 'G', 'G', 'G', 'G', 'G']
CHEMBL23699,['G', 'G', 'G', 'G', 'G', 'G', 'G', 'O', 'G', 'O', 'G']
C67050442,['G', 'G', 'G', 'O', 'G', 'G', 'G', 'O', 'G']
C50177918,['G', 'G', 'G', 'G', 'G', 'G', 'G', 'O', 'G']
C38794367,['G', 'G', 'G', 'G', 'G', 'G', 'G', 'G', 'G']
C15036537,['G', 'O', 'G', 'G', 'O', 'G', 'O']
C31158055,['G', 'G', 'G', 'G', 'G', 'G']
C49601747,['G', 'G', 'G', 'G', 'G', 'G', 'G', 'G']
C62677379,['G', 'O', 'G', 'G', 'G', 'G', 'G']
C38794091,['G', 'G', 'G', 'G', 'G', 'G', 'G']
C41069979,['O', 'G', 'G', 'G', 'G', 'G']
C13245027,['G', 'O', 'G', 'G', 'G', 'G', 'G', 'G']
C58224754,['G', 'O', 'O', 'G', 'G', 'G', 'G', 'G', 'O', 'G', 'G']
CHEMBL279302,['G', 'G', 'G', 'G', 'G', 'G', 'G', 'G', 'O', 'G', 'O']
C11940703,['G', 'G', 'G', 'O', 'G', 'G', 'G', 'G', 'G', 'G']
C64924189,['G', 'O', 'G', 'G', 'G']
C15276750,['O', 'G', 'G', 'G', 'O']
C62064394,['G', 'G', 'G', 'G', 'G', 'G', 'G', 'G']
C22065217,['G', 'G', 'G', 'G', 'G']
C34145145,['G', 'G', 'G', 'G', 'G', 'O']
C02105922,['G', 'G', 'O', 'G', 'G', 'O', 'G', 'O', 'G']
C33782163,['G', 'G', 'G', 'G', 'G', 'G', 'G', 'G', 'G']
C56324525,['G', 'G', 'G', 'G', 'G', 'O', 'G', 'G', 'G', 'G']
C05768114,['O', 'G', 'G', 'G', 'G', 'G', 'G', 'O']
C02337504,['O', 'O', 'G', 'G', 'G', 'O', 'G']
C09956700,['O', 'G', 'G', 'G', 'G', 'G']
C38794405,['G', 'G', 'G', 'G', 'G', 'G', 'G', 'G', 'G']
C39482561,['G', 'O', 'O', 'G', 'G', 'G']
C13313860,['G', 'G', 'G', 'G', 'G', 'G', 'G', 'G', 'G']
C47115071,['G', 'G', 'G', 'G', 'G', 'G', 'G', 'G', 'O']
CHEMBL23278,['G', 'G', 'G', 'G', 'G', 'G', 'G', 'O', 'G', 'O', 'G']
C20912004,['G', 'G', 'O', 'O', 'O', 'G', 'G', 'G', 'O', 'G', 'G']
C09215978,['G', 'G', 'G', 'G', 'G', 'G', 'G', 'G']
C59015869,['G', 'G', 'G', 'G', 'G', 'G', 'G', 'O', 'G', 'G', 'G']
C17113076,['G', 'G', 'G', 'G', 'G']
CHEMBL66389,['G', 'G', 'G', 'G', 'G', 'G', 'G', 'O', 'G', 'O']
C14760820,['G', 'G', 'O', 'O', 'G', 'G', 'G', 'G', 'G', 'O', 'G', 'G']
C09883411,['G', 'G', 'O', 'G', 'G', 'G', 'G', 'G', 'G', 'G']
C13347303,['G', 'G', 'G', 'G', 'G', 'G', 'G', 'G']
C58862291,['G', 'G', 'G', 'G', 'G', 'G', 'G', 'G']
C32594264,['G', 'G', 'G', 'G', 'G', 'G', 'O', 'G']
C11676064,['G', 'G', 'G', 'G', 'G', 'G', 'G', 'G']
C38794385,['G', 'G', 'G', 'G', 'G', 'G', 'G', 'G', 'G']
C50586849,['G', 'G', 'G', 'G', 'G', 'G', 'G', 'G', 'G', 'G', 'G']
C40109591,['G', 'G', 'G', 'G', 'G', 'O', 'G', 'G']
C07865884,['O', 'G', 'G', 'G', 'O', 'G', 'G', 'G', 'G']
C10602854,['G', 'G', 'G', 'G', 'O', 'G', 'G', 'O', 'G', 'G', 'G', 'G']
C25667512,['G', 'G', 'G', 'G', 'G', 'G', 'G']
C19781769,['O', 'O', 'G', 'G', 'O', 'G', 'G', 'O', 'G']
C65630642,['G', 'G', 'G', 'G', 'G', 'G', 'G', 'G']
C15044926,['G', 'G', 'G', 'G', 'G', 'G', 'O', 'G', 'O', 'G', 'G', 'O']
C20384707,['G', 'G', 'G', 'G', 'G', 'G', 'G', 'G']
C66125117,['G', 'G', 'G', 'G', 'G', 'G', 'O', 'G']
C43510315,['G', 'G', 'G', 'G', 'G', 'G']
C38794507,['G', 'G', 'G', 'G', 'G', 'G', 'G', 'G', 'G', 'G', 'G']
C38794069,['G', 'G', 'G', 'G', 'G', 'G', 'G']
C64940399,['G', 'G', 'G', 'G', 'G', 'G', 'G', 'G', 'G']
C12524086,['O', 'G', 'G', 'G', 'G', 'O']
C38794089,['G', 'O', 'G', 'G', 'G', 'G', 'G']
C67240944,['O', 'G', 'G', 'G', 'G', 'G', 'O', 'G', 'G']
CHEMBL23388,['G', 'G', 'G', 'G', 'G', 'O', 'G', 'O', 'O', 'G', 'G']
C16310144,['G', 'G', 'G', 'G', 'G', 'G', 'G', 'G']
C59119508,['G', 'G', 'G', 'G', 'G', 'G', 'G', 'G', 'G', 'G']
C65490092,['G', 'G', 'G', 'G', 'G', 'O', 'O', 'G', 'G']
C60108026,['G', 'G', 'G', 'G', 'O', 'O', 'G', 'O']
C39774491,['G', 'G', 'G', 'G', 'G']
C22059148,['G', 'G', 'G', 'G', 'G', 'G', 'G', 'G', 'G']
C42620369,['G', 'G', 'G', 'G', 'G', 'G', 'G', 'G']
C65489851,['G', 'G', 'G', 'G', 'O', 'O', 'G', 'G']
CHEMBL192632,['G', 'G', 'G', 'G', 'G', 'G', 'G', 'G', 'O', 'G', 'O']
C13361478,['G', 'O', 'G', 'G', 'O', 'O', 'G', 'G', 'G', 'G']
C04918969,['O', 'G', 'G', 'G', 'O', 'O', 'G', 'G', 'G']
C04098737,['G', 'G', 'O', 'G', 'G', 'G', 'O', 'O', 'G']
C38794567,['G', 'G', 'G', 'G', 'G', 'G', 'G', 'G']
C22607487,['G', 'G', 'G', 'O', 'G', 'G', 'G', 'G', 'G', 'G']
C38794062,['G', 'G', 'G', 'G', 'O', 'G', 'G']
C09612569,['G', 'G', 'G', 'G', 'G', 'G', 'G', 'G', 'G', 'G', 'G', 'G', 'G']
C65748610,['G', 'G', 'G', 'G', 'O']
C58873904,['G', 'G', 'G', 'G', 'G', 'G', 'G', 'O', 'G', 'O', 'G', 'O', 'G']
C15048683,['O', 'G', 'G', 'G', 'G', 'G']
C22628633,['G', 'G', 'G', 'G', 'G', 'G', 'G', 'G', 'G']
C26508465,['G', 'G', 'O', 'G']
C15206321,['G', 'G', 'G', 'G', 'O']
C14361108,['G', 'G', 'G', 'G', 'G', 'G', 'G', 'G', 'O', 'G', 'G']
C45660711,['G', 'G', 'G', 'G', 'G', 'G', 'O', 'G', 'O', 'G']
C03039111,['G', 'G', 'G', 'G', 'O', 'O']
CHEMBL279508,['G', 'G', 'G', 'G', 'G', 'O', 'G', 'O', 'G', 'G']
C14583405,['O', 'G', 'G', 'G', 'G', 'G', 'G']
C11047234,['O', 'G', 'G', 'G', 'G', 'G', 'G', 'O', 'G']
C45368288,['G', 'G', 'G', 'O', 'G']
C16026465,['G', 'O', 'O', 'O']
C02520224,['G', 'G', 'G', 'G', 'G', 'G', 'G', 'G', 'G', 'O', 'O', 'O']
C58873786,['G', 'G', 'G', 'G', 'G', 'G', 'G', 'O', 'G', 'O', 'G', 'G', 'G']
C65305130,['G', 'G', 'G', 'G', 'G', 'O', 'G', 'G', 'O']
C44830612,['G', 'O', 'G', 'G', 'G']
C63361788,['O', 'G', 'G', 'O', 'O']
C10385086,['G', 'O', 'O', 'G', 'G', 'G', 'G', 'G', 'G', 'G']
C32748231,['G', 'G', 'G', 'G', 'G', 'G', 'G', 'G', 'G', 'G']
C13071739,['G', 'G', 'G', 'G', 'G', 'G', 'G']
C13278518,['O', 'G', 'G', 'G', 'G', 'G']
C40017852,['G', 'O', 'G', 'G', 'G', 'G']
C39774498,['G', 'G', 'G', 'G', 'G']
C32978562,['G', 'G', 'G', 'G', 'G', 'G', 'G', 'G']
C35644405,['G', 'G', 'G', 'G', 'G', 'G', 'G', 'O', 'G', 'G', 'O']
C12769942,['G', 'O', 'G', 'O', 'G', 'G', 'O', 'G']
C06140759,['G', 'G', 'G', 'G', 'G', 'G', 'G', 'G']
C65742727,['O', 'O', 'O', 'G', 'G', 'G', 'G', 'O']
C64120284,['O', 'G', 'G', 'G', 'G', 'G', 'G']
C62677402,['G', 'G', 'G', 'G', 'O', 'G', 'G', 'G', 'G', 'G']
C55218264,['G', 'G', 'G', 'G', 'G', 'G']
C39774497,['G', 'G', 'G', 'O', 'O']
C60342592,['G', 'G', 'O', 'G', 'G', 'O', 'G', 'G', 'G', 'G', 'G']
C40457055,['G', 'G', 'O', 'G']
C65880212,['G', 'G', 'O', 'G', 'G', 'G']
C20548289,['G', 'G', 'G', 'G', 'G']
C17519507,['G', 'O', 'G', 'G', 'G', 'O', 'O']
C22196369,['O', 'G', 'G', 'G', 'G', 'G', 'G', 'G', 'G']
C00146510,['G', 'G', 'G', 'G', 'G', 'G']
C38557351,['G', 'G', 'G', 'G', 'O', 'O']
C66200630,['G', 'G', 'G', 'G', 'G', 'O', 'G', 'O', 'G', 'G']
C38793593,['G', 'G', 'G', 'G', 'G', 'G', 'G']
C62197325,['G', 'G', 'G', 'G', 'G', 'G', 'G', 'G', 'G', 'G', 'G', 'G']
C54209207,['G', 'G', 'G', 'G', 'G', 'G', 'G']
C36365718,['O', 'G', 'G', 'G', 'O', 'G']
C05017098,['G', 'G', 'G', 'G', 'G', 'G', 'G']
C38794012,['G', 'G', 'G', 'G', 'O', 'G', 'G']
C48968152,['O', 'O', 'G', 'G', 'G', 'G', 'G', 'G', 'G', 'G', 'G']
C13093664,['G', 'G', 'G', 'G', 'G', 'G', 'G', 'G']
C65742728,['O', 'G', 'G', 'G', 'O', 'G', 'G', 'O']
C17013283,['G', 'G', 'G', 'G', 'G']
C08653474,['O', 'G', 'G', 'G', 'G', 'G', 'G']
C48558170,['G', 'G', 'G', 'G', 'O', 'G', 'G', 'G']
C31160601,['G', 'O', 'G', 'G', 'G', 'O', 'G', 'G']
C31167460,['G', 'G', 'G', 'G', 'G', 'G', 'G', 'O', 'G', 'G', 'O']
C05541671,['O', 'G', 'G', 'G', 'O']
C59490015,['G', 'O', 'G', 'O', 'G', 'G']
C06368732,['G', 'G', 'G', 'G', 'G', 'G', 'G', 'G', 'O', 'G']
C45699613,['G', 'G', 'G', 'G', 'G', 'G', 'G', 'G', 'O']
C15127305,['G', 'O', 'G', 'O', 'G', 'G', 'G', 'O', 'G', 'G', 'G']
C24901939,['G', 'O', 'G', 'G', 'G', 'G', 'G', 'G', 'G', 'G']
C65367107,['G', 'G', 'G', 'G', 'G', 'O', 'G', 'G', 'G', 'G', 'G']
C09253510,['G', 'G', 'G', 'G', 'O', 'G']
C59381846,['O', 'G', 'G', 'G', 'G', 'G', 'G', 'O', 'G', 'G', 'G', 'O']
C48591425,['G', 'G', 'G', 'G', 'G', 'G', 'G', 'G', 'G']
C39777829,['O', 'O', 'O', 'O']
C45699606,['G', 'G', 'G', 'G', 'O', 'G', 'G', 'G', 'O']
C41963301,['G', 'G', 'G', 'G', 'G', 'G', 'O', 'O']
C13346112,['G', 'G', 'G', 'G', 'G', 'G', 'G', 'G', 'G']
C66584269,['O', 'G', 'G', 'G', 'G', 'G', 'G', 'G']
C15047332,['G', 'G', 'G', 'G', 'G', 'G']
C39774492,['G', 'G', 'G', 'O', 'O']
C50670943,['O', 'G', 'G', 'O', 'G', 'G', 'O']
C60108022,['G', 'G', 'G', 'G', 'O', 'O', 'G', 'O']
C36378646,['G', 'G', 'G', 'G', 'G', 'G', 'G']
C13314574,['G', 'G', 'G', 'G', 'G', 'G', 'G', 'G']
C25008995,['G', 'G', 'G', 'G', 'G', 'O', 'G', 'G', 'G', 'O']
C38793613,['G', 'G', 'O', 'G', 'G', 'G', 'G', 'G']
C65749700,['G', 'G', 'O', 'G', 'G', 'G', 'G', 'O', 'G']
C13058846,['G', 'O', 'G', 'G', 'O', 'O', 'G', 'G', 'G', 'G']
C46320083,['G', 'O', 'G', 'O', 'G', 'G', 'G', 'G', 'G', 'G', 'G', 'G']
C20465076,['O', 'G', 'G', 'G', 'O', 'G', 'G', 'G']
C17426720,['G', 'G', 'G', 'O', 'O']
C39482361,['G', 'G', 'G', 'G', 'G']
C39559457,['G', 'G', 'G', 'G', 'G', 'G', 'O', 'G']
C49031969,['G', 'G', 'O', 'G', 'G']
C38556119,['G', 'G', 'G', 'O', 'G']
C65323002,['G', 'O', 'O', 'G', 'G', 'G', 'G']
C39937881,['G', 'G', 'G', 'O', 'O', 'G']
C13365201,['G', 'O', 'G', 'G', 'O', 'O', 'G', 'O', 'O', 'G']
C65490670,['G', 'O', 'G', 'G', 'G', 'G', 'O', 'O', 'G', 'G']
C05743410,['G', 'G', 'O', 'G', 'G', 'G', 'G', 'G']
C13861075,['G', 'O', 'G', 'G', 'G', 'G', 'G', 'G', 'O']
C58889112,['G', 'G', 'G', 'G', 'G', 'G', 'O', 'G', 'G', 'O']
C32105035,['G', 'G', 'G', 'G', 'O', 'G', 'G', 'G', 'G']
C04506709,['G', 'G', 'G', 'G', 'G']
C02097409,['G', 'G', 'O', 'G', 'G', 'G', 'G']
C67624596,['O', 'G', 'G', 'G', 'G', 'G', 'G', 'G']
C24161355,['O', 'G', 'G', 'G', 'G', 'G', 'G', 'G', 'G']
C46863807,['G', 'G', 'G', 'G', 'G', 'G', 'G', 'G', 'G', 'G', 'G']
C10215532,['G', 'G', 'G', 'G', 'O', 'G', 'G', 'G', 'G', 'G', 'G']
C34380653,['G', 'G', 'G', 'G', 'G']
C13349445,['G', 'G', 'G', 'G', 'G', 'G', 'G', 'G', 'O']
C05412155,['O', 'O', 'O', 'G', 'G', 'G', 'G']
C28538287,['G', 'G', 'G', 'G']
C60241173,['G', 'G', 'G', 'G', 'G', 'O', 'G', 'O']
C39939265,['O', 'G', 'G', 'G', 'G']
C09042561,['G', 'G', 'G', 'O', 'G', 'G', 'G']
C17353678,['G', 'O', 'G', 'O', 'G']
C38794560,['G', 'G', 'G', 'O', 'G', 'G', 'G', 'G']
C45884005,['O', 'O', 'O', 'G', 'G', 'G', 'G', 'G', 'G', 'O']
C00793231,['G', 'G', 'O', 'G', 'G', 'G', 'O', 'G']
C33533409,['G', 'G', 'G', 'G', 'G']
C59490013,['G', 'O', 'G', 'O', 'G', 'G']
C36374481,['G', 'O', 'G', 'G', 'G', 'G']
C38793607,['G', 'G', 'G', 'G', 'G', 'G', 'G', 'G']
C39777833,['O', 'O', 'G', 'G', 'G']
C04098344,['G', 'G', 'G', 'G', 'G']
C27640376,['G', 'G', 'G', 'G', 'G', 'G', 'G', 'G', 'O', 'G', 'G']
C36710218,['G', 'G', 'G', 'G', 'G', 'G', 'G', 'G', 'G', 'O']
C10761081,['G', 'G', 'G', 'G', 'G', 'G', 'G', 'G', 'G']
C13278530,['G', 'G', 'G', 'G', 'G', 'G']
C26233233,['G', 'G', 'G', 'G', 'G', 'G', 'G', 'G']
C20464879,['G', 'G', 'G', 'G', 'G', 'O', 'O', 'G', 'G']
C35572488,['O', 'O', 'O', 'O', 'G', 'G', 'G', 'G', 'G']
C22066336,['G', 'G', 'G', 'G', 'O']
C44964266,['G', 'G', 'G', 'G', 'G', 'G', 'G', 'O', 'G']
C63465356,['G', 'G', 'G', 'O', 'G', 'G', 'G', 'G', 'G', 'O']
C35464468,['G', 'G', 'G', 'G', 'G', 'G', 'G', 'G', 'G', 'G', 'O']
C38564742,['G', 'G', 'G', 'G', 'O']
C33279658,['G', 'G', 'G', 'O', 'G', 'G', 'G']
C50980746,['G', 'G', 'G', 'G', 'G', 'G', 'G', 'G', 'O']
C03151495,['G', 'G', 'G', 'G', 'G']
C64610479,['G', 'O', 'O', 'O', 'G', 'G', 'G', 'O', 'G', 'G']
C13468145,['G', 'G', 'G', 'G', 'G', 'G', 'G', 'O', 'G', 'G']
C12807633,['G', 'G', 'G', 'G', 'G', 'G']
C40110185,['G', 'G', 'G', 'G', 'G', 'O', 'G', 'G']
C39960618,['G', 'O', 'G', 'G', 'G', 'O']
C44021625,['G', 'G', 'G', 'G', 'G', 'O']
C32087015,['G', 'O', 'G', 'G', 'G', 'G']
C38555862,['O', 'G', 'O', 'O', 'G']
C40014160,['G', 'G', 'G', 'O', 'O']
C58887695,['G', 'G', 'G', 'O', 'G', 'G', 'G', 'G']
C64219239,['G', 'G', 'G', 'G', 'G', 'O', 'G', 'G', 'G', 'G', 'G', 'G']
C39774505,['G', 'G', 'G', 'G', 'O', 'O']
C26230785,['G', 'G', 'G', 'G', 'G', 'G', 'G', 'G', 'G']
C50421111,['G', 'G', 'O', 'O', 'O']
C51429398,['G', 'G', 'G', 'G', 'G', 'G']
C35653130,['G', 'G', 'O', 'G', 'G', 'G', 'G', 'G', 'O', 'G', 'G', 'G', 'O']
C13346147,['G', 'G', 'G', 'G', 'G', 'G']
C12503370,['G', 'G', 'G', 'G']
C40074942,['G', 'G', 'G', 'G', 'G', 'O', 'G', 'G', 'G', 'G', 'G']
C38794564,['G', 'O', 'G', 'G', 'G', 'G', 'G', 'G']
C67103989,['G', 'G', 'G', 'O', 'G', 'G', 'G', 'G', 'G', 'G', 'G']
C13032694,['G', 'G', 'G', 'G', 'G', 'G', 'G']
C65644297,['G', 'G', 'G', 'G', 'G', 'G', 'G', 'G']
C35210203,['O', 'G', 'G', 'G', 'O', 'G', 'G', 'G', 'G', 'G', 'G', 'G']
C04896454,['G', 'G', 'G', 'G', 'O', 'G', 'G', 'G', 'G', 'G', 'G', 'G']
C46910425,['O', 'G', 'G', 'G', 'G', 'G', 'O', 'G', 'G', 'G']
C13345684,['G', 'G', 'G', 'G', 'O', 'G', 'G', 'G', 'G', 'G']
C32926597,['G', 'G', 'O', 'G', 'O']
CHEMBL365307,['G', 'G', 'G', 'G', 'G', 'G', 'G', 'G', 'G', 'O', 'G', 'O']
C23476958,['G', 'G', 'G', 'G', 'G']
C49602681,['G', 'G', 'O', 'G', 'G', 'G', 'G', 'G', 'G', 'G']
C65749699,['G', 'G', 'O', 'G', 'G', 'G', 'G', 'O', 'G']
C67536057,['G', 'G', 'G', 'G', 'G', 'G', 'G']
CHEMBL170874,['G', 'G', 'G', 'G', 'G', 'G', 'G', 'O', 'G', 'O']
C01921852,['G', 'G', 'O', 'G', 'G', 'G', 'G', 'G', 'G', 'G', 'G']
C55071712,['G', 'G', 'G', 'O', 'G', 'O', 'G', 'G']
C23712858,['G', 'G', 'G', 'G', 'G', 'G', 'G']
C13079277,['G', 'G', 'G', 'G', 'G', 'G', 'G', 'G']
C66578969,['G', 'G', 'G', 'G', 'G', 'G', 'G', 'G', 'O']
C31156450,['G', 'G', 'G', 'G']
C55162792,['G', 'G', 'G', 'G', 'G', 'G']
C03310359,['G', 'G', 'G', 'O', 'G', 'G', 'O']
CHEMBL267890,['G', 'G', 'G', 'G', 'G', 'G', 'G', 'G', 'O', 'G', 'O']
C38598355,['O', 'G', 'G', 'G', 'G', 'O']
C65743102,['G', 'G', 'G', 'G', 'O']
C03331596,['G', 'G', 'G', 'G', 'G', 'G', 'G', 'G', 'G']
C40286895,['G', 'G', 'G', 'G', 'G', 'G', 'G', 'G', 'G']
C15337893,['G', 'G', 'G', 'G', 'O', 'G', 'O', 'G', 'G', 'G', 'G', 'G']
C45800206,['G', 'G', 'G', 'O', 'G', 'G', 'G']
C13247675,['G', 'G', 'G', 'G', 'G', 'G', 'G', 'G', 'G']
C56945750,['G', 'G', 'G', 'G', 'O', 'G', 'G', 'G', 'O', 'G']
C13032325,['G', 'G', 'G', 'G', 'G', 'G']
C13069957,['O', 'G', 'G', 'G', 'G', 'G', 'G', 'O']
C13264112,['G', 'G', 'G', 'G', 'G', 'G', 'G', 'G', 'O', 'G', 'O']
C59497530,['G', 'G', 'G', 'G', 'G', 'O', 'O', 'G']
C04502421,['G', 'G', 'G', 'G', 'G', 'G', 'G', 'G', 'G', 'G']
C39710155,['G', 'G', 'O', 'O']
C29322932,['G', 'G', 'G', 'G', 'O', 'G', 'O', 'G']
C05389845,['G', 'G', 'G', 'O', 'G']
C35644570,['G', 'G', 'O', 'G', 'G', 'G', 'O']
C08584439,['G', 'G', 'G', 'G', 'G', 'G']
C45039135,['O', 'G', 'G', 'G', 'G', 'G', 'G', 'O']
C13247664,['G', 'G', 'G', 'G', 'G', 'G']
C67087906,['O', 'G', 'G', 'O', 'G', 'G', 'G', 'G', 'G', 'O']
C65771754,['G', 'O', 'O', 'G', 'G', 'G', 'G', 'O']
C32629805,['G', 'O', 'G', 'G', 'G']
C13210825,['G', 'G', 'G', 'G', 'G', 'G', 'G', 'G', 'G']
C55595733,['G', 'G', 'G', 'G', 'G', 'G']
C13469855,['G', 'O', 'G', 'G', 'G', 'G', 'G', 'O']
C13184406,['G', 'G', 'G', 'O', 'G', 'G', 'O']
C28463230,['O', 'O', 'G', 'G', 'G', 'G', 'G']
C15775017,['G', 'G', 'O', 'G', 'G', 'G']
C40569544,['G', 'G', 'G', 'O', 'G', 'G']
C04523147,['G', 'G', 'O', 'G']
C44028849,['G', 'G', 'O', 'G', 'G', 'G', 'G', 'G', 'G', 'G', 'O', 'G', 'O']
C35024877,['O', 'O', 'G', 'G', 'O', 'G', 'O', 'G']
C13251174,['G', 'O', 'G', 'G', 'G', 'G', 'O', 'G', 'G']
C45243165,['G', 'O', 'G', 'G', 'G', 'G', 'O', 'G', 'G']
C31164640,['G', 'O', 'G', 'G', 'O', 'G', 'G', 'G']
C35645231,['O', 'O', 'G', 'G', 'O']
C13247721,['G', 'G', 'G', 'G', 'G', 'G']
C65832960,['G', 'G', 'O', 'G', 'G', 'G', 'G', 'G']
C67601259,['G', 'G', 'G', 'O', 'G', 'G', 'G', 'G', 'G', 'G', 'G', 'G']
C45824741,['G', 'G', 'G', 'G', 'G', 'G', 'G', 'G', 'O']
CHEMBL142806,['G', 'G', 'G', 'G', 'G', 'O', 'G', 'O', 'G', 'O']
C13355235,['G', 'G', 'G', 'G', 'G', 'G', 'G', 'G']
C43618900,['G', 'O', 'G', 'G', 'G', 'G', 'G', 'G', 'O', 'G', 'G']
C31156646,['G', 'O', 'G', 'G', 'G', 'G', 'O']
C40074984,['G', 'G', 'G', 'G', 'G', 'O', 'G', 'G', 'G', 'G', 'G']
C56926290,['G', 'G', 'G', 'G', 'G', 'G', 'G', 'G', 'G']
C38793661,['G', 'O', 'G', 'O', 'G', 'G']
C17113078,['G', 'G', 'G', 'O', 'G']
C38793595,['G', 'O', 'G', 'G', 'G', 'G', 'G']
C13247701,['G', 'G', 'G', 'G', 'G', 'G']
C65207991,['G', 'G', 'G', 'G', 'G', 'G', 'G', 'G', 'G', 'G', 'G', 'G']
C08299907,['G', 'G', 'O', 'G', 'G', 'G', 'G', 'O']
C37208120,['G', 'G', 'G', 'G', 'O', 'G']
C02228079,['G', 'G', 'G', 'G', 'G', 'G', 'O', 'G', 'O']
C27642482,['G', 'G', 'G', 'O', 'G', 'G', 'G', 'G']
C54731321,['G', 'G', 'G', 'O', 'G', 'G', 'G', 'O']
C22066588,['G', 'G', 'G', 'G', 'G']
C15275995,['G', 'G', 'G', 'G', 'G', 'G', 'O']
C13247697,['G', 'G', 'G', 'G', 'G', 'G']
C13030449,['G', 'G', 'G', 'G', 'G', 'G', 'G', 'G']
C39774356,['O', 'G', 'G', 'O', 'O']
C58949257,['G', 'G', 'G', 'G', 'G']
C25077410,['G', 'G', 'O', 'O', 'O', 'O', 'G', 'G']
C32655056,['G', 'G', 'G', 'G', 'G']
C13346446,['G', 'G', 'G', 'G', 'O']
C44136513,['G', 'G', 'G', 'G', 'G', 'O']
C65203928,['G', 'G', 'G', 'G', 'G', 'G', 'G', 'G', 'G']
C28692642,['G', 'G', 'G', 'G', 'G', 'G', 'G', 'G', 'G', 'G', 'O']
C13469844,['G', 'G', 'G', 'G', 'G', 'G', 'G', 'O']
C44458851,['G', 'G', 'G', 'G', 'G', 'O', 'O', 'G', 'G']
C23281326,['G', 'G', 'G', 'G', 'G', 'O', 'G', 'G', 'O']
C23142410,['O', 'G', 'G', 'G', 'O']
C67601661,['G', 'G', 'G', 'G', 'G', 'O', 'G', 'G', 'G', 'G']
C45011919,['O', 'G', 'G', 'G', 'O']
C39336711,['O', 'G', 'G', 'G', 'G']
C39973153,['G', 'G', 'G', 'G', 'G']
C51130459,['G', 'O', 'G', 'O', 'G', 'G', 'G', 'G', 'G']
C13314241,['G', 'O', 'O', 'O', 'G', 'O', 'G', 'G', 'G']
C43537155,['G', 'G', 'G', 'G', 'G', 'G', 'G', 'G', 'O']
C28975915,['G', 'G', 'G', 'G']
C51130458,['G', 'G', 'G', 'G', 'G', 'G', 'G', 'G', 'O']
C12492410,['O', 'G', 'G', 'G', 'O', 'G', 'G', 'G', 'G', 'O']
C44136447,['G', 'G', 'G', 'G', 'O']
C04317991,['G', 'G', 'O', 'G', 'G', 'G', 'G', 'G', 'O']
C66637161,['G', 'G', 'G', 'G', 'G']
C19593666,['G', 'G', 'G', 'G', 'G', 'G']
C44710368,['G', 'G', 'G', 'G', 'O', 'G']
C13198509,['G', 'G', 'G', 'G', 'G', 'G', 'G', 'G']
C60414821,['O', 'G', 'G', 'G', 'G', 'G', 'G', 'G', 'G', 'G', 'G']
C09957069,['G', 'G', 'G', 'G', 'G', 'O', 'G', 'G', 'G']
C38793650,['G', 'G', 'G', 'G', 'G']
C13346067,['G', 'O', 'G', 'O', 'G', 'G', 'G', 'G', 'G']
C13543509,['G', 'G', 'G', 'G', 'G', 'G']
C63240064,['G', 'G', 'G', 'G', 'G', 'G', 'G']
C20356903,['G', 'G', 'G', 'O', 'G', 'G', 'O', 'G', 'G']
C05706593,['O', 'G', 'G', 'G', 'G', 'G', 'G', 'G', 'G', 'G', 'O', 'G', 'G', 'G', 'G', 'G', 'G', 'G']
C05317274,['G', 'G', 'O', 'G', 'G', 'G']
C34388726,['G', 'G', 'O', 'G', 'G']
C38549541,['O', 'G', 'G', 'O', 'O']
C07330406,['G', 'G', 'G', 'G', 'G', 'O', 'G', 'G', 'G', 'G']
CHEMBL84904,['G', 'G', 'G', 'G', 'G', 'G', 'G', 'G', 'G', 'O', 'G', 'O']
C22051518,['O', 'G', 'G', 'G', 'G', 'G', 'G', 'G', 'G']
C11859292,['G', 'G', 'G', 'G', 'G']
C39205020,['G', 'G', 'O', 'G', 'O', 'O']
C40376081,['G', 'G', 'G', 'G', 'G', 'O', 'G', 'G', 'G']
C59378981,['G', 'G', 'O', 'O', 'G', 'O']
C04099189,['G', 'G', 'G', 'G']
C13302064,['G', 'O', 'G', 'O', 'G', 'G', 'O', 'G', 'G', 'G']
C38793644,['O', 'G', 'G', 'G', 'G']
C12866337,['G', 'G', 'G', 'G', 'O', 'G', 'G', 'G', 'G', 'O', 'G', 'G']
C22629256,['G', 'G', 'G', 'G', 'G', 'O', 'G', 'G', 'G', 'G', 'G']
C64155806,['G', 'G', 'G', 'G', 'O', 'G', 'G', 'G', 'G', 'G', 'G', 'G']
C26460794,['O', 'O', 'O', 'G', 'G', 'G']
C25401495,['G', 'G', 'G', 'G', 'G', 'G', 'G', 'G', 'G', 'G']
C28296907,['G', 'G', 'G', 'G', 'G', 'G', 'G', 'G', 'G', 'G']
C38171693,['G', 'G', 'G', 'O', 'G', 'O', 'G', 'G', 'G']
C16488450,['G', 'O', 'O', 'O', 'G', 'G', 'G']
C08994462,['G', 'G', 'G', 'G', 'G', 'O']
C12275789,['G', 'G', 'G', 'G', 'G', 'G']
C65832991,['G', 'G', 'G', 'G', 'G', 'G', 'G', 'G']
C13468141,['G', 'G', 'G', 'G', 'G', 'G', 'G', 'O', 'G', 'G']
C38793646,['O', 'G', 'O', 'G', 'G']
C64155805,['G', 'G', 'G', 'G', 'G', 'G', 'G', 'G', 'G', 'G', 'O', 'G']
C17096761,['G', 'G', 'O', 'G', 'O', 'G', 'G', 'G', 'G', 'O']
C35484979,['G', 'O', 'G', 'G', 'G', 'G', 'G', 'G', 'O', 'G', 'G']
C13270106,['G', 'G', 'G', 'O', 'G', 'G', 'G', 'G']
C04647389,['G', 'G', 'G', 'G', 'G', 'G', 'G', 'G']
C05010475,['G', 'O', 'G', 'G']
C20153513,['G', 'G', 'G', 'G', 'G', 'G', 'O', 'G']
C34779403,['G', 'G', 'G', 'O', 'O', 'G', 'G', 'G']
C04950135,['O', 'G', 'G', 'O', 'G']
C39899643,['G', 'O', 'G', 'O', 'G', 'G', 'O', 'O']
C33359544,['G', 'G', 'G', 'G', 'G', 'G']
C20663873,['O', 'G', 'G', 'G', 'O', 'G', 'G', 'G', 'G']
C40102534,['G', 'G', 'G', 'G', 'G', 'G', 'G', 'G', 'G', 'G', 'G']
C13079235,['G', 'G', 'G', 'O', 'G', 'G', 'G']
C38192068,['O', 'G', 'G', 'G', 'O', 'G', 'O']
C12877274,['G', 'O', 'G', 'G', 'G', 'G', 'G']
C35484980,['G', 'O', 'G', 'G', 'G', 'G', 'G', 'G', 'O', 'G', 'G']
C32895035,['G', 'G', 'G', 'G', 'G', 'G', 'O', 'O', 'G', 'G', 'O']
C59466242,['O', 'G', 'G', 'G', 'G', 'G', 'G']
C16346988,['G', 'G', 'G', 'G', 'G', 'G']
C09042524,['G', 'O', 'G', 'G', 'G', 'G', 'G']
C33529354,['O', 'G', 'G', 'G']
C04221670,['G', 'G', 'G', 'G', 'G', 'G', 'G', 'O', 'G', 'G', 'O', 'G', 'G']
C31162820,['G', 'O', 'G', 'G', 'G', 'G']
C61499428,['G', 'G', 'G', 'G', 'G', 'G', 'G', 'G', 'G']
C06254568,['O', 'G', 'G', 'G', 'O', 'G', 'G', 'G', 'G', 'O']
C39679206,['G', 'G', 'G', 'G', 'O', 'G', 'G', 'O']
C13066500,['G', 'G', 'G', 'G', 'G', 'G', 'G', 'G', 'G', 'G']
C49181151,['G', 'G', 'G', 'G', 'G', 'G', 'G', 'O']
C65734898,['G', 'G', 'G', 'G', 'O']
C63778119,['G', 'G', 'G', 'G', 'G', 'O']
C44136004,['G', 'G', 'G', 'G', 'G', 'G', 'G', 'G', 'G', 'G', 'O', 'G', 'G']
C07528985,['G', 'G', 'G', 'G', 'G', 'G', 'G', 'G']
C34779073,['G', 'G', 'G', 'G', 'G', 'G', 'G', 'G']
C13343061,['G', 'G', 'G', 'G', 'G', 'G', 'G', 'O']
C04916940,['G', 'G', 'G', 'G', 'G', 'O', 'G', 'G', 'G', 'G']
C13278739,['G', 'G', 'G', 'G', 'G', 'G']
C39777834,['G', 'O', 'G', 'G', 'G']
C46570460,['G', 'G', 'G', 'G', 'G', 'G', 'G']
C15206543,['O', 'G', 'G', 'G', 'G']
C41070135,['G', 'G', 'O', 'G']
C51339358,['G', 'G', 'G', 'O', 'G', 'G', 'O', 'G', 'G']
C40569647,['G', 'G', 'G', 'G', 'G', 'G', 'G', 'G']
C43218398,['G', 'G', 'G', 'G', 'O', 'O']
C64003696,['G', 'O', 'G', 'G']
C25401490,['G', 'G', 'G', 'G', 'G', 'G', 'G', 'G', 'G', 'G']
C13247705,['G', 'G', 'G', 'G', 'G', 'G']
C17078686,['G', 'G', 'G', 'G', 'O', 'G', 'G', 'G', 'G']
C04972675,['G', 'G', 'G', 'G', 'G', 'G']
C36504494,['G', 'G', 'O', 'G', 'G', 'G', 'G', 'G', 'O', 'G', 'G']
C25760049,['G', 'G', 'G', 'G', 'O', 'O', 'O', 'G', 'G', 'G', 'O', 'G', 'G', 'O']
C56409525,['G', 'G', 'G', 'G', 'O', 'G', 'G']
C25464947,['G', 'G', 'G', 'G', 'G', 'G', 'G', 'G', 'G', 'G', 'G']
C34380658,['O', 'G', 'G', 'G', 'O']
C17302802,['G', 'G', 'G', 'O', 'O', 'G']
C05317272,['G', 'G', 'O', 'G', 'G', 'G']
C66586335,['O', 'O', 'G', 'G', 'G', 'G', 'O']
C38655019,['G', 'G', 'G', 'G', 'G', 'G', 'G', 'G']
C63683389,['G', 'G', 'O', 'G', 'G', 'G', 'G', 'G', 'O']
C60318253,['G', 'G', 'O', 'G', 'O', 'G', 'O']
C05557707,['O', 'G', 'G', 'G', 'G', 'G', 'G']
C65629416,['G', 'G', 'G', 'O', 'G', 'O', 'G', 'G', 'G', 'G', 'O']
C24587873,['G', 'G', 'G', 'G', 'G', 'G', 'G', 'G']
C46064213,['G', 'G', 'G', 'G', 'G', 'G']
C39774372,['G', 'G', 'O', 'G', 'O', 'G']
C27311170,['G', 'G', 'G', 'G', 'O', 'G', 'G']
C54810615,['G', 'G', 'G', 'G', 'G', 'G', 'O', 'G', 'G', 'G']
C40095039,['G', 'G', 'G', 'G', 'G', 'G', 'G', 'G']
C26541958,['O', 'G', 'G', 'G', 'G', 'G', 'O', 'O']
C31165186,['G', 'O', 'G', 'G', 'G', 'O', 'G', 'G']
C55585162,['G', 'G', 'G', 'G', 'G', 'G', 'G', 'O']
C65743333,['G', 'O', 'G', 'G', 'O']
C64898821,['G', 'G', 'G', 'G', 'G', 'G', 'G', 'G', 'G', 'G', 'G', 'G']
C65735192,['G', 'G', 'G', 'O', 'G', 'G', 'O']
C31155210,['G', 'G', 'O', 'G', 'G', 'G', 'G', 'G', 'G', 'O']
C06864182,['G', 'G', 'G', 'G', 'G', 'G', 'G', 'G', 'G', 'G', 'O']
C13454064,['O', 'G', 'G', 'G', 'G', 'G', 'G']
C13028063,['G', 'G', 'G', 'G', 'G', 'G', 'G', 'G', 'G']
C04677322,['G', 'G', 'G', 'G', 'G', 'G', 'G', 'G', 'G', 'O']
C38815468,['G', 'G', 'G', 'G', 'G', 'O']
C38598354,['G', 'G', 'G', 'G', 'O', 'O']
C32830996,['G', 'G', 'G', 'G', 'O', 'G', 'G', 'G', 'G', 'G', 'G', 'O']
C43537133,['G', 'G', 'O', 'G', 'G', 'G', 'G', 'G', 'O']
C44136510,['G', 'G', 'G', 'G', 'G', 'O']
C32095585,['O', 'G', 'G', 'O', 'G', 'G', 'O', 'G']
C32095583,['O', 'G', 'G', 'O', 'G', 'G', 'G', 'G']
C17105309,['G', 'G', 'G', 'O', 'G']
C17105310,['G', 'G', 'G', 'O', 'G']
C38580978,['G', 'G', 'G', 'G', 'G', 'G']
C35456535,['G', 'G', 'G', 'O', 'G', 'G', 'G']
C06575176,['O', 'G', 'G', 'G', 'O']
C13270061,['G', 'G', 'G', 'G', 'G', 'G', 'O']
C04972497,['G', 'G', 'G', 'G', 'G', 'G', 'G', 'G', 'G', 'G', 'G', 'G']
C54505943,['G', 'G', 'G', 'G', 'G', 'G', 'G', 'G', 'G', 'O']
C65743010,['O', 'G', 'O', 'G', 'G', 'G', 'G', 'O']
C25108374,['G', 'O', 'O', 'O', 'O', 'G']
C13090104,['G', 'G', 'G', 'G', 'O', 'G', 'G', 'G', 'G', 'G', 'G', 'G', 'O']
C09157156,['G', 'G', 'G', 'G', 'G', 'G']
C39774371,['G', 'G', 'O', 'G', 'O', 'O']
C35645789,['G', 'G', 'G', 'G', 'G', 'G', 'G', 'G']
C32096969,['G', 'G', 'G', 'G', 'G', 'G', 'G', 'G']
C13461741,['G', 'G', 'G', 'G', 'G', 'O', 'G', 'O', 'G', 'O', 'G', 'O']
C60415005,['G', 'G', 'G', 'G', 'G', 'G', 'G', 'G', 'O']
C13779395,['G', 'G', 'G', 'G', 'G', 'G', 'G', 'G', 'G']
C39480739,['G', 'O', 'G', 'O', 'G']
C32936742,['G', 'O', 'G', 'G', 'G', 'G']
C65179804,['G', 'G', 'G', 'G', 'G', 'G', 'G', 'G', 'G', 'O', 'G']
C26301297,['O', 'G', 'G', 'G', 'G', 'G', 'G', 'G', 'G', 'G']
C66445536,['G', 'G', 'G', 'G', 'G']
C35645515,['G', 'G', 'O', 'G', 'G', 'O', 'G', 'G', 'O']
C66588529,['G', 'G', 'G', 'G', 'G', 'O', 'G', 'G']
C31163360,['G', 'G', 'G', 'G', 'G', 'G', 'G', 'G', 'G', 'O']
C34779075,['G', 'G', 'G', 'G', 'G', 'G', 'G']
C12868799,['G', 'G', 'O', 'G', 'G', 'G', 'O', 'G']
C13247720,['G', 'G', 'G', 'G', 'O', 'G']
C19014754,['G', 'G', 'G', 'G']
C21986039,['O', 'G', 'G', 'G', 'G', 'G', 'G', 'O', 'G']
C24161686,['G', 'G', 'G', 'G', 'O', 'G', 'G', 'G', 'G']
C13247666,['G', 'G', 'G', 'G', 'G', 'G']
C22628622,['G', 'O', 'G', 'O', 'G', 'G', 'G', 'O', 'G']
C46669989,['G', 'G', 'G', 'G', 'G', 'G', 'G', 'G', 'G', 'G']
C39861914,['G', 'G', 'G', 'O', 'O']
C44174672,['G', 'G', 'G', 'G', 'G', 'O', 'O', 'G']
C38655490,['G', 'O', 'G', 'G', 'G', 'G']
C13240348,['G', 'G', 'G', 'G', 'G', 'G', 'O']
C65739461,['O', 'G', 'G', 'G', 'O', 'G']
C37115623,['G', 'G', 'G', 'G', 'O']
C43715393,['O', 'G', 'G', 'G', 'G', 'G', 'G', 'O', 'O']
C04066584,['G', 'O', 'G', 'G', 'G', 'G', 'G', 'O', 'G']
C38793771,['G', 'G', 'O', 'G', 'G', 'G', 'G']
C59366508,['G', 'O', 'G', 'G', 'G']
C38655987,['O', 'G', 'G', 'G', 'G', 'G', 'G']
C26460786,['G', 'O', 'G', 'G', 'G', 'G']
C46593841,['G', 'G', 'G', 'G', 'G', 'G', 'G', 'G', 'G']
C17079474,['G', 'G', 'O', 'G', 'G', 'G', 'G', 'G', 'G', 'O']
C38655493,['G', 'G', 'G', 'G', 'G', 'G']
C38815466,['G', 'G', 'G', 'G', 'G', 'O']
C67124264,['G', 'G', 'G', 'G', 'G', 'G', 'G', 'G']
C38191690,['G', 'G', 'G', 'G', 'G']
C58047537,['G', 'G', 'G', 'G', 'G', 'G', 'G', 'G']
C35454987,['G', 'G', 'O', 'G', 'O', 'G', 'G', 'O', 'G']
C33253271,['G', 'G', 'G', 'G', 'G', 'O', 'G', 'G', 'G', 'G']
C14717340,['G', 'G', 'G', 'G', 'G']
C35454991,['G', 'G', 'O', 'G', 'G', 'G', 'G', 'G', 'O']
C13261771,['O', 'G', 'O', 'G', 'O', 'G', 'G', 'G', 'G', 'G', 'G']
C25077444,['G', 'G', 'G', 'O', 'O']
C65739606,['G', 'G', 'G', 'G', 'O', 'G', 'G', 'G', 'O']
C13242954,['G', 'G', 'G', 'G', 'O', 'O', 'G', 'O', 'G', 'G', 'G', 'G', 'O', 'O', 'O']
C19419321,['O', 'O', 'G', 'G', 'G', 'G']
C61431663,['O', 'G', 'G', 'G', 'G', 'G', 'G', 'O', 'O']
C62108155,['O', 'G', 'G', 'G', 'G', 'G', 'G', 'G', 'G']
C14967807,['G', 'G', 'O', 'G', 'O', 'G', 'G', 'G', 'G', 'G', 'O']
C12967413,['G', 'G', 'G', 'G', 'G', 'G', 'G']
C55594327,['O', 'G', 'G', 'G', 'O', 'G', 'G']
C26541513,['G', 'G', 'G', 'G', 'G', 'G']
C59417370,['G', 'G', 'G', 'G', 'G']
C27308265,['G', 'G', 'G', 'G', 'G', 'G', 'G', 'G', 'G', 'O', 'G']
C35653165,['G', 'O', 'G', 'G', 'O', 'G', 'G', 'G', 'O', 'G']
C12967406,['G', 'O', 'G', 'G', 'G', 'G']
C16312055,['G', 'G', 'O', 'G', 'G', 'O', 'G', 'G', 'G']
C64085577,['O', 'G', 'G', 'G', 'G']
C04221728,['G', 'G', 'G', 'O', 'G', 'G', 'G', 'G', 'G', 'O', 'O', 'O', 'O']
C67124455,['G', 'G', 'G', 'G', 'G', 'G', 'G', 'G']
C66250892,['G', 'G', 'G', 'G', 'G']
C45074311,['O', 'G', 'G', 'O', 'G', 'G', 'G']
C04546317,['G', 'G', 'G', 'G', 'G', 'G', 'G', 'G', 'G', 'O']
C67174920,['G', 'G', 'G', 'G', 'G', 'G', 'G', 'G', 'G', 'G']
C65742641,['G', 'G', 'G', 'G', 'G', 'G', 'G', 'O']
C13212118,['G', 'G', 'G', 'G', 'O', 'O', 'O', 'G']
C22059287,['G', 'G', 'G', 'G', 'G', 'G', 'G', 'O']
C35457920,['G', 'G', 'G', 'G', 'G', 'G', 'G', 'G', 'O', 'G', 'G']
C50535061,['G', 'G', 'G', 'G', 'O']
C38549538,['O', 'G', 'G', 'O', 'O']
C67073669,['G', 'G', 'G', 'O', 'G', 'G', 'G', 'O', 'G']
C65734102,['G', 'G', 'O', 'G', 'O', 'O']
C13245649,['O', 'G', 'G', 'G', 'G', 'G', 'G', 'G', 'G', 'G', 'G', 'O', 'O', 'G']
C39936231,['G', 'G', 'G', 'O', 'G', 'G', 'G', 'G']
C32094057,['O', 'G', 'G', 'O', 'G', 'G', 'G', 'G']
C44699745,['G', 'G', 'G', 'G', 'G', 'O']
C04701253,['G', 'G', 'O', 'O', 'G', 'G']
C44174463,['G', 'G', 'G', 'G', 'G', 'G', 'G', 'O', 'G']
C64662404,['G', 'G', 'G', 'G', 'G', 'G', 'G', 'G']
C19798406,['G', 'O', 'G', 'O', 'G']
C16779088,['G', 'G', 'G', 'O', 'O', 'G', 'G', 'G', 'G']
C44028902,['O', 'G', 'G', 'O']
C66250916,['O', 'G', 'G', 'O', 'G']
C35465689,['G', 'G', 'G', 'G', 'G', 'G', 'G', 'G']
C25108166,['G', 'G', 'G', 'G', 'O']
C33931450,['G', 'G', 'G', 'G', 'G', 'O']
C66250875,['G', 'G', 'G', 'G', 'G']
C33893255,['G', 'G', 'G', 'O', 'G', 'G', 'G', 'G']
C38655982,['G', 'G', 'G', 'G', 'G', 'G', 'G']
C65739456,['G', 'G', 'G', 'G', 'O', 'G']
C13250088,['G', 'G', 'O', 'G', 'G', 'G', 'G', 'G', 'G']
C57421332,['G', 'O', 'G', 'G', 'G', 'G', 'O', 'G', 'G', 'G']
C15675338,['G', 'G', 'G', 'G', 'G', 'G', 'G', 'G', 'O', 'G', 'G', 'O']
C46772717,['G', 'G', 'G', 'G', 'G', 'G', 'G', 'G', 'G', 'G', 'G']
C65134680,['G', 'G', 'G', 'G', 'G', 'G', 'G', 'O', 'G', 'G']
C13270136,['G', 'G', 'G', 'G', 'G', 'G', 'G', 'G', 'G']
C63813326,['G', 'O', 'O', 'G', 'G', 'G', 'G', 'G']
C04903759,['G', 'G', 'G', 'G', 'O']
C35270861,['G', 'G', 'G', 'G', 'G', 'G', 'O']
C64476927,['G', 'G', 'G', 'G', 'G', 'G', 'O', 'G']
C35193485,['O', 'O', 'O', 'G', 'G', 'G', 'G', 'G']
C38655988,['O', 'G', 'O', 'G', 'G', 'G', 'G']
C13272599,['O', 'O', 'G', 'O', 'G', 'G', 'O', 'G']
C12885304,['G', 'O', 'G', 'G', 'G', 'G', 'G', 'G', 'G', 'G', 'G', 'G', 'G', 'G']
C13243144,['G', 'G', 'O', 'G', 'G', 'G', 'G', 'G', 'O', 'O', 'O']
C46865070,['G', 'G', 'G', 'G', 'G']
C58532935,['G', 'G', 'G', 'G', 'G', 'G', 'O']
C38675540,['G', 'G', 'G', 'G', 'G', 'G', 'G', 'G']
C59490006,['G', 'G', 'O', 'G', 'G', 'G', 'O', 'G', 'G']
C13302401,['O', 'G', 'G', 'G', 'G', 'G', 'G', 'G', 'G']
C31665222,['G', 'G', 'G', 'G', 'G', 'G', 'G']
C30757798,['G', 'G', 'G', 'G', 'G', 'G']
C13243767,['G', 'G', 'G', 'G', 'G', 'G', 'G', 'G', 'G', 'G', 'G', 'O', 'G', 'G']
C09970452,['O', 'G', 'G', 'O', 'G']
C38648213,['O', 'O', 'O', 'G']
C40376470,['G', 'G', 'G', 'G', 'G', 'O', 'G', 'O', 'O', 'O']
C52836278,['G', 'O', 'G', 'G', 'G', 'G', 'G', 'G', 'G', 'O', 'G']
C51444922,['G', 'G', 'G', 'G', 'G', 'O', 'O', 'G', 'O']
C01634754,['G', 'G', 'G', 'G', 'G']
C06827962,['G', 'G', 'G', 'G', 'G', 'G', 'O']
C38675537,['G', 'G', 'O', 'G', 'G', 'G', 'O', 'G']
C40168178,['G', 'G', 'G', 'G', 'G', 'G', 'G', 'G', 'G', 'G', 'G', 'G', 'G', 'G']
C35653090,['G', 'O', 'O', 'G', 'O']
C08613167,['G', 'G', 'G', 'G']
C67438066,['G', 'G', 'G', 'G', 'G', 'G', 'G']
C36366312,['G', 'G', 'G', 'G', 'O', 'G', 'G', 'G', 'G']
C03831425,['G', 'G', 'G', 'G', 'G', 'G', 'G']
C33654376,['G', 'G', 'G', 'O', 'G', 'G', 'G', 'G', 'G', 'G']
C04556682,['O', 'G', 'G', 'G', 'G', 'G', 'G', 'O']
C66250872,['G', 'G', 'G', 'O', 'G']
C13136339,['G', 'G', 'G', 'G', 'G', 'G', 'G', 'G', 'G']
C13032849,['G', 'G', 'G', 'G', 'G', 'G']
C35454685,['G', 'G', 'O', 'G', 'G', 'G', 'G', 'G', 'G', 'G']
C64939133,['G', 'G', 'G', 'G', 'G', 'G', 'G', 'G', 'G', 'G', 'G']
C25585106,['G', 'G', 'O', 'G', 'G', 'G']
C13276602,['G', 'G', 'G', 'G', 'G', 'G', 'G', 'G', 'G', 'G']
C40288150,['G', 'G', 'O', 'G', 'O', 'O']
C31666942,['G', 'G', 'G', 'G', 'G', 'G', 'G']
C39936230,['G', 'G', 'G', 'O', 'G', 'G', 'G', 'G']
C33855945,['G', 'G', 'G', 'O', 'G', 'G']
C13082408,['G', 'G', 'O', 'G', 'G', 'G', 'G', 'G', 'G', 'G', 'G']
C64328069,['G', 'G', 'G', 'G', 'G']
C64938659,['G', 'G', 'G', 'G', 'G', 'G', 'G', 'G', 'O', 'G']
C38633419,['O', 'G', 'G', 'G', 'G', 'G', 'O']
C13643028,['G', 'G', 'G', 'G', 'G']
C13277634,['G', 'G', 'G', 'G', 'G', 'G', 'O', 'G', 'G', 'G', 'G', 'G']
C61963676,['G', 'G', 'G', 'O', 'G', 'G', 'G', 'G', 'G']
C02266699,['O', 'G', 'G', 'G', 'G']
C66254203,['G', 'O', 'G', 'G', 'O']
C12483057,['G', 'G', 'G', 'G', 'G', 'O', 'G']
C03869424,['G', 'O', 'G', 'G', 'G', 'G']
C13522515,['G', 'G', 'G', 'G']
C59366506,['G', 'O', 'G', 'G', 'G']
C64938848,['G', 'G', 'G', 'G', 'G', 'G', 'G', 'G', 'G', 'G', 'G', 'G']
C13523828,['G', 'O', 'G', 'G']
C37436835,['O', 'O', 'G', 'G', 'G']
C35458295,['G', 'G', 'O', 'G', 'G', 'G', 'G', 'G', 'G', 'O']
C38979013,['O', 'O', 'G', 'G', 'G', 'G']
C51068386,['G', 'G', 'G', 'G', 'G', 'O', 'G', 'G']
C67244921,['G', 'G', 'O', 'O', 'G', 'G', 'G', 'G']
C21364262,['O', 'O', 'G', 'G', 'G', 'O', 'G', 'G', 'G', 'O']
C13469693,['O', 'G', 'G', 'O', 'G', 'O', 'G', 'G']
C54807253,['G', 'G', 'G', 'G', 'O', 'G', 'G', 'G', 'O', 'G', 'G', 'G']
C13526502,['G', 'G', 'O', 'G', 'G', 'G', 'G', 'G']
C22064323,['G', 'G', 'G', 'O', 'G', 'G', 'O', 'G', 'O']
C09170903,['G', 'O', 'G', 'G', 'G', 'G', 'G', 'G', 'G', 'G']
C44167980,['G', 'G', 'G', 'G']
C34377982,['G', 'G', 'G', 'O', 'O']
C64610664,['O', 'O', 'G', 'G', 'G', 'G', 'G']
C64669735,['G', 'G', 'G', 'G', 'G', 'G', 'G', 'G', 'O', 'O', 'G']
C33822033,['G', 'G', 'G', 'G', 'G', 'G', 'O', 'G']
C65869016,['O', 'G', 'G', 'G', 'G', 'O', 'G']
C64322614,['G', 'G', 'G', 'G', 'G', 'G', 'G', 'G']
C36092617,['G', 'G', 'G', 'G', 'G', 'G', 'G']
C40101791,['G', 'G', 'O', 'O', 'G', 'G', 'G', 'G', 'G', 'G']
C49601554,['O', 'G', 'G', 'G', 'G', 'O', 'G', 'G', 'G']
C05461009,['G', 'G', 'G', 'G', 'G']
C15205396,['G', 'G', 'G', 'G']
C34834923,['G', 'G', 'G', 'G', 'G', 'G']
C37115624,['G', 'G', 'G', 'O', 'O']
C13059255,['G', 'G', 'O', 'G', 'G']
C65747790,['G', 'G', 'G', 'G', 'G', 'O']
C27025426,['G', 'G', 'G', 'O', 'G', 'G', 'G']
C65733978,['G', 'G', 'O', 'G', 'G', 'G', 'G', 'G']
C59487915,['G', 'G', 'G', 'G', 'G', 'O', 'O', 'G', 'G']
C04706545,['G', 'G', 'G', 'G', 'G', 'G', 'G', 'G', 'G', 'O', 'G']
C43735548,['O', 'G', 'G', 'G', 'G', 'G', 'G']
C35643699,['G', 'G', 'O', 'G', 'G', 'G', 'O', 'G', 'G']
C39205606,['O', 'O', 'G', 'G', 'G', 'G', 'G', 'O']
C34920969,['G', 'G', 'G', 'G']
C25761469,['G', 'G', 'G', 'G', 'G', 'G']
C39336681,['O', 'O', 'G', 'G']
C58940306,['O', 'G', 'G', 'G', 'G', 'G', 'G', 'G']
C03860156,['G', 'G', 'G', 'G']
C09282855,['O', 'G', 'G', 'G', 'G', 'G']
C39939259,['G', 'G', 'G', 'G', 'G', 'O', 'O']
C21364678,['O', 'G', 'G', 'G', 'G', 'G', 'G', 'G', 'G', 'G']
C44170524,['G', 'O', 'G', 'G', 'G', 'G']
C39558468,['G', 'O', 'G', 'G', 'G', 'G', 'G', 'G']
C39482924,['G', 'G', 'G', 'O', 'G']
C13367278,['O', 'O', 'G', 'G', 'G', 'G', 'G']
C01842158,['G', 'G', 'G', 'G']
C22206714,['G', 'G', 'G', 'G', 'G', 'G', 'G', 'O', 'G', 'G']
C13243046,['G', 'G', 'G', 'G', 'G', 'G', 'G', 'G', 'G', 'G', 'G', 'O', 'O', 'O']
C15206006,['G', 'G', 'G', 'G', 'G']
C34834927,['G', 'G', 'G', 'G', 'G', 'G']
C51474011,['O', 'G', 'G', 'G', 'G', 'G', 'G']
C27644079,['O', 'G', 'G', 'G', 'O']
C62371287,['G', 'G', 'G', 'G', 'G', 'G', 'G', 'G', 'G', 'G']
C55329839,['O', 'G', 'G', 'O', 'G', 'G', 'G']
C65733980,['G', 'G', 'G', 'G', 'O', 'G', 'G', 'G']
C01610592,['G', 'G', 'G', 'G', 'G']
C03869425,['G', 'O', 'G', 'G', 'G', 'G']
C65743208,['G', 'G', 'G', 'G', 'O', 'G', 'G', 'G', 'G', 'G', 'O']
C39940360,['G', 'G', 'G', 'G', 'G', 'G', 'G']
C15333827,['O', 'G', 'G', 'G', 'G', 'G', 'G', 'G']
C55639345,['G', 'O', 'G', 'G', 'G', 'G', 'G']
C55575756,['G', 'O', 'G', 'G', 'G', 'G', 'G', 'G']
C64117760,['G', 'G', 'G', 'O', 'G', 'G']
C17143046,['G', 'O', 'O', 'G', 'G', 'G', 'G', 'O', 'G']
C40047983,['G', 'G', 'G', 'G', 'G', 'G', 'G', 'G', 'G', 'G']
C35458300,['G', 'G', 'G', 'G', 'G', 'G', 'G', 'G', 'G', 'O']
C47109667,['G', 'G', 'G', 'G', 'G', 'G', 'G']
C16900820,['G', 'G', 'G', 'G', 'G', 'O', 'O']
C25573903,['G', 'G', 'G', 'O', 'G', 'G', 'G']
C05672775,['G', 'O', 'O', 'G', 'G', 'G', 'O', 'G']
C12882220,['G', 'G', 'O', 'G', 'G', 'O', 'G', 'G', 'G', 'G', 'G', 'O', 'G', 'G', 'G']
C08653475,['G', 'G', 'G', 'G', 'G', 'G', 'O']
C51384008,['G', 'G', 'O', 'G', 'G', 'O', 'G', 'G', 'O']
C62930587,['G', 'O', 'G', 'G', 'G']
C43735355,['G', 'O', 'G', 'G', 'O', 'G', 'O']
C13277291,['G', 'G', 'G', 'G', 'G', 'G', 'G', 'G', 'G', 'G']
C65747913,['G', 'G', 'O', 'G', 'G', 'O', 'G', 'G', 'O']
C32089640,['O', 'G', 'O', 'O', 'G', 'G', 'G', 'O']
C13733732,['G', 'G', 'G', 'G', 'G', 'G', 'G', 'G']
C59490004,['G', 'O', 'G', 'O', 'G', 'G']
C13538982,['G', 'O', 'G', 'G']
C65315410,['G', 'G', 'G', 'G', 'G', 'O', 'G', 'G', 'G', 'O', 'G']
C60341691,['G', 'G', 'G', 'G', 'O', 'G']
C03830435,['G', 'G', 'G', 'G', 'O', 'G', 'G', 'G', 'G', 'G', 'G']
C08918145,['O', 'G', 'O', 'G', 'G', 'O', 'G', 'G', 'G', 'G', 'G', 'G', 'G']
C36359555,['G', 'G', 'O', 'O', 'G', 'G', 'G', 'G']
C35645512,['G', 'G', 'G', 'G', 'G', 'G', 'O', 'G', 'O']
C37436838,['O', 'G', 'G', 'G', 'G']
C39351890,['G', 'O', 'G', 'O', 'G']
C44934463,['G', 'G', 'G', 'O', 'O']
C50672612,['G', 'G', 'G', 'O', 'G']
C08551106,['G', 'G', 'G', 'G', 'G', 'G', 'G']
C04514067,['G', 'G', 'O', 'G']
C13060835,['G', 'G', 'G', 'G', 'G', 'G', 'G', 'G']
C65747783,['G', 'G', 'G', 'G', 'G', 'O']
C66331743,['G', 'G', 'G', 'G', 'G', 'O', 'O', 'O', 'G', 'G', 'G']
C05544356,['G', 'G', 'G', 'G']
C36324073,['G', 'G', 'G', 'O', 'G', 'G']
C35458436,['G', 'G', 'G', 'G', 'G', 'G', 'G', 'G', 'G', 'O']
C01493298,['G', 'G', 'G', 'O', 'G', 'G', 'G', 'G']
C48524539,['G', 'G', 'G', 'G', 'G', 'G', 'G', 'O', 'G', 'G']
C05533929,['G', 'G', 'G', 'G', 'G', 'O']
C34834916,['G', 'O', 'G', 'G', 'G', 'G']
C55632489,['G', 'O', 'G', 'G', 'G', 'G', 'G']
C55682378,['G', 'O', 'G', 'G', 'G']
C67314456,['O', 'G', 'G', 'G', 'G', 'G', 'G', 'G', 'G', 'O', 'G']
C21946020,['G', 'G', 'G', 'G', 'G', 'O', 'G', 'O', 'G', 'G']
C39937132,['G', 'G', 'G', 'O']
C06263192,['G', 'G', 'G', 'G', 'G', 'G']
C24981119,['G', 'G', 'G', 'G', 'G', 'G', 'G']
C27645507,['G', 'G', 'G', 'G', 'G', 'G', 'G', 'G', 'G', 'G', 'G', 'G', 'G', 'G', 'O', 'G', 'G', 'G']
C61882467,['G', 'G', 'G', 'G']
C51383942,['O', 'G', 'G', 'O', 'G', 'G', 'O', 'G', 'G', 'G']
C17176635,['G', 'O', 'G', 'G', 'G', 'G', 'G', 'G', 'G', 'G', 'G', 'G', 'G']
C13761331,['G', 'O', 'G', 'G', 'G', 'G', 'G', 'G', 'G', 'G', 'G']
C12882922,['G', 'O', 'G', 'G', 'G', 'G', 'G', 'O', 'O', 'G', 'G', 'G']
C44171737,['O', 'G', 'O', 'G', 'G']
C62371286,['G', 'O', 'G', 'G', 'G', 'G', 'G', 'G', 'G', 'G']
C16940649,['O', 'G', 'G', 'O', 'G', 'G', 'G', 'G', 'G']
C47495734,['G', 'G', 'G', 'G', 'G', 'G', 'G']
C49221709,['G', 'G', 'G', 'G', 'G', 'G', 'G', 'G', 'G', 'G', 'G', 'G']
C65743206,['G', 'G', 'G', 'G', 'G', 'G', 'O', 'G', 'G', 'G', 'O']
C44170882,['G', 'G', 'O', 'G', 'G', 'G', 'O', 'G', 'G', 'G']
C13058829,['G', 'G', 'G', 'G', 'G', 'O', 'G', 'G', 'G', 'G', 'G']
C65743205,['G', 'G', 'G', 'G', 'O', 'G', 'G', 'G', 'G', 'G', 'O']
C38965250,['O', 'G', 'O', 'G']
C02742375,['G', 'G', 'O', 'O', 'G', 'G', 'G', 'O']
C33934125,['G', 'G', 'G', 'G', 'G', 'G', 'O']
C40358642,['G', 'G', 'G', 'O', 'G', 'G', 'G', 'G', 'G']
C02995661,['G', 'G', 'G', 'G', 'G', 'O', 'G', 'G', 'G']
C04523148,['G', 'G', 'O', 'G', 'G']
C65748839,['G', 'G', 'G', 'G']
C13133727,['O', 'G', 'G', 'O', 'G']
C66230875,['G', 'G', 'G', 'G', 'G', 'G']
C17090154,['G', 'G', 'G', 'G', 'G', 'O', 'G', 'G', 'O']
C13035565,['G', 'G', 'O', 'O', 'G', 'G', 'O', 'G', 'O']
C38655520,['G', 'G', 'G', 'G', 'G', 'G']
C64475672,['G', 'G', 'G', 'G', 'G', 'O']
C67124486,['G', 'G', 'G', 'G', 'G', 'G', 'G', 'G', 'G', 'G', 'G']
C64428303,['G', 'G', 'G', 'G', 'G', 'G', 'G', 'G', 'G']
C13245788,['G', 'G', 'G', 'G', 'G', 'G', 'G', 'G', 'G', 'G', 'O', 'O', 'O']
C15275991,['O', 'G', 'G', 'G', 'G', 'G', 'O']
C31909125,['G', 'G', 'G', 'G', 'G']
C58249917,['O', 'G', 'G', 'G', 'G', 'G', 'G']
C37116889,['G', 'G', 'G', 'G', 'O']
C02251613,['G', 'G', 'O', 'G', 'G', 'G', 'G']
C40046863,['G', 'G', 'O', 'G', 'G', 'G', 'G', 'G', 'G']
C41071201,['G', 'G', 'G', 'G']
C65734976,['G', 'G', 'O', 'G', 'G']
C15206140,['G', 'G', 'O', 'G', 'G', 'G', 'G']
C45800221,['G', 'G', 'G', 'G', 'G', 'O', 'G']
C65739396,['G', 'G', 'G', 'O']
C12324128,['G', 'G', 'G', 'O', 'G', 'G', 'G', 'G', 'G', 'O', 'G']
C67311773,['G', 'G', 'G', 'G', 'G', 'G', 'G', 'G', 'G', 'G', 'G']
C16855330,['G', 'G', 'G', 'G', 'G', 'O', 'G', 'G', 'G', 'G', 'G', 'G', 'G', 'G', 'G']
C44075719,['G', 'G', 'G', 'G', 'G', 'O', 'G', 'O', 'G', 'G', 'G', 'G']
C66055318,['O', 'G', 'G', 'G', 'G', 'G', 'G', 'G', 'G']
C16942812,['G', 'G', 'G', 'O', 'G', 'G', 'O']
C04627762,['G', 'G', 'G', 'G', 'G', 'G', 'G', 'G', 'G', 'G']
C27645527,['G', 'G', 'G', 'O', 'G', 'G', 'G', 'G', 'G', 'G', 'G', 'G', 'G', 'G', 'O', 'G', 'G', 'G']
C08586021,['G', 'G', 'G', 'G', 'G', 'G']
C65190156,['G', 'G', 'G', 'G', 'G', 'G', 'G', 'O']
C55549401,['G', 'G', 'G', 'G', 'G', 'G', 'G']
C67059909,['G', 'G', 'O', 'G', 'G', 'G', 'G', 'G', 'G', 'G', 'G']
C15206251,['G', 'G', 'G', 'G', 'G', 'G', 'G', 'O']
C38171444,['G', 'O', 'G', 'G', 'G']
C63156169,['G', 'G', 'G', 'G', 'G']
C35024783,['G', 'G', 'G', 'G', 'G', 'G']
C18194716,['O', 'G', 'O', 'O', 'G', 'G', 'O']
C16900780,['G', 'G', 'G', 'G', 'G', 'G', 'G', 'O']
C12176502,['G', 'G', 'G', 'G', 'G', 'G', 'G', 'G']
C60341680,['G', 'G', 'G', 'G', 'G', 'G', 'G', 'G']
C08870844,['O', 'G', 'O', 'G', 'G', 'G', 'G', 'G']
C65128738,['G', 'G', 'G', 'O', 'G', 'G', 'G', 'G', 'G', 'G']
C66577725,['G', 'G', 'G', 'G', 'G', 'G']
C12405084,['G', 'G', 'G', 'G', 'G', 'G']
C13031686,['G', 'G', 'G', 'G', 'G', 'G', 'G', 'G']
C04543577,['G', 'O', 'G', 'G', 'G', 'G']
C21011795,['G', 'O', 'G', 'G', 'O', 'O']
C66254040,['G', 'G', 'G', 'G', 'G']
C12362073,['G', 'G', 'G', 'G', 'G', 'G', 'G', 'O']
C64884048,['G', 'G', 'G', 'G', 'G', 'G', 'G', 'G', 'G', 'G', 'G', 'G']
C27642350,['G', 'G', 'G', 'G', 'G', 'G', 'G', 'G', 'O', 'O', 'G', 'G', 'G', 'O']
C55357131,['G', 'G', 'G', 'G', 'G', 'G', 'G', 'G', 'G', 'G']
C13250695,['G', 'G', 'O', 'O', 'G', 'G', 'G', 'G', 'G']
C13399349,['G', 'G', 'O', 'G', 'G', 'G', 'O', 'G', 'G']
C45028309,['O', 'G', 'G', 'G', 'G', 'G', 'O']
C38581022,['G', 'G', 'G', 'G']
C19796123,['G', 'G', 'G', 'G', 'G', 'G', 'G', 'G', 'G', 'G']
C38655518,['G', 'G', 'G', 'G', 'G', 'G']
C05273793,['O', 'G', 'G', 'G', 'G', 'G', 'G']
C60442236,['O', 'G', 'G', 'G', 'G', 'O']
C59417373,['G', 'G', 'G', 'G', 'G', 'G', 'G']
C41069997,['G', 'G', 'G', 'O', 'G']
C43218418,['G', 'O', 'G', 'G', 'O', 'G', 'G', 'G', 'O']
C03830434,['G', 'G', 'G', 'G', 'G', 'G', 'G', 'G', 'G', 'G', 'G']
C40046455,['G', 'O', 'G', 'G', 'G', 'G']
C09698202,['G', 'G', 'G', 'G', 'O', 'G']
C11616628,['G', 'G', 'G', 'G', 'G', 'G', 'G', 'O', 'G', 'G', 'G', 'O']
C13434883,['G', 'G', 'G', 'G', 'G', 'G', 'G', 'G']
C04012613,['G', 'G', 'O', 'G', 'G', 'G', 'G', 'G', 'G', 'O']
C32102211,['O', 'G', 'G', 'O', 'G', 'G', 'G', 'G']
C39372450,['G', 'G', 'G', 'G', 'G', 'G', 'G', 'G']
C26892739,['O', 'G', 'G', 'G', 'G', 'G', 'G', 'G', 'G']
C11615968,['G', 'G', 'G', 'G', 'G', 'O', 'G', 'G', 'G', 'G']
C25131599,['O', 'G', 'G', 'O', 'G', 'G', 'G']
C11616627,['O', 'G', 'G', 'G', 'G', 'G', 'G', 'G', 'O', 'G', 'G', 'O']
C13406223,['G', 'G', 'G', 'G', 'G', 'G', 'O', 'O', 'G']
C66589422,['G', 'G', 'G', 'G', 'G', 'G', 'G', 'G']
C43537176,['G', 'G', 'G', 'G', 'G', 'O', 'G', 'G', 'O', 'G', 'G', 'O']
C65128132,['G', 'G', 'G', 'G', 'G', 'G', 'G', 'G', 'G', 'G', 'O']
C33751431,['G', 'G', 'G', 'G', 'G', 'G']
C13453760,['G', 'G', 'G', 'G', 'G', 'G', 'G', 'G']
C44136444,['G', 'G', 'G', 'G', 'O']
C04216500,['G', 'G', 'G', 'G', 'G', 'O']
C13761329,['G', 'O', 'G', 'G', 'G', 'G', 'G', 'G', 'G', 'G', 'G']
C13464161,['G', 'G', 'G', 'G', 'G', 'O', 'G']
C59293255,['G', 'G', 'G', 'G', 'G', 'G']
C35340837,['G', 'G', 'G', 'G', 'G', 'O', 'G', 'G', 'G', 'G', 'G', 'G', 'G']
C38653355,['G', 'G', 'G', 'G', 'G', 'G', 'G']
C62226329,['G', 'G', 'G', 'G', 'G', 'G', 'O', 'G', 'G', 'G', 'G', 'G', 'G']
C13249319,['G', 'G', 'G', 'G', 'G', 'G', 'G']
C49601641,['G', 'G', 'G', 'O', 'G', 'G', 'O']
C15675187,['G', 'G', 'G', 'G', 'G', 'G', 'G', 'O', 'G', 'G', 'O']
C65733983,['G', 'G', 'G', 'G', 'O', 'G', 'G', 'G']
C13829431,['G', 'G', 'G', 'G', 'G']
C13059267,['G', 'G', 'O', 'G', 'G', 'G', 'G', 'G']
C06135574,['G', 'G', 'G', 'G', 'G']
C39159863,['G', 'G', 'G', 'G', 'G', 'G', 'G']
C32102209,['O', 'G', 'G', 'O', 'G', 'G', 'G', 'G']
C64898648,['G', 'G', 'O', 'G', 'G', 'G', 'G', 'G', 'G', 'G', 'O']
C40358534,['G', 'O', 'O', 'G', 'G', 'G', 'G']
C27642337,['G', 'G', 'G', 'G', 'G', 'G', 'G', 'G', 'O', 'O', 'O', 'G', 'G', 'O']
C44021613,['G', 'G', 'G', 'O', 'G', 'G', 'O', 'G', 'O']
C08586022,['G', 'G', 'G', 'G', 'O', 'G']
C65833154,['G', 'G', 'G', 'G', 'G']
C41962311,['G', 'G', 'G', 'G', 'G', 'G', 'G', 'G']
C12870089,['G', 'G', 'G', 'G', 'G', 'G', 'G', 'O']
C32099391,['G', 'G', 'O', 'G', 'G', 'G', 'G', 'G']
C16940396,['G', 'G', 'G', 'G', 'G']
C34943346,['G', 'G', 'G', 'G', 'G', 'G', 'G', 'G', 'O']
C38818017,['G', 'G', 'G', 'O', 'G', 'O', 'G', 'G', 'G', 'G', 'G']
C17326403,['G', 'G', 'G', 'G']
C55677246,['G', 'G', 'G', 'G', 'G', 'O']
C06157463,['G', 'G', 'G', 'O', 'G', 'G', 'O']
C35799626,['G', 'G', 'G', 'G', 'G', 'G', 'G', 'O']
C16942083,['G', 'G', 'G', 'G', 'G', 'G', 'G', 'G', 'G', 'G']
C38665478,['G', 'G', 'G', 'G']
C66587260,['G', 'G', 'G', 'G', 'G', 'G']
C12484540,['G', 'G', 'G', 'G', 'G', 'G', 'G', 'G']
C08488911,['G', 'O', 'G', 'G', 'G', 'G', 'O', 'G', 'O', 'G', 'G', 'G', 'G']
C05315941,['O', 'O', 'G', 'G', 'G', 'G']
C12885481,['G', 'O', 'G', 'G', 'G', 'G', 'O', 'G', 'O', 'G', 'G', 'G', 'G', 'G']
C63311965,['G', 'G', 'G', 'O', 'G', 'G', 'O']
C19782323,['G', 'G', 'G', 'G', 'G', 'G']
C44169145,['G', 'G', 'G', 'G', 'G', 'G', 'G', 'O']
C39665615,['G', 'G', 'O', 'G', 'G', 'G', 'G', 'G', 'G', 'G']
C16939938,['G', 'G', 'O', 'G', 'G', 'O', 'G']
C12882304,['G', 'O', 'G', 'G', 'G', 'G', 'O', 'G', 'O', 'G', 'G', 'G', 'G', 'G']
C38655515,['G', 'G', 'G', 'G', 'G', 'G']
C39205607,['G', 'G', 'G', 'G', 'G', 'G', 'G', 'O']
C48533059,['G', 'G', 'G', 'G', 'G', 'G']
C55589065,['G', 'G', 'G', 'O', 'G', 'G', 'G']
C03129732,['O', 'G', 'G', 'G', 'G']
C31163699,['G', 'G', 'G', 'G', 'G', 'G', 'G', 'G', 'G', 'O']
C14773871,['G', 'G', 'O', 'G', 'G', 'O', 'G']
C44170561,['G', 'G', 'G', 'G', 'G', 'G', 'G', 'G', 'G']
C66290428,['G', 'G', 'G', 'G', 'O']
C64589753,['G', 'G', 'O', 'G', 'O', 'O', 'G', 'G', 'G', 'G', 'G']
C62725159,['G', 'G', 'G', 'G', 'G', 'G', 'G']
C35614467,['G', 'O', 'G', 'G', 'G', 'G', 'G', 'O', 'O']
C19330114,['G', 'G', 'G', 'G', 'G', 'G', 'G']
C04543881,['G', 'G', 'G', 'G', 'G', 'O', 'G', 'G', 'G', 'G', 'G', 'G']
C65207459,['G', 'G', 'G', 'G', 'G', 'G', 'G', 'G', 'O', 'G', 'G']
C44170565,['G', 'G', 'G', 'G', 'G', 'G', 'G', 'G', 'G']
C12504005,['G', 'G', 'G', 'G']
C57295177,['G', 'G', 'G', 'O', 'G', 'G', 'G', 'G', 'G', 'G', 'G', 'O']
C23629046,['G', 'G', 'G', 'G', 'G', 'O', 'G', 'G', 'G']
C67124141,['O', 'G', 'G', 'G', 'O', 'G', 'G']
C65179235,['G', 'G', 'G', 'G', 'G', 'G', 'G', 'G', 'O']
C65131235,['G', 'G', 'G', 'G', 'G', 'G', 'G', 'G', 'O', 'G', 'O']
C47109658,['G', 'G', 'G', 'G', 'G', 'G', 'G']
C38557565,['G', 'O', 'G', 'G', 'G', 'O', 'G', 'G', 'G', 'G', 'G', 'G']
C38654066,['G', 'G', 'G', 'G', 'G', 'G', 'G']
C13466019,['G', 'G', 'G', 'G', 'G', 'O']
C12865795,['G', 'G', 'G', 'G', 'O', 'G', 'G', 'G', 'G', 'O', 'G', 'G', 'G']
C55589064,['G', 'G', 'G', 'G', 'G', 'G', 'G']
C54501920,['G', 'G', 'G', 'G', 'G', 'G', 'G', 'G', 'G', 'G', 'O']
C38337231,['G', 'G', 'G', 'G', 'G', 'G', 'G', 'G', 'G']
C05596802,['G', 'G', 'O', 'G', 'O', 'G', 'G']
C08918337,['G', 'O', 'G', 'O', 'G', 'G', 'G', 'G', 'O', 'O', 'G', 'G', 'G']
C34235761,['G', 'G', 'G', 'G', 'G', 'G', 'O']
C34941080,['G', 'G', 'G', 'G', 'G', 'G', 'G', 'G', 'G', 'G', 'O']
C44559715,['G', 'G', 'G', 'G']
C39955943,['G', 'G', 'G', 'G', 'G', 'G', 'O']
C35271423,['O', 'G', 'G', 'G', 'G', 'G', 'G', 'O', 'O', 'G', 'G']
C65742978,['G', 'G', 'G', 'G', 'O']
C12881448,['G', 'G', 'O', 'G', 'G', 'O', 'G', 'G', 'G', 'G', 'G', 'O', 'G', 'G', 'G']
C49601681,['G', 'G', 'G', 'O', 'G', 'O', 'G', 'G', 'O']
C34235758,['G', 'G', 'G', 'G', 'G', 'G', 'O']
C66700784,['G', 'G', 'O', 'G', 'G', 'G', 'G', 'G', 'G', 'G', 'G']
C20065833,['G', 'O', 'G', 'G', 'G', 'G', 'G', 'G', 'G']
C02136458,['G', 'G', 'G', 'G', 'G', 'O', 'G', 'G', 'G']
C63878902,['G', 'G', 'G', 'G', 'G']
C58867064,['G', 'G', 'G', 'G', 'G', 'O', 'G', 'G', 'O', 'G']
C43740560,['G', 'O', 'G', 'G', 'G', 'G', 'G']
C65748396,['G', 'G', 'O', 'G', 'G', 'G', 'O', 'G', 'G', 'G', 'O']
C63632705,['G', 'O', 'G', 'G', 'O', 'G', 'G', 'G', 'G', 'G', 'G']
C03840155,['G', 'G', 'O', 'G', 'G', 'G', 'G', 'O', 'G', 'O', 'O']
C54502815,['G', 'G', 'G', 'G', 'G', 'G', 'G', 'G']
C55595754,['G', 'G', 'G', 'O', 'G']
C04095838,['O', 'G', 'G', 'O']
C13757360,['G', 'G', 'G', 'G', 'G', 'G', 'G']
C25476595,['G', 'G', 'G', 'G', 'G', 'G', 'G', 'O', 'G', 'G']
C63156886,['O', 'G', 'G', 'G', 'G', 'G']
C39944747,['O', 'G', 'G', 'O']
C03830441,['O', 'G', 'G', 'G', 'G', 'G', 'G', 'O', 'G', 'O']
C35464022,['G', 'G', 'G', 'G', 'G', 'G', 'G', 'G', 'G', 'G', 'G', 'G', 'G', 'G', 'G']
C64899929,['G', 'G', 'G', 'G', 'G', 'G', 'G', 'O', 'G', 'G']
C02810835,['G', 'G', 'G', 'G', 'G']
C08790303,['O', 'G', 'G', 'G', 'G', 'O', 'G', 'O', 'G', 'G', 'G', 'G', 'G', 'G', 'G']
C33721830,['G', 'G', 'G', 'G', 'G', 'G', 'G', 'G', 'G']
C13062171,['G', 'G', 'O', 'G', 'O', 'G', 'G', 'G', 'G']
C04235308,['O', 'G', 'G', 'O', 'G']
C60341733,['G', 'G', 'G', 'G', 'G', 'G']
