C39777061,['G', 'G', 'O', 'O', 'G', 'G']
C23990067,['G', 'G', 'G', 'G', 'G', 'G', 'G']
C37379707,['G', 'G', 'G', 'G', 'G', 'G', 'G', 'O', 'G']
C40975958,['O', 'O', 'O', 'G', 'G', 'G', 'G', 'G']
C35526407,['G', 'G', 'G', 'G', 'G', 'G', 'G', 'O', 'G']
C39689490,['G', 'G', 'G', 'G', 'G', 'G', 'G', 'G']
C36798427,['G', 'G', 'G', 'G', 'G', 'G']
C12705531,['G', 'G', 'O', 'G', 'O', 'G', 'G', 'G']
C24238648,['G', 'G', 'G', 'G', 'G', 'G', 'G']
C12534261,['G', 'O', 'G', 'G', 'O', 'G', 'G', 'G']
C17665380,['O', 'G', 'G', 'O', 'G']
C15156346,['G', 'O', 'G', 'O', 'G', 'G', 'O']
C51236490,['O', 'G', 'G', 'G', 'G', 'G']
C32541193,['G', 'O', 'G', 'G', 'O', 'G', 'G', 'G', 'O', 'G', 'G']
C67536752,['O', 'G', 'G', 'G', 'O', 'O']
C03295650,['G', 'G', 'G', 'G', 'O', 'G']
C12844349,['G', 'O', 'G', 'O', 'G', 'G', 'O']
C15225551,['G', 'G', 'G', 'G', 'G', 'G', 'O']
C38937219,['G', 'G', 'G', 'G', 'G', 'G', 'G', 'O']
C45913828,['O', 'G', 'O', 'O']
C21253784,['G', 'O', 'G', 'O']
C61373159,['G', 'G', 'G', 'G', 'G', 'G', 'G']
CHEMBL373082,['G', 'G', 'G', 'G', 'O', 'G', 'G', 'G', 'O']
C47367064,['G', 'G', 'G', 'G', 'G', 'G']
C00919265,['G', 'O', 'G', 'G']
C25677172,['O', 'O', 'O', 'G', 'G']
C39699765,['G', 'G', 'G', 'O', 'G', 'G', 'O', 'G']
C09138354,['G', 'G', 'G', 'O', 'G', 'G', 'G', 'G', 'G', 'G']
C64392099,['O', 'O', 'G', 'G', 'G', 'O']
C54501406,['G', 'O']
C39995096,['G', 'G', 'G', 'G', 'G', 'O', 'O']
C03066305,['G', 'G', 'G', 'G']
C62569512,['G', 'G', 'G', 'G', 'G', 'G', 'G', 'O', 'O', 'G']
CHEMBL370173,['G', 'G', 'G', 'O', 'O', 'G', 'G', 'G', 'O']
C14743430,['G', 'G', 'G', 'G', 'G', 'G']
C03294286,['O', 'G', 'G', 'G', 'G']
C09620547,['O', 'G', 'G', 'G', 'G', 'O', 'O']
C33416853,['G', 'O', 'G', 'G', 'G', 'G']
C10188286,['O', 'G', 'G', 'G', 'G', 'G', 'G', 'G', 'G']
C67543458,['G', 'G', 'G', 'O', 'G', 'O']
C39937992,['O', 'O', 'G', 'G', 'G', 'G', 'G']
C40760552,['G', 'O', 'O', 'O', 'G']
C67574818,['G', 'G', 'G', 'G', 'G', 'G']
C08763301,['O', 'G', 'G', 'O', 'G', 'G']
C08461674,['O', 'G', 'O', 'G', 'G']
C08528975,['G', 'O', 'G', 'G']
C29589359,['G', 'G', 'G', 'G', 'G', 'G']
C17665625,['G', 'G', 'G', 'O', 'G']
C21321623,['G', 'G', 'O', 'G', 'G', 'O']
C10321548,['G', 'G', 'G', 'G', 'G', 'G', 'G', 'G']
C15234761,['G', 'O', 'G', 'G', 'G', 'O', 'G']
C63502774,['G', 'O', 'G', 'G', 'G', 'O', 'G', 'G']
C08906610,['G', 'G', 'G', 'G', 'O', 'G', 'G', 'G', 'G']
C06588903,['O', 'O', 'G', 'G', 'G', 'G']
C04193520,['G', 'G']
C59882653,['G', 'G', 'G', 'G', 'G', 'G', 'G', 'G']
C29897856,['G', 'G', 'G', 'G', 'G', 'G', 'G', 'G', 'G', 'G']
C59850062,['G', 'G', 'G', 'G', 'G']
C02219244,['G', 'G']
CHEMBL196637,['O', 'G', 'G', 'G', 'O', 'O']
C25168512,['G', 'G', 'O', 'G', 'G', 'G', 'G']
C22468322,['G', 'G', 'G', 'G', 'G', 'G']
C04245239,['G', 'G', 'G']
C05035282,['O', 'G', 'G', 'O', 'G']
C23055546,['G', 'G', 'G', 'O', 'G']
C64392170,['G', 'G', 'G', 'G', 'G', 'G']
C07417312,['G', 'G', 'G', 'G', 'G', 'G']
C14180776,['G', 'O', 'G', 'G', 'G', 'G']
C13477476,['G', 'G', 'O', 'G', 'G']
C12805608,['G', 'G', 'G', 'G', 'G', 'G']
C67261193,['G', 'G', 'G', 'G', 'G', 'G']
C11789643,['O', 'G', 'G', 'G', 'G', 'G', 'G', 'G', 'G', 'O']
C15011962,['G', 'G', 'G', 'O', 'G']
C22111361,['G', 'O', 'G', 'G', 'G']
C48361713,['G', 'G', 'G', 'O', 'G', 'G']
C45818916,['G', 'G', 'G', 'G', 'G', 'G', 'G', 'G', 'G']
C39750845,['G', 'G', 'G', 'G', 'O', 'G', 'G', 'G', 'G', 'G']
C67034315,['G', 'G', 'G', 'G', 'G', 'O']
C12713174,['G', 'G', 'O', 'G', 'G']
C01131889,['G']
C52475602,['G', 'G', 'G', 'G']
C63626063,['G', 'G', 'G', 'G', 'G', 'G', 'G', 'G']
C29785280,['O', 'G', 'G', 'G', 'G', 'G']
C40497734,['G', 'G']
CHEMBL213661,['G', 'G', 'G', 'G', 'G']
C23581350,['G', 'G', 'G', 'G', 'G', 'G', 'G', 'G', 'O', 'O']
C39654042,['O', 'O', 'G', 'G', 'G', 'G', 'G', 'G', 'G']
C51437494,['G', 'G', 'G', 'G', 'O']
C02553106,['G', 'G', 'G', 'G', 'G', 'G']
C01006919,['G', 'G', 'G', 'O', 'G']
C39576639,['G', 'G', 'G', 'O', 'G']
C01341231,['G', 'G', 'G', 'O', 'O', 'G', 'G', 'G', 'O']
C39652984,['G', 'G', 'G', 'G', 'O', 'G', 'G', 'G', 'G']
C22989714,['O', 'G', 'G', 'G', 'G', 'G', 'O', 'G', 'G']
C14135117,['G', 'G', 'G', 'G', 'G', 'G', 'G', 'G', 'G']
C17302281,['G', 'G', 'G', 'G']
C33359434,['G', 'G', 'G']
C12452606,['G', 'G', 'O', 'O', 'G', 'G', 'G']
C20375371,['G', 'G', 'G', 'O', 'G', 'G', 'O', 'G']
C06505139,['G', 'G', 'G', 'O', 'G', 'O']
C39687103,['G', 'G', 'G', 'G', 'G', 'G', 'G', 'G']
C46169168,['G', 'G', 'G', 'G', 'G']
C12713171,['G', 'G', 'G', 'G', 'G']
C15865175,['O', 'G', 'O']
C57114644,['O', 'G', 'O', 'G', 'G', 'G', 'G', 'G', 'G']
C20649795,['G', 'G', 'G']
C39753244,['G', 'G', 'G', 'G', 'O', 'G', 'G', 'G', 'G']
C56759206,['G', 'G', 'G', 'G', 'O', 'G', 'O']
C22033444,['G', 'G', 'G', 'G']
C08763599,['G', 'G', 'O', 'G', 'G', 'G', 'G', 'G']
C21603745,['G', 'G', 'G', 'G', 'O', 'O', 'G', 'G']
C53047823,['O', 'G', 'G', 'G', 'G']
C04644345,['G', 'G', 'O', 'G', 'O']
C67543854,['O', 'G', 'O', 'G', 'G', 'G']
C08643826,['G', 'G', 'G', 'O', 'G', 'G', 'O']
C04148839,['O', 'O', 'G', 'O', 'O']
C47499453,['G', 'G', 'G', 'G', 'O', 'G', 'G', 'G']
C25948718,['G', 'G', 'G', 'G', 'O', 'G', 'G', 'G', 'G', 'G']
C39491740,['G', 'G', 'G', 'G', 'G', 'G', 'G', 'G', 'G']
C07875731,['G', 'O', 'O', 'G', 'G']
C14607583,['G', 'O', 'O']
C06136022,['O', 'G', 'G', 'O', 'G', 'G']
C63833099,['G', 'G', 'G', 'G', 'G', 'G', 'O']
C08793542,['G', 'O', 'G', 'G', 'G', 'G', 'O', 'O', 'G', 'G']
C06661765,['G', 'O', 'O']
C14607556,['G', 'O', 'O']
C00709673,['G', 'G', 'G', 'G']
C08328064,['G', 'O', 'G', 'G', 'G']
CHEMBL372696,['G', 'G', 'G', 'O', 'G', 'G', 'G', 'G', 'O']
C21928528,['O', 'G', 'O', 'O', 'G']
CHEMBL490001,['G', 'G', 'G', 'G', 'G', 'O']
CHEMBL382077,['G', 'G', 'G', 'G', 'G', 'G', 'G', 'G']
C47328424,['G', 'G', 'O', 'G', 'G']
C09455724,['O', 'G']
C12321459,['G', 'G', 'G', 'G', 'O']
C03380522,['G', 'G', 'O', 'G', 'G', 'G', 'G', 'G', 'G']
C50956425,['G', 'O', 'G']
CHEMBL440386,['O', 'G', 'G', 'G', 'G', 'O']
C39676564,['G', 'G', 'G', 'G', 'G', 'G', 'G', 'G', 'G']
C42356729,['O', 'O', 'G', 'G', 'O', 'O']
C19852137,['G', 'G', 'G', 'G']
C24747606,['G', 'G', 'G', 'G', 'G']
C20132930,['G', 'G']
C49421113,['G', 'G', 'G', 'G', 'O', 'O']
C38585928,['G', 'G', 'G', 'G', 'G', 'G', 'G']
C02835549,['G', 'G', 'G', 'G', 'O', 'O']
C15705281,['G', 'G', 'G', 'G', 'G', 'G', 'G', 'G']
C21248022,['G', 'G', 'O', 'O']
CHEMBL372862,['O', 'G', 'G', 'G', 'O', 'O']
C14532567,['G', 'G', 'G', 'O', 'G', 'G', 'G', 'G']
C01356336,['G', 'G', 'G', 'G']
C12242023,['G', 'G', 'G', 'G', 'G', 'O', 'G', 'G', 'O']
C16405900,['G', 'G', 'G', 'G']
C40120245,['G', 'G', 'G', 'G', 'G', 'G', 'O', 'G', 'G']
C21928912,['G', 'O', 'G', 'O', 'G']
C43535266,['G', 'G', 'G', 'G', 'G', 'G']
C62590014,['G', 'G', 'G', 'G', 'O', 'G', 'G', 'G']
C39767789,['G', 'G', 'G', 'G', 'O', 'O', 'O', 'G', 'G', 'G']
C57866412,['O', 'G', 'O']
C24870485,['G', 'G', 'G', 'G', 'G', 'G', 'O', 'G', 'G']
C20820242,['O', 'G', 'G', 'G', 'G', 'G', 'O', 'G', 'G', 'G']
C46577149,['O', 'G', 'G', 'G', 'G']
C08738976,['G', 'G', 'G']
C03343422,['O', 'G', 'G', 'O', 'G', 'G']
CHEMBL442404,['G', 'G', 'G', 'G', 'G', 'G', 'O', 'O']
C39675358,['G', 'G', 'G', 'G', 'G', 'G', 'G', 'G', 'G', 'G']
C02879225,['O', 'G', 'G', 'O', 'G', 'O', 'G', 'G', 'O']
C20841998,['G']
C24030236,['G', 'O', 'G', 'G', 'G', 'G', 'G']
C54929521,['G', 'G', 'G', 'G', 'G']
C04755683,['O', 'G', 'G', 'G']
C67513564,['G', 'G', 'O']
C12192183,['G', 'G', 'G', 'G', 'G', 'G']
C36630385,['G', 'G', 'G', 'G', 'G', 'G', 'O', 'G', 'G', 'G', 'G']
C33088179,['G', 'G', 'G']
C40547725,['G', 'G', 'O', 'O', 'G', 'G', 'G']
C06455969,['O', 'G', 'G', 'G', 'G']
C08312932,['G', 'G', 'G', 'G', 'G', 'G']
C04627240,['O', 'G', 'O']
C66851174,['G', 'G', 'G', 'G']
C36289692,['G', 'O', 'G', 'G', 'G']
C01327687,['O', 'O', 'G', 'G', 'G', 'G', 'G', 'G', 'G', 'G']
C36066867,['O', 'O', 'G', 'G', 'O']
C66445269,['O', 'O', 'G', 'G', 'G', 'G']
C15322865,['G', 'G', 'G', 'O', 'G', 'G', 'G', 'O', 'G']
C29334998,['G', 'G', 'G', 'G', 'G']
C63182774,['G', 'G', 'G', 'G', 'G', 'G', 'G', 'G', 'O']
C02398456,['O', 'G', 'G', 'G', 'G', 'G']
C09375876,['G', 'G', 'G', 'G', 'G']
CHEMBL490175,['G', 'O']
C20908299,['G', 'G', 'G', 'G', 'O', 'G']
C22639686,['G', 'G', 'G', 'G', 'G', 'G', 'G']
C36296531,['G', 'G', 'G']
C09229473,['G', 'G', 'G', 'G', 'G', 'G', 'O', 'O', 'O']
C53281869,['G', 'O', 'G', 'G', 'G', 'G']
C13039811,['G', 'G', 'G', 'G', 'G', 'G', 'O']
C09402837,['G', 'G', 'O', 'G', 'G', 'G', 'O', 'O']
CHEMBL372478,['G', 'G', 'G', 'G', 'G', 'G', 'G', 'G', 'O']
C25055665,['G', 'O', 'O']
C09280853,['G', 'G', 'G', 'G', 'G']
C63547657,['O', 'O', 'G', 'G', 'G', 'G']
C01193606,['O', 'G', 'G', 'G', 'G', 'G']
C42190382,['O', 'G', 'G', 'G', 'O', 'G']
C00653745,['G', 'G', 'G']
C13511799,['G', 'G', 'G', 'G', 'G', 'G', 'O', 'G']
C40780775,['O', 'G', 'O']
C07048698,['G', 'G', 'G', 'G', 'G']
C29351909,['G', 'G', 'G', 'G', 'O', 'G', 'O']
C09607199,['G', 'G', 'G', 'G', 'G', 'G', 'G']
C12183547,['G', 'G', 'G', 'G', 'O']
C05968104,['G']
C02408686,['G']
C48134646,['G', 'G', 'G', 'G', 'G', 'G']
C09575373,['O', 'O', 'G', 'G', 'G', 'G']
C33263676,['O', 'G', 'G', 'G', 'G', 'O', 'G', 'O']
C14181953,['G', 'O']
C49784049,['O', 'G', 'O', 'O']
C06214090,['G', 'G', 'O', 'O', 'O']
C40412864,['G', 'G', 'G', 'G']
C03877392,['G', 'G', 'O', 'G']
C01575312,['G', 'O', 'G', 'G', 'G', 'G', 'O']
CHEMBL99889,['G', 'G', 'G', 'G', 'O', 'G', 'G']
C12458597,['O', 'G', 'G', 'G', 'O', 'G']
C19715843,['G', 'G', 'G', 'G', 'G']
C00714280,['G']
C04911471,['G', 'G', 'G', 'G', 'G']
C34750156,['O', 'G', 'G', 'G', 'G', 'O']
C67471940,['O', 'G', 'G', 'G', 'G']
CHEMBL196687,['G', 'O', 'G', 'G', 'G', 'G', 'O']
C08063878,['G', 'O', 'G']
C13563428,['G', 'G', 'G', 'O', 'G', 'O', 'G', 'G', 'G']
C25362089,['G', 'G', 'G', 'G', 'G', 'G', 'G']
C45557395,['G', 'G', 'G', 'O', 'G', 'G', 'G', 'G']
C15068331,['G', 'G', 'O', 'G', 'O', 'G']
C36813341,['G', 'G']
C22535497,['O', 'G', 'G', 'G', 'G']
C34262731,['G', 'G', 'G', 'O', 'G']
C36821029,['G', 'G', 'G', 'G', 'G', 'O', 'G', 'G']
C18270734,['G', 'G']
C45607376,['O', 'O', 'G', 'O', 'G', 'G']
C17015810,['G', 'G', 'O', 'G', 'G', 'G', 'G', 'G']
C04867490,['G', 'G', 'O', 'G', 'G', 'G', 'G']
C14045730,['G', 'G', 'G', 'G', 'G', 'G', 'G', 'G']
C08036325,['G', 'G', 'G', 'G', 'O']
C38659064,['G', 'G', 'G', 'G']
C22528332,['G', 'G', 'G', 'G', 'G', 'G']
C42124830,['G', 'G', 'G', 'G', 'G']
C11424496,['G', 'G', 'G', 'O', 'G', 'G', 'G']
C09243551,['O', 'O', 'G', 'G', 'G', 'G']
C16116803,['O', 'G', 'G', 'O', 'G']
C66952126,['G', 'O', 'G', 'G', 'G', 'O']
C00274855,['G', 'G']
C29482001,['G', 'O', 'G', 'G', 'G']
C39609315,['G', 'G', 'O', 'G', 'G', 'O', 'G', 'G']
C16049974,['G', 'G', 'G', 'G', 'G', 'G', 'G']
C04571579,['G', 'G', 'G', 'G']
C14290244,['O', 'G', 'G', 'G', 'G', 'G', 'O']
C51594364,['G', 'G', 'G', 'O', 'O']
C39676548,['G', 'O', 'G', 'G', 'G', 'G', 'G', 'G', 'G']
C19236636,['G', 'G', 'G', 'G', 'O', 'G']
C45841944,['O', 'G', 'G', 'G', 'G', 'G', 'G']
C06220092,['O', 'G', 'G', 'G', 'G', 'G', 'G']
C39636305,['G', 'O', 'G', 'G', 'G', 'G', 'G', 'G']
C12296595,['G', 'G', 'G', 'G', 'G', 'G', 'G', 'G', 'O']
C39342395,['G', 'G', 'G', 'O']
C08014596,['G', 'G', 'G', 'G']
C05207642,['G', 'G', 'G', 'G']
C39684592,['G', 'G', 'G', 'G', 'G', 'G', 'O', 'G']
C33359304,['O', 'G', 'G', 'G']
C59146455,['G', 'G', 'G', 'G', 'G', 'G', 'G', 'G']
C48734716,['G', 'G', 'O', 'G']
C16271021,['G', 'G', 'G', 'G', 'O']
C40824347,['G', 'O', 'G', 'G', 'G', 'O', 'G', 'G']
C44167975,['G', 'O', 'G', 'O', 'G', 'G', 'G', 'G']
C27188428,['G', 'G', 'O', 'G', 'G', 'G', 'O']
C63514050,['G', 'G', 'G', 'O', 'G', 'G', 'G', 'G']
C53047825,['G', 'G', 'G', 'G', 'G']
C09933087,['G', 'O', 'O', 'O', 'G', 'G', 'G', 'O']
C00138841,['G']
C44309382,['O', 'O', 'O', 'G', 'G']
C36207100,['O', 'O', 'G', 'G', 'O', 'O', 'G', 'G', 'O']
C16845734,['G', 'G', 'G']
C05450664,['O', 'G', 'G']
C01070244,['G']
C13151918,['G', 'G', 'G']
C49126997,['G', 'G', 'G', 'G']
C35100246,['O', 'G', 'G', 'G']
C63865064,['O', 'G', 'G', 'G', 'O', 'G']
C02127872,['G', 'G', 'G', 'G', 'G', 'G', 'G', 'G']
C59311234,['G', 'G', 'G', 'O', 'G', 'G']
C14475052,['G', 'G']
C39955227,['G', 'G']
C43832949,['G', 'G', 'G', 'G', 'G', 'G']
C19847990,['O', 'G', 'G', 'G']
C28053018,['G', 'G']
C48684415,['G', 'G', 'G', 'G', 'G']
C22021872,['O', 'O', 'G', 'G']
C29239883,['G', 'O', 'G', 'G', 'G', 'G', 'G', 'O', 'G']
C48063062,['G', 'G', 'O', 'O']
C25026333,['G', 'G', 'G', 'G', 'G']
C17016385,['G', 'G', 'G', 'O', 'O', 'O', 'G', 'G']
C47102297,['G', 'O', 'O', 'G', 'G', 'G', 'G']
C23337764,['O', 'G', 'G']
C37134275,['G', 'O', 'O']
C47227314,['G', 'O', 'G', 'G', 'O', 'G']
C54700259,['O', 'G']
C59564941,['G', 'G', 'O', 'G', 'G', 'G', 'G', 'O']
C48873880,['G', 'O', 'G', 'G']
C04168425,['G', 'O', 'G', 'G', 'G']
C16292705,['G', 'G', 'O', 'G']
C16846087,['G', 'G', 'O']
C20026744,['G', 'G']
C12525013,['O', 'G', 'G', 'G']
C14655403,['G', 'G', 'G', 'G', 'G', 'O', 'O']
C57867192,['G', 'G', 'O']
C63296170,['G', 'G', 'G', 'G', 'G']
C00059917,['G', 'G', 'G']
C48570087,['G', 'G', 'G', 'G', 'G', 'G']
C57866414,['O', 'G', 'O']
C00553232,['G', 'G', 'G']
C13991425,['G', 'G', 'G', 'G', 'G', 'O', 'O', 'G']
C40685844,['G', 'O', 'G', 'G']
C49412899,['G', 'O', 'G', 'G', 'G']
C19220621,['O', 'G', 'G', 'G', 'G', 'G', 'O']
C65145738,['O', 'G', 'G', 'G', 'G', 'G', 'G', 'O', 'G']
C12873085,['G', 'G', 'O', 'G', 'G', 'G', 'G', 'G']
C16846068,['O', 'G', 'G']
C39955415,['G', 'G', 'G']
C62324527,['G', 'O', 'G']
C13059541,['O', 'G', 'G', 'G', 'G', 'G']
C59116594,['G', 'G', 'G', 'G']
C25701281,['G', 'G', 'G', 'G', 'G', 'G']
C32740638,['G', 'G', 'G', 'G', 'G']
C38994792,['G', 'G', 'G', 'G', 'O']
C40628903,['G', 'O', 'G', 'O', 'O']
C45693114,['O', 'O', 'G', 'G', 'G', 'O', 'G', 'G']
C08590211,['G', 'G', 'G', 'G', 'G', 'G', 'G', 'O', 'O']
C38550611,['G', 'G', 'G', 'G', 'G', 'G', 'G', 'O']
C21349508,['G', 'G']
C58941375,['G', 'G', 'G', 'G', 'G', 'G', 'G']
C39666885,['G', 'G', 'G', 'G', 'G', 'G', 'G', 'G', 'G']
C05582472,['G', 'G', 'G', 'G', 'G', 'G']
C01070312,['G']
C09125209,['G', 'G', 'G', 'G', 'O', 'G', 'G']
C60382081,['G', 'G', 'G', 'G', 'G']
C42015228,['G', 'O']
C13739450,['G', 'G']
C65369844,['G', 'G', 'G', 'O']
C39565510,['O', 'G', 'G', 'G', 'G', 'G', 'G', 'O']
C01067269,['G', 'G', 'G', 'G']
C06919498,['G', 'G', 'G']
C43073736,['G', 'G', 'O', 'O']
C03120343,['G', 'G', 'O', 'G']
C18197871,['G', 'G']
C00066763,['G', 'G']
C39289727,['G', 'G', 'G', 'G']
C64447452,['O', 'O', 'O', 'O']
C14995089,['G', 'G', 'G', 'G', 'O', 'O', 'G', 'G', 'G']
C14157507,['O', 'G', 'G', 'G', 'G', 'G', 'O', 'G']
C63495842,['G', 'O', 'G']
C55189394,['G']
C36923168,['G', 'O', 'O']
C07601447,['G', 'O', 'G', 'G']
C46017390,['G', 'G', 'O']
C46169131,['G', 'O', 'G', 'O', 'G', 'G']
C45147853,['G', 'G', 'G', 'G']
C21029860,['G', 'G', 'G', 'G', 'G', 'G']
C40259158,['G', 'G']
C40734918,['G', 'O']
C07179947,['G', 'G', 'G', 'O']
C44549789,['O', 'O', 'G']
C27488975,['G', 'G', 'O']
C41547823,['O', 'G', 'G', 'G', 'G']
C13132487,['G', 'G', 'O']
C47557589,['O', 'G', 'G', 'G']
C13637037,['G', 'G', 'O', 'G', 'G', 'G', 'G', 'G']
C38573613,['O', 'O', 'G', 'G', 'G']
C03405752,['G', 'G', 'G', 'G', 'G', 'G', 'G', 'G', 'G', 'G']
CHEMBL138822,['G', 'G', 'O', 'G']
C28294070,['O', 'G', 'G', 'G']
C00534358,['G', 'G', 'G', 'O']
C01073565,['G']
C20064386,['G', 'G', 'O']
C58210680,['G', 'O', 'G', 'G', 'G', 'O', 'G']
C09296615,['G', 'O', 'G', 'G', 'G', 'G']
C30824983,['O', 'O', 'G']
C08816265,['G', 'O', 'O', 'G', 'G']
C44743442,['G', 'O', 'G', 'G', 'G', 'G']
C06112600,['G', 'G', 'G', 'G', 'G', 'G', 'G']
C02492842,['G', 'G', 'G']
C20031439,['G', 'G', 'G', 'O', 'G']
C06214040,['G', 'G', 'G', 'G']
C32101181,['G', 'O', 'G']
C39686395,['G', 'G', 'G', 'G', 'G', 'G', 'G', 'G', 'G', 'G']
C40734731,['G', 'O', 'O', 'O', 'G']
C00904520,['G', 'G', 'G', 'G']
C22065326,['G', 'G', 'G', 'G', 'G', 'G', 'G', 'G']
C45918979,['G', 'G', 'G']
C38001843,['G', 'G', 'O']
C18200460,['G', 'G']
C67250678,['G', 'G', 'G', 'G', 'G', 'G', 'G']
C21807236,['G', 'O', 'G', 'G']
C39426071,['G', 'G', 'G', 'G', 'G', 'G']
C55036798,['G', 'G', 'G']
C42014942,['O', 'G']
C16624072,['G', 'G', 'O']
C20995087,['G', 'G', 'G', 'G', 'G', 'G', 'G', 'G']
C00207384,['G', 'O']
C05034699,['G', 'G', 'G']
C53993872,['G', 'G', 'G', 'G']
C39441240,['G', 'O', 'G', 'G']
C08962168,['G', 'O', 'G', 'G']
C02236624,['G', 'G', 'G']
C65416574,['G', 'G', 'G', 'G', 'G', 'G']
C08962202,['G', 'O', 'G', 'G']
C15730448,['G', 'G', 'G']
C66983088,['G', 'G', 'G', 'G', 'O', 'O', 'G']
C58381577,['O', 'G', 'G', 'G', 'G', 'G']
C31818147,['G', 'O', 'G']
C19143299,['G', 'G']
C37300763,['G', 'G', 'G', 'O']
C66262570,['O', 'G', 'O']
C63833097,['G', 'G', 'G', 'G', 'O', 'G', 'G']
C37244116,['G', 'G', 'G', 'G', 'G']
C64354942,['O', 'G', 'G', 'G', 'G', 'G']
C43460894,['G']
C09431249,['G', 'G', 'G']
C66276613,['G', 'G', 'G', 'G', 'G', 'G', 'G', 'O']
C41076939,['G', 'G', 'G', 'G', 'O', 'G']
C64447478,['G', 'G', 'G']
C09173372,['G', 'G', 'G', 'G']
C39460191,['G', 'O', 'G', 'O', 'G']
C54764910,['O', 'G', 'O', 'O']
C04601919,['O', 'G', 'G', 'G', 'G', 'G', 'G']
C00207858,['G', 'O']
C08961842,['G', 'G', 'G', 'O']
C18116915,['G', 'O', 'G', 'G', 'G']
C44264891,['G', 'O', 'O', 'G']
C20745047,['G', 'G', 'G']
C12798524,['G']
C61405580,['O', 'O']
C17090401,['G', 'G', 'O', 'G']
C08299931,['G', 'G', 'G', 'G']
C38748400,['O', 'G', 'G', 'G', 'G']
C00755620,['G', 'G']
CHEMBL136327,['G', 'G', 'O']
C39324394,['O', 'G', 'G']
C16160786,['G', 'G', 'O', 'G']
C06707250,['G', 'G', 'G']
C07113503,['G', 'G', 'G', 'G', 'G']
C39438945,['O', 'O', 'O', 'G', 'G']
C56812382,['G', 'G', 'O', 'G', 'G', 'G', 'G']
C02323068,['G', 'G']
C37100296,['O', 'O', 'O']
C00802631,['O', 'G', 'G']
C20734229,['G', 'O']
C52015720,['G', 'G', 'G', 'G']
C02450201,['G', 'O', 'G', 'G', 'G', 'G', 'G', 'G', 'G']
C09273887,['G', 'O', 'G', 'G']
C49570258,['G', 'G', 'O']
C04292581,['G', 'G', 'G']
C19989405,['O', 'G', 'G']
C00207382,['G', 'O']
C01123725,['G', 'G']
C41628693,['G', 'G', 'G', 'G', 'G', 'G', 'G']
C36365247,['O', 'G']
C66452780,['G', 'G', 'O', 'G']
C65514778,['G', 'G', 'G', 'G', 'G', 'O']
C13016648,['G', 'G', 'O', 'G', 'G']
C45626388,['G', 'G', 'G']
C36528555,['G', 'G', 'G', 'G', 'G', 'G', 'G']
C44902952,['G', 'G', 'O', 'O', 'G', 'O', 'O']
C59578512,['G', 'G']
C15723485,['G', 'G', 'O', 'G', 'G']
C65919288,['G', 'G', 'G', 'G', 'G', 'G', 'G']
C45626317,['O', 'G']
C19840791,['G', 'G']
C21444462,['O', 'O', 'G']
C59372186,['O', 'G', 'G', 'G', 'O', 'G']
C67017858,['G', 'G', 'G', 'G', 'G', 'G', 'O']
C10534627,['G', 'G', 'G', 'G', 'G']
C49741026,['G', 'G', 'O']
C33810525,['G', 'G', 'O', 'G']
C24512479,['O', 'O', 'G', 'O', 'G']
C16311586,['G', 'O', 'G']
C39012426,['G', 'G', 'O', 'G']
C50649171,['G', 'G', 'G', 'O']
C65375255,['G', 'O', 'G']
C38704650,['G', 'O', 'G', 'O']
C20292274,['G', 'G', 'G']
C00481884,['G', 'G']
C00752622,['G', 'O', 'G']
C45626356,['G', 'O']
C01398328,['O', 'O', 'O']
C38870089,['G', 'G']
C04894292,['G', 'G', 'G']
CHEMBL594021,['O', 'G']
C54464090,['G', 'G']
CHEMBL136218,['G', 'G', 'G']
C61774984,['O', 'O', 'G', 'G', 'O']
C50076582,['G', 'G', 'G', 'O', 'G']
C35781267,['O', 'O', 'G', 'G', 'G', 'G', 'G', 'O', 'O']
C08720751,['G', 'G', 'G']
C37758978,['G', 'O']
C40733215,['G', 'O', 'G']
C44506009,['G', 'G', 'G', 'G']
C59678734,['G', 'G', 'G', 'G', 'G', 'G', 'G']
C04857916,['G', 'G', 'G']
C04379582,['G', 'G', 'G', 'G', 'G', 'G', 'G', 'G']
C27569710,['G', 'G', 'G', 'G', 'G', 'G']
C21035672,['G', 'G', 'G', 'G', 'G', 'G']
C09685735,['G', 'G', 'G', 'G', 'O', 'G']
C54702537,['G', 'G', 'G', 'G']
C40282816,['G', 'G', 'G']
C15731022,['O', 'G', 'G']
C45536563,['G', 'G', 'G', 'G', 'G', 'G', 'G']
C06813159,['G', 'G', 'G', 'G', 'G']
C41322468,['G', 'G', 'G', 'G', 'O']
C01458974,['G', 'G', 'G']
C04525531,['G', 'G', 'G', 'G', 'G']
C00470247,['G', 'G']
C35345753,['G', 'G']
C37335045,['G', 'O', 'G']
C52212816,['G', 'O', 'G', 'G', 'G']
C07535622,['G', 'G', 'G']
C32845275,['G', 'G', 'G', 'O', 'G', 'G', 'G', 'G', 'G', 'G']
C50194329,['G']
C08962352,['G', 'G', 'G', 'G']
C00989055,['G', 'G']
C00827421,['G', 'G', 'G']
C40796587,['G', 'G', 'G', 'O', 'G']
C42027162,['O', 'G']
C20629151,['G', 'G', 'G', 'G', 'O']
C43533213,['O', 'G', 'G']
C06265387,['G', 'G', 'G', 'G', 'G']
C10117325,['G', 'G', 'G', 'G', 'G', 'G']
C35346981,['G', 'G', 'G', 'G']
C65257769,['O', 'G', 'G', 'G', 'G', 'G']
C08799184,['G', 'G', 'G', 'G', 'G', 'G', 'G', 'G', 'O']
C03406128,['G', 'G', 'G', 'O', 'G', 'G']
C60280382,['G', 'O', 'G', 'G']
C60421862,['G', 'G', 'O', 'G']
C32048875,['G', 'G', 'G', 'G', 'G', 'G']
C25065040,['G', 'G', 'G', 'G', 'G', 'O', 'G', 'G']
C00415414,['O', 'G', 'O']
C14544687,['O', 'G']
C51118978,['O', 'G', 'G', 'G', 'O']
C66969161,['G', 'G', 'G', 'G']
C67286008,['G', 'G', 'G', 'G', 'G', 'G', 'G']
C67174156,['G', 'G', 'G', 'G', 'G', 'O']
C20086195,['G', 'G', 'G']
C11011263,['G', 'G', 'G', 'G', 'G', 'G', 'O']
C50867178,['G']
C57383144,['G', 'G', 'O']
C58950411,['G', 'G']
C04292563,['G', 'G']
C39383749,['O', 'G', 'G', 'G', 'G']
C00088067,['G', 'O', 'G']
C40115858,['O', 'G', 'G', 'G', 'G', 'O']
C42691957,['G', 'G', 'G', 'G', 'G', 'G']
C12388914,['O', 'G']
C04944263,['G', 'G', 'O', 'G']
C31910290,['G', 'G', 'G']
C33169036,['G', 'G', 'G', 'G']
C17860559,['G', 'G', 'G']
C45480357,['O', 'G', 'G', 'G', 'G']
C15730529,['O', 'G', 'G']
C17083258,['G', 'G', 'O', 'O']
C04944283,['O', 'G']
C09995054,['G', 'G', 'G', 'G', 'G']
C12621655,['G', 'G']
C05337750,['O', 'G']
C35676922,['G', 'G']
C09704022,['G', 'G']
C40166919,['O', 'O', 'G', 'G', 'G', 'G']
C20356935,['G', 'G', 'G', 'G']
C42014401,['O', 'G', 'O']
C03129723,['G', 'G', 'G', 'G']
C37069815,['G', 'G', 'O']
C00725676,['G', 'G', 'G', 'G', 'G']
C06265235,['G', 'G', 'G', 'G', 'G']
C44729463,['G', 'G', 'G', 'G']
C61360433,['G', 'G', 'G']
C40826270,['G', 'G', 'O', 'G', 'G']
C39964678,['G', 'O', 'G']
C40684695,['G', 'O', 'O']
C39560735,['G', 'G', 'G', 'G', 'G', 'G', 'O']
C40569177,['G', 'G', 'G', 'G']
C00339870,['G', 'G', 'O']
C00801077,['G', 'G', 'G', 'G', 'G', 'G']
CHEMBL337332,['G', 'G', 'G']
C22764421,['O', 'G', 'G', 'G', 'G', 'G', 'G', 'G']
C08494073,['G', 'G', 'G']
C38777196,['G', 'O', 'G']
C39505199,['G', 'G', 'G', 'G']
C05784243,['-']
C40731704,['G', 'G', 'G']
C12715283,['G', 'G', 'G', 'G']
CHEMBL139461,['G', 'G', 'G']
C09339121,['G', 'G']
C64481641,['O', 'G', 'G', 'G']
C51152668,['G', 'O', 'G', 'O']
C00655348,['O', 'G', 'G', 'G', 'G', 'O', 'G', 'G']
C41179142,['G', 'G', 'O', 'G', 'G', 'O', 'G']
C36745021,['G', 'G', 'G', 'G', 'G', 'O']
C04807566,['G', 'G', 'G', 'G', 'G']
C39358610,['G', 'G']
C01262829,['G', 'G', 'G', 'G', 'G']
C42740143,['G', 'O', 'G']
C67273347,['G', 'O', 'O', 'G']
C01026316,['G', 'G']
C20413497,['O', 'G', 'O', 'G', 'G']
CHEMBL136572,['O', 'G', 'G']
C49099408,['G', 'O', 'G', 'O']
C09466143,['G', 'G', 'G', 'G', 'O', 'G', 'G', 'G']
CHEMBL422632,['G', 'G', 'G']
C04888843,['G', 'G', 'G', 'G']
C41058658,['G', 'G', 'G']
C48183018,['G', 'G', 'G', 'O', 'O', 'O', 'G', 'G']
C00718319,['G', 'O']
C50867491,['G']
C19013733,['O', 'G', 'O', 'G', 'G', 'O', 'G', 'G', 'G', 'G', 'G']
C01070242,['G']
C42015262,['O', 'G']
C29616360,['O', 'G', 'G', 'G', 'G', 'G', 'G']
C13959586,['G', 'G', 'G', 'G', 'G', 'G']
C38577199,['G', 'G', 'G', 'G', 'G', 'O']
C03367685,['G', 'G', 'G', 'G']
C47584114,['G', 'O', 'G', 'O', 'G', 'G', 'G', 'G']
C07128464,['G', 'G', 'O', 'G', 'G', 'G', 'G']
C65433105,['G', 'O', 'G']
C67348340,['G']
C50044842,['G', 'G', 'G']
C39218072,['O', 'G', 'O']
C15725984,['G', 'G', 'G']
C55970860,['G', 'G', 'G', 'G']
C44919065,['G', 'G', 'G']
C08962172,['G', 'O', 'G', 'G']
C20585239,['G', 'O']
C21951086,['G', 'G', 'G']
C16157487,['G', 'G', 'G', 'G', 'O']
C67535359,['G', 'G', 'G', 'O', 'G', 'G', 'G']
C44976542,['G', 'G', 'O']
C00755619,['G', 'G']
C12734221,['G', 'G', 'G', 'G', 'G']
C12290465,['G', 'G', 'G', 'G']
C61403029,['G', 'G', 'G']
C00278719,['G', 'G', 'G']
C66813858,['G', 'O']
C41450542,['G', 'G', 'G', 'G', 'G']
C42028046,['G', 'O']
C49449973,['G', 'G', 'G', 'G', 'G']
C60893104,['G', 'G', 'O', 'G', 'G', 'G', 'G']
C37987098,['G', 'G', 'O']
CHEMBL138069,['G', 'O', 'G', 'G']
C23128337,['G', 'G', 'G']
C16160929,['G', 'G']
C43410906,['G', 'O', 'G']
C57755154,['O', 'G', 'G']
C19496791,['G', 'G', 'O', 'G', 'G', 'O']
C20509151,['G', 'G', 'G', 'G', 'G', 'G']
C45147511,['O', 'G', 'G']
C61640637,['G', 'G', 'O']
C06265385,['G', 'G', 'G', 'G', 'G']
C39794921,['G', 'G']
C12324495,['G']
C55273438,['O', 'O', 'G']
C35515837,['G', 'O']
C36356931,['O', 'G']
C62794575,['G', 'G', 'O', 'G']
C26988178,['G', 'G', 'O']
C31916317,['G', 'G', 'O']
C19848105,['G', 'G', 'G']
C24960862,['G', 'G', 'G', 'G', 'O', 'G', 'G', 'G']
C00714322,['G']
CHEMBL134793,['G', 'G', 'G']
C35341633,['G', 'G']
C50377056,['G', 'G', 'O']
C33916258,['G', 'G', 'O', 'G']
C39140850,['G', 'O', 'G', 'G', 'G']
C55117657,['G', 'G', 'O', 'G', 'O']
C19461100,['G']
C40385470,['G', 'G']
C40567463,['G', 'G', 'G', 'G', 'O', 'G', 'O']
C07047938,['G', 'G', 'G', 'G', 'G', 'O']
C05536219,['G', 'G', 'O']
C13487225,['G', 'G']
C42141808,['G', 'G', 'G', 'G', 'O']
C54049888,['G', 'G', 'G', 'G', 'G', 'G', 'G']
C43479222,['G', 'G', 'O']
C16916108,['G', 'G', 'G', 'G']
C04189605,['G', 'G', 'G', 'G', 'G']
C63534623,['G', 'G', 'O', 'O', 'G', 'G']
C00068619,['O', 'G', 'G']
C19171932,['G', 'G', 'G']
C05018507,['G', 'G', 'G', 'O', 'G']
C09446273,['O', 'G', 'G', 'G', 'G', 'G']
C41058765,['G', 'O']
C62780030,['G', 'G']
C00719754,['G', 'G', 'G']
C20921868,['G', 'G', 'G', 'G', 'G', 'G', 'O']
C57731560,['G', 'G', 'O']
C58160782,['G', 'G', 'G', 'O', 'G']
C39672753,['G', 'G', 'G', 'G', 'G', 'G', 'O', 'G', 'G']
C01586969,['G', 'G', 'G', 'G']
C64798424,['G', 'G', 'G']
C50602868,['G', 'G']
C39464948,['G', 'G', 'G']
CHEMBL133109,['G', 'G', 'G', 'G', 'G', 'G', 'G']
C39967501,['G', 'O', 'G', 'G', 'G']
C09820670,['G', 'G', 'G', 'G', 'G']
CHEMBL342364,['G', 'G', 'G']
C37785351,['G', 'G']
C00063152,['G']
C20086669,['G']
C39966569,['G', 'O', 'G', 'G', 'G', 'G', 'G', 'G', 'G']
C42015547,['G', 'G', 'O']
C55176540,['G', 'G']
C13571048,['G']
C44242780,['G', 'O', 'G', 'G']
C06849409,['O', 'G']
C50046609,['O', 'G', 'G']
C66253751,['O', 'G', 'G', 'G', 'G', 'G']
C11714711,['G', 'G', 'G', 'G', 'G', 'O', 'G', 'G', 'G', 'G']
CHEMBL337378,['G', 'G', 'G']
C04732512,['G', 'G', 'G', 'G', 'G', 'G', 'G']
C36899230,['G']
C07775296,['G', 'G', 'G', 'G', 'G', 'G', 'G', 'G']
C13036331,['G']
C01205921,['G', 'O', 'G', 'G', 'G', 'G']
C33254077,['G', 'G', 'G', 'G', 'O', 'G', 'G', 'G', 'G']
C10131252,['G', 'G', 'O', 'G', 'O']
C31165334,['G', 'G', 'G', 'G']
C21517179,['O', 'G', 'G']
C42029594,['G', 'O']
C37129754,['O', 'G']
C44982546,['G', 'G', 'G', 'O', 'G']
C08133149,['G', 'O', 'G', 'O']
C50649226,['G', 'G', 'O', 'O']
C64798428,['G', 'G', 'G']
CHEMBL137196,['G', 'G', 'G']
C20086430,['G']
C26720291,['G', 'G', 'G', 'G', 'G', 'O']
C65257770,['G', 'G', 'G', 'G', 'G', 'O']
C63856740,['G', 'G', 'G', 'G', 'G']
C00625988,['G']
C39504784,['G', 'O']
C24879673,['G', 'O', 'G']
C58949718,['G', 'O', 'G', 'G']
C37556337,['G', 'G', 'G', 'G', 'G', 'G', 'O']
C65527637,['G']
C62824380,['G', 'G']
C35677035,['O', 'G', 'G']
C66818539,['G', 'G', 'G', 'G']
C18197215,['G', 'G', 'G']
C38924768,['G', 'G', 'O', 'G', 'G', 'G', 'G']
C04945119,['G', 'O']
C48630889,['O', 'G', 'G']
C02435347,['G', 'G', 'G', 'G']
C01040116,['G', 'G', 'G']
C66859677,['O', 'O', 'G']
C61692375,['O', 'G']
C02050233,['G', 'G', 'G', 'O', 'G', 'G', 'G']
C63234654,['G', 'G', 'G', 'G', 'G', 'G']
C37734293,['G', 'G', 'G', 'G']
C25425928,['G', 'G', 'G']
C43532824,['O', 'G']
C04864291,['G', 'G']
C26671841,['G', 'O', 'G', 'G', 'G', 'G', 'G', 'O']
C66927359,['G', 'G', 'O', 'G']
C17083253,['G', 'G', 'G', 'G']
C21812124,['O', 'G', 'G']
C59383315,['G', 'G', 'G', 'G', 'G', 'G', 'G', 'O', 'G']
C60095059,['G', 'G', 'O', 'G', 'G', 'G', 'G', 'G', 'G']
C15987357,['G']
C37064233,['O', 'G', 'G']
C39456906,['G']
C48630524,['G', 'G', 'G']
C00623055,['G', 'G', 'O', 'G']
C04140129,['G', 'G']
C66253792,['G', 'G', 'G', 'O', 'G', 'G']
C01556867,['G', 'O']
C06743255,['G', 'O', 'G', 'G', 'G']
C36597795,['G', 'O', 'G', 'G', 'G', 'G', 'O', 'G', 'O']
C13318464,['G', 'G', 'G', 'G', 'G', 'G', 'G', 'G']
C21883440,['G', 'G', 'O', 'G', 'G', 'G', 'G', 'G', 'G', 'G']
C40567357,['G', 'G', 'G', 'G', 'G', 'O', 'G', 'O']
C35426833,['O', 'G', 'G', 'G', 'G']
C16605571,['G']
C22837097,['G', 'G', 'O', 'G', 'G', 'G', 'G', 'G', 'O', 'G', 'G']
C06671674,['G', 'G']
C42027945,['O', 'G']
C39521595,['G', 'G', 'G', 'G']
C43577849,['G', 'G']
C44920562,['G', 'G']
C13449148,['G', 'O', 'G', 'G', 'G', 'O']
C66465056,['O', 'G', 'G']
C13447457,['G', 'G', 'G', 'G', 'O', 'G', 'O']
C16856528,['G', 'O', 'G']
C67602173,['O', 'G']
C32100873,['O', 'G', 'G']
C04077362,['G', 'G', 'G', 'G', 'G']
C66818462,['G', 'O', 'G']
C36080265,['G', 'G', 'O', 'G', 'G', 'G', 'O']
C54134346,['G', 'G', 'G', 'G', 'G', 'G', 'O']
C37064221,['G', 'G', 'G']
C14476263,['O', 'G', 'G', 'G']
C13066481,['G', 'G', 'G', 'G', 'G', 'O', 'O', 'G']
C16605291,['G']
C41050699,['G', 'G', 'G']
C36724225,['O', 'O', 'G', 'G', 'G']
C52272270,['G', 'G', 'G']
C53736340,['G', 'O']
C32115612,['G', 'G', 'G']
C35329713,['O', 'G', 'G']
C58294049,['G', 'G', 'G', 'G', 'G', 'G']
C02631653,['O', 'G']
C42027480,['G', 'O']
C36751682,['G', 'G', 'O']
C20719696,['G', 'G', 'G']
C65434983,['G', 'G', 'G', 'G']
C36277512,['G', 'G', 'G']
C43415570,['G', 'G', 'G']
C55139472,['G', 'O', 'O', 'G', 'G']
C55161709,['G', 'G', 'G', 'O', 'G', 'G']
C17857891,['G', 'G', 'G']
C40391289,['G', 'G', 'O', 'O']
C36331031,['G', 'G']
C48858509,['G', 'G', 'O', 'G']
C13453403,['G', 'G', 'G', 'G', 'G', 'O']
C18038306,['G', 'G', 'G']
C19520773,['G', 'G', 'G', 'G', 'G']
C18149183,['G', 'O']
C37928827,['G', 'G', 'O']
C04978904,['G', 'G', 'G']
C03432872,['G', 'G', 'G']
C12687375,['O', 'G', 'O', 'G', 'G', 'G', 'G']
C62813359,['G', 'G', 'G', 'G', 'G']
C00976430,['O']
C59513570,['O', 'G', 'G', 'G', 'G', 'O']
C12408556,['G', 'G']
C00752616,['G', 'G']
C63221982,['G', 'G']
C26809521,['G', 'G', 'G', 'G', 'G', 'G', 'G', 'G', 'G', 'G']
C35458753,['-']
C15130078,['G', 'G', 'G', 'G', 'O']
C13447495,['G', 'O', 'G', 'G', 'G', 'G', 'G', 'O']
C13073959,['G', 'G', 'G', 'G', 'G', 'O', 'O']
C39210506,['G', 'O', 'G', 'O']
C40404666,['G', 'G', 'G', 'O', 'G', 'G', 'G', 'O', 'G']
C13073961,['G', 'G', 'G', 'G', 'G', 'O', 'O']
C45891265,['G', 'O']
C39667997,['G', 'O', 'G', 'G', 'O', 'O', 'G', 'G', 'O']
C50891008,['G', 'G', 'G', 'G', 'G', 'G']
C39364816,['G', 'G', 'G', 'G', 'G', 'O', 'G']
C51324406,['G', 'G', 'O', 'G', 'G']
C13448302,['G', 'G', 'G', 'G', 'G', 'G', 'G', 'G', 'G', 'O']
C54600226,['G', 'G']
C13450598,['G', 'G', 'G', 'O', 'G', 'G', 'O']
C63785922,['G']
C65426412,['G', 'G']
CHEMBL130055,['G', 'G', 'G', 'G', 'G', 'G', 'G']
C06420883,['G', 'G']
C16036053,['-']
CHEMBL326611,['G', 'G', 'G', 'G', 'G', 'G', 'O', 'O']
C35675055,['G', 'G', 'O', 'G', 'G', 'G', 'G', 'O', 'O']
C52306778,['G', 'G']
C20467218,['G', 'G', 'G', 'G', 'G', 'G', 'G']
C44687669,['G', 'G', 'G', 'G']
C01026287,['G']
C06733519,['G', 'G', 'G', 'G']
C00850538,['G', 'G']
C04074130,['G', 'G']
C08346182,['O', 'G']
C07128196,['G', 'G']
C50226371,['O', 'G', 'G', 'O']
C06399489,['G', 'G', 'G', 'G', 'G']
C39315977,['G', 'G']
C53129368,['G', 'G', 'G', 'G', 'G']
C44244945,['G', 'G', 'G']
C50602495,['G', 'G', 'G', 'O', 'O', 'O']
C00510217,['G', 'O', 'O']
CHEMBL132430,['G', 'G', 'G', 'G', 'G', 'G', 'G']
C38675982,['G', 'O', 'O']
C39503523,['G', 'G']
C41069926,['G', 'O', 'G', 'O', 'G']
C67124698,['G', 'O', 'G', 'G', 'G']
C20674483,['G', 'O']
C04235525,['O', 'G', 'G', 'O', 'G', 'G']
C00421464,['G']
C40731954,['O', 'O', 'G']
C36048202,['G', 'G', 'O', 'G', 'G', 'O', 'O']
C66507942,['G', 'G', 'G', 'G', 'G', 'O']
C20431723,['O', 'G', 'G']
C03391835,['G', 'G', 'G', 'G', 'G', 'O', 'G', 'G', 'G']
C14185978,['O', 'G', 'G', 'G']
C01214374,['G', 'O', 'G']
C14458908,['G', 'G', 'G', 'G']
C08020748,['G', 'G', 'O', 'G']
C63372804,['G', 'O']
C19753373,['G', 'G', 'O']
C00549932,['G', 'G', 'O']
C00714281,['G']
C17027733,['G', 'G']
C04696831,['G', 'G', 'G', 'G', 'O', 'G']
C05072781,['G', 'G']
C40564251,['G', 'G', 'G', 'G', 'O', 'O']
C06552339,['O', 'G', 'G', 'G', 'G', 'G', 'G', 'G', 'G', 'G', 'G']
C66739661,['G', 'G', 'G']
C41583182,['G', 'O', 'O', 'G']
C29312854,['G', 'G', 'G', 'G', 'G']
C35229555,['G', 'O', 'G', 'G', 'G']
C43509675,['-']
C05284781,['G', 'G', 'G']
C40349138,['G', 'G', 'G', 'O']
C15730530,['O', 'G', 'G']
C36366110,['G', 'G']
C00803664,['G', 'G', 'G', 'G']
C42676037,['G', 'G']
C43239002,['G', 'G', 'G', 'G']
C39326831,['G', 'G']
C21505657,['G', 'G', 'G']
C53198997,['G', 'G', 'G']
C46712235,['O', 'G', 'G', 'G', 'G', 'G', 'G']
C35276805,['G', 'O']
C41551761,['G', 'G', 'G', 'G', 'G', 'O']
C00285935,['O', 'O', 'G']
C15034781,['O', 'G', 'G', 'G', 'G', 'G', 'O', 'G', 'O']
C42040908,['G', 'G']
C38705438,['G', 'G', 'G', 'G', 'G']
C40567566,['G', 'G', 'G', 'G', 'G', 'G', 'O', 'G', 'O']
C24052764,['G', 'G', 'O', 'G']
C42027907,['G', 'G']
C06265233,['G', 'G', 'G', 'G', 'G']
C20216714,['G', 'G']
C19797114,['O', 'G', 'G']
C13342277,['G', 'O', 'G', 'G', 'G', 'G', 'G', 'G', 'G']
C10233432,['G', 'G', 'G', 'G']
C39955447,['G', 'G']
C13348966,['G', 'G', 'O', 'G', 'G', 'G', 'G', 'G', 'G', 'G']
C21013230,['G', 'G', 'G']
C39522940,['G', 'G', 'G']
CHEMBL136168,['G', 'G', 'O']
C36899104,['G']
C08961978,['O', 'G', 'G', 'G']
C40707805,['G', 'G']
C40567510,['G', 'G', 'G', 'G', 'O', 'G', 'O']
C01101652,['G', 'O', 'G']
C35747449,['G', 'G', 'O', 'G', 'G', 'G', 'G', 'G', 'G', 'G']
C20338492,['G', 'G', 'O', 'G']
C50309509,['G', 'G']
C13409084,['G', 'G', 'G', 'O', 'G', 'G', 'G', 'G', 'G', 'G']
C56159721,['G', 'G', 'G', 'G', 'G', 'G', 'G', 'G', 'G', 'G', 'G']
C23449131,['G', 'G', 'G', 'G', 'O', 'G']
C50710421,['O', 'O']
C41070129,['G', 'O', 'G', 'G']
C28466326,['G', 'G']
C55667725,['G', 'G', 'G']
C20679695,['G', 'G', 'G']
C15730357,['G', 'G', 'G']
C65465653,['G', 'G', 'G']
C23337271,['G', 'G', 'G']
C52009434,['G', 'G', 'G', 'G', 'G']
C48630810,['G', 'G', 'G']
C63279510,['O', 'G']
C20937937,['G', 'G', 'O', 'G', 'G', 'O', 'G', 'G']
C45859623,['G', 'G', 'G', 'G', 'G', 'G']
C53994453,['G', 'G', 'G']
C31814648,['G', 'G']
C39850550,['O', 'O', 'G', 'G', 'G']
CHEMBL134152,['G', 'G', 'G', 'G', 'G', 'G', 'G']
C33032938,['G', 'G', 'G', 'G', 'G', 'G', 'G', 'G', 'G', 'G']
CHEMBL133832,['G', 'G', 'G', 'G', 'G', 'G', 'G']
C39465585,['G', 'G', 'O']
C61882485,['G', 'G', 'G']
C57398893,['G', 'G', 'G', 'G', 'G']
C58646554,['G', 'G', 'G', 'G', 'G']
C41217508,['G', 'O', 'G', 'G', 'G', 'G', 'G']
C00274757,['G', 'G', 'G', 'O']
C13447636,['G', 'G', 'G', 'G', 'G', 'G', 'G', 'O']
C45626344,['G', 'O']
C22157967,['G', 'G', 'G', 'G', 'G']
C35676930,['G', 'G']
C05923701,['G', 'G', 'O', 'G']
C19268081,['G', 'G', 'G']
C03071231,['G', 'G']
C35382284,['G', 'G', 'O']
C39704087,['O', 'O', 'G', 'G', 'O', 'G', 'G', 'O']
C54095208,['O', 'G', 'G', 'G', 'O']
C42029557,['G', 'O']
C04083861,['G', 'G', 'G', 'G', 'G', 'G', 'G']
C07307317,['G', 'G', 'G', 'G']
C65302967,['G', 'G', 'G', 'G', 'G']
C67320943,['G', 'O']
C04146949,['O', 'G', 'O', 'G']
C67012544,['G', 'G', 'G', 'O', 'G', 'G', 'G']
C12982318,['O', 'G', 'G']
C12324640,['G']
C13062217,['G', 'O', 'G', 'G', 'G', 'G', 'G', 'G']
CHEMBL440528,['G', 'G', 'G', 'G', 'G', 'G', 'O', 'G']
C08990926,['O', 'G', 'G', 'G']
C13341842,['G', 'G', 'G', 'G', 'G', 'G', 'G', 'G', 'G']
C34592556,['O']
C19840783,['G', 'G']
C05100350,['O', 'O', 'G']
CHEMBL132201,['G', 'G', 'G', 'G', 'G', 'G', 'G']
C13342073,['G', 'G', 'G', 'G', 'G', 'G', 'G', 'G', 'G']
C45138371,['G', 'G', 'O', 'G']
C39668019,['G', 'O', 'G', 'G', 'O', 'O', 'G', 'O']
C39464413,['G']
C28912371,['G', 'G', 'G']
C20673820,['G', 'O']
C42041085,['G', 'G']
C33254136,['G', 'G', 'G', 'G', 'O', 'G', 'G', 'G', 'G']
C36277450,['G', 'G', 'O']
C52342069,['G', 'G', 'O']
C13638197,['O', 'G', 'G', 'G']
C13364152,['G', 'G', 'G', 'G', 'G', 'G', 'G', 'G']
C44469218,['G', 'G']
C49741323,['G', 'G', 'G', 'G']
C62778608,['G', 'G']
C65621341,['G', 'G', 'G', 'O', 'G']
C61629321,['O', 'G', 'O']
C01794736,['G', 'G', 'O', 'G', 'G', 'G']
C39134490,['G', 'G']
C41013950,['G', 'G', 'O', 'G']
C34914265,['G', 'G', 'G', 'G']
C13366297,['G', 'G', 'G', 'G', 'G', 'G', 'G', 'G', 'O']
C63373689,['G', 'G']
C02288733,['G', 'G', 'G', 'G', 'G', 'O', 'G', 'G', 'O']
C13693677,['O', 'G', 'G', 'O']
C39464955,['O', 'G']
C13060020,['G', 'G', 'G', 'O', 'G']
C57993082,['G', 'G', 'G']
C58646243,['G', 'G', 'G']
C03647452,['G', 'G', 'G']
C33703306,['G', 'G', 'G', 'G', 'O']
C39667962,['G', 'G', 'G', 'G', 'G', 'G', 'G', 'O']
C05062141,['O', 'G', 'G']
C27987255,['G', 'G', 'G', 'G', 'G', 'G', 'G']
C37947736,['O', 'G']
C06720031,['G', 'G', 'O']
C37928256,['O', 'G', 'G']
C22152035,['G', 'G', 'G', 'G']
C44777215,['G', 'G', 'O', 'G', 'G', 'G']
C03510246,['G', 'G', 'O', 'G', 'G', 'G', 'G', 'G', 'G']
C03838320,['O', 'G', 'G', 'G', 'G', 'G', 'G', 'G', 'G']
C39358731,['G', 'G']
C55135574,['G', 'G', 'G', 'G', 'G']
C04454771,['G', 'O', 'G']
C05731489,['G', 'G']
C04505939,['O', 'G', 'G']
C12390432,['G', 'G', 'G']
C32109902,['G', 'G', 'O', 'G']
C20673890,['G', 'O']
C37929448,['G', 'G', 'O']
C32106534,['G', 'G', 'O', 'G']
C32102536,['G']
C33254075,['G', 'G', 'G', 'G', 'O', 'G', 'G', 'G', 'G']
C05043605,['G', 'O', 'G', 'G']
C40321224,['G', 'G', 'G', 'G']
C55334109,['G', 'G', 'G']
C59487762,['G', 'G', 'G', 'G', 'G', 'G', 'G', 'G', 'G', 'O']
C08428558,['G']
C41125069,['O', 'G', 'G', 'G', 'G']
C31861844,['G', 'O', 'G']
C41058550,['G', 'O']
C36743521,['G', 'G', 'G']
C06724364,['G', 'G']
C40024730,['G', 'G', 'G', 'G', 'G', 'O']
C05993159,['G', 'G', 'G', 'G', 'G', 'G', 'G']
C40334442,['G', 'G', 'G']
C23628849,['O', 'O', 'G', 'G', 'O', 'G', 'G']
C23449137,['G', 'G', 'G', 'G', 'G', 'G']
C57766454,['G', 'G', 'G', 'G', 'G', 'G']
C00174053,['G', 'G', 'G', 'G']
C63677254,['G']
C13073884,['G', 'G', 'G', 'G', 'G', 'O', 'G', 'O']
C13308339,['O', 'G', 'G', 'G', 'G', 'G', 'G', 'G']
C15932618,['O', 'G']
C20719894,['O', 'G']
C38124695,['G', 'G']
C05567743,['O', 'O', 'G', 'G', 'G']
C66508503,['O', 'G', 'G', 'G', 'G', 'O']
C02113281,['G', 'G', 'G', 'G', 'G', 'G', 'G', 'G', 'O']
C43732598,['G', 'G', 'G', 'O', 'G']
C61673588,['G', 'G']
C59482448,['G', 'G']
C54360814,['G', 'G', 'G', 'G', 'O', 'G', 'O']
C65461324,['O', 'G', 'G']
C61629308,['G', 'G', 'G']
C33027877,['G', 'G']
C39279877,['O']
C20343527,['O', 'G']
C38642788,['O', 'G', 'G', 'G', 'G', 'G', 'G', 'O']
C35375357,['G', 'G', 'G']
C16687963,['O', 'G', 'G', 'G', 'O']
C15723160,['G', 'G', 'G', 'G']
C13448155,['G', 'G', 'G', 'G', 'G', 'G', 'G', 'O']
C22234561,['O', 'G', 'G', 'G']
C35463145,['G', 'G', 'O']
C01800499,['G', 'G']
C05998365,['G', 'O', 'O']
C00754768,['G', 'G', 'G', 'G']
C01058096,['G', 'G', 'G']
C01797777,['G', 'G', 'G', 'G', 'G', 'O', 'O']
C10157092,['G', 'G', 'O']
C19640839,['G', 'G', 'G', 'O']
C16904705,['G', 'G', 'O']
C43601235,['G', 'G', 'O']
C14165077,['G', 'G']
C59302553,['G', 'G', 'G', 'G', 'G']
C40567532,['G', 'G', 'G', 'G', 'O', 'G', 'O']
C62362059,['O']
C16927401,['G', 'G', 'G', 'O', 'G', 'G', 'O', 'O', 'G']
C66739505,['G', 'G']
C59678447,['G', 'O', 'G', 'G', 'O', 'G']
C37254432,['G', 'G', 'G']
C38643690,['G', 'G']
C20520961,['G', 'G', 'G']
C13449279,['G', 'O', 'G', 'G', 'G', 'G', 'G', 'G', 'G', 'O']
C52004153,['G', 'G', 'G']
C41600216,['G', 'G', 'G']
C39707527,['G', 'O', 'G', 'G']
C59249881,['O', 'O', 'G', 'G', 'G', 'G']
C09514048,['G', 'G', 'O', 'G']
C20011122,['G', 'G', 'G']
C20459324,['G', 'G']
C19788607,['G', 'O', 'G', 'G', 'G', 'G']
C26671833,['G', 'G', 'G', 'G', 'G', 'G', 'O']
C13234735,['G', 'G', 'O', 'G', 'G', 'G', 'G', 'G', 'G']
C13089651,['G', 'O', 'G', 'O', 'G', 'G', 'G', 'G']
C00971505,['G', 'G']
C26675305,['O', 'G', 'G', 'G', 'G', 'G', 'O']
C42040571,['G', 'G']
C59366433,['G', 'G', 'G']
C44232799,['G', 'G', 'G']
C06679047,['G', 'G']
C51254021,['G', 'G', 'G', 'G', 'G', 'G']
C09245770,['G', 'G', 'O', 'G']
C59301805,['G', 'O', 'G', 'G', 'O']
C59302249,['G', 'O', 'G', 'G', 'O', 'G']
C53492140,['G', 'O', 'G', 'G']
C14479264,['G', 'G', 'G', 'O']
C06661865,['G', 'G', 'G', 'G']
C39354843,['G', 'G', 'G', 'O', 'G']
C20984828,['G', 'G', 'G', 'G']
C16908905,['G', 'O', 'G', 'G', 'G', 'G', 'O']
C56568411,['G', 'G', 'G', 'O', 'O', 'G']
C19691707,['G', 'O', 'G']
C16931193,['G', 'O', 'O', 'O', 'O', 'G']
C16908354,['G', 'O', 'O', 'G', 'O', 'G', 'O']
C22739114,['G', 'G', 'O', 'G', 'O']
C64610465,['G', 'G', 'G', 'G', 'O', 'G', 'G']
C46302357,['G', 'O', 'G', 'G', 'G', 'G', 'G', 'G', 'G', 'O']
C20690085,['G', 'G', 'G', 'G']
C05817957,['G', 'O', 'G']
C09522536,['G', 'O', 'G', 'G', 'G', 'G']
C00678646,['O', 'G']
C59679064,['O', 'G', 'G', 'G', 'G']
C13361283,['G', 'G', 'G', 'G', 'G', 'G']
C35675079,['G', 'G', 'G', 'O', 'O', 'G']
C35675053,['G', 'G', 'O', 'G', 'G', 'G', 'G', 'G', 'O']
C44469555,['G', 'G', 'G']
C13346319,['G', 'G', 'G', 'G', 'G', 'G', 'G', 'G', 'G', 'G']
C39499259,['G', 'G', 'G']
C13644291,['O', 'G', 'G', 'G', 'G', 'G', 'G']
C64490154,['G', 'O', 'O', 'O', 'G']
C20206024,['O']
C67267123,['G', 'O', 'G']
C51463018,['G', 'G', 'G', 'G', 'G']
C17723791,['G', 'G']
C59303433,['G', 'G', 'G', 'G', 'G', 'G', 'O']
C13458057,['O', 'O', 'G', 'G', 'G', 'G']
C19831756,['O', 'G', 'G', 'G', 'G', 'O']
C09884780,['O', 'G', 'G', 'G', 'G', 'O', 'O']
C36205793,['G', 'G', 'G', 'O', 'G', 'G', 'G', 'O', 'O']
C40454023,['G', 'G']
C49563461,['G', 'G', 'G', 'O', 'G', 'O', 'O', 'O', 'G', 'G']
C59249854,['G', 'O', 'G', 'G', 'G', 'G', 'G']
C16926791,['G', 'G', 'G', 'G']
C50630860,['G', 'G', 'O']
C05644950,['G', 'G', 'G']
C13364116,['G', 'G', 'O', 'G', 'G', 'G', 'G', 'G', 'G', 'G', 'G']
C59248433,['G', 'O', 'G', 'G', 'O']
C19363074,['G', 'G', 'G']
C13318927,['O', 'G', 'G', 'G', 'G', 'G', 'G']
C63386367,['G']
C06552658,['G', 'O', 'G']
C37208149,['G', 'G', 'O', 'G', 'G']
C09377095,['G', 'G', 'G', 'G', 'G', 'O', 'G', 'G']
C13914931,['G', 'G', 'G', 'G', 'O', 'G']
C39523450,['G', 'G', 'G']
C19879429,['O', 'G', 'G', 'O']
C26671396,['G', 'O', 'O', 'O', 'G', 'G', 'G', 'G', 'O']
CHEMBL326950,['G', 'G', 'G', 'G', 'G', 'G', 'G', 'O']
C44964227,['O', 'G']
C40564485,['G', 'G', 'G', 'G', 'O', 'O']
C62238157,['G', 'O', 'G']
C40567387,['G', 'G', 'G', 'G', 'O', 'G', 'O']
C15034707,['G', 'G', 'G', 'O', 'O']
C09355766,['G', 'G', 'G', 'G', 'G', 'G', 'O', 'G']
C08568089,['G', 'G', 'O', 'G', 'G']
C02897257,['O', 'G', 'O', 'G', 'G', 'O', 'G', 'G']
C48839620,['O', 'G', 'G', 'G']
C16036054,['-']
C35669375,['G', 'G', 'G', 'O', 'G', 'O', 'G']
C13217793,['G', 'G', 'G', 'G', 'G', 'G', 'G']
C05200830,['G', 'G', 'G', 'G']
C36860173,['G', 'G', 'G', 'O']
C13512641,['G']
C19882524,['G', 'G', 'G', 'O', 'G', 'G', 'G', 'G', 'O', 'G', 'G']
C59678505,['G', 'G', 'G', 'G', 'O']
C20234404,['G', 'G', 'G', 'O']
C16922465,['G', 'G', 'G', 'O', 'G', 'G', 'G', 'G']
C52015703,['O', 'O', 'G', 'G']
C49946861,['G', 'G', 'G', 'G']
C49594120,['O', 'G', 'G', 'O']
C19461102,['G']
C54498176,['G', 'G', 'G']
C23224603,['-']
C43592781,['G', 'G', 'O']
C05633520,['O', 'G']
C05148560,['G', 'O', 'G']
C13342305,['G', 'O', 'G', 'G', 'G', 'G', 'G', 'G', 'G']
C50192977,['G', 'O', 'G']
C33253939,['G', 'G', 'G', 'O', 'G', 'G', 'G', 'G']
C39336874,['G', 'G', 'G', 'G', 'O', 'O', 'G']
C04820021,['O', 'G']
C37054813,['G', 'G']
C04867683,['O', 'G', 'G', 'G', 'G']
C13075178,['G', 'G', 'G', 'G', 'G', 'G', 'G', 'O', 'O']
C09969830,['O', 'G', 'G', 'G', 'O', 'G']
C33636969,['G', 'G']
C26675301,['O', 'G', 'G', 'O', 'G', 'G', 'G', 'G', 'O']
C20129902,['G', 'G', 'G', 'O', 'G', 'G', 'G', 'G', 'O', 'G']
C59247828,['G', 'G', 'G', 'G', 'O', 'G', 'G']
C04631495,['G', 'G', 'G', 'G']
C39668034,['G', 'O', 'G', 'G', 'G', 'G', 'G', 'G', 'O']
C59302069,['O', 'O', 'G', 'O', 'G', 'G']
C01254338,['O', 'O', 'G', 'G', 'G']
C13235933,['G', 'G', 'O', 'G', 'G', 'O', 'G', 'G', 'O']
C04993699,['G', 'G', 'G']
C27498538,['G', 'G', 'G', 'G']
C00203893,['G', 'G']
C39134489,['G', 'G']
C35397916,['G', 'G', 'G']
C13341971,['G', 'G', 'G', 'G', 'G', 'G', 'G', 'G', 'G']
C08783371,['G', 'O']
C35565665,['G', 'G', 'G', 'G', 'G']
C44470915,['G', 'G']
C62962740,['G', 'G', 'G']
C05760086,['G']
C36258217,['G', 'O', 'G', 'G', 'G', 'O']
C43138676,['G', 'G', 'G', 'G', 'O']
C22169964,['G', 'G']
C10232815,['G', 'G', 'G', 'G', 'O', 'G', 'O']
C13194538,['G', 'G', 'G', 'G', 'G', 'G', 'G']
C65522723,['O', 'G', 'G']
C16908358,['G', 'G', 'G', 'G', 'O', 'G', 'O']
C15637080,['G', 'G', 'G', 'G', 'G']
C66179879,['G', 'G', 'O', 'G', 'G', 'G']
C44469765,['G', 'G']
C39358630,['G']
C36935242,['G', 'G']
C49587632,['G', 'G', 'G', 'O', 'O']
C41863764,['G', 'O', 'G']
C00664243,['G', 'G']
C01101135,['G', 'G', 'G', 'G']
C04914948,['G', 'G', 'G']
C59302543,['G', 'G', 'G', 'G', 'G']
C55273026,['G', 'G', 'G', 'O', 'G']
C40144918,['G', 'G', 'G', 'G', 'O', 'O']
C04588962,['G', 'G', 'G', 'G', 'G', 'O', 'O', 'G']
C15018846,['G', 'G', 'G', 'O', 'G', 'G', 'G']
C39357546,['O', 'G']
C04730591,['O']
C44123052,['G', 'G', 'G', 'G', 'G']
C59250104,['O', 'G', 'G', 'G', 'G']
C08579539,['O', 'G']
C08382706,['G', 'G']
C45280570,['G', 'G', 'G', 'O', 'G', 'O']
C66253794,['G', 'G', 'G', 'G', 'G', 'G']
CHEMBL134802,['G', 'G', 'G', 'G', 'G', 'G', 'G', 'G']
C66176769,['G', 'G', 'O', 'G', 'G', 'G']
C62476060,['G', 'G', 'G', 'G', 'G', 'G', 'G']
C16909765,['G', 'O', 'G', 'O', 'G', 'O']
C20840340,['O']
C17779008,['G', 'G', 'G', 'G']
C16934332,['G', 'O', 'G', 'G', 'O', 'O', 'G']
C16025167,['G', 'G']
C13756150,['G', 'G', 'O', 'G', 'G', 'G', 'O', 'O']
C37928505,['G', 'G', 'G']
C64033507,['-']
C40567385,['G', 'G', 'G', 'G', 'O', 'G', 'O']
C06732180,['G']
C42333180,['G']
C44836082,['G', 'G', 'G', 'G', 'G']
C16933448,['G', 'G', 'G', 'O', 'G']
C41050623,['G', 'G', 'G']
C17242291,['G', 'G', 'G', 'G', 'G']
C13059994,['G', 'G', 'O', 'G', 'G', 'G']
C05536753,['G']
C16976299,['G', 'G', 'G', 'G', 'O', 'O', 'O']
C39444099,['G', 'O', 'O']
C44847135,['G', 'G', 'G', 'G', 'G', 'G', 'G']
C13458096,['G', 'G', 'G', 'G', 'O', 'G']
C13066348,['G', 'G', 'G', 'G', 'G', 'G', 'O', 'O', 'G']
C39667880,['G', 'G', 'G', 'G', 'G', 'G', 'G', 'O']
C39667961,['G', 'O', 'G', 'G', 'G', 'O', 'G', 'O']
CHEMBL215137,['G']
C05633476,['G', 'G']
C00753149,['G', 'G', 'G', 'G']
C63131380,['G', 'O', 'G', 'G', 'G']
C40564428,['G', 'G', 'G', 'G', 'O', 'G', 'O']
C17778791,['G', 'G']
C37928304,['G', 'G', 'G']
C04820022,['O', 'G']
C06265955,['G', 'G', 'G', 'G', 'O', 'G']
C05409186,['G', 'G']
C25501571,['G', 'G', 'O', 'G', 'G', 'G', 'G', 'G']
C46812929,['O', 'G', 'G', 'G', 'G', 'G']
C13416911,['G', 'O', 'G', 'G', 'G', 'G', 'G', 'G', 'G', 'G']
C39667884,['G', 'G', 'G', 'G', 'G', 'G', 'G', 'O']
C20437735,['G', 'G', 'G', 'G', 'G', 'O', 'G']
C39667892,['G', 'O', 'G', 'G', 'G', 'G', 'G', 'G', 'O']
C19167748,['G']
C37140396,['G', 'O', 'G', 'G']
C20216900,['G', 'G']
C11290936,['G', 'G', 'G', 'G', 'G', 'G', 'G', 'G', 'O']
C63702176,['G', 'G', 'G', 'O', 'G']
C40512764,['G', 'G']
C16927398,['G', 'G', 'G', 'O', 'O', 'O', 'O', 'G']
C13447737,['G', 'O', 'G', 'G', 'O', 'G', 'O']
C60341679,['G', 'G', 'G', 'G', 'G', 'G', 'G', 'G']
C05491481,['G', 'G']
C45666113,['G', 'O']
C58950006,['G', 'G']
C16934527,['G', 'G', 'G', 'O', 'O']
C52306117,['G', 'G', 'G']
C39667955,['G', 'G', 'G', 'G', 'G', 'O', 'G', 'O']
C32561835,['G', 'O', 'G', 'G', 'G']
C39342405,['O', 'G']
C19892000,['G', 'G', 'G', 'G', 'G', 'G']
C00450975,['G', 'G']
C13092979,['G', 'G', 'G', 'G', 'G', 'O']
C16930415,['G', 'G', 'G', 'O', 'O', 'G', 'O']
C04342582,['O']
C43424157,['O', 'G']
C16926803,['G', 'G', 'G', 'G']
C12600570,['G', 'G', 'G', 'G', 'G']
C39866857,['G', 'O', 'G', 'G', 'G']
C53736342,['G', 'O']
C16926767,['G', 'G', 'G', 'G']
C04521775,['G', 'G', 'G', 'G']
CHEMBL115651,['G', 'G', 'G', 'G', 'G', 'O', 'G', 'G']
C20458638,['G', 'G', 'G', 'O', 'G', 'G', 'G', 'G', 'G']
C13451264,['G', 'O', 'G', 'G', 'G', 'G', 'O', 'G', 'G', 'O']
C16908328,['O', 'O', 'G', 'G', 'O', 'G', 'G', 'O']
C22000809,['G']
C16932336,['G', 'G', 'G', 'O', 'G', 'O']
C20467070,['G', 'G', 'G', 'G', 'G', 'G', 'G', 'G', 'G']
C01697981,['G', 'G']
C17198347,['G', 'G', 'G', 'G', 'G', 'G', 'G', 'O', 'G', 'O']
C13092762,['G', 'G', 'O', 'G', 'G', 'G', 'G', 'G', 'G', 'G', 'G', 'O']
C39667919,['G', 'O', 'G', 'G', 'G', 'O', 'G', 'G', 'G', 'O']
C54049384,['G', 'G', 'G', 'G', 'G', 'G', 'G']
C13341648,['G', 'O', 'G', 'G', 'G', 'G', 'G', 'G', 'G']
C05842264,['G', 'G']
C16909721,['O', 'G', 'G', 'O', 'O', 'O']
C18272060,['G', 'G', 'G', 'G']
C06681847,['O', 'G']
C31158951,['-']
C58421946,['G', 'G', 'O']
C16995040,['G', 'G', 'O', 'G', 'G', 'G']
C59679204,['G', 'G', 'G', 'G', 'O', 'G']
C19880389,['G', 'G', 'G', 'O', 'G', 'G', 'O', 'G']
C63637654,['G', 'G']
C13416053,['G', 'G', 'G', 'G', 'G', 'G', 'O', 'G', 'G']
CHEMBL131644,['G', 'G', 'G', 'G', 'G', 'G', 'O', 'G']
C22135266,['G', 'O', 'G', 'G', 'G', 'G']
C56204945,['G', 'G', 'G', 'G', 'G', 'G', 'G', 'G']
C04313421,['G', 'G', 'G', 'G', 'O', 'G', 'O']
C39114289,['-']
C13351381,['G', 'G', 'G', 'G']
C02995836,['G', 'G', 'G', 'G', 'G']
C20431595,['G', 'G', 'G']
C09436615,['G', 'G', 'G', 'G', 'G', 'G', 'G', 'G', 'G', 'G']
C13353889,['G', 'G', 'G', 'G', 'G', 'G', 'G', 'G', 'G', 'G']
C13253017,['G', 'G', 'G', 'G', 'G', 'G', 'G']
C39029519,['G', 'G', 'G']
C16926807,['G', 'G', 'G', 'G', 'G']
C09763335,['O', 'G', 'G', 'G', 'G']
C13217832,['G', 'G', 'G', 'G', 'G', 'O']
C59301876,['O', 'O', 'O', 'G', 'O', 'G', 'G']
C13066688,['G', 'O', 'G', 'G', 'G', 'G', 'G', 'G', 'G']
C66247094,['G', 'G', 'G', 'G']
CHEMBL423509,['O', 'G', 'G', 'O', 'G', 'O', 'G', 'G', 'G']
C01132556,['G', 'G']
C39861778,['G', 'G', 'G', 'G', 'G']
C15404350,['G', 'G', 'G', 'O']
C39931896,['G', 'O']
C16909752,['G', 'O', 'G', 'O', 'O', 'O']
C04115318,['O', 'G']
C19787391,['G', 'G', 'G', 'G', 'G', 'G', 'G', 'G', 'O']
C39352046,['G']
C41627174,['O', 'G', 'O', 'O', 'O', 'G']
C63068013,['G']
C39667886,['G', 'O', 'G', 'G', 'G', 'O', 'G', 'O']
C16908336,['O', 'O', 'G', 'O', 'O', 'G', 'O']
C53083677,['O', 'G', 'O', 'G']
C00987201,['G', 'G']
C58235829,['G', 'G', 'G', 'G', 'G', 'G', 'G', 'O', 'G']
C38989929,['G', 'G']
C32508930,['G', 'G', 'G', 'G', 'G', 'O', 'O']
C33077130,['G', 'G', 'G']
C39668013,['O', 'G', 'G', 'G', 'O', 'G', 'G', 'O']
C13093044,['G', 'O', 'G', 'G', 'O', 'G', 'G', 'O']
C39358571,['O', 'G']
C20343644,['-']
C35643822,['G', 'G', 'G', 'G']
CHEMBL132191,['G', 'O', 'G', 'G', 'G', 'G', 'G', 'G']
C00090515,['G', 'O']
C00507404,['G']
C13417152,['G', 'G', 'O', 'G', 'G', 'G', 'G', 'O', 'G', 'G']
C44249439,['G', 'G', 'G']
C00377756,['G', 'G']
C44469224,['G', 'G']
C54164389,['G', 'O', 'G', 'G', 'G']
C33634178,['-']
C16909754,['G', 'O', 'O', 'O', 'G', 'O']
C13447221,['G', 'O', 'G', 'G', 'O', 'G', 'O']
C05148565,['G', 'G', 'G']
C16936371,['G', 'G', 'G', 'O', 'G']
C05130035,['O', 'G']
C19805203,['G', 'G', 'G']
C04453561,['G', 'G']
CHEMBL133911,['G', 'G', 'G', 'G', 'G', 'G', 'G', 'G']
C02166045,['G', 'G', 'G', 'G', 'G', 'O']
C52542058,['G', 'G', 'G', 'O', 'G', 'G']
C65833142,['G', 'G', 'G', 'G', 'G']
C39668004,['G', 'O', 'G', 'G', 'G', 'O', 'G', 'G', 'O']
C37590833,['G', 'G', 'O', 'G', 'G']
C04730529,['G']
C54335003,['G', 'G']
C05689835,['G', 'G', 'G', 'O']
C38626856,['G', 'G', 'G', 'G']
C41628094,['G', 'G', 'G', 'G', 'G', 'G', 'O', 'O']
C13415977,['G', 'G', 'G', 'G', 'O', 'G', 'O', 'G', 'G']
C22146516,['G', 'G', 'O', 'O', 'G', 'G', 'G', 'G', 'G', 'G', 'O']
C59302494,['O', 'G', 'G', 'G', 'G']
C05397656,['G', 'G', 'G', 'G', 'G', 'O', 'O']
C45820604,['-']
C05491483,['G', 'G']
C39444098,['G', 'O', 'G']
C44463753,['O', 'G', 'G']
C13353948,['G', 'O', 'G', 'G', 'G', 'G', 'G', 'G']
C39869953,['G', 'G', 'O', 'G', 'G', 'G']
C33852249,['G']
C13350694,['O', 'G', 'G', 'O', 'G', 'O']
C39668024,['O', 'G', 'G', 'G', 'O', 'G', 'G', 'O']
C13274179,['G', 'O', 'G', 'G', 'G', 'G', 'G', 'O']
C13365477,['G', 'G', 'O', 'G']
C54164384,['G', 'O', 'G', 'G', 'G', 'G', 'G']
C19810092,['G', 'G', 'G', 'G']
C39132671,['O', 'G']
C16927438,['G', 'G', 'G', 'O', 'G', 'G', 'O', 'O', 'G']
C39077958,['G', 'O']
C05284397,['G', 'G', 'O']
C02843515,['G', 'G', 'G']
CHEMBL133114,['G', 'G', 'G', 'G', 'O', 'G', 'G', 'G']
C39361259,['G']
C03073388,['G']
C24528765,['G', 'G', 'G', 'G', 'O', 'O', 'G', 'O']
C00377784,['G', 'G']
C35588034,['G', 'G', 'G', 'G']
C16908020,['O', 'O', 'G', 'O', 'O', 'G', 'O']
C04266988,['G', 'O', 'G', 'O', 'O', 'G', 'O']
C39048668,['-']
C16934318,['G', 'O', 'O', 'O', 'O', 'G']
C54335037,['G', 'G']
C17154986,['G', 'G', 'O', 'O', 'O', 'G']
C59248662,['G', 'G', 'G', 'G', 'O', 'O']
C39667950,['G', 'O', 'G', 'G', 'O', 'O', 'G', 'O']
C66938702,['O', 'G', 'G', 'O']
C08819002,['G', 'G', 'G', 'G', 'G', 'G', 'G', 'O', 'O']
CHEMBL334272,['O', 'G', 'G', 'O', 'G', 'O', 'G', 'G']
C13450619,['G', 'O', 'O', 'G', 'G', 'G', 'G', 'O']
C59292778,['G', 'G', 'G', 'G', 'G']
C15261723,['G']
C38711259,['-']
C08987673,['G', 'O', 'G', 'G', 'G', 'G', 'G']
C64417720,['G', 'G']
C35937919,['G', 'O']
C06953999,['G', 'G', 'G']
C39336875,['G', 'O', 'G', 'G', 'G', 'G']
C39118166,['-']
C16928420,['G', 'O', 'O', 'G', 'G']
CHEMBL115045,['G', 'G', 'G', 'O', 'G', 'G', 'G', 'G']
C13318935,['G', 'O', 'G', 'G', 'G', 'O', 'O']
C59198240,['G', 'G', 'G', 'G']
C13092923,['G', 'G', 'G', 'G', 'G', 'O', 'G', 'G', 'O']
C19794385,['G', 'G', 'G', 'G', 'O', 'G']
C20530259,['G', 'G', 'G', 'G']
C59678673,['G', 'G', 'G', 'G']
C66174305,['G', 'G', 'G', 'O', 'G', 'G']
C16906620,['O', 'G', 'O', 'O', 'G', 'O']
C59248426,['G', 'O', 'G', 'G', 'O', 'G']
C36550943,['G', 'G', 'G', 'O', 'O']
C13231822,['G', 'O', 'G', 'O', 'G', 'G', 'G', 'G', 'G']
C43574052,['G', 'G']
C13235901,['G', 'O', 'G', 'O', 'G', 'G', 'G', 'G', 'G', 'G']
C13252087,['G', 'G', 'G', 'G', 'G', 'G', 'O']
C13169351,['G', 'O', 'G', 'G', 'G', 'G', 'G']
CHEMBL115441,['G', 'G', 'G', 'O', 'G', 'O', 'G', 'G']
C39336869,['G', 'O', 'G', 'O', 'G', 'O']
C19789949,['G', 'G', 'G', 'O', 'G', 'G', 'G', 'G', 'G', 'O']
C22014935,['-']
C16512405,['O', 'G', 'G', 'G']
C33342894,['G', 'G', 'O', 'G', 'O']
C19880386,['G', 'G', 'G', 'G', 'G', 'G', 'O', 'G']
C40476172,['G', 'G', 'G', 'G', 'G']
C22058161,['G', 'O', 'G', 'G', 'G', 'G', 'G', 'G', 'G']
C16909714,['O', 'G', 'G', 'O', 'O', 'O']
C10232846,['O', 'G', 'G', 'G', 'O', 'O']
C13448852,['G', 'G', 'O', 'G', 'G', 'G', 'G', 'O']
CHEMBL133603,['G', 'G', 'G', 'O', 'G', 'G', 'O', 'G']
C66253780,['G', 'G', 'G', 'G', 'O', 'G', 'G']
C16933249,['G', 'O', 'O', 'G']
C16661211,['G', 'G', 'G', 'G', 'G']
C12602905,['G', 'G', 'G', 'G']
C13351482,['G', 'G', 'G', 'G', 'G']
C39667890,['G', 'O', 'G', 'G', 'G', 'O', 'G', 'O']
C41627638,['G', 'G', 'G', 'G', 'G', 'G']
C52796000,['G', 'G', 'G', 'G']
C05266106,['O', 'O', 'O', 'G', 'G', 'G', 'O']
C38654654,['G', 'O', 'G', 'G', 'G', 'G', 'G', 'G', 'G', 'G']
C13319073,['G', 'G', 'G', 'G', 'G', 'G', 'G', 'G']
C39667995,['G', 'G', 'G', 'G', 'O', 'O', 'G', 'G', 'O']
C18198539,['G', 'G', 'G', 'G', 'G']
C20428804,['O', 'G', 'O', 'O', 'G', 'O']
C16908019,['O', 'O', 'G', 'O', 'O', 'G', 'O']
C13233712,['G', 'G', 'G', 'G', 'G', 'G', 'O', 'G']
C16907144,['G', 'G', 'G', 'O', 'G', 'G', 'G', 'G', 'O']
C04149394,['G', 'G', 'G']
CHEMBL115341,['G', 'O', 'G', 'O', 'G', 'O', 'G', 'G', 'G', 'G']
C13393709,['G', 'G', 'G', 'G', 'G', 'O', 'G', 'G']
C16926105,['G', 'G', 'G', 'G', 'G', 'G', 'G']
C60212438,['G', 'O', 'O', 'G', 'O', 'G', 'O', 'G', 'G', 'O']
C16926718,['G', 'G', 'G', 'G']
C04494687,['O', 'G']
C13341532,['G', 'O', 'G', 'G', 'G', 'G', 'G', 'G', 'G']
C63637573,['O', 'O', 'G']
C64858409,['-']
C39667893,['G', 'O', 'G', 'G', 'G', 'O', 'G', 'G', 'O']
C13234213,['G', 'G', 'O', 'G', 'G', 'G', 'G', 'O']
C05125957,['G', 'G']
C40810210,['G', 'G', 'G', 'G']
C00159192,['G', 'G', 'G', 'G', 'G']
C37412393,['G']
C16906610,['G', 'G', 'G', 'O', 'G', 'G', 'G', 'G', 'O']
C02114966,['O', 'G', 'G', 'G', 'O', 'G', 'G', 'O']
C00718522,['G', 'O']
C55133084,['G', 'G', 'G', 'O', 'G', 'G', 'G']
C13274382,['O', 'O', 'G', 'G', 'O', 'O', 'G', 'O', 'G']
C13213874,['G', 'O', 'G', 'G', 'G']
C13348635,['O', 'G', 'G', 'G', 'G', 'G', 'G', 'G', 'G']
C00090722,['O', 'G']
C02342577,['G', 'G', 'G', 'G', 'G', 'G', 'G']
C05634257,['G']
C15932531,['G', 'G', 'G']
C45280568,['G', 'G', 'G', 'G', 'G', 'O']
C09357618,['G', 'G', 'G', 'G']
C44830177,['G', 'G', 'G', 'G', 'G', 'G', 'G']
C13215879,['G', 'G', 'G', 'G', 'G']
C12363193,['G', 'G', 'G', 'G']
C41627629,['G', 'G', 'O', 'G', 'O', 'O', 'O']
C13217668,['G', 'G', 'G', 'G', 'G', 'G']
C16906116,['G', 'G', 'O', 'O']
C16906627,['G', 'O', 'O', 'O', 'G', 'O', 'O', 'O']
C16911727,['O', 'G', 'G', 'G', 'G', 'G', 'O']
C64038085,['G']
CHEMBL113762,['G', 'G', 'G', 'G', 'G', 'O', 'G', 'G']
C39113603,['G', 'G', 'G']
C16936374,['G', 'G', 'G', 'O', 'G']
C39886127,['O', 'G', 'G']
C20568958,['O', 'G', 'G', 'G', 'G', 'G', 'G']
C16929548,['G', 'O', 'O', 'G', 'O', 'G', 'G']
C02330706,['G', 'G', 'G', 'G', 'G', 'G']
C39087511,['G', 'G']
C13273714,['G', 'G', 'G', 'O', 'G', 'G', 'O', 'G']
CHEMBL115395,['G', 'G', 'G', 'O', 'G', 'G', 'G', 'G']
C00568161,['G']
C04730310,['G']
C13217053,['O', 'G', 'G', 'G', 'G', 'G', 'G']
C33936234,['G', 'G']
C39667910,['G', 'G', 'G', 'G', 'G', 'O', 'G', 'G', 'G', 'O']
C19825167,['G', 'G', 'G', 'G']
C66508940,['G', 'G', 'O', 'G', 'G', 'G', 'O']
C08819001,['G', 'G', 'G', 'O', 'G', 'G', 'G', 'O', 'O']
C16927421,['G', 'G', 'G', 'O', 'G', 'O', 'O', 'G']
C21787446,['G', 'G', 'G']
C20292900,['O', 'G', 'G', 'G', 'G', 'G', 'O', 'G']
C13402340,['O', 'O', 'G', 'G', 'G', 'G', 'O', 'G', 'G']
C16909994,['O', 'G', 'G', 'G', 'G', 'O']
C13213775,['G', 'O', 'O', 'G', 'G', 'G', 'G', 'G']
C13340873,['G', 'G', 'G', 'G', 'G']
C13277754,['G', 'G', 'G', 'O', 'G', 'G', 'O', 'O']
C08818976,['G', 'G', 'G', 'G', 'G', 'O', 'O']
C39016116,['G', 'G', 'G']
C19787568,['G', 'G', 'O', 'G', 'G', 'G', 'G', 'O', 'G']
C13218160,['O', 'G', 'G', 'G', 'G']
C13832855,['G', 'G', 'G', 'G', 'G', 'G', 'G', 'G', 'G', 'O']
C44559647,['G']
C59678980,['G', 'G', 'G', 'G', 'O']
C13393493,['G', 'G', 'G', 'G', 'G', 'O', 'G', 'G']
C52542060,['G', 'G', 'O', 'G', 'G']
C63520944,['G', 'G', 'O', 'G', 'G']
C13479767,['O', 'G']
C05947814,['G', 'G', 'G', 'G', 'G', 'O', 'O']
C04457874,['O', 'G', 'G']
C59000126,['O', 'G', 'G', 'G', 'G']
C13263877,['G', 'G', 'G', 'G', 'G', 'G', 'G', 'G', 'O']
C13151290,['O', 'G']
C13276042,['G', 'G', 'G', 'G', 'G', 'G']
C16908046,['O', 'O', 'G', 'O', 'O', 'G', 'O']
C25501489,['G', 'G', 'G', 'G', 'G', 'O']
C13217127,['G', 'G', 'G', 'G', 'G', 'G', 'G']
C59247532,['G', 'G', 'G', 'G', 'O', 'G', 'O', 'O']
C39861784,['G', 'G', 'G', 'G']
C38229906,['O', 'G', 'O', 'G']
C32189113,['G', 'O', 'G', 'G', 'O']
C33810640,['G', 'G', 'O', 'G', 'O']
C39869952,['G', 'G', 'O', 'G', 'G']
C33330865,['O', 'O', 'G', 'G']
C13342512,['G', 'G', 'G', 'G', 'G', 'G', 'G', 'G', 'G', 'G']
C13786887,['G', 'G', 'G', 'G', 'O', 'G', 'O']
C05829633,['G', 'O', 'G']
C13217715,['G', 'G', 'G', 'G', 'G', 'G']
C39081052,['-']
C05753694,['G', 'G']
C02972343,['G', 'G']
C49590491,['G', 'G', 'G', 'G', 'O', 'O', 'O', 'O']
C43735798,['G']
C05427465,['G']
C13232294,['O', 'G', 'G', 'G', 'O', 'G', 'G', 'G', 'G', 'G']
CHEMBL114731,['G', 'G', 'G', 'G', 'G', 'O', 'G', 'G']
C39007208,['O', 'O', 'G']
C15636833,['G', 'G', 'G', 'G', 'G', 'O', 'G', 'O']
C13169580,['G', 'G', 'G', 'G', 'G', 'G']
C62930672,['G', 'G', 'G', 'G']
C13169441,['O', 'G', 'G', 'G', 'G', 'G', 'G', 'G']
C59248424,['O', 'G', 'G', 'G', 'G']
C12600443,['G', 'G', 'O', 'G', 'G']
C31477026,['G', 'G', 'O', 'G', 'G']
C26543013,['G', 'G', 'G', 'G']
C13213766,['G', 'O', 'G', 'G', 'G']
C19787389,['G', 'G', 'O', 'G', 'G', 'G', 'G', 'G', 'O']
C62930685,['G', 'G', 'G', 'G']
C36286769,['G', 'G', 'G', 'G', 'G']
C63520899,['G', 'G', 'O', 'G']
C13193401,['G', 'G', 'G', 'G', 'G']
C09877537,['G', 'G', 'O', 'G', 'G', 'G', 'G', 'G']
C02049092,['G', 'G', 'G', 'G', 'G', 'G', 'G', 'O', 'G']
C14955085,['G', 'G', 'G', 'O', 'O']
C39077787,['G', 'G']
C00076443,['G']
C20010685,['G', 'G', 'G', 'G', 'G', 'G']
C02156245,['O', 'G', 'G', 'G', 'G']
CHEMBL114846,['G', 'G', 'G', 'G', 'G', 'O', 'G']
C19789334,['G', 'G', 'G', 'G']
C19854941,['G', 'G', 'O', 'G', 'G', 'G', 'G', 'O', 'G']
C22229396,['G', 'G', 'G', 'G', 'G', 'G', 'G']
C13232352,['O', 'G', 'G', 'G', 'O', 'G', 'O', 'G']
C39325168,['O', 'G']
C13277726,['G', 'G', 'O', 'G', 'G', 'G', 'G', 'O']
C11290263,['G', 'G', 'G', 'G', 'G', 'G', 'G']
C49952257,['G']
C09360080,['O', 'G', 'G', 'G', 'G', 'G', 'O', 'G']
C13217833,['G', 'O', 'G', 'G', 'G', 'G']
C22573068,['G', 'O', 'O', 'G', 'G', 'O']
C16691682,['G', 'O', 'G', 'G', 'G', 'G', 'O', 'G']
C16578227,['G', 'G', 'G', 'G']
C59487677,['G', 'G', 'G', 'G']
C04453537,['G', 'G']
C08870049,['G', 'G', 'G', 'G']
C04151210,['G', 'G', 'O', 'G', 'G', 'O']
C13881405,['O', 'G', 'G', 'G', 'G']
C16046785,['G', 'G', 'G', 'G', 'O', 'O']
C54198382,['G', 'G', 'O', 'O']
C16908013,['O', 'O', 'G', 'O', 'O', 'G', 'O']
C21025462,['G', 'G', 'G', 'O', 'G', 'G', 'G']
C20247263,['G', 'G', 'G', 'O', 'G', 'G']
CHEMBL206468,['G']
CHEMBL326810,['O', 'G', 'G', 'O', 'G', 'G', 'G', 'G']
C42384252,['-']
C32885512,['O', 'G', 'G', 'G', 'G']
C59135341,['G', 'O', 'G', 'G']
C37365596,['O', 'G', 'O']
C09328996,['G', 'G', 'O', 'G']
C01065415,['G', 'G']
C32081704,['G', 'G', 'O', 'G', 'G', 'G']
C19900293,['G', 'G', 'G', 'O']
C13415694,['G', 'G', 'G', 'G', 'G', 'G', 'G', 'G', 'O']
C14198996,['G', 'G', 'G', 'G', 'G', 'G']
C20025327,['O', 'G', 'G', 'G', 'O']
C54152855,['G', 'G', 'G', 'G', 'O', 'G', 'O']
C13213875,['O', 'G', 'G', 'G', 'G', 'G']
C59249692,['G', 'O', 'G', 'G', 'G', 'G', 'G']
C13212998,['O', 'O', 'G', 'G', 'G', 'G']
C39870056,['G', 'O', 'G', 'G']
C17056869,['G', 'G', 'G', 'G', 'G', 'G']
C13801770,['G', 'O', 'G', 'G', 'G', 'G', 'O', 'G']
C15799748,['G', 'O', 'G', 'G']
C13213935,['G', 'G', 'G', 'G', 'G']
C13299740,['G', 'O', 'G', 'G', 'G', 'G']
C03172388,['G', 'G', 'G', 'G', 'G', 'G']
C13217851,['O', 'G', 'G', 'G', 'G', 'G', 'G', 'G']
C41628421,['G', 'O', 'G', 'G', 'G', 'O']
C16933254,['G', 'G', 'O', 'O', 'G']
C63521008,['G', 'G', 'G', 'G', 'G']
C13898874,['G', 'O', 'G', 'G']
C66506034,['G', 'G', 'G', 'G', 'O', 'G', 'G', 'G', 'O']
C13078755,['G', 'G', 'G', 'G', 'G', 'G', 'O']
C13213934,['G', 'O', 'G', 'G', 'G']
C59249559,['G', 'G', 'G', 'G', 'O', 'G']
C59136131,['G', 'G', 'G', 'G', 'O', 'G']
C38063724,['O', 'G', 'G']
C44233543,['G', 'G', 'G']
C09884859,['G', 'G', 'G', 'G', 'G', 'O', 'O']
C63849057,['G', 'G', 'G', 'G', 'G', 'G', 'G', 'G']
C39095193,['-']
C13366064,['G', 'G', 'G', 'G', 'G', 'G', 'O', 'G']
C13017066,['G', 'G', 'G', 'G', 'O']
C13274214,['G', 'O', 'O', 'G', 'G', 'G', 'G', 'G']
C39647077,['O', 'G', 'G', 'G', 'O', 'G', 'G', 'O']
C09884856,['G', 'G', 'G', 'G', 'G', 'O', 'G', 'O']
C02439441,['G', 'G', 'G', 'G', 'G']
C39704330,['G', 'G', 'G', 'G', 'G', 'G', 'G', 'O']
C20226931,['G', 'O', 'G', 'G']
C21808582,['G', 'G', 'G', 'G']
C16934505,['G', 'G', 'G', 'O', 'O']
C48547985,['G', 'G', 'G', 'G', 'G', 'O', 'G', 'O']
C20227144,['G', 'G', 'O', 'G']
C16908316,['G', 'O', 'G', 'G', 'O', 'O', 'G', 'O']
C20312419,['O', 'G', 'G', 'G']
C09051211,['G', 'G', 'G', 'O', 'G', 'O']
C13215946,['G', 'G', 'G', 'G', 'G', 'G']
C09319344,['G', 'G', 'O', 'O', 'G']
C04151197,['G', 'G', 'G', 'G', 'G', 'O']
C17198007,['G', 'O', 'G', 'G', 'G']
CHEMBL113736,['G', 'G', 'O', 'G', 'G', 'G', 'G', 'G']
C66506074,['G', 'G', 'G', 'G', 'G', 'G', 'G', 'G', 'O']
C16908318,['G', 'O', 'O', 'G', 'O', 'O', 'G', 'O']
C13213163,['O', 'O', 'G', 'G', 'G', 'G']
C19907275,['G', 'G', 'O', 'G']
C12406682,['G', 'G', 'G']
C13387789,['G', 'G', 'O', 'G', 'G', 'G', 'G', 'O', 'G']
C04204642,['-']
C39559738,['G', 'G', 'G', 'G', 'G']
C22060599,['G']
C13236538,['O', 'G', 'G', 'O', 'G', 'G', 'G', 'O', 'G']
C16937305,['O', 'G', 'G', 'O', 'G', 'O']
C04844819,['G', 'G', 'G', 'G', 'G']
C34914863,['G', 'G']
C59302044,['O', 'G', 'G', 'G', 'G']
C13265188,['G', 'G', 'G', 'G', 'G']
C05316641,['G', 'G', 'G', 'G', 'G', 'O', 'O']
C15243711,['G', 'G', 'G', 'G', 'G']
C16905947,['O', 'O', 'G', 'G', 'G']
C33254015,['G', 'G', 'G', 'G', 'G', 'G', 'G', 'G', 'G']
C26675383,['G', 'O', 'G', 'G', 'G', 'G', 'G', 'G', 'O']
C32566522,['G', 'G', 'G', 'G', 'G', 'G', 'O']
C10272116,['G', 'G', 'G', 'G', 'G', 'G', 'G', 'G', 'O', 'G', 'O']
C41626328,['O', 'O', 'G', 'G', 'G', 'O', 'G']
C20344756,['G', 'G', 'G', 'G']
C13194744,['G', 'G', 'G', 'G', 'O', 'G', 'G', 'G']
C22799600,['O', 'G', 'O', 'G', 'G', 'O']
C13215885,['G', 'G', 'G', 'G', 'G']
C16936868,['G', 'O', 'G', 'G', 'O', 'G', 'O']
C15013108,['G', 'O', 'G', 'G']
C35656408,['G', 'G', 'O', 'G']
C06238088,['G', 'G', 'G', 'G', 'O']
C33254050,['G', 'G', 'O', 'G', 'G', 'G', 'G']
C66505852,['G', 'G', 'G', 'G', 'G', 'G', 'G', 'O']
C39921213,['G', 'G', 'G', 'G', 'G']
C58961692,['G', 'O', 'G', 'O', 'G', 'G', 'G']
C13300836,['G', 'G', 'G', 'O', 'G', 'G']
C19878095,['O', 'O', 'G', 'G', 'O', 'G', 'O', 'O']
C37002772,['G', 'G', 'G', 'G']
C13348265,['G', 'G', 'G', 'O', 'G', 'G', 'G', 'G']
C39646824,['G', 'O', 'G', 'G', 'O', 'O', 'O']
C05947653,['G', 'G', 'G', 'G', 'G', 'O', 'O']
C33253842,['G', 'G', 'G', 'G', 'G', 'G', 'G', 'G']
C19797577,['O', 'G', 'G', 'O', 'O']
C03290182,['G', 'G', 'G', 'G', 'G', 'G', 'G', 'G']
C12562369,['G', 'G', 'G', 'O', 'G', 'G', 'O', 'G', 'G']
C60381047,['G', 'G', 'G', 'G', 'O', 'O', 'O']
C19824452,['G', 'G', 'G', 'G']
C41607675,['G', 'O', 'G', 'O', 'G']
C13756759,['G', 'G', 'G', 'G', 'G', 'G']
C19809851,['G', 'G', 'G', 'G']
C39646806,['G', 'G', 'O', 'G', 'O', 'O']
C13213864,['G', 'O', 'G', 'G', 'G']
C59437134,['G', 'O', 'G', 'G', 'G', 'G', 'G', 'G']
C35551286,['G', 'G', 'G', 'G', 'G']
C16932841,['G', 'G', 'G', 'G']
C09360374,['G', 'G', 'G', 'G', 'G', 'G']
C13217802,['G', 'O', 'G', 'G', 'G', 'G']
C44559184,['G', 'G', 'G']
C08616707,['O', 'G', 'G', 'G', 'G', 'O', 'G', 'G', 'G', 'G']
C13213379,['G', 'G', 'O', 'G', 'G']
C20412015,['G', 'O', 'G', 'O', 'G', 'O']
C13213484,['G', 'G', 'G', 'G', 'G', 'G']
C54164327,['G', 'O', 'O', 'G', 'G', 'G']
C39986063,['G', 'G', 'G', 'G']
C13213863,['G', 'G', 'G', 'G', 'G']
C16906325,['O', 'O', 'G', 'G', 'G', 'G']
C04647354,['G', 'G', 'G', 'O', 'G']
CHEMBL324288,['G', 'O', 'G', 'G', 'G', 'G', 'G']
C05275664,['O', 'G']
C13213048,['G', 'G', 'G', 'G', 'O', 'G']
C13213914,['G', 'O', 'G', 'G', 'G']
C13246065,['G', 'G', 'G', 'G', 'G', 'O']
C36664992,['G', 'G', 'O', 'G', 'G', 'G', 'G', 'G', 'O', 'G', 'O']
C19794403,['O', 'O', 'G', 'G', 'G', 'G', 'O', 'G']
C60800495,['G', 'O', 'G', 'G', 'G']
C05372615,['-']
C31990324,['G']
C13235981,['O', 'O', 'G', 'G', 'O', 'G', 'G', 'G']
C63196059,['G', 'G', 'G', 'G', 'G']
C16933359,['G', 'G', 'O', 'G']
C16477181,['G', 'O', 'G', 'G', 'G', 'G', 'G', 'O']
C03845550,['O', 'G', 'G', 'O', 'G', 'G', 'G', 'O']
C39667993,['G', 'O', 'G', 'G', 'G', 'G', 'G', 'O']
C41627632,['G', 'G', 'O', 'G', 'G', 'O', 'O']
C17198010,['G', 'G', 'G', 'G', 'G']
C13213029,['O', 'O', 'G', 'G', 'G']
C13773618,['G', 'O', 'G', 'G', 'G']
C20110093,['G', 'O', 'G', 'G']
C33253946,['G', 'G', 'G', 'G', 'O']
C13297907,['G', 'G', 'G', 'G', 'O']
C28297268,['G', 'G', 'G', 'G', 'G', 'G', 'G']
C06923558,['G']
C13948173,['G', 'G', 'G', 'O', 'G', 'G']
C13252046,['G', 'G', 'G', 'G', 'G', 'G', 'O']
C39667989,['G', 'O', 'G', 'G', 'G', 'G', 'G', 'O']
C16477184,['G', 'O', 'G', 'G', 'G', 'G', 'G', 'O']
C13079028,['O', 'G', 'G', 'G', 'G', 'G', 'G', 'G', 'O']
C13213220,['G', 'G', 'G', 'G', 'G', 'G']
C41607653,['G', 'O', 'G', 'O', 'G', 'O']
C19867931,['G', 'G', 'O', 'G', 'G', 'G', 'G', 'G', 'O']
C61991210,['G']
C13213153,['G', 'G', 'G', 'G', 'G']
C41626322,['G', 'O', 'G', 'G', 'G', 'O', 'G']
C55158106,['G', 'G', 'G', 'G', 'G', 'G', 'O', 'G']
C63912374,['G', 'G', 'G', 'G', 'G', 'G', 'G']
C13059827,['G', 'G', 'G', 'G', 'G']
C52542056,['G', 'G', 'G', 'O', 'G', 'G']
C09262823,['G', 'G', 'G', 'G']
C13218183,['G', 'G', 'G', 'O', 'G', 'O']
C05750033,['O', 'G', 'O', 'O', 'G', 'O', 'O', 'G', 'O']
C41018473,['G', 'G', 'G', 'O', 'G', 'G']
C59198598,['G', 'O', 'G', 'G']
C49568635,['G', 'G', 'G', 'G', 'G', 'G', 'O']
C04678192,['G', 'O', 'G', 'G', 'G', 'G']
C04816191,['G', 'G', 'G']
C13865128,['O', 'G']
C35450832,['G', 'G', 'G', 'O', 'G', 'O']
C13562409,['G', 'O', 'O', 'G', 'O', 'O', 'G']
C18158354,['O', 'G', 'G', 'G', 'G', 'G']
C19813644,['G', 'G', 'G', 'G', 'O', 'G']
C37675902,['G', 'G', 'G', 'G']
C19873108,['G', 'G', 'G', 'G', 'G']
C67028983,['G', 'G', 'G', 'G']
C26719725,['G', 'G', 'G', 'G', 'G', 'O']
C58377744,['G', 'G', 'G', 'G', 'G']
C59250401,['G', 'O', 'G', 'G', 'G', 'G']
C13261871,['G', 'G', 'G', 'O', 'G', 'G', 'G', 'O']
C00346586,['G', 'G', 'G', 'G', 'G', 'G']
C13193645,['G', 'G', 'G', 'G', 'G']
C13252048,['G', 'G', 'G', 'G', 'G', 'G', 'O']
C51249215,['G', 'G', 'G', 'O']
C05047175,['G', 'G', 'G', 'G', 'G']
C37675842,['G', 'G', 'G', 'G']
C13078493,['O', 'G', 'G', 'G', 'G', 'G', 'G', 'G', 'O']
C45774399,['G', 'O', 'G', 'G', 'G']
C63520940,['G', 'G', 'O', 'G', 'G']
C13799961,['G', 'G', 'G', 'G']
C38612103,['O', 'G', 'G', 'O', 'O']
C13252055,['G', 'G', 'G', 'O', 'G', 'G', 'G', 'G']
C41628427,['G', 'G', 'G', 'O', 'G']
C20025338,['O', 'O', 'G', 'G', 'G', 'G']
C35518465,['G', 'G', 'G', 'G']
C13217655,['G', 'G', 'G', 'G', 'G', 'G']
C37789802,['G', 'O', 'G', 'O', 'G', 'G', 'O']
C37675867,['G', 'G', 'G', 'G']
C08962309,['G', 'G', 'G']
C09324353,['G', 'G', 'G', 'O', 'G']
C32088229,['G', 'G', 'G', 'O', 'G', 'G']
C13276866,['G', 'G', 'G', 'O', 'G']
C13274237,['O', 'O', 'G', 'G', 'G', 'G', 'G', 'G', 'G', 'O']
C13278232,['G', 'G', 'G', 'O', 'G']
C13213997,['G', 'G', 'G', 'G', 'G']
CHEMBL114226,['G', 'O', 'G', 'G', 'G', 'G', 'G']
C28379804,['O', 'G', 'G', 'G', 'O', 'O']
C59109160,['G', 'O', 'G', 'G', 'G']
C13218167,['O', 'G', 'G', 'G', 'G', 'O']
C13078508,['G', 'G', 'G', 'O', 'G', 'G', 'G']
C37553016,['G', 'G', 'G', 'G']
C13213868,['G', 'O', 'G', 'G', 'G']
C13231830,['G', 'G', 'G', 'G', 'G', 'G', 'G', 'O']
C40021939,['G', 'O', 'G', 'G', 'G', 'G', 'O']
C13273711,['G', 'G', 'G', 'O', 'G', 'O', 'G']
C55639179,['G', 'G', 'G', 'G', 'G', 'G', 'G']
C13214116,['G', 'G', 'G', 'G', 'G']
C59466322,['G', 'G', 'G', 'O', 'G', 'G']
C22148042,['G', 'G', 'G', 'O', 'O']
C63086185,['G', 'G', 'G', 'O']
C19880377,['G', 'G', 'O', 'G', 'G', 'G', 'O']
C55631505,['O', 'O', 'O', 'G', 'O', 'G', 'G']
C60353741,['G', 'G', 'G', 'G', 'G', 'G', 'G', 'O']
C32708011,['G', 'G', 'G', 'G', 'O', 'G', 'O']
C13348262,['G', 'G', 'G', 'O', 'G', 'G', 'G', 'G']
C20171736,['G', 'G', 'G', 'G', 'G']
C13278157,['G', 'G', 'G', 'G', 'G', 'G']
C19939864,['G', 'G', 'G', 'G']
C16936871,['G', 'O', 'G', 'G', 'O', 'G', 'O']
C20123614,['G', 'G', 'G', 'G', 'G', 'G']
C13213737,['G', 'G', 'G', 'G', 'G']
C13169488,['G', 'G', 'G', 'G', 'G', 'G', 'G', 'G', 'G']
C04261849,['G', 'G', 'G', 'G', 'G', 'G']
C13278130,['G', 'G', 'O', 'G', 'G', 'G', 'O']
C41018363,['O', 'G', 'G', 'G', 'O', 'G', 'G']
C13346011,['G', 'G', 'O', 'G', 'G']
C03272971,['G', 'G', 'G', 'G', 'O', 'G']
C13232717,['O', 'G', 'G', 'G', 'G', 'O', 'G', 'G', 'G']
C26668509,['G', 'G', 'O', 'G', 'G', 'G', 'O']
C25572803,['G', 'G', 'O', 'G']
C13552894,['G', 'G', 'G', 'G', 'G', 'G', 'O', 'G']
C13213859,['G', 'G', 'G', 'G', 'G', 'G']
C62825254,['G', 'G', 'G', 'G']
C13169320,['G', 'G', 'G', 'G', 'G', 'G', 'G', 'G', 'G']
C49589865,['G', 'G', 'G', 'O', 'G', 'G', 'G']
C33319967,['O', 'O', 'G', 'G', 'G', 'G', 'O', 'G']
C13213164,['O', 'O', 'G', 'G', 'G', 'G']
C34958068,['G', 'G', 'G', 'G', 'G', 'O']
C05949810,['G', 'G', 'G', 'G', 'G', 'G', 'G', 'O', 'G', 'G', 'G']
C13277428,['G', 'G', 'G', 'G', 'G', 'G']
C18193864,['G', 'G', 'O', 'G', 'G', 'O']
C13217667,['G', 'G', 'G', 'G', 'G', 'G']
C13408611,['O', 'O', 'G', 'G', 'G', 'G', 'O', 'G', 'G']
C01715181,['G', 'G', 'O', 'G', 'G', 'G', 'O', 'O']
C17015095,['G', 'G', 'G', 'G', 'G', 'G', 'G', 'G']
C13235359,['O', 'G', 'G', 'G', 'G', 'G', 'G', 'G', 'G']
C13265353,['G', 'G', 'G', 'O', 'G', 'G', 'G']
C37656997,['G', 'G', 'G', 'O']
C03051869,['G', 'G', 'O', 'G', 'G', 'G']
C13213744,['G', 'G', 'G', 'G', 'G']
C19825517,['G', 'G', 'O', 'G']
C02474058,['G', 'G', 'O', 'G']
C02907997,['G', 'G', 'G', 'G', 'G']
C08426939,['G', 'G', 'G', 'G', 'G', 'O', 'G', 'G', 'G', 'G', 'G', 'O']
C37675817,['G', 'G', 'G', 'G']
C13233745,['G', 'G', 'G', 'G', 'O', 'G']
C16931674,['G', 'G', 'G', 'O', 'G']
C63520869,['G', 'G', 'O', 'G']
C13213966,['G', 'G', 'O', 'G', 'G', 'G', 'G', 'G']
C13278056,['G', 'G', 'G', 'G', 'O']
C13301049,['G', 'G', 'G', 'G', 'G']
C34872088,['G', 'O', 'G', 'G']
C26674773,['G', 'G', 'G', 'G', 'G', 'G', 'O']
C13267617,['G', 'G', 'G', 'G', 'G']
C13028098,['G', 'G', 'G', 'G']
C41018355,['G', 'G', 'G', 'G', 'G', 'G']
C17968523,['G', 'G', 'G', 'G', 'G', 'G', 'G', 'O']
C00346588,['G', 'G', 'G', 'G', 'G', 'G']
C26717323,['G', 'G', 'G', 'G', 'G', 'G', 'O']
C13680355,['G', 'G', 'G', 'G']
C13278069,['G', 'G', 'G', 'G', 'O']
C19860369,['G', 'G', 'G', 'G', 'G', 'G']
C28257101,['G', 'G', 'G', 'G', 'G']
C13277868,['G', 'G', 'G', 'G', 'O', 'O']
C13305874,['G', 'G', 'G', 'G', 'G', 'G']
C35449992,['G', 'G', 'O', 'G', 'O']
C20435736,['G', 'O', 'G', 'G', 'O', 'G', 'O']
C37406549,['G', 'G', 'O', 'G', 'O']
C19809550,['G', 'G', 'G', 'G', 'G']
C08508875,['G']
C12382981,['G', 'G', 'G', 'O', 'G']
C35451148,['G', 'G', 'G', 'O', 'G', 'O']
C16431141,['G', 'O', 'G', 'G']
C33314346,['G', 'G', 'G', 'G', 'G']
C46303776,['G', 'G', 'G', 'G', 'G']
C13273980,['G', 'G', 'G', 'G', 'O', 'G', 'O', 'G']
C13274384,['O', 'G', 'G', 'G', 'O', 'G', 'G', 'O']
C24376268,['G', 'G', 'O', 'G']
C42793684,['G', 'O', 'G', 'G', 'O']
C20457252,['G', 'G', 'G', 'G', 'G']
C13218204,['G', 'G', 'G', 'G', 'G']
C35232001,['G', 'G', 'O', 'O']
C59247874,['G', 'G', 'G', 'G', 'G', 'G', 'G', 'G']
C37425420,['G', 'G', 'G', 'G']
C01061522,['G', 'O', 'G', 'G', 'G']
C33810109,['G', 'G', 'G', 'O']
C10150174,['G', 'G', 'G', 'G', 'G', 'G', 'G', 'G']
C63849104,['G', 'G', 'O', 'G', 'G', 'G', 'G']
C01200722,['G', 'G', 'G', 'G', 'G', 'G', 'G']
C32180940,['G', 'G', 'O', 'G']
C13318941,['G', 'G', 'G', 'G', 'O', 'O']
C13252101,['G', 'G', 'G', 'G', 'G', 'G', 'O']
C13396480,['G', 'O', 'O', 'G', 'G', 'G', 'O', 'G', 'G']
C40476310,['G', 'G', 'G', 'G', 'G', 'G', 'G']
C13801307,['G', 'G', 'G', 'G', 'O', 'G']
C13026813,['G', 'O', 'G', 'G', 'G', 'G']
C16934315,['G', 'O', 'G', 'G', 'G', 'O', 'G']
C15013574,['G', 'G', 'G', 'G', 'G']
C13213004,['O', 'G', 'G', 'G', 'G']
C13278425,['G', 'G', 'G', 'G']
C26716310,['G', 'G', 'G', 'G', 'G', 'G', 'O']
C10159892,['G', 'O', 'G', 'G', 'G', 'O', 'O']
C13278061,['G', 'G', 'O', 'O', 'G', 'G', 'G', 'G', 'G']
C08462846,['G', 'G', 'G', 'G', 'G']
C01833557,['G', 'G', 'G', 'G', 'G', 'G']
C39066769,['O']
C08636586,['G', 'G', 'G', 'G', 'G', 'G']
C49735249,['G', 'G', 'O', 'G']
C36617164,['G', 'G', 'G', 'G', 'O', 'G']
C13218198,['G', 'G', 'G', 'G', 'G']
C13278067,['G', 'G', 'G', 'G', 'G', 'O']
C13217811,['G', 'G', 'O', 'G', 'G', 'G', 'G']
C04517209,['G', 'G']
C40567538,['O', 'G', 'G', 'G', 'G']
C13193629,['G', 'G', 'G', 'G', 'G']
C16213557,['G', 'O', 'G', 'G', 'G', 'G', 'G', 'G']
C20413875,['O', 'G', 'G', 'G', 'O']
C13252128,['G', 'G', 'G', 'G', 'G', 'G', 'G', 'G']
C37055177,['G', 'G', 'G', 'G']
C58263986,['G', 'G', 'G', 'G', 'G', 'G', 'G']
C19824455,['G', 'G', 'G', 'G']
C45946720,['O', 'O', 'G', 'G']
C55311815,['G', 'G', 'G', 'G']
C39646818,['G', 'G', 'G', 'G', 'O', 'G', 'O']
C13349688,['G', 'G', 'G', 'G', 'O', 'G']
C62825202,['G', 'G', 'G', 'G']
C09972965,['G', 'G', 'G', 'G', 'G']
C08879742,['G', 'G', 'G', 'G', 'O', 'G', 'O', 'O']
C59679454,['G', 'O', 'G', 'G', 'G', 'O']
C34890423,['G', 'O', 'G', 'G']
C12537061,['G', 'G', 'G', 'O', 'G', 'G']
C13232188,['G', 'G', 'G', 'G', 'G', 'G', 'G', 'G']
C33810460,['G', 'G', 'G', 'O']
C06041314,['G', 'G', 'G', 'G']
C60417579,['G', 'G', 'G', 'G']
C15034700,['G', 'G', 'O', 'G', 'G', 'G', 'O', 'O']
C67029206,['G', 'G', 'G', 'G', 'G']
C59000136,['O', 'G', 'G', 'G', 'G', 'G']
C13193652,['G', 'G', 'G', 'G', 'G']
C13274527,['G', 'G', 'G', 'G', 'G', 'O', 'O', 'G', 'O']
C40567601,['G', 'G', 'G', 'O', 'G', 'G', 'G', 'G']
C40567599,['G', 'G', 'G', 'O', 'G', 'G', 'G', 'G']
C37675846,['G', 'G', 'G', 'G']
C19814343,['G', 'G', 'G', 'G']
C13278074,['G', 'G', 'G', 'G', 'G', 'G', 'O']
C02158348,['G', 'G', 'G', 'G', 'G', 'G', 'G', 'G', 'G', 'G', 'G']
C13659218,['G', 'G', 'G', 'G', 'G', 'O']
C35450545,['G', 'G', 'O', 'G', 'G']
C37425392,['G', 'G', 'G', 'G']
C12379547,['G', 'G', 'G', 'G', 'O']
C17107635,['G', 'G', 'G', 'G', 'O']
C16225198,['G', 'G', 'G', 'G', 'G']
C16929205,['G', 'G', 'G', 'G', 'O', 'G']
