CHEMBL290674,['G', 'G', 'G', 'G']
CHEMBL218085,['G', 'G', 'G', 'G']
CHEMBL38614,['G', 'G', 'G', 'G']
C00711602,['G', 'O', 'G', 'G']
CHEMBL106467,['G', 'G']
CHEMBL218169,['G', 'G', 'G', 'G']
CHEMBL218084,['G', 'G', 'G', 'G']
CHEMBL322929,['G', 'G', 'G']
C03864919,['G', 'O', 'O', 'G', 'G']
CHEMBL322100,['G', 'G']
C04754983,['G', 'O', 'G', 'G']
CHEMBL154623,['G', 'G', 'G', 'G', 'O', 'O']
CHEMBL104001,['G', 'G']
CHEMBL107224,['G', 'G']
C13275571,['G', 'G', 'O', 'G']
CHEMBL194955,['G', 'O', 'G', 'G', 'G', 'O']
CHEMBL107642,['G', 'G']
CHEMBL326692,['G', 'G']
C11437314,['O', 'G', 'G', 'G', 'G', 'G', 'G', 'G', 'G']
CHEMBL104302,['G', 'G']
C32111310,['G', 'O', 'G']
CHEMBL194954,['G', 'O', 'O', 'G', 'G', 'G']
C37435630,['O', 'G', 'G', 'G', 'G', 'G', 'G']
C04702195,['G', 'G', 'G']
CHEMBL104209,['G', 'G']
CHEMBL202431,['G', 'O', 'G', 'G', 'G', 'O']
C01195280,['O', 'O', 'G']
C15924170,['G', 'G', 'G']
CHEMBL106529,['G', 'G', 'G']
C20227523,['G', 'G', 'G', 'G', 'G', 'G', 'G']
C13411465,['G', 'G', 'G', 'G', 'G', 'O', 'G', 'O']
C16579312,['G', 'O', 'O', 'G']
C16661256,['G', 'G', 'O', 'G', 'G', 'O']
C13777935,['G', 'G', 'G', 'G', 'G']
C05100838,['O', 'G', 'O', 'O', 'G']
C05387279,['G', 'G', 'G']
C04420303,['O', 'G', 'G']
C40068669,['G', 'G', 'G']
C00856277,['G', 'G', 'G']
CHEMBL195622,['G', 'G', 'G', 'G', 'O', 'G']
C17322762,['G', 'G', 'G', 'O', 'G', 'G', 'G']
C13449513,['G', 'G', 'G', 'O', 'G']
C21319381,['G', 'G', 'O', 'G', 'G', 'G']
C05017024,['O', 'G', 'O', 'O']
C02435630,['G', 'G', 'O']
C65004883,['G', 'G', 'G', 'G', 'G']
C16939771,['O', 'G', 'G']
C13060461,['O', 'G', 'G']
CHEMBL320245,['G', 'G']
C57681941,['G', 'G', 'O', 'G', 'G', 'G']
C62527369,['G', 'G', 'G', 'G', 'G']
C01839287,['G', 'G', 'O']
C13413760,['G', 'G', 'G', 'G', 'G', 'G', 'G', 'G', 'G']
CHEMBL118395,['G', 'G', 'G']
C02821176,['O', 'G', 'G']
C33263879,['G', 'G', 'G', 'G']
C37404698,['G', 'O', 'G', 'G']
C41628272,['O', 'G', 'O', 'G', 'O']
C35287993,['G', 'O', 'G', 'G', 'G', 'G']
C11358135,['O', 'G', 'G', 'G', 'G', 'G', 'G']
C13943031,['G', 'G', 'G', 'G']
C24033896,['O', 'G', 'G', 'G', 'G', 'G']
C46570001,['G', 'O', 'G', 'G', 'G', 'G']
C32765452,['G', 'O', 'O', 'G', 'G', 'G']
C26263290,['O', 'G', 'O', 'G', 'G', 'G']
C07974169,['O', 'G', 'G', 'O']
CHEMBL143345,['G', 'O', 'G', 'G', 'O', 'G', 'G', 'G', 'G', 'G', 'G']
CHEMBL442030,['G', 'G', 'O', 'G', 'G', 'O', 'G', 'G', 'G', 'G', 'G']
C19939764,['G', 'G', 'O', 'G', 'G']
C50833827,['G', 'O', 'O', 'G', 'G']
CHEMBL104167,['G', 'G']
C10786365,['G', 'G', 'G', 'O', 'G', 'G']
C59814715,['G', 'G', 'G', 'G', 'G', 'G', 'G', 'G', 'G', 'G']
C50833670,['G', 'O', 'O', 'G', 'O']
C11640051,['G', 'O', 'O']
C25073193,['G', 'G', 'G']
C63491623,['G', 'G', 'G', 'G', 'G', 'G', 'G']
C25585969,['G', 'G', 'O']
C09041660,['G', 'G', 'O']
C23041820,['G', 'G', 'O', 'G', 'G', 'G', 'G', 'G', 'G']
C01850494,['G', 'G', 'O']
C46561639,['G', 'G', 'G', 'G', 'O', 'O']
C19798917,['G', 'G']
C44885326,['G', 'G', 'G', 'O', 'G']
C65003950,['G', 'O', 'G', 'G']
C13431412,['G', 'G', 'G', 'G', 'O', 'G']
C21740534,['G', 'O', 'G', 'O', 'G']
C40562852,['G', 'G', 'G', 'G', 'G', 'G']
C09092188,['G', 'O', 'G', 'G', 'G']
C16974640,['O', 'G', 'O']
C37087482,['G', 'G', 'G', 'O']
C65004873,['G', 'G', 'O', 'G', 'O']
C36306533,['G', 'O', 'G', 'G']
C35490654,['G', 'G', 'G', 'G', 'G']
C20879035,['G', 'O', 'O', 'O', 'O']
C49627895,['O', 'G', 'G', 'G', 'G']
C65031356,['O', 'O', 'G', 'G']
CHEMBL359171,['G', 'G', 'O', 'O', 'G', 'G', 'G', 'G', 'G', 'G', 'G']
CHEMBL218700,['G', 'G']
C12082747,['G', 'G', 'G', 'G', 'G', 'G']
C21325806,['G', 'G', 'O', 'G', 'O']
C13319017,['G', 'O', 'G', 'G']
C32101861,['G', 'G', 'G', 'G', 'O', 'G', 'O', 'O']
C05669469,['G', 'G', 'G', 'O', 'G', 'O']
C39593560,['G', 'G', 'G', 'G', 'G', 'O', 'G', 'G', 'G', 'G']
C37605783,['O', 'O', 'G', 'O']
C11671166,['G', 'G', 'O', 'O']
C37205969,['O']
C60709361,['G', 'G', 'O', 'G', 'O']
C20601610,['O', 'G', 'G', 'O', 'O']
C39463273,['-']
C57151326,['O', 'O', 'G', 'O']
C35557610,['G', 'G', 'G', 'G', 'O']
C50358888,['O', 'G']
C41606879,['O', 'O', 'G', 'G', 'G', 'G']
C14241240,['G', 'G', 'G', 'O', 'G']
C32182312,['G', 'G', 'G', 'G', 'O']
C39408770,['G', 'O', 'G', 'G']
C48433192,['O', 'G', 'G']
C06565853,['O', 'G']
C61457183,['G', 'O', 'G', 'G', 'G', 'G', 'O']
C55493140,['G', 'G', 'G', 'G', 'G']
C57630385,['G', 'O']
C62763834,['G', 'O', 'G', 'G', 'G']
C20582938,['G', 'G', 'G', 'G', 'G']
C41393893,['G', 'O', 'O']
C41571532,['O', 'O', 'G', 'G', 'G', 'G', 'G', 'G']
C03412513,['O', 'G', 'G', 'G', 'G', 'G', 'G', 'O', 'O']
C19945567,['G', 'O', 'G', 'G', 'G']
C13236767,['G', 'O', 'O', 'G', 'O', 'G']
C08187751,['G', 'O', 'G', 'O']
C26771405,['G', 'O', 'O']
C54730513,['G', 'G', 'G', 'O', 'O']
C13453800,['G', 'G', 'G', 'G', 'G', 'G', 'G', 'O']
C65279909,['G', 'G', 'O', 'G', 'G']
C12270266,['G', 'G', 'G', 'G', 'G', 'O']
C36306703,['G', 'O', 'G', 'G']
C67370468,['O', 'G', 'G', 'O', 'G']
C63889612,['O', 'O', 'O', 'G', 'O']
C33760579,['G', 'O', 'G', 'G', 'G', 'G']
CHEMBL141237,['G', 'G', 'G', 'G', 'G', 'G']
C49594840,['G', 'G', 'O', 'G', 'G']
C58159842,['G', 'G', 'G', 'G', 'O', 'O']
C64952487,['G', 'G', 'O', 'O']
C13354354,['G', 'G', 'O', 'G', 'G', 'G']
C60375659,['G', 'G', 'G', 'G', 'G', 'O']
C02964122,['O', 'G']
C61640293,['G', 'G', 'G', 'G', 'O']
C37019611,['G', 'G', 'O', 'G']
C15732023,['G', 'O', 'G', 'G', 'O']
C05836440,['O', 'G', 'G', 'G', 'G']
C06198500,['G', 'G', 'O']
C28165534,['O', 'O', 'G', 'O']
C39997284,['G', 'G', 'G', 'O', 'G', 'G']
C16843799,['G', 'G', 'O', 'G']
C36772779,['G', 'G', 'O', 'G', 'O', 'G', 'G']
C41606907,['O', 'O', 'G', 'G', 'G', 'G', 'G']
C13037383,['G', 'G', 'G', 'G', 'G', 'O', 'O', 'G']
C05013831,['O', 'O']
C12558764,['G', 'G', 'G']
C55176538,['G', 'O', 'G']
C41233269,['G', 'G', 'G', 'G', 'O', 'G']
C05204212,['G', 'O', 'O', 'G', 'G']
C41627224,['G', 'O', 'G', 'G', 'G', 'O']
C00207957,['G', 'G', 'G']
C41263345,['G', 'G', 'G', 'G', 'G', 'G', 'O', 'G']
C36666899,['O', 'G', 'G', 'G', 'G']
C61122707,['O', 'G', 'G']
C40067299,['O', 'G', 'O', 'G']
C28625455,['G', 'G', 'G', 'G', 'G']
C07741946,['G', 'G', 'G', 'G', 'G', 'O']
C42865548,['G', 'O', 'G', 'G', 'G', 'G']
C39997300,['G', 'G', 'G', 'O', 'G', 'G']
C04861228,['G', 'O', 'G', 'G', 'G', 'G']
C05650220,['G', 'G', 'O']
C24512456,['G', 'G', 'O', 'G', 'G', 'G']
C49184500,['G', 'G', 'G', 'G', 'G', 'G']
C37104905,['O', 'G', 'G', 'G', 'O', 'O']
C07247080,['G', 'G', 'G', 'G', 'G', 'G', 'G']
C38537382,['-']
C13619066,['G', 'G', 'O', 'G', 'O', 'O']
C03155739,['O', 'G', 'G']
C00873083,['O', 'G', 'G', 'G', 'G', 'G']
C43659304,['G', 'G', 'G']
C28407409,['G', 'G', 'G', 'G', 'G', 'O', 'G']
C25148231,['G', 'G', 'G', 'O', 'O', 'G']
C14168161,['G', 'G', 'G', 'G', 'G', 'O', 'G', 'O']
C39973055,['G', 'G', 'G', 'G', 'G', 'G', 'G', 'G']
C44169444,['G', 'G', 'G', 'G', 'G']
C60340730,['O', 'O', 'G', 'G', 'G', 'O']
C39846801,['G', 'G', 'G', 'O', 'O']
C63864560,['G', 'O', 'G', 'G']
C64769501,['G', 'G', 'O', 'G', 'G']
C20878943,['G', 'O', 'O', 'O', 'G']
C06720306,['G', 'G', 'O', 'G', 'O']
C37716651,['O', 'G', 'G', 'G', 'G', 'G']
C48580446,['O']
C06942564,['G', 'O', 'G', 'G', 'G', 'G']
C40123139,['O', 'G', 'G', 'G', 'G', 'G', 'G']
C42675462,['G', 'G', 'G', 'G', 'O', 'O']
C50222499,['G', 'G', 'O', 'G', 'O']
C06705433,['-']
C49593796,['G', 'G', 'G', 'G', 'G', 'G', 'G']
C12414223,['O', 'G', 'G', 'O', 'G', 'O']
C59018465,['G', 'O', 'G', 'O', 'G', 'G', 'G', 'G']
C66087435,['O']
C64267287,['G', 'G', 'G', 'G', 'G']
C37282949,['G', 'G', 'G', 'O']
C65031299,['G', 'G', 'G', 'O']
C48544123,['G', 'G', 'G']
C49627936,['O', 'G', 'O', 'G', 'G']
C06206125,['G', 'O', 'O', 'O', 'G', 'G']
C65004283,['G', 'G', 'O', 'G', 'O']
C17130512,['O', 'O', 'O']
C59383730,['G', 'G', 'O']
C34980707,['G', 'G', 'G', 'G', 'O']
C06503761,['G', 'G', 'O', 'G', 'G', 'G', 'G']
C09254336,['G', 'G', 'G', 'O', 'G', 'G', 'G', 'G', 'G', 'G']
C49592189,['G', 'G', 'G', 'G', 'G', 'G']
C51086901,['G', 'O', 'G']
C08517274,['G', 'G', 'O']
C34977906,['O', 'O', 'G', 'G']
C34107787,['G', 'G', 'G', 'G', 'G', 'G', 'G']
C64701905,['G', 'G', 'G', 'G', 'G', 'G']
C64794229,['G', 'G', 'G', 'G', 'O', 'G']
C22480694,['G', 'G', 'O', 'G', 'G', 'O']
C49914053,['G', 'O', 'O', 'O', 'O', 'G', 'O']
C08839400,['G', 'G', 'G', 'G', 'G', 'O', 'O', 'G']
C57101826,['G', 'G', 'O', 'G', 'O']
C49593792,['G', 'G', 'G', 'G', 'O']
C12567617,['G', 'O', 'G', 'G']
C16928712,['O', 'O', 'O']
C39996997,['G', 'G', 'G', 'O', 'O', 'G', 'G']
C21127515,['O', 'O', 'O', 'G', 'G']
C13750617,['G', 'O', 'O']
C40925650,['G', 'G', 'O', 'O', 'G', 'G', 'G', 'G']
C37216150,['G', 'G', 'G', 'G']
C20027951,['G', 'O', 'G', 'G', 'G']
C63151762,['G', 'G', 'G', 'G', 'G', 'G']
C13269857,['O', 'G', 'G', 'G', 'G', 'G']
C61095169,['O', 'G', 'G']
C03495607,['G', 'G', 'G', 'G', 'G', 'G']
C05427143,['G', 'G', 'O']
C57656965,['G', 'G', 'G', 'G', 'G', 'O', 'G']
C08683205,['G', 'G', 'G', 'G', 'O']
C29112768,['G', 'G', 'G', 'G', 'G', 'G']
C43860065,['G', 'G', 'G', 'G', 'G', 'G']
C15016022,['G', 'G', 'G', 'G', 'O', 'O']
C00441705,['G', 'G', 'O']
C19926522,['G', 'G', 'G', 'O']
C13750132,['G', 'O', 'O']
C59366251,['G', 'G', 'O', 'O']
C15042018,['O']
C13410971,['G', 'G', 'G', 'G', 'G', 'G', 'G']
C43881186,['G', 'O', 'O', 'G', 'G']
C37231150,['G', 'G', 'G', 'G', 'G']
C27912484,['G', 'O', 'O']
C01841496,['G', 'G', 'G', 'O']
C37362105,['G', 'G', 'G', 'G']
C15746325,['G', 'G', 'G', 'G']
C39759666,['G', 'G', 'G', 'G', 'G', 'G', 'G', 'G', 'G']
C31739828,['O', 'O']
C60154393,['G', 'G', 'G', 'G', 'G', 'G', 'G']
C64769484,['G', 'G', 'O', 'G', 'O']
C33569014,['G', 'O', 'G', 'G', 'O', 'G']
C51635768,['G', 'G', 'G']
C41667843,['O', 'G', 'G', 'O', 'G', 'G']
C05551741,['O', 'O', 'G']
C45924678,['G', 'O', 'G', 'G', 'G']
C33324051,['O', 'O', 'G']
CHEMBL484780,['G', 'G', 'G', 'G', 'G']
C05551738,['G', 'O', 'G']
C41233153,['G', 'G', 'G', 'G', 'G', 'G', 'O']
C05703016,['G', 'G', 'G', 'G', 'O', 'G', 'G']
C57438685,['O', 'O', 'G']
C51156357,['G', 'G', 'G', 'G', 'G']
C41460900,['G', 'G', 'G', 'G']
C46928901,['G', 'G', 'G', 'O']
C04122885,['G', 'O', 'G', 'G', 'G', 'G', 'O']
C04737776,['O', 'G', 'O']
C65568172,['G', 'G', 'G', 'O', 'O']
C44674861,['G', 'G', 'O', 'G', 'G']
C39997005,['G', 'G', 'G', 'O', 'O', 'G', 'G']
C15053290,['O', 'G']
C39968191,['O', 'G', 'G', 'G', 'G', 'G']
C48438995,['O', 'O', 'G']
C13748502,['G', 'O', 'G']
C37975122,['G', 'G', 'G', 'G', 'G', 'O']
C40724580,['G', 'G', 'G', 'G']
C01047263,['G', 'G', 'G', 'G']
C12525343,['G', 'G', 'G', 'G', 'G', 'G', 'G', 'O']
C58122962,['G', 'G', 'G', 'G', 'G', 'O']
C47056248,['G', 'O', 'G', 'O', 'G']
C35424986,['O', 'G', 'G', 'G', 'G']
C22222682,['O', 'G', 'G', 'G', 'G', 'O']
C64872266,['O', 'G', 'G', 'O']
C12912327,['G', 'G', 'G', 'G', 'G', 'G', 'G']
C37681729,['G', 'O', 'G', 'O', 'G']
C39710088,['G', 'G', 'G', 'G', 'G', 'G', 'G', 'G']
C13345551,['G', 'G', 'G', 'G', 'G', 'G']
C43687751,['G', 'G', 'O', 'G', 'O']
C08849512,['G', 'G', 'G', 'G', 'G', 'G', 'O']
C23560536,['G', 'G', 'G', 'G', 'G']
C66399774,['G', 'G', 'G', 'G', 'G', 'G', 'O']
C23242162,['O', 'G', 'G', 'G', 'O', 'G', 'O']
C13230996,['G', 'G', 'G', 'G', 'G']
C07737849,['G', 'G', 'G', 'G', 'G', 'O']
C59383725,['G', 'O']
C13272544,['O', 'O', 'O', 'O', 'G']
C37087058,['O', 'O', 'G', 'G']
C32736292,['G', 'O', 'G', 'O', 'O', 'G', 'G']
C01301158,['G', 'O', 'O']
C64208403,['G', 'O', 'G']
C00866872,['O', 'O', 'G', 'G', 'G']
C48572185,['G', 'G', 'G', 'G', 'G', 'G']
C39530193,['O', 'G', 'G', 'G', 'G', 'G']
C64769381,['G', 'G', 'O', 'G', 'G', 'O']
CHEMBL141248,['G', 'G', 'G', 'G', 'G', 'G']
C13140470,['G', 'G', 'G', 'G', 'G', 'G', 'G', 'G']
C49923397,['G', 'G', 'G', 'O', 'G']
C44499109,['G', 'G', 'O', 'G']
C01857467,['G', 'G', 'O']
C15223377,['O', 'G', 'G']
C05454630,['G', 'G', 'G']
C17849787,['G', 'G', 'G', 'G', 'O', 'O']
C20526490,['G', 'G', 'G', 'G', 'O']
C20891092,['G', 'G', 'G']
C63927084,['O', 'G', 'G', 'G', 'G']
C10417207,['G', 'G', 'G', 'G', 'G', 'G']
C30805878,['O', 'G', 'G', 'O', 'G', 'G']
C13304703,['G', 'G', 'G']
C01605487,['G']
C04692002,['G']
C13865231,['G', 'G', 'G', 'G']
C00373935,['G', 'G', 'G', 'O', 'G', 'G']
C17111028,['O', 'G', 'G']
C08931594,['G', 'G', 'O', 'G', 'G', 'G', 'O']
C01056007,['O', 'G', 'G', 'O']
C13811133,['G', 'G', 'O', 'G']
C06874989,['G', 'G', 'G', 'O', 'G']
C08554288,['G', 'G']
C45493467,['G', 'G', 'G', 'G', 'G', 'G', 'O', 'O', 'G', 'G', 'G']
C40619997,['G', 'G']
C63147113,['O', 'O', 'G', 'G']
C49558850,['G', 'G', 'G', 'G', 'G', 'G', 'G']
C05149684,['G', 'G', 'G', 'G', 'G', 'G', 'G']
C37457701,['G', 'G', 'O', 'G', 'G', 'O', 'G', 'G']
C36633310,['O', 'G', 'G', 'G', 'G', 'G']
C32811926,['G', 'O']
C43578439,['G', 'G', 'G', 'G', 'O', 'G']
C49534869,['O', 'O', 'O', 'G']
C07654535,['G', 'G', 'G', 'G', 'G', 'G', 'G']
C13391195,['G', 'O', 'G', 'O', 'G', 'G', 'O']
C37785318,['G', 'O', 'G']
C45323232,['O', 'G', 'G', 'O']
C07417501,['G', 'G', 'G', 'G', 'G', 'G', 'G']
C28380084,['O', 'O', 'O', 'G', 'G']
C38018490,['O', 'G', 'G', 'G', 'O']
C36724546,['G', 'G', 'G', 'G', 'G', 'G']
C65031295,['G', 'G', 'G', 'G']
C08419264,['G']
C09365535,['G', 'G', 'G', 'O', 'G', 'G']
C09143533,['G', 'G', 'G', 'G', 'G']
C58342020,['G', 'G', 'G', 'G', 'O']
C01453117,['O', 'G', 'G']
C39352940,['G', 'G', 'G', 'G', 'G', 'G', 'G']
C40285739,['G', 'G']
C46703592,['O', 'G', 'G', 'G', 'G']
C40285527,['G', 'G']
C42329181,['G', 'O', 'G', 'G', 'O']
C67502279,['G', 'G', 'G', 'G', 'G', 'O']
C07054584,['G', 'G', 'O', 'G', 'O']
C05753703,['G', 'O']
C38899242,['G', 'O', 'G', 'G', 'G', 'G']
C38058851,['G', 'G', 'G', 'O', 'G']
C03208573,['G', 'G', 'G', 'G', 'G']
C59249125,['O', 'G', 'G', 'G', 'G', 'O']
C40285529,['G', 'G']
C13434520,['G', 'O', 'G']
C03325263,['O', 'G', 'G', 'G', 'G', 'G']
C15076908,['O', 'G', 'G', 'G', 'G']
C05604725,['O', 'O', 'G', 'G', 'G', 'G']
C16661843,['O', 'G', 'G', 'G']
C44897115,['G', 'G', 'G', 'G', 'G']
C12426319,['G', 'G', 'G', 'G', 'O', 'G', 'O', 'G']
C01094664,['G', 'G', 'G', 'G', 'G']
C55237949,['G', 'G', 'G', 'O', 'G', 'G']
C57101904,['G', 'G', 'G', 'G', 'O']
C14094918,['G', 'G', 'O', 'G', 'O', 'G']
C49623029,['O', 'O', 'G', 'G', 'O']
C50735568,['G', 'G', 'G', 'G', 'G', 'G', 'G', 'G']
C08251484,['O', 'O', 'O', 'G', 'G', 'O', 'G']
C41114142,['G', 'G', 'G', 'O', 'G', 'O']
C59592091,['O', 'O', 'G']
C13648461,['G', 'G', 'O', 'O']
C65621207,['G', 'G', 'G', 'G', 'G', 'G', 'G', 'O']
C06897030,['O', 'G', 'G']
C49623835,['G', 'G', 'G', 'G', 'G']
C63412950,['G', 'G', 'G', 'G']
C45110740,['O', 'G', 'G']
C51361242,['G', 'G', 'G', 'O']
C48974392,['G', 'G', 'G', 'G', 'G', 'G', 'G']
C40871224,['O', 'O', 'G', 'G', 'G']
C36960586,['G', 'G', 'G']
C48430236,['G', 'G', 'G']
C05061455,['G', 'G', 'O', 'O', 'O']
C40167302,['G', 'G', 'G', 'G', 'G']
C00354860,['G', 'O', 'G']
C66578813,['G', 'G', 'O', 'G', 'G', 'O']
C03604209,['O', 'G', 'G', 'G', 'G', 'G', 'G']
C37302919,['G', 'G', 'G', 'G', 'G', 'G', 'O']
C66327561,['O', 'G', 'G', 'G']
C66341976,['O', 'G', 'G', 'G', 'O']
C00257364,['G', 'O', 'G', 'G']
C39252397,['G', 'G', 'G', 'G', 'G', 'G', 'G', 'G', 'G', 'G']
C14596251,['G', 'O', 'O', 'G', 'G', 'O']
C13232060,['G', 'G', 'G', 'O', 'G', 'O']
C07927868,['G', 'G', 'G', 'G', 'G']
C53036793,['O', 'G', 'G', 'O', 'G']
C43863213,['G', 'G', 'G', 'O', 'G', 'O']
C66105221,['G', 'G', 'O', 'G', 'G']
C41607751,['G', 'G', 'G']
C39843458,['G', 'G', 'G', 'G', 'G', 'G', 'G']
C01770701,['G', 'G', 'G', 'G', 'G', 'G']
C62581967,['G', 'G', 'O', 'G', 'G', 'O', 'G', 'G']
C23466042,['G', 'G', 'O', 'O', 'G']
C13166370,['G', 'O', 'G', 'G', 'G', 'G']
C08766807,['O', 'O', 'G']
C02062711,['G', 'G', 'G', 'G', 'G']
C37984398,['G', 'G', 'G', 'G', 'O']
C64858483,['G', 'G', 'G', 'O']
C20312849,['G', 'G', 'G', 'G', 'G']
C58493049,['O', 'G', 'G', 'G', 'G']
CHEMBL960,['G', 'G', 'G']
C52790168,['G', 'G', 'G', 'G']
C64613156,['G', 'G', 'O', 'G', 'G']
C40768912,['G', 'G', 'G', 'G']
C37984408,['G', 'G', 'G', 'O', 'G']
C36323227,['G', 'G', 'G']
C19924124,['G', 'G', 'O', 'G', 'G', 'G', 'G']
C60085804,['O', 'O', 'G', 'G']
C13345297,['G', 'O', 'G', 'O', 'G', 'O', 'G']
C17373796,['G', 'G', 'G', 'G']
C00714698,['O', 'G', 'O']
C04499541,['G', 'G']
C58866552,['O', 'G', 'G', 'G']
C40285657,['G', 'G', 'G']
C37324638,['G', 'G', 'O']
C08250721,['G', 'G', 'G', 'G', 'G', 'O']
C53394490,['G', 'G', 'G', 'G', 'G']
C35506627,['G', 'G', 'G', 'G', 'G']
C08686958,['O', 'O', 'G', 'G']
C13255485,['G', 'G', 'O', 'G', 'G', 'G', 'G']
C13356439,['G', 'G', 'O', 'G', 'G', 'G']
C36636202,['G', 'G', 'G', 'G', 'O']
C19803343,['G', 'G', 'G', 'G']
C40285466,['G', 'G']
C64310891,['G', 'G', 'O', 'G', 'O']
C32778459,['G', 'G', 'G', 'G', 'G', 'O', 'G']
C02509379,['O', 'G', 'G', 'O']
C55491663,['O', 'G', 'O']
C17264700,['G', 'G', 'O', 'G', 'O', 'G', 'G']
C39870176,['G', 'G', 'G', 'O', 'G']
C45889522,['G', 'G', 'G', 'G']
C64345616,['G', 'G', 'G', 'O', 'G', 'G', 'G']
C25766582,['G', 'G', 'G']
C15015486,['O', 'O', 'G']
C35368164,['G', 'G', 'G', 'G', 'G']
C03832533,['G', 'O', 'G']
C12426320,['O', 'G', 'G', 'G', 'O', 'G', 'O', 'G']
C48336651,['G', 'G', 'G', 'G']
C21558856,['G', 'O', 'G', 'G', 'O', 'O']
C41666851,['G', 'G', 'O', 'G', 'G', 'G']
C07388955,['G', 'G', 'G', 'O', 'G', 'G', 'G', 'G', 'O']
C13448297,['G', 'G', 'O', 'G']
C53750521,['O', 'G', 'O', 'O']
C51087771,['G', 'G', 'O']
C13062252,['G', 'G', 'G', 'G', 'O', 'G', 'G', 'G']
C02712786,['O', 'G', 'O', 'G']
C66334778,['G', 'G', 'G', 'G', 'G', 'G', 'G', 'G']
C02631139,['O', 'G', 'G', 'G', 'O']
C06730512,['G', 'G', 'G', 'G', 'G', 'G']
C41676200,['G', 'O', 'O', 'O']
C38915285,['G', 'G', 'G', 'O']
C67609611,['G', 'O', 'G', 'O', 'G', 'G', 'G']
C03096864,['O', 'G', 'G']
C13443251,['G', 'G', 'G', 'G', 'O', 'G', 'G', 'G']
C42238236,['G', 'G', 'G', 'G']
C05864234,['G', 'G', 'G', 'G', 'O', 'O']
C07890531,['G', 'G', 'G', 'G', 'O', 'G']
C12436953,['O', 'O']
C51628266,['G', 'G', 'G', 'G', 'G']
C33259762,['G', 'G', 'G', 'O', 'G', 'G']
C44712729,['-']
C20830200,['G', 'G', 'G', 'G', 'G', 'G', 'G', 'G', 'G']
C40285597,['G', 'G']
C36727029,['G', 'G', 'G', 'G', 'G', 'G', 'G']
C05629051,['G', 'G', 'G', 'O', 'G', 'G']
C13475944,['O', 'G', 'O', 'O']
C07654538,['G', 'O', 'G', 'G', 'G', 'G', 'G', 'G']
C13465952,['G', 'G', 'O', 'G', 'G']
C59250556,['O', 'G', 'G']
C38718540,['G', 'G', 'G', 'G']
C53750337,['O', 'G', 'O']
C16712711,['G', 'G', 'G', 'G', 'G', 'G', 'G']
C51718189,['G', 'O', 'O', 'O', 'G']
C15162907,['G', 'O', 'O']
C64794086,['G', 'O', 'G', 'G', 'G', 'O', 'G']
C28220993,['G', 'G', 'G', 'G', 'G']
C14269280,['G', 'O', 'G', 'G', 'G', 'G']
C21013833,['G', 'G', 'G', 'G', 'G', 'O', 'G', 'G']
C57815166,['G', 'G', 'G', 'G', 'O', 'O']
C13146504,['G', 'G', 'G', 'G', 'G', 'G', 'O', 'G']
C48411071,['O', 'O', 'G', 'O', 'G']
C56033951,['G', 'G', 'G', 'G', 'G', 'O', 'O', 'G']
C00240337,['G', 'G', 'G', 'G', 'O']
C03909670,['O', 'G', 'O', 'G']
C13391380,['G', 'O', 'G', 'O', 'G', 'G']
C36395214,['G', 'O', 'O', 'G']
C09884165,['O', 'G', 'G', 'G', 'G', 'G']
C58932853,['G', 'G', 'G', 'G', 'O']
C28791567,['G', 'G', 'G', 'G', 'G', 'G', 'G']
C37939029,['O', 'G', 'G']
C43865413,['O', 'G', 'G', 'O']
C60394020,['G', 'G', 'G', 'O', 'G']
C04546273,['O', 'O', 'G', 'G', 'G']
C18209464,['G', 'G', 'O']
C14974045,['O', 'G', 'G', 'G', 'G', 'O']
C39738912,['G', 'G', 'G', 'G', 'O']
C06509092,['G', 'G', 'G', 'G']
C65004831,['G', 'G', 'G', 'G', 'G']
C64977983,['G', 'G', 'G', 'G', 'O', 'G']
C46945170,['G', 'O', 'G', 'G', 'O']
C22928174,['O', 'G', 'G', 'G', 'G', 'G', 'G']
C61587716,['O', 'G', 'G']
C14183671,['G', 'O', 'G', 'G', 'G']
C13448031,['G', 'O', 'G']
C02111227,['O', 'G', 'G', 'O', 'G', 'G', 'G', 'G', 'G', 'O']
C13310659,['G', 'G', 'G', 'O', 'G', 'G', 'G']
C48652839,['O', 'O', 'G', 'G']
C18257533,['G', 'G', 'O', 'O', 'G', 'O']
C40273519,['G', 'G']
C06341550,['G', 'O']
C58414742,['G', 'G', 'O', 'G']
C28582010,['O', 'G', 'G', 'O', 'G', 'G', 'G']
C42260159,['G', 'G', 'G']
C37437433,['O', 'G', 'G']
C36757017,['O', 'G', 'G', 'G', 'G']
C48499660,['G', 'G', 'G']
C32109510,['G', 'G', 'G', 'G', 'G', 'O', 'O']
C52098162,['G', 'O', 'G', 'G']
C26255210,['G', 'G', 'G', 'G', 'O']
C51717415,['G', 'G', 'G', 'O', 'G', 'O']
C65139134,['G', 'O', 'O', 'G']
C27810736,['G', 'G', 'G', 'G', 'O', 'G']
C00584637,['O', 'G', 'O', 'G', 'G', 'G']
C07201597,['G', 'O', 'G', 'G', 'G', 'G']
C16903125,['O', 'O', 'G', 'G', 'G', 'O']
C24320986,['G', 'G', 'G', 'G', 'G', 'G']
C67516263,['G', 'O', 'O', 'G', 'G', 'O']
C46875675,['G', 'G', 'G', 'O', 'G', 'O', 'O']
C57620565,['G', 'G', 'O', 'O']
C15346881,['G', 'G', 'G']
C67141377,['G', 'O', 'G', 'G', 'G', 'G']
C39699564,['O', 'G', 'G', 'G', 'G', 'G', 'G']
C11363982,['G', 'O', 'G', 'G']
C02640044,['G', 'G', 'G', 'G', 'O', 'G', 'G']
CHEMBL342220,['G', 'G', 'G', 'G', 'G', 'G', 'G', 'G', 'G']
C03597694,['-']
C63630363,['O', 'G', 'G', 'G', 'O', 'G']
C54789503,['O', 'O', 'O', 'G']
C38744621,['O', 'G', 'O', 'G', 'O']
C23125570,['G', 'G', 'G', 'O', 'G', 'G', 'G', 'G', 'G', 'G']
C15974105,['G', 'O', 'G', 'G', 'G', 'G', 'G']
C51071279,['O', 'G', 'G']
C18272445,['O', 'G', 'G', 'G', 'G']
C41627588,['G', 'G', 'O', 'G', 'G', 'G']
C37552612,['G', 'G', 'G', 'G']
CHEMBL142444,['G', 'G', 'G', 'O', 'G', 'G', 'G', 'G', 'O']
C44305078,['G', 'G', 'G', 'G', 'G', 'G']
C42268923,['G', 'G']
C25501740,['G', 'G']
C61697359,['G', 'G', 'G']
C09338868,['O', 'G', 'G', 'G']
C31749172,['G', 'G', 'O', 'G', 'G', 'G', 'G']
C05376032,['G', 'O']
C53855513,['G', 'G', 'G', 'O']
C48544679,['G', 'G', 'G', 'G', 'O']
C64847097,['G', 'O', 'G', 'O', 'G', 'O', 'G', 'G']
C30536199,['G', 'G', 'G', 'G', 'O', 'G', 'G']
C25178652,['G', 'G', 'G', 'G', 'O']
C40285540,['G', 'G']
C20223507,['O', 'O']
C61839392,['G', 'G', 'O', 'G', 'G', 'G']
C23674966,['G', 'G', 'G', 'O']
C36176101,['G', 'G', 'G', 'G', 'O']
C09781911,['G', 'G', 'G', 'G', 'G', 'G']
C33297770,['G', 'G', 'G', 'G', 'G']
C18099206,['G', 'O', 'O', 'G', 'G']
C63653415,['G', 'O', 'G', 'G']
C46876955,['G', 'O', 'G', 'O', 'G']
C04743482,['G', 'G']
C60442087,['G', 'G', 'G']
C15009886,['G', 'O', 'G']
C35233036,['G', 'G', 'O']
C42268921,['G', 'G']
C06258975,['G', 'G', 'O']
C36150450,['O', 'G']
C04942540,['G', 'G', 'G', 'G']
C45900296,['O', 'G', 'G', 'G', 'O', 'G', 'O', 'G', 'O', 'G']
C41546480,['G', 'G', 'G', 'G', 'O']
C06738203,['G', 'G', 'G', 'G']
C54892626,['G', 'O', 'G', 'O', 'G', 'O', 'G']
C44965568,['G', 'G', 'O']
C13255266,['O', 'G', 'G', 'G', 'G']
C18169815,['O', 'G']
C49159715,['O', 'G', 'G', 'G', 'G', 'G']
C09308450,['O', 'G', 'G']
C16806750,['G', 'G', 'G', 'G', 'G', 'O']
C18054290,['O', 'O', 'G']
C32741323,['G', 'G', 'G', 'G', 'G', 'O']
C04954956,['G', 'G']
CHEMBL341925,['G', 'G', 'G', 'O', 'G', 'G', 'G', 'G']
C40068730,['G', 'G', 'O', 'G', 'O', 'G', 'G']
C35697853,['G']
C21705096,['G', 'G', 'G', 'G', 'O']
C66757934,['G', 'G', 'G', 'G', 'G', 'G']
C27701445,['G', 'G', 'G', 'G', 'G', 'G', 'G', 'G', 'G', 'G', 'G']
C06414270,['O', 'G']
C20367976,['O', 'O', 'G', 'O', 'O', 'G']
C37436492,['G', 'G', 'G']
C35042510,['G', 'O', 'O', 'G', 'G']
C41691388,['G', 'G', 'G', 'G', 'G']
C52221164,['G', 'O']
C49914080,['O', 'G', 'G', 'O', 'G', 'G']
C03096868,['O', 'G', 'O']
C03883296,['G', 'G']
C05177918,['G', 'G', 'O']
C04808624,['G', 'G', 'G', 'O']
C24085370,['O', 'G', 'G', 'G', 'G']
C66417231,['O', 'G', 'G', 'O', 'G', 'G', 'G']
C37075802,['G', 'O', 'O', 'O']
C12032451,['G', 'G', 'G', 'G', 'G', 'G', 'G', 'G', 'G', 'G']
C33141360,['G', 'G', 'G', 'G', 'G', 'G', 'G', 'G', 'G', 'O']
C09092489,['G', 'G', 'G', 'G', 'G', 'G', 'G', 'O']
CHEMBL324668,['G', 'G']
C37572306,['G', 'G', 'G', 'G', 'G', 'G']
C64714337,['G', 'G', 'O', 'O', 'G']
C08207025,['O', 'G', 'G', 'G', 'G', 'G']
C39463463,['-']
C43596489,['G', 'G', 'O', 'O', 'G']
C42865249,['G', 'G', 'G', 'O', 'G']
C48798337,['G', 'G', 'G']
C40882400,['G', 'G', 'O']
C41627140,['G', 'G', 'G', 'O', 'G']
C07816319,['G', 'G', 'G', 'G', 'G']
C01183200,['G', 'O', 'G', 'G', 'G', 'G', 'O']
CHEMBL337130,['G', 'G', 'G', 'G', 'G']
C62236024,['G', 'G']
C35697926,['G']
C13202252,['G', 'G', 'G', 'G', 'O']
C51637884,['G', 'G', 'G']
C62765874,['G', 'G', 'G', 'G']
C20527113,['O', 'G', 'G']
C41231786,['O', 'G', 'G']
C15809710,['G', 'G', 'O', 'G', 'G', 'G', 'G']
C62577158,['G', 'G', 'G', 'G']
C49275076,['G', 'G', 'G', 'G', 'G', 'O']
C37121967,['G', 'O', 'O', 'G']
C22257345,['O', 'O', 'G', 'G', 'G', 'O', 'G']
CHEMBL143628,['G', 'G', 'G', 'O', 'G', 'G', 'G', 'G']
C29106939,['G', 'G', 'G', 'G', 'G', 'O']
C65031304,['G', 'G', 'O', 'G']
C20215631,['G', 'G', 'O', 'O']
C39541492,['G', 'G', 'G', 'G']
C34995983,['G', 'G', 'G', 'O', 'O']
C47382993,['O', 'G', 'G', 'O', 'G', 'G']
C20719590,['G', 'O', 'G', 'G']
C16929478,['G', 'G', 'G']
C35338977,['O', 'G', 'G', 'G', 'O', 'G', 'G', 'G', 'G', 'G']
C62545901,['G', 'G', 'G', 'G']
CHEMBL141304,['G', 'G', 'G', 'G', 'O', 'G', 'G', 'G', 'G']
C21472489,['G', 'G']
C15078461,['G', 'O', 'G', 'G', 'G', 'G']
C11653878,['G', 'G', 'G', 'G', 'G', 'G', 'G']
C56802812,['G', 'O', 'G', 'G', 'G', 'G', 'O']
C24352159,['G', 'G', 'G', 'G', 'G', 'O', 'G', 'G']
C46835348,['O', 'G', 'G', 'G', 'G', 'G']
C35697773,['G']
C08828405,['G', 'G', 'G']
CHEMBL1084928,['G', 'G', 'O', 'O', 'G', 'G', 'G']
C20872181,['G', 'G', 'G', 'O']
C65408614,['G', 'G', 'G', 'G', 'O', 'G', 'G']
C54172622,['G', 'O', 'G', 'G', 'G']
C66126667,['G', 'G', 'G', 'G', 'G', 'G', 'G']
C29867977,['O', 'G', 'G']
C20227505,['G', 'G', 'G', 'G', 'G', 'O']
C02712767,['O', 'G', 'O', 'G']
C52098161,['G', 'O', 'G', 'G']
C49282333,['G', 'G', 'G', 'O', 'G']
C12032592,['O', 'G', 'G', 'G']
C41632503,['G', 'G', 'G', 'G', 'G', 'G', 'G', 'G']
CHEMBL344613,['G', 'O', 'G', 'G', 'G', 'G']
C33141547,['G', 'G', 'G', 'G', 'O', 'G', 'G', 'G']
C22851425,['O', 'G', 'G', 'G', 'O', 'G', 'G', 'G', 'G']
C48860650,['G', 'G', 'G', 'O']
C59250203,['O', 'O', 'O']
C36153030,['G', 'G', 'G']
C65928341,['G', 'O', 'G', 'G', 'G', 'O']
C13442022,['G', 'G', 'O', 'G', 'G', 'G', 'G', 'G']
C42109919,['G', 'G', 'O', 'O', 'G']
C35551184,['G', 'G', 'G']
C12311537,['G', 'G', 'G', 'G', 'G']
C01786205,['O', 'G', 'O']
C17961472,['O', 'G', 'G', 'O', 'G', 'G', 'G']
C41344334,['G', 'G', 'G', 'G', 'G']
C66600034,['G', 'O', 'G', 'G', 'G', 'G', 'O']
C16678732,['O', 'G']
C65101223,['G', 'G', 'G', 'G', 'G', 'G', 'G', 'G', 'G']
C62326882,['G', 'G', 'G', 'G', 'O']
C35234293,['G', 'G', 'O', 'G', 'G']
C01041804,['G']
C13170027,['O', 'G', 'G', 'G', 'G', 'G']
C38627168,['G', 'G', 'G', 'G', 'G', 'G', 'G', 'G']
C33276324,['O', 'O', 'G', 'G', 'G']
C49447818,['G', 'G', 'G', 'G', 'G']
C66406318,['O', 'G', 'G', 'G']
C03426814,['G', 'G', 'G']
C61117176,['G', 'O', 'G', 'G', 'G']
C16777288,['O', 'G', 'G', 'G', 'G']
C38010136,['O', 'O', 'O', 'O']
C58324604,['G', 'O', 'G', 'G', 'G']
C63056691,['G', 'G']
C32284867,['G', 'G', 'G', 'G', 'G', 'G']
C55066385,['G', 'G', 'G', 'O']
C28464133,['G', 'G']
C45821961,['O', 'O', 'G', 'G', 'G']
C55203543,['G', 'G']
C40285833,['G', 'G']
C44225058,['G', 'O', 'G', 'G', 'G', 'G']
C43658704,['G', 'G', 'G', 'G']
C60417587,['G', 'G', 'G']
C04939581,['G', 'G', 'O', 'G', 'O']
C19265263,['G', 'G', 'G', 'O', 'G', 'O']
C67333484,['G', 'G', 'G', 'G', 'G', 'G', 'O']
C35531366,['O', 'G', 'G', 'G', 'G']
C66642243,['G', 'G', 'G', 'O', 'G', 'G', 'G']
C39200090,['G', 'G', 'O', 'G', 'G']
C20090330,['G', 'G', 'O']
C23872879,['G', 'G', 'O']
C49592243,['G', 'G', 'G', 'G', 'G', 'G']
C05310219,['O', 'G', 'G', 'O']
C40273582,['G', 'G']
C13200147,['G', 'G', 'G', 'G', 'G', 'G', 'G']
CHEMBL108213,['G', 'G']
C14413634,['G', 'G', 'G']
C37429571,['G', 'G', 'G', 'O']
C63807407,['G', 'G', 'G', 'G']
C63579825,['O', 'G']
C37652039,['G', 'G', 'G', 'G']
C33293986,['G', 'O', 'O']
C66247633,['O', 'G', 'G', 'O']
C46661270,['G', 'G', 'G', 'G', 'G']
C39481164,['G', 'G', 'G', 'G', 'G']
C26540131,['G', 'G', 'G', 'O']
C51157555,['G', 'G', 'G', 'O', 'G', 'G']
C36657961,['G', 'O', 'G', 'G', 'G', 'G']
C40273647,['G', 'G']
C55282584,['G', 'G', 'G', 'G', 'G', 'G']
C44154026,['G', 'G', 'G', 'O']
C13233056,['G', 'O', 'G', 'O', 'G', 'O']
C03114035,['O', 'O', 'G']
C20563740,['G', 'G', 'O', 'O', 'G']
C19313604,['G', 'O', 'G', 'G', 'G', 'G', 'G']
C22187869,['O', 'O', 'O', 'O', 'G', 'G', 'G']
C03876906,['G']
C66562818,['G', 'O', 'O', 'G', 'G', 'G']
C10344503,['G', 'O', 'O', 'G', 'G', 'O']
C16669657,['O', 'O', 'G', 'O']
C21969810,['O', 'G', 'G', 'G', 'G', 'O', 'G', 'G', 'G', 'G', 'G']
C57411901,['G', 'G', 'G', 'G', 'O']
C20574750,['G', 'G', 'O', 'G']
C06227654,['G', 'G', 'G']
C03449156,['G', 'G', 'G', 'G', 'G', 'G', 'O', 'G']
C12602273,['G', 'G', 'O', 'G', 'G', 'G']
C01777284,['O', 'O', 'G']
C48505853,['G', 'G', 'G', 'G', 'G']
C08783606,['O']
C61729931,['G', 'O', 'G', 'G', 'G', 'G']
C03051981,['G', 'G', 'G', 'G', 'G', 'O']
C28942891,['G', 'G', 'G']
C09982604,['G', 'G', 'G', 'G', 'G', 'G', 'G']
C06204557,['G', 'G', 'O']
C00428385,['G', 'O', 'O', 'O', 'G', 'G']
C13111659,['G', 'G']
C40245069,['G', 'G']
C48703209,['G', 'G', 'G', 'G', 'G', 'O']
C09831827,['G', 'G', 'G', 'G', 'G', 'G', 'G', 'O', 'G', 'G', 'G']
C31823901,['G', 'G', 'G']
C13426723,['O', 'G', 'G', 'G', 'G']
C49914077,['G', 'O', 'G', 'O', 'G', 'G']
C09517979,['G', 'G', 'G', 'G', 'G', 'G', 'G', 'G', 'G']
C49544634,['G', 'G', 'G', 'G', 'G']
C32609810,['G', 'G', 'G', 'G', 'G', 'G']
C43460985,['G', 'G']
C40285704,['G', 'G']
C13261519,['G', 'G', 'G', 'G', 'G', 'O', 'G']
C41679172,['O', 'G', 'G', 'O']
C67155317,['G', 'G', 'G', 'G', 'G', 'O']
C44029534,['G', 'G', 'G', 'G', 'O', 'O']
C01719215,['O', 'O', 'G']
C21800002,['G', 'G', 'G', 'O']
C37305148,['G', 'G', 'O', 'G']
C20331576,['O', 'G', 'G', 'G', 'G', 'G', 'G']
C13522210,['G', 'G', 'G', 'G']
C62123760,['G', 'G', 'O', 'O', 'G']
C64794612,['O', 'G', 'G', 'G', 'G', 'G']
C55493907,['G', 'G', 'O', 'O', 'G']
C46928782,['G', 'G', 'G', 'G', 'G']
C62545932,['G', 'G', 'G', 'G']
C66807295,['G', 'G', 'O', 'G', 'G', 'G', 'G']
C21558493,['G', 'G', 'G', 'G', 'G', 'O']
C64794452,['G', 'G', 'G', 'G', 'G', 'O']
C31440651,['G', 'G', 'G', 'O']
C19642126,['G', 'O', 'G', 'G', 'G']
C06210790,['G', 'G', 'G', 'G']
C63857163,['O', 'G', 'O', 'G', 'G']
C40566597,['-']
C03401005,['G', 'G', 'G', 'O', 'G', 'O', 'G', 'G', 'G']
C28234906,['O', 'G', 'O', 'G', 'G']
C48874403,['G', 'G', 'G', 'G', 'G', 'G', 'G', 'G']
C35697906,['G']
C23968318,['O', 'O', 'G']
C64862011,['O', 'G', 'G', 'G', 'G', 'G', 'G']
C48702991,['G', 'G', 'G', 'G', 'O', 'O']
C35311562,['G', 'G', 'O', 'G', 'G']
C48365509,['G', 'G', 'G', 'G', 'G', 'G']
C52175822,['G', 'G', 'G', 'O', 'G']
C49914896,['G', 'G', 'G', 'G', 'G', 'O']
C38002982,['G', 'O', 'G', 'G']
C24269924,['G', 'G', 'G', 'G', 'O', 'G', 'G']
C61175367,['G', 'O', 'G']
C13442166,['G', 'O', 'O', 'G', 'O', 'G', 'G', 'G']
C13443242,['G', 'G', 'G', 'G', 'G', 'G', 'G', 'G']
C24099996,['O', 'O', 'G', 'G', 'O', 'G', 'G']
C41632085,['G', 'G', 'G', 'O', 'G', 'O']
C42376580,['O', 'O']
C43461105,['G']
C37437419,['O', 'G', 'G']
C48461360,['G', 'G', 'G']
C40828973,['G', 'G', 'G']
C09672296,['O', 'G', 'G', 'G', 'G', 'O']
C09430806,['G', 'G', 'G', 'G', 'G', 'G']
C48623036,['O']
CHEMBL143868,['G', 'G', 'G', 'G', 'G', 'G', 'G', 'G']
C12507668,['G', 'G', 'G', 'G', 'G', 'G', 'G', 'G']
C24535346,['G', 'G', 'G', 'G', 'G']
C14094481,['G', 'G', 'G', 'G']
C51362542,['G', 'G']
C58012945,['O', 'G', 'G', 'G', 'G', 'G']
C40273496,['G', 'G']
C58985802,['G', 'G', 'G', 'G', 'G']
C65147757,['G', 'O', 'O', 'G']
C65361976,['G', 'G', 'G']
C11407955,['G', 'G', 'O', 'G', 'G', 'G', 'G']
C59434775,['G', 'G', 'G', 'G', 'O', 'G']
C44222895,['G', 'G', 'G', 'G', 'G']
C67634359,['G', 'G', 'O', 'G', 'G', 'G', 'G', 'G']
C04015210,['G']
C55682746,['G', 'G', 'G', 'G']
C37305431,['G', 'G', 'O', 'G', 'G']
C08212972,['G', 'O', 'O', 'G', 'G']
CHEMBL106515,['G', 'O', 'G']
C12817453,['G', 'O', 'G', 'G', 'G', 'G', 'G']
C33141253,['G', 'G', 'G', 'G', 'G', 'G', 'G', 'G', 'G']
C16806792,['O', 'G', 'O', 'G', 'G']
C59256832,['O', 'G', 'O']
C64952429,['G', 'G', 'G', 'G']
C65042221,['O', 'O', 'G', 'O']
C01192307,['G', 'G', 'G', 'G', 'G', 'O']
C57601123,['G', 'G', 'G', 'G', 'G', 'O']
C09634096,['G', 'O', 'G', 'O', 'G', 'G', 'G']
C18940936,['G', 'O', 'G', 'G']
C48698450,['G', 'G', 'G', 'G']
C12199821,['G', 'G']
C25714775,['O', 'G', 'G', 'G']
C33141548,['G', 'G', 'G', 'G', 'G', 'G', 'G', 'G']
C11886144,['G', 'G', 'G', 'G', 'G', 'O', 'O', 'G']
C67333252,['G', 'G', 'G', 'G', 'G', 'G', 'G', 'O']
C41154678,['G', 'G', 'G', 'G', 'G', 'G', 'G', 'O']
C37675479,['G', 'G', 'G', 'G', 'G', 'G']
C48518042,['G', 'G', 'G']
C13058305,['G', 'G', 'G']
C00938064,['G', 'O', 'O']
C39481146,['G', 'G', 'O', 'G', 'G']
C04305354,['O', 'G', 'G', 'G', 'G', 'G', 'G', 'G']
C45456038,['G', 'G', 'G', 'O', 'G', 'O', 'G']
C38107641,['G', 'G', 'G']
C51362570,['G', 'G']
C67269262,['G', 'G', 'O', 'G', 'O']
C57291938,['G', 'G', 'G', 'G']
C13943395,['O', 'G', 'O', 'G', 'G', 'G', 'G', 'G']
C37307650,['G', 'O', 'O', 'G']
C36752850,['G']
C21531479,['G', 'G', 'O', 'O']
C35047976,['O', 'G', 'G']
C63807408,['G', 'G', 'G', 'G']
C05587160,['G', 'G', 'G', 'G', 'O', 'O']
C14129361,['G', 'O', 'G', 'G', 'O', 'G']
C57689837,['G', 'G', 'O']
C46017437,['G', 'G', 'G', 'G']
C61956739,['G', 'G', 'G', 'G', 'G']
C20978386,['G', 'G', 'O', 'G']
C37010440,['G', 'G', 'O', 'G', 'O']
C09304613,['O', 'G', 'O', 'G', 'G']
C22274614,['O', 'G', 'G', 'O']
C66966271,['G', 'G', 'O', 'O', 'G', 'O', 'G', 'O']
C65859285,['G', 'G', 'G', 'G']
C61765157,['G', 'G', 'G', 'G']
C66703529,['G', 'G', 'O', 'G', 'G', 'G', 'G']
C18222506,['O', 'G', 'O']
C65085304,['G', 'G', 'G', 'G', 'G']
C37412824,['G', 'G', 'O', 'G', 'G', 'G']
C49068619,['G', 'G', 'G', 'O']
C48811399,['O', 'G', 'O', 'G']
C61830980,['G', 'G', 'G', 'G', 'O']
C00865719,['O', 'G', 'G']
C40144192,['G', 'G', 'G', 'G', 'G', 'G', 'G']
C13414546,['G', 'G', 'G', 'G', 'G', 'G', 'G']
C47084780,['G', 'G', 'G', 'G']
C41608140,['G', 'G', 'G', 'G', 'O', 'G', 'G']
C50227023,['O', 'G', 'G', 'O', 'G', 'G', 'O']
C11892861,['G', 'G', 'G', 'O']
C67176970,['G', 'G', 'G', 'G', 'G', 'G']
C61122711,['G', 'G', 'G']
C67081556,['G', 'G', 'O', 'O', 'G', 'G', 'O', 'G']
C23385076,['G', 'G', 'G', 'G', 'G', 'G', 'G']
C06393039,['O', 'O', 'G', 'G', 'G']
C52200666,['G', 'G', 'O', 'O', 'G', 'G']
C35634385,['G', 'G', 'G', 'G']
C35186490,['G', 'G', 'G']
C22160548,['G', 'G']
C40825188,['G', 'G', 'G']
C04587850,['G', 'O', 'O', 'O']
C39478465,['G', 'G', 'G', 'G', 'G', 'G', 'G', 'G', 'G', 'G', 'G']
C01040333,['G', 'G', 'G', 'O']
C33298803,['O', 'G', 'G', 'G']
C02605351,['G', 'G', 'G', 'G']
C20794033,['G', 'O', 'G', 'G', 'G', 'G']
C62521928,['G', 'G', 'G', 'O', 'G']
C49891255,['O', 'O', 'O', 'G', 'G']
C61122718,['G', 'G', 'G']
C00358686,['G', 'G', 'G', 'O']
C20799481,['G', 'G']
C35299721,['O', 'G', 'O', 'G', 'G', 'O', 'G', 'G', 'G']
C43554459,['O', 'O', 'G', 'G']
C66702164,['G', 'G', 'O', 'G', 'O', 'G', 'G']
C66579829,['O', 'G', 'G', 'G']
C39440377,['G', 'O', 'G', 'G', 'O']
C40273660,['G', 'G']
C58426916,['G', 'G', 'G']
C57570179,['O', 'G', 'G', 'G', 'G']
C43435905,['G', 'G', 'G', 'G', 'O']
C65031191,['G', 'G', 'O', 'G']
C12917356,['G', 'G', 'G', 'O']
C13166343,['O', 'G', 'G', 'G', 'G', 'G', 'G']
C35934942,['G', 'G', 'G', 'G', 'O', 'G', 'G', 'G', 'G']
C18830939,['O', 'G', 'G', 'G', 'G', 'G', 'G']
C64020254,['G', 'G']
C37438046,['G', 'G', 'G', 'O', 'G', 'G', 'O', 'G']
C19767621,['O', 'G', 'O']
C11241254,['G', 'G', 'O', 'G', 'O', 'G', 'G', 'G', 'G']
C01372123,['G', 'G', 'G', 'O', 'G', 'G']
C35356523,['G', 'G', 'O']
C54672210,['G', 'G', 'G', 'O', 'G', 'G']
C32927760,['G', 'G', 'G', 'G', 'G', 'O']
C25502351,['G', 'G', 'O', 'G', 'O']
C60443579,['O', 'G', 'G', 'G']
C59466702,['G', 'O', 'G', 'G', 'G']
C38756136,['G', 'G', 'G', 'G', 'O', 'G']
C18257777,['G', 'G', 'G', 'G', 'G', 'O']
C32934535,['G', 'G', 'O', 'G', 'G']
C48652374,['O', 'G', 'G', 'G']
C27231137,['G', 'O', 'O', 'O']
C40139796,['O', 'G']
C44022795,['G', 'G', 'G', 'G', 'G', 'G']
C06471890,['G', 'G', 'G', 'G', 'G', 'O']
C67333383,['G', 'G', 'G', 'G', 'O']
C40285831,['G', 'G']
C49509458,['G', 'G', 'O', 'G', 'G']
C35649455,['G', 'G', 'G', 'G']
C44846385,['G', 'G', 'G', 'G', 'G', 'G', 'G']
C48518264,['O', 'G', 'G']
C58700510,['G', 'G', 'G', 'G', 'G', 'G']
C13346019,['G', 'G', 'G', 'G']
C65575543,['O', 'G', 'G']
C65411606,['G', 'G', 'G', 'G', 'G', 'G', 'O']
C01454628,['O', 'G', 'O', 'G']
C32727301,['O', 'G', 'G', 'G', 'G', 'O']
C06936719,['G', 'O', 'O', 'G', 'G']
C13256507,['G', 'G', 'G', 'O', 'O']
C05927478,['O', 'O', 'G', 'G']
C11066262,['G', 'G', 'G', 'G', 'O', 'G', 'G', 'G']
C50044059,['G', 'O', 'O', 'G']
C21787020,['G', 'G', 'G']
C37467121,['O', 'G', 'G', 'G', 'G', 'G']
C00424668,['G', 'G', 'O']
C49592262,['G', 'G', 'G', 'G', 'G', 'O', 'G']
C04945408,['G', 'G', 'G']
C57270973,['G', 'G', 'G', 'G', 'G', 'G']
C09608668,['G', 'G', 'G', 'O', 'G', 'G', 'G', 'G', 'G']
C35356677,['G', 'G', 'G']
C53192591,['G', 'G', 'G', 'G', 'G', 'G']
C19759026,['O', 'G', 'G', 'G']
C37437446,['O', 'G', 'G']
C05156897,['O', 'G', 'G', 'G']
C27415263,['G', 'G', 'G', 'G', 'G', 'O']
C13415147,['G', 'G', 'G', 'G', 'G', 'G', 'G', 'G', 'G']
C66054630,['G', 'O']
C47382994,['O', 'G', 'G', 'G', 'G', 'G']
C51778782,['G', 'G', 'G', 'G', 'G', 'O', 'G', 'G']
C17044589,['G', 'G', 'G', 'O', 'G', 'O', 'G', 'G', 'G']
C66255876,['G', 'G', 'O', 'G']
C41394345,['G', 'G', 'G']
C48869417,['O', 'G', 'O']
C48879279,['G', 'O', 'G', 'G']
C48501895,['G', 'G', 'O']
C63579591,['G', 'O']
C01290343,['G', 'G', 'G', 'G']
C65137672,['G', 'G', 'G', 'G']
C25766784,['G', 'G', 'G', 'G', 'G']
C44901778,['G', 'G', 'G', 'G', 'G', 'G']
C37462696,['G', 'G', 'G', 'G', 'G', 'G', 'G']
C37574788,['G', 'G', 'G']
C13066698,['G', 'G', 'G', 'G', 'G', 'G', 'G', 'G']
C36079237,['G', 'G', 'G', 'O']
C35669613,['G', 'G', 'G']
C67600631,['G', 'G', 'G', 'O', 'G', 'G']
C67592216,['G', 'G', 'G', 'G', 'O']
C40548399,['G', 'G', 'G', 'G', 'G', 'G']
C66504463,['O', 'G', 'G', 'G']
C20600961,['G', 'G', 'G']
C20384618,['G', 'G', 'O', 'G', 'G']
C13388080,['O', 'O', 'G', 'G', 'G', 'G', 'O']
C15352512,['O', 'G', 'G', 'G', 'G', 'O']
C35233056,['G', 'G', 'G']
C66408580,['O', 'G', 'G']
C25469606,['G', 'O', 'G', 'G', 'G', 'G', 'O']
C02635978,['O', 'G', 'G', 'G']
C04737651,['G', 'O', 'G', 'G']
C35698056,['G']
C07587332,['O', 'O', 'G', 'G']
C11635996,['O', 'G', 'O', 'G', 'G']
C13786961,['G', 'G', 'O']
C48625078,['G']
C37583804,['O', 'G', 'G', 'G', 'G', 'O']
C13787529,['G', 'G', 'O']
C35233052,['G', 'G', 'G']
C41628216,['G', 'G', 'G', 'O', 'G', 'G', 'G', 'G', 'G']
C05753159,['G']
C12782868,['G', 'G', 'G', 'G', 'G', 'O']
C54108584,['G', 'G', 'G']
C48440896,['G', 'G', 'G']
C54201821,['O', 'G', 'G', 'G', 'G', 'G', 'O', 'G']
C21140594,['G', 'G', 'G', 'G', 'O']
C48606529,['O']
C08067167,['G', 'G', 'G', 'G', 'O', 'G', 'G', 'O']
C09861531,['G', 'G']
C46017804,['G', 'G', 'O']
C21773176,['G', 'G', 'G', 'G', 'G', 'G', 'G', 'G', 'G', 'O']
C37304971,['G', 'O', 'G', 'G']
C47384754,['G', 'G', 'G', 'G', 'O', 'O']
C13442379,['G', 'G', 'G', 'G', 'G', 'G', 'G', 'G', 'G']
C46703495,['G', 'G', 'G', 'O', 'G', 'G']
C55648681,['G', 'O', 'G', 'O']
C39147148,['G', 'G', 'G', 'G', 'G', 'G', 'O', 'G', 'G', 'G']
C43865297,['O', 'G', 'G', 'G', 'G']
C44888498,['G', 'G', 'G', 'G', 'G', 'G']
C51787015,['G', 'G', 'O', 'G', 'G', 'O']
C39413352,['G', 'G', 'O']
C60443635,['G', 'G', 'G', 'G', 'G']
C40622803,['G', 'G', 'G', 'G', 'G', 'G']
C14854441,['G', 'G', 'G']
C31169756,['G', 'G', 'G', 'G', 'G']
C66336633,['G', 'G', 'G', 'G', 'G']
C59518620,['G', 'G', 'O']
C66054546,['G', 'G', 'G', 'G']
C10790787,['G', 'G', 'G', 'G', 'G', 'G', 'G', 'G']
C35218467,['G', 'G', 'G', 'G']
C05123843,['G', 'G', 'O']
C62338910,['G', 'G', 'G', 'O', 'G', 'G', 'G']
C13185715,['G', 'G', 'G', 'G', 'G', 'G', 'G']
C39321903,['G', 'G', 'G', 'G', 'G']
C66254346,['G', 'G', 'G']
C04638189,['G', 'G', 'G', 'G']
C37985851,['G', 'G', 'O']
C55578620,['O', 'G', 'G']
C01908263,['G', 'O', 'G', 'G', 'O']
C33297616,['G', 'G', 'G', 'G']
C39164063,['G', 'G', 'G', 'G', 'O', 'G', 'G']
C08911985,['G', 'G', 'G', 'G', 'G', 'G', 'G', 'G']
C62219905,['G', 'G', 'G', 'G', 'G']
C41294800,['G', 'G', 'G', 'G', 'G', 'O']
C37406561,['G', 'O', 'O', 'G', 'G']
C50960379,['G', 'O']
C48629879,['G', 'G']
C35634763,['G', 'G', 'G', 'G']
C64307887,['G', 'G', 'G', 'G', 'G']
C05062034,['G', 'O', 'G', 'G', 'G']
C14093047,['G', 'G', 'G', 'G', 'O', 'G']
C13252673,['G', 'G', 'G', 'G', 'G', 'O']
C37434265,['G', 'G', 'G', 'G', 'G', 'O']
C38099236,['G', 'O', 'O', 'G', 'G', 'G']
C48654384,['G', 'G', 'G', 'G', 'O']
C32746294,['G', 'G', 'G', 'G', 'G', 'G', 'G']
C13416692,['O', 'G', 'G', 'O', 'G', 'G', 'G', 'G']
C58037810,['O', 'O', 'G', 'G', 'G', 'G']
C40475482,['G', 'G']
C13256506,['O', 'G', 'G', 'O', 'O']
C20594654,['G', 'O', 'G', 'G', 'O']
C36941484,['G', 'G', 'G', 'G', 'G']
C36391195,['G', 'O', 'G', 'G', 'G']
C67259873,['O', 'G', 'G']
C05110252,['G', 'G', 'G', 'O']
C67024834,['G', 'G', 'G', 'G', 'G', 'G', 'G']
C37041822,['G', 'G', 'O', 'G']
C38565982,['G', 'G', 'G', 'G', 'G', 'G']
C13769333,['G', 'G', 'O']
C47649987,['G', 'G', 'O', 'G', 'G', 'G', 'G']
C49891235,['G', 'O', 'G', 'O', 'G']
C13750113,['G', 'O', 'G', 'G']
C32966491,['G', 'G', 'G', 'G', 'G', 'G']
C15756229,['G', 'G', 'G', 'G', 'G', 'G', 'G']
C46812133,['G', 'G', 'G', 'G', 'G']
C36853832,['G', 'G', 'G', 'G', 'O']
C46971625,['G', 'G', 'G', 'G', 'G', 'G', 'G']
C66353005,['G', 'O', 'O', 'G', 'G', 'G']
C07051264,['G', 'G', 'O']
C37689551,['G', 'O', 'G', 'O']
C67635046,['G', 'G', 'G']
C08847598,['G', 'G', 'G', 'G', 'G', 'G']
C06388134,['G', 'G', 'G', 'G', 'G', 'G']
C37408665,['G', 'G', 'G']
C55296657,['G', 'O', 'G', 'G', 'G']
C44126663,['G', 'O', 'O', 'G', 'G']
C32865709,['G', 'G', 'G', 'O', 'O', 'G']
C63911558,['G', 'G', 'G', 'G', 'G']
C58952189,['O', 'G', 'G', 'G', 'G', 'G', 'G', 'G']
C65004113,['G', 'G', 'O', 'G', 'G']
C12001622,['G', 'O', 'O', 'G', 'G', 'G', 'G']
C13051057,['G', 'G', 'G', 'G', 'G']
C59135853,['G', 'G', 'G', 'G', 'O']
C26565650,['G', 'G', 'G', 'O', 'G']
C58406689,['O', 'G', 'G', 'O', 'O']
C46864271,['G', 'G', 'G', 'G', 'G', 'G']
C58715913,['G', 'G', 'G', 'G', 'G', 'O', 'G', 'G', 'G']
C63911436,['G', 'G', 'G', 'G', 'G', 'G']
C33507675,['O', 'O', 'G', 'O']
C46875673,['G', 'G', 'G', 'O', 'G', 'O', 'O']
C48872678,['G', 'G', 'O', 'G']
C05812901,['G', 'O', 'G', 'G']
C02276918,['G', 'O', 'G', 'G']
C55651578,['G', 'G', 'G', 'G', 'G', 'G']
C35445248,['G', 'G', 'G', 'G', 'G', 'G', 'G', 'O']
C13183942,['G', 'G', 'G', 'O', 'G', 'G', 'G']
C48546387,['G', 'G', 'G', 'G', 'O']
C48499535,['G', 'G', 'O']
C03533143,['G', 'G', 'G', 'G', 'G']
C27230686,['G', 'G', 'O']
C09358092,['G', 'O', 'G', 'G', 'G', 'G', 'G']
C36981117,['G', 'G', 'O', 'G', 'G', 'G', 'G', 'O']
C18708308,['G', 'G', 'G', 'O']
C21657601,['G', 'G']
C13443167,['G', 'G', 'G', 'G', 'G', 'G', 'G', 'G', 'G']
C61122712,['G', 'G', 'G']
C20302160,['O', 'G', 'G']
C48665401,['G', 'G', 'G', 'G']
C22418961,['O', 'G', 'G', 'G']
C51362543,['G', 'G']
C21657597,['G', 'G']
C50832460,['G', 'G', 'O', 'G', 'G']
C09419578,['G', 'G', 'G', 'O', 'G', 'G']
C61608615,['G', 'G', 'O', 'O', 'G', 'G', 'G']
C00220789,['G', 'G', 'O', 'G', 'G', 'G']
C13198617,['G', 'G', 'G', 'G', 'G', 'G', 'G']
C20232996,['G', 'G', 'O', 'G', 'G', 'G', 'O', 'G', 'G', 'G']
C55759587,['G', 'G', 'G', 'G']
C13131893,['G', 'G', 'G', 'G', 'G', 'G', 'G', 'G']
C36900484,['G', 'G', 'G', 'G', 'G']
C55648481,['G', 'G', 'G', 'G', 'G']
C66505840,['G', 'G', 'G', 'G', 'G', 'G', 'G']
C42867787,['G', 'G', 'G', 'G']
C49211456,['G', 'G', 'G', 'G', 'G', 'G', 'G']
C61122710,['O', 'G', 'G']
C59949454,['G', 'G', 'O', 'G', 'G']
C49891215,['G', 'O', 'O', 'G']
C41231893,['G', 'G', 'G']
C34132147,['G']
C58532293,['G', 'G', 'G', 'G', 'G', 'G', 'O']
C52249121,['G', 'G', 'O']
C35667399,['G', 'G', 'G', 'G', 'G', 'G', 'G']
C23325138,['G', 'O', 'G', 'G', 'G', 'O', 'G', 'G', 'G', 'G']
C61122329,['G', 'G', 'G']
C13181456,['G', 'G', 'G', 'O', 'G', 'G', 'O']
C55269818,['G', 'G', 'G', 'O', 'O']
C57307225,['G', 'G', 'O', 'G', 'G', 'G']
C48552800,['G', 'G', 'G']
C42522957,['G', 'G', 'G', 'G', 'O']
C62844748,['G', 'G', 'O', 'G', 'O']
C37437350,['O', 'G', 'G']
C38755172,['G', 'G', 'G', 'G', 'G', 'G', 'G']
C12057528,['G', 'O', 'G', 'G', 'G', 'G']
C08267013,['G', 'G', 'G', 'G', 'G', 'G']
C45898281,['O', 'O', 'G', 'O', 'G', 'G', 'G', 'G']
C38008528,['G', 'G', 'G']
C37296576,['G', 'G', 'G', 'G', 'G']
C65803189,['G', 'O', 'O', 'G', 'G', 'G']
C65242016,['G', 'G', 'O', 'O', 'G', 'G']
C13405704,['O', 'G', 'G', 'G', 'G', 'O']
C37437494,['G', 'G', 'G']
C55682375,['G', 'G', 'G', 'G']
C04308694,['G', 'G', 'G', 'G', 'O']
C45751388,['G', 'G', 'G', 'G', 'O']
C66813997,['G', 'G']
C00341594,['G', 'G', 'G']
C13183531,['O', 'O', 'G', 'G', 'G']
C08316569,['G', 'G', 'G', 'G', 'G', 'G']
C65004092,['G', 'G', 'O', 'O', 'G']
C49514235,['G', 'G', 'G', 'G']
C21657599,['G', 'G']
C22227954,['G', 'G', 'G', 'O']
C51757772,['G', 'G', 'O', 'G', 'G', 'G', 'G']
C20069619,['G', 'G', 'G', 'O', 'G', 'G']
C13636065,['O', 'G', 'G']
C66579433,['O', 'G', 'G', 'G']
C13407113,['G', 'G', 'O', 'G', 'G', 'G', 'O']
C63653164,['G', 'G', 'G', 'G']
C08410951,['O', 'O', 'G']
C41125113,['G', 'G', 'G', 'G']
C50291976,['G', 'G', 'G', 'G', 'G']
C66361478,['G', 'G', 'G', 'G', 'G', 'G']
C06184742,['G', 'G', 'G', 'G', 'G']
C44224361,['G', 'G', 'G']
C61362317,['O', 'G', 'G', 'G']
C04218139,['G', 'G', 'O', 'G', 'G', 'G', 'O', 'G']
C20581407,['G', 'G']
C00672204,['G', 'G', 'G', 'G', 'O', 'O']
C48867255,['G', 'G', 'G']
C65426905,['G', 'O', 'G', 'G', 'G']
C44003478,['G', 'G', 'O', 'G', 'G', 'G']
C33625128,['G', 'G', 'G', 'G', 'G']
C06401719,['G', 'G', 'G', 'O', 'O']
C49619145,['O', 'G', 'G']
C35233018,['G', 'G', 'O']
C16200521,['G', 'G', 'O', 'G', 'G', 'O']
C21053286,['G', 'G', 'G', 'G', 'G']
C65006303,['O', 'G']
C48674103,['G', 'G', 'G', 'G']
C36966462,['G', 'G', 'O', 'G', 'G', 'O', 'G']
C66336694,['G', 'G', 'G', 'G', 'G', 'G', 'G']
C37683539,['O', 'G', 'G', 'G', 'G']
C55651800,['O', 'O', 'G', 'G', 'G', 'G', 'G']
C19942741,['G', 'G', 'G', 'O', 'G', 'G', 'G']
C39523577,['G', 'G', 'G', 'O']
C27230624,['G', 'G', 'O', 'G']
C61363568,['G', 'G', 'G', 'G', 'G', 'G']
C30823693,['O']
C37575980,['G', 'G', 'G']
C37491084,['O', 'G']
C57120420,['O', 'G', 'G', 'G', 'G']
C33446326,['O', 'O', 'G', 'G', 'O']
C09318506,['O', 'G', 'G', 'O', 'G', 'G']
C45328312,['G', 'G', 'G', 'G', 'G', 'G']
C67207178,['G', 'G', 'G', 'G', 'G', 'G', 'G']
C13009424,['O', 'G', 'G', 'O']
C61035743,['G', 'G', 'G', 'G', 'G', 'G']
C35551073,['G', 'G', 'G']
C62765860,['O', 'G', 'O']
C28327574,['O', 'G', 'G', 'G']
C65941233,['G', 'G', 'G', 'G', 'O']
C11962233,['G', 'G', 'O', 'G', 'G', 'G', 'O']
C65021631,['O', 'G', 'G', 'G', 'G']
C36326780,['G', 'G', 'G', 'O', 'G']
C44322532,['G', 'G', 'O', 'G', 'G', 'G', 'O', 'G']
C26881550,['G', 'G', 'G', 'G', 'G']
C65802790,['G', 'G', 'G', 'O', 'G', 'G', 'G']
C31775962,['G', 'O', 'G', 'O', 'G']
C66254461,['G', 'G', 'G', 'O']
C04218570,['G', 'G', 'G', 'G', 'G', 'O']
C39275545,['G', 'G', 'G', 'G', 'G', 'G']
C66583901,['O', 'G', 'G', 'G']
C20238544,['G', 'G', 'G', 'G', 'G']
C66332505,['G', 'G', 'G', 'O', 'G', 'G', 'G']
C48652122,['G', 'G', 'G']
C61835533,['G', 'G', 'O', 'G', 'G', 'G', 'O']
C32754973,['G', 'G', 'G']
C24941467,['G', 'O', 'G', 'O', 'G', 'G', 'G']
C23741007,['G', 'G', 'G', 'G', 'G', 'G', 'G']
C37314532,['G', 'G', 'G', 'G', 'G']
C17965002,['G', 'G', 'G', 'G', 'G']
C02448388,['O', 'G', 'G']
C63467768,['G', 'G', 'G', 'G', 'G']
C67237236,['G', 'G', 'G', 'G', 'G', 'G']
C13448426,['G', 'G', 'G']
C10187280,['G', 'G', 'G', 'O', 'G', 'G']
C58823643,['G', 'G', 'G', 'O']
C01122111,['G', 'G', 'G', 'G', 'G', 'G']
C09730793,['G', 'G', 'G', 'G', 'G']
C48519790,['G', 'G', 'G']
C03051839,['O', 'G', 'G', 'G', 'O', 'G', 'G']
C57624483,['G', 'G', 'G', 'G', 'O']
C11884408,['G', 'O', 'G', 'O', 'G']
C38090198,['G', 'G', 'G', 'G']
C66629120,['G', 'G', 'G', 'O', 'G', 'G']
C33297627,['G', 'G', 'G', 'G']
C37437440,['G', 'G', 'G']
C49122161,['G', 'G', 'O']
C11893995,['G', 'G', 'G', 'G', 'G', 'G', 'O']
C47218591,['-']
C01737029,['G', 'G', 'G', 'G', 'O', 'O']
C16930458,['G', 'G', 'G', 'G', 'G']
C37811924,['G', 'G', 'O', 'G', 'G', 'G']
C20041552,['G', 'G', 'G', 'G', 'G', 'G', 'G', 'G', 'G']
C62194074,['G', 'G', 'G']
C61829356,['G', 'G', 'G', 'G', 'O']
C61591958,['G', 'G', 'G', 'G', 'G']
C00273266,['G', 'G', 'G', 'G', 'G']
C37500810,['G', 'G', 'G', 'G', 'O']
C64866757,['G', 'G', 'G', 'G', 'G', 'G', 'G', 'G']
C49160877,['G', 'G', 'G', 'G', 'O', 'G']
C13088687,['G', 'G', 'G', 'G', 'G', 'G']
C40446649,['G', 'G', 'G']
C12466183,['G', 'O', 'G', 'O']
C13642054,['O', 'G', 'G', 'G', 'G', 'G', 'O']
C21657593,['G', 'G']
C20005949,['G', 'G', 'G', 'G', 'G', 'G', 'G', 'O']
C50535210,['G', 'G', 'G', 'O']
C01043356,['G', 'O', 'G', 'G', 'G']
C36287844,['O', 'G', 'G', 'G']
C17044592,['G', 'G', 'G', 'O', 'G', 'O', 'G', 'G', 'G']
C16902326,['G', 'G', 'O', 'G', 'G', 'O']
C39975142,['G', 'G', 'G']
C11691626,['G', 'G', 'G', 'G', 'O']
C28641217,['G', 'G', 'G', 'G', 'G']
C27230603,['G', 'G', 'G']
C12882790,['G', 'G', 'G', 'O', 'G', 'G']
C13387937,['G', 'G', 'G', 'O', 'G', 'G', 'G']
C35186209,['G', 'G', 'G']
C28781227,['G', 'G', 'G']
C35252687,['G', 'G', 'G', 'G', 'G']
C33116472,['G', 'O', 'G', 'G', 'G', 'G', 'O']
C11830779,['G', 'G', 'G', 'G', 'G', 'O', 'O']
C58129783,['O', 'G', 'G', 'G', 'G', 'G']
C22412505,['G', 'G', 'G', 'G']
C25448920,['G', 'G', 'G', 'G', 'G', 'G']
C05376321,['G', 'G', 'G', 'O', 'O', 'G']
C36983983,['G', 'G', 'G', 'O', 'G']
C06651661,['G', 'G', 'G', 'G', 'O']
C39763083,['G', 'G', 'G', 'G', 'G', 'G', 'G', 'G', 'G', 'G']
C11803053,['O', 'G', 'G', 'G', 'G', 'G', 'O']
C61693082,['G', 'G', 'O']
C48606379,['G', 'G', 'G', 'O']
C09308535,['G', 'G', 'O', 'G', 'G']
C55042540,['G', 'G', 'G']
C37385886,['G', 'G', 'G']
C13173047,['O', 'G', 'G', 'G', 'G', 'G', 'G', 'O']
C37692596,['G', 'G', 'O']
C36900562,['G', 'G', 'G', 'G', 'G']
C65216747,['G', 'G', 'G', 'G', 'G']
C44809708,['O', 'O', 'G', 'G']
C18213060,['O', 'G', 'G']
C16882491,['G', 'G', 'G', 'G', 'G']
C15115014,['G', 'G']
C14257095,['O', 'G', 'G', 'G']
C62194093,['G', 'G', 'G']
C37380554,['G', 'G', 'G', 'G', 'O']
C35188838,['G', 'G', 'G', 'G']
C05441446,['O', 'G']
C54333157,['G', 'G', 'G', 'G', 'G', 'G', 'G', 'O']
C48440771,['G', 'G', 'G', 'G', 'G']
C35252765,['G', 'G', 'G', 'G', 'G', 'G']
C36853797,['G', 'G', 'G', 'G', 'G']
C13320347,['G', 'G', 'G', 'G', 'O']
C64962210,['G', 'G', 'G', 'G']
C35703928,['G', 'G', 'O', 'G', 'G', 'G', 'G']
C19945896,['G', 'O', 'G', 'G', 'G']
C41910750,['G', 'G']
C14571103,['G', 'O', 'G', 'O', 'G', 'G']
C21937925,['G', 'G', 'G', 'O', 'G', 'G', 'G']
C08558373,['G', 'G', 'G', 'G']
C63653112,['G', 'G', 'G', 'G']
C37795736,['G', 'G', 'G', 'G', 'G', 'G', 'G', 'O']
C20069621,['G', 'G', 'G', 'G', 'G', 'G']
C55493202,['G', 'O', 'G']
C09013147,['G', 'O']
C61591809,['O', 'G', 'G', 'G']
C32155485,['G', 'G', 'G', 'O', 'O']
C55605296,['G', 'G', 'O', 'G', 'G', 'G']
C37365117,['G', 'G', 'G', 'G', 'O']
C66254415,['G', 'G', 'G', 'G']
C66580421,['O', 'G', 'G', 'G']
C41910746,['G', 'G']
C10811459,['G', 'G', 'G', 'G', 'G', 'G', 'O', 'G']
C48652158,['O', 'G', 'G']
C02656046,['O', 'O', 'O', 'O', 'G', 'G']
C01491483,['O', 'G', 'O', 'O']
C48440915,['G', 'G', 'G']
C04955299,['O', 'G', 'G']
C12368496,['O', 'G', 'G', 'G', 'G']
C65009922,['G', 'G', 'G']
C59249264,['G', 'O', 'G', 'G', 'G', 'O', 'G']
C44592191,['O', 'G', 'O']
C40188100,['G', 'G', 'G', 'G', 'G', 'G', 'G']
C05763475,['O', 'G', 'G', 'G']
C37795730,['G', 'G', 'G', 'G', 'G', 'G', 'O']
C13173046,['O', 'G', 'G', 'G', 'G', 'G', 'G', 'O']
C13449454,['G', 'O', 'G', 'G']
C05332639,['G', 'G', 'O']
C40124660,['G', 'G', 'G']
C52249122,['G', 'G', 'O']
C55270908,['G', 'G', 'G', 'G', 'G', 'G']
C04240056,['G', 'G', 'G', 'G', 'G', 'G', 'O', 'G']
C62322085,['G', 'G', 'G']
C63653561,['G', 'O', 'G', 'G', 'G']
C28197220,['G', 'G', 'G', 'G', 'G']
C04993382,['G', 'G', 'G', 'O']
C20380381,['O']
C66254506,['G', 'G', 'G', 'G']
C00631418,['G', 'G', 'G', 'G', 'G', 'G', 'G']
C64873012,['G', 'G', 'G', 'G', 'O', 'G', 'G', 'G']
C17070829,['G', 'O']
C12375272,['O', 'G']
C62553686,['O', 'G', 'G', 'O']
C45308954,['G', 'G', 'G', 'O', 'G', 'G', 'G']
C49147580,['G', 'G', 'G', 'G', 'O']
C42335390,['G', 'G', 'O']
C11961485,['G', 'G', 'G', 'G', 'G', 'O']
C13258172,['G', 'G', 'G', 'O', 'G', 'G', 'G']
C54557960,['G', 'G', 'G']
C37577906,['O', 'G', 'G']
C40692447,['O', 'G', 'G', 'G']
C49501881,['O', 'G', 'G', 'G']
C66578101,['O', 'G', 'G', 'G']
C66584140,['O', 'G', 'G', 'G']
C39722659,['G', 'G', 'G']
C23138440,['G', 'G', 'G', 'G', 'O', 'G', 'G']
C48430019,['G', 'G', 'G', 'G']
C42350432,['G', 'G', 'G', 'G']
C49061109,['G', 'G', 'G']
C35739686,['G', 'G']
C02312477,['G', 'G', 'G', 'G', 'G', 'G']
C39959774,['G', 'G', 'G', 'O', 'O', 'G', 'G', 'O', 'G']
C66255234,['G', 'G', 'G']
C33380942,['O', 'O', 'O']
C54079852,['G', 'G', 'O', 'G', 'G']
C19938486,['G', 'G', 'G', 'G', 'G', 'G', 'G', 'G']
C07262098,['G', 'G', 'G', 'G']
C64747841,['G', 'O', 'G', 'G', 'G']
C40692459,['O', 'G', 'G', 'G']
C55664159,['G', 'G', 'G', 'G', 'G', 'G', 'G']
C05729649,['G']
C23077690,['G', 'G', 'G']
C65031313,['G', 'G', 'O', 'O']
C19909831,['G', 'G', 'O']
C09108644,['G', 'G', 'O', 'G', 'G']
C63632743,['G', 'G', 'G', 'G', 'O', 'G', 'O', 'O']
C62072256,['G', 'O', 'G', 'G', 'G', 'G', 'G', 'O']
C13089638,['G', 'G', 'G', 'G', 'G', 'G', 'G']
C66253269,['G', 'O', 'G', 'G', 'G']
C39973874,['G', 'G', 'G']
C54197425,['G', 'G', 'G', 'G', 'G', 'G']
C13085699,['G', 'G', 'O', 'G', 'G', 'O']
C29967138,['G', 'G', 'G', 'O']
C01502108,['O', 'G']
C00103743,['G', 'G', 'G', 'G', 'O', 'G']
C50639674,['G', 'O', 'G', 'G', 'G']
C20627251,['G', 'G', 'O']
C57435394,['G', 'O', 'O', 'G', 'G']
C08685590,['G', 'O', 'G', 'O', 'G']
C13253816,['G', 'G', 'G', 'G', 'G']
C60514889,['G', 'G', 'G', 'G', 'O']
C26771406,['G', 'G', 'O']
C37462715,['G', 'G', 'G', 'G']
C13089624,['G', 'G', 'G', 'G', 'G', 'G', 'G']
C42520723,['G', 'G', 'G', 'G']
C20414178,['G', 'G', 'G', 'O', 'O', 'G']
C66368643,['G', 'G', 'G', 'G', 'O', 'G']
C40126749,['O', 'G', 'G', 'G', 'G', 'G']
C19220232,['O', 'G', 'O', 'G', 'G', 'G']
C37554721,['G', 'O', 'G', 'G', 'G', 'G', 'G', 'O', 'G']
C55639517,['O', 'O', 'G', 'G', 'G', 'G', 'O', 'G']
C35186456,['G', 'G', 'G']
C04807112,['G', 'G', 'G', 'O']
C37405607,['G', 'G', 'O', 'G', 'G', 'O']
C54433039,['G', 'G', 'G']
C66606119,['G']
C35433685,['G', 'G', 'G']
C46126737,['O', 'G', 'O', 'G', 'G', 'G', 'G']
C42350501,['G', 'G', 'G']
C37375660,['O', 'G', 'G']
C37304970,['G', 'G', 'G', 'G']
C23628643,['G', 'G', 'G', 'G', 'G', 'G', 'G', 'G']
C38915286,['G', 'G', 'G', 'O']
C24102381,['G', 'G', 'G', 'G', 'O']
C07052665,['G', 'G', 'O']
C66574930,['G', 'G', 'G', 'O']
C54310268,['G', 'G', 'G', 'G', 'O', 'G', 'O']
C37573884,['G', 'G', 'G', 'G', 'G', 'G', 'G', 'O']
C63133981,['G', 'G', 'G', 'G', 'G', 'O']
C44809710,['O', 'G', 'G', 'G', 'O']
C02211614,['G', 'G', 'O']
C17072210,['G', 'O']
C43676064,['G', 'G', 'G', 'G', 'G']
C39835241,['G', 'G', 'G', 'G', 'G', 'G', 'O']
C16154833,['G', 'G', 'O', 'G', 'G']
C37496631,['G', 'G', 'G', 'G', 'G', 'G']
C40475982,['G', 'G']
C26779706,['O', 'G', 'G', 'G', 'G']
C01475345,['G', 'G', 'G']
C32587351,['G', 'G', 'G', 'G', 'G', 'O']
C11945870,['O', 'G', 'G', 'G', 'G']
C35647511,['G', 'G', 'G', 'O']
C41237572,['G', 'G', 'G']
C35233042,['G', 'G', 'G']
C16873028,['G', 'O', 'G', 'G', 'G']
C37552412,['G', 'G', 'O']
C12652855,['G', 'G', 'G', 'O', 'O']
C37417697,['G', 'G', 'G', 'O', 'G', 'G', 'O']
C48440722,['G', 'G', 'G', 'G']
C16478520,['G', 'G', 'G', 'G', 'G', 'G', 'O']
C03893847,['G', 'G', 'G', 'O']
C51006675,['G', 'G', 'O', 'G', 'O', 'G', 'G']
C15508934,['G', 'G', 'G', 'G', 'G', 'G', 'G']
C09465913,['G', 'G', 'G', 'G', 'G', 'G', 'G', 'G']
C37575636,['G', 'G', 'G']
C37365153,['G', 'G', 'G', 'G', 'O']
C50650581,['G', 'G', 'G', 'G', 'G']
C63821154,['G', 'G', 'G', 'G', 'G', 'G', 'G', 'G']
C54335992,['G', 'O', 'G', 'G', 'O', 'G']
C62764484,['G', 'G', 'O']
C13448423,['G', 'O', 'G']
C59678284,['G', 'O']
C05625775,['G', 'G', 'G']
C57733806,['G', 'G', 'G']
C48502330,['G', 'O', 'O', 'G']
C05927172,['G', 'O', 'G', 'G']
C13635882,['G', 'G', 'G', 'O']
C40446645,['G', 'G', 'G', 'G']
C47522016,['G', 'O', 'G', 'G', 'G']
C40566190,['G', 'G', 'O', 'G', 'G', 'G']
C12791721,['G', 'G', 'G', 'G', 'G', 'G', 'G', 'G']
C32602428,['G', 'G', 'G', 'G', 'O']
C66915431,['G', 'G', 'G', 'G', 'G', 'G']
C37432641,['G', 'G', 'G', 'G', 'G', 'G', 'O']
C61693085,['G', 'G', 'G']
C35126553,['G', 'G', 'G', 'O', 'G', 'G', 'O']
C18194577,['G', 'G', 'G', 'G']
C04324930,['G', 'G', 'G', 'O', 'G', 'G', 'O']
C36885121,['G', 'G', 'G', 'G', 'G', 'O', 'G']
C20334860,['G', 'O', 'G', 'G', 'G']
C43101643,['G', 'O', 'G', 'O', 'G', 'G', 'G']
C40125268,['G', 'G', 'O', 'G', 'G', 'O']
C06926324,['G', 'O', 'G', 'G']
C04811033,['O', 'G']
C60266491,['O', 'G', 'G', 'G']
C21016076,['G', 'O', 'O']
C57391123,['O', 'G', 'G', 'G', 'G', 'G']
C25001114,['O', 'G', 'G', 'G', 'G', 'G']
C59860470,['G', 'G']
C13414691,['G', 'G', 'G', 'G', 'G', 'G', 'G', 'O']
C14257264,['G', 'G', 'G', 'G', 'O']
C62263319,['G', 'O', 'G', 'G']
C12465109,['O', 'G', 'G', 'O']
C36981668,['G', 'G', 'G', 'G']
C41375172,['G', 'O', 'G', 'O']
C65004041,['G', 'G', 'G', 'G', 'G']
C67303208,['G', 'G', 'G', 'G', 'O', 'O']
C34708578,['G', 'O', 'O', 'G', 'G', 'G']
C07827427,['G', 'G', 'G', 'G', 'G', 'G']
C32094457,['O', 'G', 'G', 'G', 'G']
C41393978,['G', 'G', 'G', 'G']
C25398725,['G', 'G', 'G', 'O', 'G', 'G']
C42266232,['G', 'G', 'G']
C44417827,['G', 'G', 'G', 'G', 'O']
C37412653,['G', 'G', 'G', 'G', 'G', 'G', 'O']
C63653498,['G', 'G', 'G', 'G']
C60291565,['G', 'G', 'G']
C39722658,['G', 'G', 'G']
C58089874,['G', 'G']
C48389864,['G', 'O', 'G', 'O', 'G', 'G', 'G', 'G']
C13638589,['O', 'O']
C61830863,['G', 'G', 'O', 'G', 'O']
C36187880,['O', 'G', 'G', 'G']
C05521040,['G', 'O', 'O', 'G']
C58732657,['G', 'G', 'G']
C40097712,['G', 'G', 'O', 'G', 'G', 'G', 'G']
C62190694,['G', 'G', 'G', 'O']
C39968683,['G', 'G', 'G']
C33297622,['G', 'G', 'O', 'G']
C05763504,['G', 'G', 'G', 'O']
C42795194,['G', 'O', 'G', 'O', 'G', 'G', 'O']
C60461779,['G', 'G', 'G']
C33365645,['O', 'G', 'G', 'O']
C44592313,['G', 'G', 'O']
C41910730,['G', 'G', 'G', 'G']
C05647237,['G']
C27921870,['G', 'G', 'G', 'G']
C40518412,['G', 'G', 'G', 'G', 'O']
C13089521,['G', 'G', 'G', 'G', 'G']
C65003858,['G', 'G', 'O', 'O']
C20900801,['O', 'O', 'O']
C52265512,['G', 'G', 'G']
C01075794,['G', 'G', 'O', 'G', 'O']
C36837510,['G', 'G', 'O', 'G', 'G', 'O', 'O']
C32532542,['G', 'G', 'G']
C13305389,['G', 'G', 'G', 'O', 'G', 'G']
C59137827,['G', 'G', 'G', 'G']
C61116636,['G', 'G', 'G', 'G', 'G', 'G', 'G']
C36963737,['O', 'G']
C06880055,['G', 'G', 'G', 'G']
C40124816,['G', 'G', 'G', 'G']
C33861166,['G', 'G', 'G', 'O']
C42350500,['G', 'G', 'G']
C38025415,['G', 'O', 'G', 'O']
C22184949,['G', 'G']
C42402921,['G', 'O', 'G', 'G', 'O', 'G', 'O']
C36612521,['O', 'G', 'O', 'G', 'G', 'O']
C30705476,['G', 'G', 'G', 'G', 'G', 'G', 'G']
C27300696,['G', 'G', 'O', 'G', 'G', 'G', 'G']
C38018276,['O', 'O', 'G', 'G', 'O']
C48441054,['G', 'G', 'G', 'G']
C49161812,['G', 'G', 'G', 'O', 'G']
C39481378,['G', 'G', 'G', 'G', 'G', 'G']
C59137816,['G', 'G', 'G', 'G']
C13388927,['G']
C37437356,['G', 'G', 'G']
C48866573,['O', 'G']
C06192638,['G', 'G', 'G']
C39481170,['G', 'G', 'G', 'G', 'G', 'G']
C44922272,['G', 'G', 'G', 'G']
C48653158,['O', 'G', 'G']
C28296445,['O', 'G', 'G']
C29497927,['G', 'G', 'G', 'G', 'G', 'G', 'G']
C39891661,['G', 'G']
C59466309,['G', 'G', 'G', 'O', 'G']
C63037304,['G', 'G', 'G']
C48440770,['G', 'G', 'G', 'G', 'G']
C11800817,['G', 'G', 'G', 'O', 'G']
C61835595,['G', 'G', 'G', 'G', 'O', 'G', 'G', 'O']
C09089719,['G', 'G', 'O']
C43413615,['G', 'O', 'G', 'G', 'O']
C35354813,['G', 'G', 'G', 'O', 'G', 'G', 'G']
C33768893,['G', 'O', 'G', 'O']
C12600465,['G', 'O', 'G', 'G']
C06007010,['G', 'G', 'G', 'O']
C11804220,['G', 'G', 'G', 'G', 'G', 'O']
C35186479,['G', 'G', 'G', 'G']
C41536850,['O', 'G', 'G', 'G', 'O']
C62869931,['G', 'G', 'O', 'G', 'G']
C37744597,['G', 'G', 'G']
C55069848,['G', 'G', 'G']
C57631757,['G', 'G', 'G', 'O', 'O', 'G', 'G']
C49061157,['G', 'G', 'G']
C20377047,['G', 'G', 'G', 'G']
C55591460,['G', 'G', 'G', 'G', 'G', 'G', 'G']
C27933649,['G', 'G', 'O']
C63811012,['G', 'G', 'G', 'G', 'G']
C15828840,['G', 'O']
C32610501,['G', 'G', 'G']
C65284027,['G', 'G', 'G', 'G']
C35357029,['G', 'G', 'G']
C61125066,['O', 'G', 'O']
C33333641,['G', 'O']
C11750828,['O', 'G', 'G', 'G', 'G']
C28192703,['G', 'G', 'G', 'G']
C59917269,['G', 'G', 'G', 'G', 'G', 'O']
C28493112,['O', 'G', 'G', 'G', 'G']
C27933656,['G', 'G', 'O']
C14878265,['G', 'G', 'G', 'G']
C48440655,['G', 'G', 'G']
C63653500,['G', 'G', 'G', 'G']
C29010762,['G', 'G', 'G', 'O', 'G', 'G', 'G']
C55637419,['G', 'G', 'G', 'G', 'G', 'G', 'G']
C65215483,['G', 'G', 'G', 'G', 'G']
C18057078,['O']
C42710117,['G', 'O', 'G', 'O', 'G', 'G', 'G']
C28242531,['G', 'G', 'G', 'G', 'G', 'G']
C65489197,['G', 'G', 'G', 'G', 'O', 'G', 'G', 'O']
C07055672,['G', 'G', 'G']
C48440669,['G', 'G', 'G']
C03299629,['G', 'G']
C01175515,['G', 'O', 'G', 'G']
C24070605,['G', 'G', 'G']
C64474219,['G', 'G', 'G', 'G', 'G', 'G', 'G']
C06056303,['G', 'G', 'O']
C38058478,['G', 'G', 'G', 'G']
C37583789,['G', 'G', 'G', 'G', 'G', 'G', 'G']
C03958138,['G', 'G']
C55081011,['G', 'G', 'O']
C42581248,['O']
C40158898,['O', 'G', 'G', 'G']
C39971361,['O', 'G', 'G', 'G', 'G', 'G']
C23387320,['G', 'G', 'O', 'G', 'G']
C37565806,['G', 'G', 'O', 'G', 'G']
C13198811,['G', 'G', 'G', 'G', 'G', 'G']
C40116656,['G', 'G', 'G']
C37555291,['G', 'G', 'G']
C49511609,['G', 'G', 'G', 'G', 'G', 'O']
C58173051,['G', 'G', 'G', 'G', 'G', 'G', 'G']
C65196093,['O', 'G', 'G', 'G']
C37369331,['G', 'G', 'G']
C54054263,['G', 'G', 'G', 'G', 'O']
C20009741,['G', 'O', 'G', 'G', 'O', 'G', 'G', 'G']
C62925206,['G', 'G', 'G', 'O', 'G', 'G', 'G']
C37576512,['G', 'G', 'G', 'G']
C39481002,['O', 'G', 'G', 'G', 'G', 'G']
C14177254,['G', 'G']
C37552657,['O', 'G', 'G', 'G']
C41065691,['G', 'G', 'G']
C26547800,['G', 'G', 'G', 'G']
C48655262,['G', 'G', 'O']
C42350438,['G', 'G', 'G']
C65074209,['G', 'O', 'G', 'G', 'O', 'O', 'G']
C05448270,['G', 'G', 'O', 'O']
C55591348,['G', 'G', 'G', 'G', 'G', 'O', 'G', 'O']
C60393598,['G', 'G', 'G']
C40116953,['G', 'G', 'G']
C44253557,['G', 'G', 'O']
C41781588,['O', 'G', 'G', 'G', 'O']
C55595068,['G', 'G', 'G', 'G', 'G', 'G', 'O']
C00090334,['G', 'O', 'G', 'O']
C47251440,['G', 'G', 'G', 'G']
C40102849,['G', 'G', 'G', 'G', 'G', 'G', 'G', 'G']
C13595581,['G', 'G', 'G', 'O']
C02788983,['G', 'G', 'G', 'G', 'O']
C18280823,['G', 'O', 'G', 'G', 'G', 'G', 'G']
C05766249,['G', 'G', 'G', 'G', 'O']
C10820159,['G', 'G', 'G', 'G', 'G', 'G', 'G', 'G']
C62052893,['O', 'G', 'G', 'O', 'G', 'G', 'O']
C57435401,['G', 'O', 'O', 'G']
C33448873,['O', 'G', 'G', 'G', 'G', 'G', 'G']
C48439812,['G', 'G', 'G', 'G', 'G', 'G', 'G', 'G']
C59917742,['G', 'G', 'G', 'G', 'O', 'G', 'G', 'O']
C39447821,['G', 'O', 'G', 'G', 'O', 'G']
C62073339,['G', 'O', 'G', 'G', 'G', 'G', 'G']
C48204810,['G', 'G', 'O', 'G', 'G', 'G', 'G']
C40575247,['G', 'G', 'O', 'G', 'G', 'G', 'G', 'G']
C36289734,['O', 'G', 'O']
C43865433,['G', 'O', 'G', 'G']
C05527894,['G', 'G', 'G', 'G', 'O']
C48519606,['G', 'G', 'G']
C19928069,['G', 'G', 'O', 'G', 'G']
C20465713,['O', 'O', 'O', 'G']
C33462223,['G', 'G', 'O', 'G', 'G', 'G', 'G', 'G', 'O']
C57905123,['G', 'G', 'G', 'G', 'G']
C12418189,['O', 'G', 'G', 'G', 'G', 'G']
C61589334,['G', 'G', 'O']
C37788460,['G', 'G', 'G', 'O', 'O']
CHEMBL197553,['O', 'G', 'G', 'G', 'G', 'G', 'O']
C60353912,['G', 'G', 'G']
C32610002,['G', 'O', 'G', 'G', 'G']
C20377043,['G', 'G', 'G', 'G']
C40691165,['G', 'G', 'G']
C59151311,['G', 'G', 'G', 'O', 'O', 'G', 'O']
C32111876,['G', 'G', 'G', 'G', 'G', 'O']
C61837164,['G', 'G', 'G', 'G', 'G', 'G', 'O']
C49914033,['G', 'G', 'O', 'G', 'O', 'G', 'O']
C59779075,['G', 'G', 'G', 'G', 'O']
C65137755,['G', 'G', 'G', 'G', 'G']
C49061054,['G', 'G', 'G', 'G']
C20465668,['O', 'O', 'O']
C66255146,['G', 'G', 'G']
C08410967,['O', 'O', 'G']
C38718384,['G', 'G', 'G', 'G']
C54489997,['G', 'G', 'G', 'G', 'G', 'O']
C02804669,['G', 'G', 'G', 'G', 'G']
C60229654,['G', 'G', 'G', 'G', 'G', 'G', 'G']
C61173505,['G', 'G', 'O', 'G', 'O']
C13661259,['G', 'G', 'G', 'G']
C04195031,['G', 'G', 'G', 'G']
C30822890,['G', 'G', 'G']
C41910792,['G', 'G', 'G']
C12703293,['G', 'G', 'G', 'G', 'G', 'G']
C13388606,['G', 'G', 'G', 'G', 'G', 'G', 'O']
C04208807,['G', 'G', 'O', 'G', 'G', 'G', 'O', 'G']
C37507036,['G', 'G', 'G', 'G', 'G']
C64668238,['G', 'G', 'G', 'G']
C58115081,['G', 'G', 'G', 'O', 'G', 'G', 'O']
C39871533,['G', 'G', 'O', 'G']
C62090829,['O', 'G', 'G', 'G', 'G', 'G', 'G']
C65137834,['G', 'G', 'O', 'G']
C61834779,['G', 'G', 'G', 'G', 'G', 'G', 'O']
C40224136,['G', 'G', 'G', 'G', 'G', 'G', 'O']
C13458593,['G', 'O', 'G', 'G']
C37412673,['G', 'G', 'O', 'G', 'G', 'O', 'G']
C18212832,['G', 'O', 'G', 'O']
C40215528,['G', 'G', 'G', 'G', 'G', 'O']
C62868858,['G', 'G', 'G', 'G']
C62073118,['G', 'O', 'G', 'G', 'G', 'G', 'G', 'G']
C20900883,['O', 'O', 'O']
