CHEMBL60037,['G', 'G', 'G']
CHEMBL64222,['G', 'G', 'G']
C00840937,['G', 'G']
CHEMBL62880,['G', 'G', 'G']
CHEMBL1221641,['G', 'O', 'O', 'G']
C04906748,['G', 'O', 'G', 'G']
C66161685,['G', 'G', 'G', 'G', 'O', 'G', 'G']
C36902438,['O', 'G', 'G', 'G']
C40361720,['G', 'O', 'G']
C06767753,['G', 'O', 'G', 'O']
C00944183,['G', 'G', 'O']
C22072397,['G', 'G', 'G', 'G', 'G']
CHEMBL101666,['G', 'O', 'O', 'G']
C67092755,['O', 'G', 'G', 'G', 'G', 'O', 'G']
C38654282,['G', 'G', 'O', 'G']
C58976418,['G', 'G', 'G', 'G', 'G', 'O']
C17108116,['O', 'G']
C13013402,['G', 'O', 'G', 'O', 'O', 'G']
C00985019,['O', 'O', 'G']
C22072408,['G', 'G', 'G', 'G', 'G']
CHEMBL119781,['G', 'G', 'G']
CHEMBL101712,['O', 'O', 'G']
C20505616,['G', 'G', 'G']
C13284251,['G', 'G', 'G', 'G', 'O']
C21517448,['G', 'O', 'G']
C00098046,['G', 'G']
C40782541,['O', 'O', 'G', 'G']
C58180307,['O', 'O', 'G', 'G', 'G', 'G', 'O']
C01948653,['G', 'G', 'G', 'O']
C12046961,['G', 'G', 'G', 'G', 'G', 'G', 'G']
C02718457,['G', 'O', 'G', 'G']
C02561864,['G', 'O', 'O', 'G']
C05376808,['G', 'G', 'O']
C13097347,['G', 'G', 'G', 'G']
C11621330,['G', 'G', 'G', 'G', 'G', 'G', 'G']
C40285829,['G', 'G']
C19853610,['G', 'G', 'O', 'G', 'G']
C01387053,['O', 'O', 'O']
C58856797,['G', 'G', 'G', 'G', 'G', 'O', 'G', 'G']
C03108099,['G', 'O', 'O']
C40285704,['G', 'G']
C05728658,['O', 'G', 'G', 'G', 'G']
C40273646,['G', 'G']
C20828339,['G', 'G', 'G', 'G', 'G', 'G']
C35412334,['O']
C36080471,['G', 'G', 'G', 'G', 'O']
C37061072,['G', 'G', 'O', 'O']
C00756734,['G', 'O', 'G']
C08921902,['G', 'O', 'G', 'O']
C40285488,['G', 'G']
C67142034,['G', 'G', 'G', 'G', 'O', 'O', 'G', 'G']
C14169566,['G', 'G', 'G', 'G', 'G', 'G']
C04964009,['G']
CHEMBL109117,['O', 'G', 'G']
C01094616,['O', 'O']
C20430428,['G', 'O', 'G']
C20581580,['G', 'G']
C08829049,['G', 'G', 'G', 'O']
C04362704,['G', 'G', 'G']
C40273495,['G', 'G']
C40285817,['G', 'G']
C20581608,['G', 'O']
C44169450,['G', 'G', 'G', 'O', 'G']
C20478701,['G', 'G', 'G']
C51337846,['G', 'O', 'G', 'O', 'G', 'G', 'G', 'G']
C37262163,['G', 'G', 'G', 'G', 'G', 'G']
C64937826,['G', 'G', 'G', 'G']
C56876880,['G', 'G', 'G', 'G', 'G', 'G', 'G', 'O']
C03326370,['G', 'O', 'G', 'O', 'O']
C01221236,['O', 'G', 'G']
C01592605,['G']
C40285815,['G', 'G']
CHEMBL112715,['G', 'G', 'G']
C21508796,['G', 'G', 'G']
C07439136,['G', 'G', 'G', 'O', 'O']
C13788564,['O', 'O']
C40285692,['G', 'G']
C57341907,['G', 'O', 'G']
C37384104,['G', 'G', 'G']
C40285568,['G', 'G']
C40273635,['G', 'G']
C41628246,['G', 'G', 'O', 'G', 'G', 'G', 'G']
C40285767,['G', 'G']
C40273305,['G', 'G']
C09959926,['G', 'G', 'G', 'O', 'G', 'G', 'O', 'G', 'O']
C00213227,['G', 'G', 'G', 'G']
C40285470,['G', 'G']
C40273710,['G', 'G']
C25044494,['G', 'G', 'G', 'G', 'G', 'G', 'G']
C13544973,['O', 'O', 'G', 'G', 'O']
CHEMBL111983,['O', 'G', 'G']
C40285667,['G', 'G']
C37121468,['G', 'G', 'G', 'G']
C40273712,['G', 'G']
C05740844,['G', 'O', 'O', 'O']
C50948170,['G', 'G', 'G', 'O']
C04548070,['G', 'G', 'G', 'O']
C36127158,['G', 'G', 'G', 'G', 'G', 'O']
C40273708,['G', 'G']
C40285645,['G', 'G']
C11363973,['G', 'G', 'O', 'G']
C20479958,['G', 'G', 'G']
C05628933,['G', 'G', 'G', 'G']
C14755494,['G', 'G', 'O', 'O', 'O', 'G']
C06625245,['G', 'G', 'O', 'G']
C40273597,['G', 'G']
C13519939,['O', 'O']
C05453590,['G', 'G', 'O']
CHEMBL323626,['G', 'G', 'G']
C16381924,['G', 'O', 'G', 'G', 'G', 'O']
C21518353,['G', 'G', 'G']
C11944663,['G', 'G', 'G', 'G']
C00463815,['G', 'G', 'G', 'G', 'G', 'G', 'G']
C59074138,['G', 'G', 'G', 'O', 'G', 'O']
C40273584,['G', 'G']
C01107552,['O', 'G', 'G']
C40285696,['G', 'G']
C40285490,['G', 'G']
C20010824,['G', 'G', 'G', 'O', 'G']
C01094640,['G', 'O', 'G']
C40273464,['G', 'G']
C59074126,['G', 'G', 'O', 'G', 'O']
C00046241,['O', 'O']
C19993225,['G', 'O', 'G', 'G']
C37299502,['O', 'O', 'O', 'G']
C20074785,['G', 'G', 'O', 'G']
C20594152,['G', 'G', 'O']
C03771753,['G', 'O', 'G', 'G']
C41113311,['G', 'G', 'G', 'G', 'G', 'G', 'G']
C28421738,['G', 'G', 'G', 'G', 'G', 'G', 'G']
C17823030,['G', 'G', 'O']
C20556730,['G', 'G', 'G']
C40285529,['G', 'G']
C40285601,['G', 'G']
C65395209,['G', 'G', 'G', 'G', 'G', 'O']
C13115364,['G', 'G', 'G', 'G', 'G']
C10649406,['G', 'G', 'G', 'O', 'G', 'O', 'G']
C67341469,['G']
C64220213,['G', 'G']
C01094612,['G', 'O', 'O']
C32911024,['O', 'G', 'G']
C07339983,['G', 'O', 'G', 'G', 'G', 'O', 'G']
C39934283,['G', 'G', 'G', 'G', 'G', 'G', 'G', 'G']
C40273576,['G', 'G']
C23380210,['G', 'G']
C19928591,['O', 'G', 'G']
C14186605,['G', 'O', 'G', 'G', 'G', 'G']
C59336604,['O', 'G', 'G']
CHEMBL326855,['G', 'G', 'G']
C05543617,['G', 'O', 'G', 'O']
C50948176,['G', 'G', 'G', 'O']
C04970157,['G', 'G', 'O', 'G', 'G']
C48375854,['O', 'G', 'G', 'G', 'O', 'O']
C33169029,['O', 'G', 'O', 'G']
C66260669,['G', 'O', 'G', 'G', 'G']
C65245138,['G', 'G', 'O', 'G', 'G', 'G', 'G']
C13787529,['G', 'O', 'O']
C42260159,['G', 'G', 'O']
C33699892,['G', 'G', 'G']
C59074118,['G', 'G', 'O', 'G', 'O']
C36825087,['G', 'O', 'O', 'G', 'G', 'O']
C40285690,['G', 'G']
C40285757,['G', 'G']
C20593974,['G', 'G']
C37385715,['G', 'G', 'G']
C58929105,['G', 'O']
C13115378,['G', 'O', 'G', 'G']
C20548432,['O', 'O', 'G']
C08613089,['G', 'G']
C48448658,['O', 'G', 'G', 'O']
C34453133,['O', 'O']
C17129835,['O', 'G', 'O', 'O']
C25502323,['G', 'G', 'G', 'G', 'O']
C13598329,['G', 'O', 'G']
C06224352,['G', 'G', 'G', 'O']
C40285466,['G', 'G']
C05095267,['O', 'G', 'G', 'O', 'O', 'G']
C28190037,['G', 'O', 'O', 'G']
C08587383,['G', 'G', 'O']
C06101830,['G', 'G', 'O']
C04251874,['G', 'G', 'G', 'G', 'G', 'G']
C33650599,['G', 'G', 'G', 'G', 'G']
C05332178,['G']
C46551975,['G', 'G', 'G', 'G', 'G', 'G', 'O']
C04147206,['G', 'G']
C57398453,['O', 'G', 'G']
C02712817,['G', 'G', 'G', 'O']
C66407068,['G', 'G', 'G']
C16147582,['G', 'G', 'G', 'G']
C63653353,['G', 'O', 'G', 'G']
C05680037,['O', 'G', 'G']
C05054084,['O', 'O', 'G', 'O']
C04699674,['O', 'O', 'G', 'O']
C04938634,['G', 'O']
C17178071,['G', 'G', 'G', 'G', 'G']
C37385718,['G', 'G', 'G']
C19994775,['O', 'O', 'G']
C04745799,['G', 'G', 'O']
C06056630,['G', 'O', 'G', 'O', 'G', 'G', 'G']
C04995577,['G', 'O', 'O']
C06925888,['G', 'G', 'G']
C13260787,['G', 'G', 'G', 'O']
C20672149,['G', 'G', 'O', 'G']
C20301973,['G', 'G', 'G']
C04225134,['G', 'O', 'G', 'O']
C00441705,['G', 'G', 'O']
C02747823,['G', 'G', 'G']
C40312266,['G', 'O']
C11801606,['G', 'G', 'G']
C67075435,['G', 'G', 'G', 'O', 'G', 'O', 'G']
C02717897,['G', 'O', 'O', 'G']
C52912844,['G', 'G', 'G', 'G', 'G', 'G', 'O']
C08816852,['G', 'G', 'G']
C57733924,['O', 'G', 'G']
C06785399,['G', 'G', 'G', 'G', 'G', 'O', 'G']
C05100876,['G', 'O', 'O', 'G']
C39866741,['G', 'G', 'O', 'G']
C40285657,['O', 'G', 'G']
C34912848,['G', 'G', 'G', 'G', 'G', 'G']
C01924473,['O', 'O', 'G', 'G', 'G']
C40704747,['O', 'O', 'G', 'G']
C37385732,['G', 'G', 'G']
C28118871,['G', 'G', 'G']
C20435949,['O', 'G', 'G', 'G', 'G']
C05530773,['O', 'O']
C37574578,['G', 'G', 'G']
C48518389,['O', 'G', 'G', 'G', 'G']
C05642307,['G', 'G', 'O', 'G', 'G', 'G', 'G']
C07044020,['O', 'G', 'G']
C01202394,['G', 'O', 'G', 'G']
C49335334,['O', 'O', 'G', 'G', 'G', 'O']
C06251162,['G', 'G', 'G']
C40273484,['O', 'G', 'G']
C67118606,['G', 'G', 'G', 'G', 'G', 'G']
C20593991,['O', 'G']
C21024600,['G', 'G', 'G']
C61122732,['G', 'G', 'G']
C28628345,['G', 'G', 'G', 'G', 'G']
C27230691,['G', 'G', 'O']
C11951060,['G', 'G', 'G', 'G', 'G']
C20550938,['O', 'O', 'G']
C05072966,['G']
C13750617,['G', 'G', 'O']
C05686810,['G', 'O', 'G', 'G']
C06312808,['G', 'O', 'O', 'G']
C54621279,['O', 'G', 'G', 'G']
C05551149,['G', 'G', 'O']
C37637302,['O', 'G', 'O', 'O']
C48438995,['O', 'O', 'G']
C35529104,['G', 'G', 'G', 'G', 'G', 'G', 'O']
C28248326,['G', 'G', 'G']
C15015486,['O', 'O', 'G']
C34981041,['G', 'G', 'G', 'O', 'G']
C18089922,['G', 'O', 'G']
C01030394,['G', 'G', 'G', 'G']
C40202041,['O', 'G', 'O', 'G', 'G', 'G', 'G']
C07737964,['G', 'G', 'O', 'G']
C00163407,['O', 'G', 'G', 'G']
C51651870,['G', 'G', 'G', 'G', 'G']
C13811259,['G', 'G', 'O']
CHEMBL583996,['G', 'O', 'G']
C02717803,['G', 'G', 'G', 'O']
C20581407,['G', 'G']
C01049900,['G', 'G', 'G', 'O', 'G']
C02348885,['G']
C20312849,['G', 'G', 'G', 'G', 'O']
C64937827,['G', 'O', 'G', 'G', 'G']
C67244163,['G', 'G', 'G']
C05237646,['G', 'G', 'G']
CHEMBL113975,['G', 'G', 'G']
C13776638,['G', 'G', 'O']
C13343875,['G', 'G', 'O', 'G']
C41606886,['O', 'O', 'G', 'G', 'G', 'G', 'G']
C01094634,['O', 'G']
C00129095,['G', 'G', 'O']
C06205616,['G', 'G', 'O']
C09308450,['G', 'O', 'G']
C43554403,['G', 'G', 'O']
C06768583,['G', 'O', 'G', 'G', 'O', 'G', 'G', 'G']
C58902770,['O', 'G', 'O', 'G']
C06200557,['G', 'O', 'G']
C15016306,['O', 'O', 'G']
C06651661,['G', 'G', 'G', 'G', 'O']
C58902764,['G', 'G', 'G']
C01859948,['G', 'G', 'G']
C67590942,['G', 'G', 'O', 'G', 'G', 'G', 'G', 'O']
C62194093,['G', 'G', 'G']
C04737889,['O', 'O', 'O']
C05605840,['G']
C05827734,['G', 'G', 'O', 'O', 'G', 'O']
C18217881,['O', 'G', 'G']
C11801591,['G', 'G', 'G']
C02712849,['O', 'G', 'G', 'G']
C59291695,['G', 'G', 'G', 'G']
C04426184,['G', 'G', 'G']
C37528339,['G', 'G', 'G', 'O', 'G']
C37438920,['O', 'G']
C21502784,['G', 'O', 'G']
C41512058,['G', 'G', 'G', 'O']
C13496972,['O', 'O']
C05551196,['G', 'O', 'O']
C39459592,['G', 'O', 'G', 'O']
C05543627,['G', 'O', 'G', 'O']
C18099206,['G', 'G', 'G', 'G', 'G']
C17078048,['O', 'G', 'G', 'O', 'O']
C01915551,['G', 'G', 'O']
C06059927,['O', 'G', 'O']
C17124885,['O', 'G', 'G']
C20057885,['O', 'G', 'G', 'G']
C06066257,['G', 'G', 'O']
C49885418,['G', 'G', 'G', 'G']
C49135756,['G', 'G', 'O', 'O']
C65098030,['G', 'G', 'G', 'G', 'G']
C01217482,['G', 'G', 'G', 'O']
C02718016,['G', 'O', 'G', 'G']
C37574680,['G', 'G', 'G']
C06056303,['O', 'G', 'O']
C43554335,['G', 'O', 'G']
C42207848,['G', 'G', 'G']
C48529340,['G', 'O', 'G']
C05647198,['G', 'G', 'G', 'G']
C48519842,['G', 'G', 'G', 'G']
C61510679,['G', 'G', 'G', 'G', 'G', 'O', 'G', 'G']
C28421745,['G', 'G', 'G', 'G', 'G', 'O', 'G']
C41606907,['O', 'O', 'G', 'G', 'G', 'G', 'G']
C40733973,['G', 'G', 'O', 'O']
C59291697,['G', 'G', 'G', 'G']
C18084411,['G', 'G', 'O', 'G', 'G']
C09420265,['G', 'G', 'G', 'G']
C17095118,['O', 'G', 'G', 'O', 'O']
C33587325,['G', 'G', 'G']
C02308512,['O', 'O', 'G']
C48580446,['O']
C60357735,['G', 'G', 'G', 'G', 'G', 'G']
C13769809,['G', 'G', 'O', 'O']
C08738070,['G', 'G', 'G']
C59364723,['G', 'G', 'O', 'G', 'O']
C03618314,['O', 'O', 'G', 'G', 'G']
C13211144,['O', 'G', 'G']
C03349433,['G', 'G', 'O']
C48443696,['G', 'G', 'G', 'G']
C13140149,['G', 'G', 'O', 'G', 'G']
C05610652,['G', 'G', 'G', 'O']
C16669651,['O', 'O', 'G']
C05393258,['G', 'G', 'O']
C16777156,['G', 'G', 'G', 'G', 'O']
C38107063,['G', 'G', 'G', 'G', 'O']
C20628862,['G', 'G', 'G', 'G', 'O']
C20593978,['G', 'G']
C06935405,['G', 'O', 'G', 'O']
C01756542,['G', 'G']
C22345038,['O', 'G', 'G']
C06940109,['O', 'G', 'G', 'G', 'G', 'G', 'G']
C33698750,['G', 'G', 'G']
C03122308,['G', 'G']
C40273512,['G', 'G']
C59930066,['O', 'O', 'G']
C61693063,['G', 'G', 'G']
C37385910,['G', 'G', 'G']
C30953782,['G', 'G', 'G']
C37373129,['G', 'O', 'G']
C25760619,['G']
C13750749,['G', 'G', 'O', 'O']
C00078900,['G', 'G', 'O']
C05881571,['G', 'O', 'G', 'O', 'G']
C25763434,['G', 'G', 'G']
C05762739,['G', 'G', 'G']
C09308542,['O', 'G', 'G']
C20581395,['G', 'G']
C06192634,['O', 'G', 'O']
C61693085,['G', 'G', 'O']
C11801698,['G', 'O', 'G']
C00575946,['G', 'G', 'G']
C16123501,['G', 'G', 'G']
C17078052,['O', 'G', 'G', 'O', 'O']
C03909946,['O', 'O', 'G']
C37388550,['G', 'G', 'G']
C59518282,['G', 'G', 'G', 'O', 'G']
C63653357,['G', 'G', 'G', 'G']
C13111430,['G', 'G', 'G', 'O']
C01502359,['G', 'G', 'G']
C33169519,['G', 'G', 'G', 'G']
C36661740,['G', 'G', 'G', 'G', 'G', 'G', 'G']
C03021172,['G', 'O', 'G', 'G', 'O']
C25493051,['O', 'G', 'G', 'G', 'G', 'G']
C20627270,['G', 'G', 'G', 'G']
C66004733,['O', 'O', 'G', 'G', 'O']
C28577557,['G', 'G', 'G']
C06476899,['G', 'G']
C39870656,['G', 'G', 'O', 'G']
C42582175,['-']
C05998619,['O', 'G', 'G']
C06227985,['G', 'G', 'G', 'G']
C48496469,['G', 'G', 'G', 'G']
C35557221,['G', 'G', 'G', 'G', 'O']
C08557588,['O', 'O', 'G', 'G']
C62194106,['G', 'G', 'G']
C37374691,['G', 'G', 'G']
C02552148,['G']
C62738732,['O', 'G', 'G', 'G', 'G', 'G']
C06192410,['G', 'G', 'G']
C08844182,['G', 'O', 'G', 'G']
C37388605,['G', 'G', 'G']
C48652323,['G', 'G', 'G']
C37384244,['G', 'G', 'G']
C48422924,['G', 'G', 'G', 'G']
C21020455,['O', 'G', 'G']
C05763033,['O', 'G', 'G', 'O']
C17123817,['O', 'G', 'G']
C41657012,['G', 'G', 'G', 'O']
C16672873,['O', 'G', 'G']
C06393039,['O', 'O', 'G', 'G', 'G']
C20581413,['G', 'G']
C20303843,['G', 'G', 'G']
C50917382,['G', 'G', 'O', 'G', 'G', 'O']
C17299713,['O', 'O', 'G']
C00226706,['O', 'G', 'O']
C13680052,['G', 'G', 'O']
C33569765,['O', 'G', 'O']
C37574757,['G', 'G', 'G']
C05969755,['G', 'G', 'O']
C33208639,['G', 'G', 'G', 'G', 'G', 'G', 'G']
C63653114,['G', 'G', 'G', 'G']
C37575669,['G', 'G', 'G']
C62575251,['G', 'O', 'G', 'G', 'G', 'G', 'G']
C41981712,['G', 'G', 'G', 'G', 'O']
C35552341,['G', 'G', 'G']
C44244031,['G', 'G', 'G']
C59366117,['G', 'G', 'O', 'G', 'O']
C39870610,['G', 'O', 'G']
C64937851,['G', 'G', 'G', 'G', 'G']
C48653440,['G', 'G', 'G', 'G']
C48430024,['G', 'G', 'G']
C05238211,['O', 'G', 'G', 'G']
C63653112,['G', 'G', 'G', 'G']
C09936218,['G', 'O', 'G', 'O']
C23335766,['G', 'G', 'O', 'G']
C00078896,['O', 'G', 'G']
C32936070,['G', 'G', 'G', 'G', 'G', 'G', 'G', 'G']
C06000353,['G', 'O']
C18211914,['G', 'G', 'G']
C20100284,['O', 'G']
C37385733,['G', 'G', 'G']
C57724418,['G', 'G', 'O', 'O']
C52068562,['G', 'G', 'G']
C48652164,['G', 'G', 'G']
C01068106,['G', 'G', 'O', 'G', 'G', 'O', 'G', 'G']
C40273651,['G', 'G']
C37387076,['G', 'G', 'G']
C08042806,['O', 'G', 'G']
C44020477,['G', 'O', 'O']
C65330967,['G', 'G', 'G', 'G', 'O']
C66577397,['G', 'G', 'G', 'O']
C05763476,['O', 'G', 'G', 'G']
C37388619,['G', 'G', 'G']
C04623868,['G', 'G']
C35557507,['G', 'G', 'G', 'G', 'G']
C48654499,['O', 'G', 'G', 'G']
C17078049,['O', 'G', 'G', 'O', 'G']
C49185909,['-']
C57668229,['G', 'G', 'G', 'G', 'O']
C06192411,['G', 'G', 'O']
C49061032,['G', 'G', 'G']
C39886191,['O', 'G']
C35575947,['O', 'O', 'O']
C33718228,['O', 'O', 'G', 'G', 'G', 'O']
C28226605,['G', 'G', 'G', 'G']
C20573161,['G', 'G', 'G', 'G', 'G', 'G', 'G']
C02717741,['G', 'G', 'G', 'O']
C32127571,['O', 'O']
C39870780,['G', 'O', 'G']
C41227329,['G', 'G', 'G', 'G', 'O', 'G', 'O']
C05302882,['G', 'G', 'G']
C25502447,['G', 'G', 'G', 'G', 'G', 'G', 'G', 'O']
C35557521,['G', 'G', 'G', 'G', 'G', 'G']
C37385710,['G', 'G', 'G']
C35685562,['G', 'G', 'G']
C34913170,['O', 'G', 'O', 'G']
C09059958,['O', 'G', 'O']
C06191562,['G', 'G', 'G']
C08600146,['O', 'G', 'G', 'G', 'O']
C62591990,['G', 'G']
C04686606,['G', 'G']
C41754855,['G', 'G', 'G', 'O']
C16672858,['O', 'G', 'G']
C20589782,['G', 'O', 'O']
C18222466,['G', 'O', 'G', 'O']
C20394153,['G', 'O', 'O']
C51653428,['G', 'O', 'G', 'G', 'G', 'G']
C40414004,['G', 'G', 'G']
C43554379,['G', 'G', 'G']
C29867977,['G', 'O', 'G']
C28577139,['O', 'G', 'G', 'G']
C37335865,['G', 'G']
C39295938,['G', 'G', 'O']
C48471513,['O', 'G', 'G', 'G']
C05556969,['O', 'G', 'G']
C37408649,['G', 'G', 'G']
C41769102,['G', 'G', 'G', 'G', 'O']
C48652144,['G', 'G', 'G']
C03399099,['G', 'G']
C05827732,['G', 'G', 'O', 'O', 'G', 'O']
C20432588,['G', 'G', 'G']
C17071479,['G', 'G', 'G', 'O', 'G']
C40944813,['O', 'G', 'G', 'G']
C37369329,['G', 'G', 'O']
C05176240,['G', 'G', 'O', 'G']
C18054290,['O', 'O', 'G']
C59370596,['G', 'G', 'G', 'G', 'O']
C62191668,['G', 'G', 'G', 'G', 'G']
C40285504,['G', 'G']
C15828941,['G', 'G']
C01851106,['G', 'G', 'G']
C57668669,['G', 'G', 'G', 'G', 'G', 'O']
C39886204,['O', 'G']
C36912632,['G']
C01628218,['G', 'O', 'G', 'G']
C48529283,['G', 'G', 'G']
C37384290,['G', 'G', 'G']
C18276776,['G', 'O']
C26511792,['O', 'G', 'O', 'G', 'O', 'G', 'G']
C49200697,['G', 'O', 'G', 'G', 'G']
C59336388,['G', 'O', 'G', 'G', 'O', 'O', 'G', 'G']
C43554355,['G', 'G', 'G']
C37206099,['O']
C28379935,['O', 'G', 'O']
C00404590,['O']
C48652378,['G', 'G', 'G']
C19949836,['O', 'G', 'G']
C35285613,['G', 'G']
C20593984,['G', 'G']
C11629097,['G', 'G', 'G', 'G', 'O']
C66241918,['G', 'G', 'G', 'G', 'G']
C41095703,['G', 'G', 'G']
C59367784,['G', 'G', 'G', 'G', 'O', 'G']
C54294343,['G', 'G', 'G']
C37408675,['G', 'G', 'G', 'G', 'G']
C04876972,['G', 'G', 'O']
C37528623,['G', 'G', 'G', 'O', 'O']
C27516939,['G']
C37287505,['G', 'G', 'O', 'G']
C06815068,['O', 'G', 'G', 'O', 'O']
C62490737,['G', 'G', 'G', 'O']
C04002931,['G', 'G', 'O']
C05186057,['G', 'G', 'G', 'G', 'G']
C62490894,['G', 'G', 'G', 'O']
C66574970,['G', 'G', 'G', 'G', 'G']
C06686824,['G', 'G', 'G']
C43554254,['G', 'G', 'G']
C37359277,['G', 'G', 'O', 'O']
C00148441,['G', 'G']
C08559867,['O']
C67006073,['G', 'G']
C66407061,['O', 'G', 'O', 'O', 'G']
C08739954,['G', 'O', 'G']
C16666715,['G', 'G', 'O']
C66606123,['G']
C01047263,['G', 'G', 'G', 'G']
C37385904,['G', 'G', 'G']
C32754973,['G', 'G', 'G']
C20591115,['G', 'O']
C32642053,['G', 'O', 'G', 'O']
C62423895,['G', 'G', 'G']
C20588550,['G', 'G']
C16669730,['G', 'O', 'O']
C20303855,['G', 'G']
C57547854,['G', 'G']
C59472442,['G', 'G', 'G']
C04288747,['G', 'G', 'G', 'O']
C65355377,['G', 'G', 'G', 'G', 'G', 'G']
C48606391,['G']
C37574598,['G', 'G', 'G']
C08950622,['G', 'G', 'G', 'G', 'G', 'G']
C36961343,['G', 'G', 'G']
C01068207,['O', 'G', 'O', 'G']
C41753857,['G', 'G', 'G', 'O']
C13723351,['G', 'G', 'O', 'G', 'G', 'G', 'G']
C09936049,['G', 'G', 'O', 'G', 'G', 'O']
C57724404,['G', 'G', 'G', 'O']
C33048493,['G', 'G', 'G']
C09553561,['G', 'G', 'O', 'G']
C63780503,['G', 'O', 'O', 'G', 'G', 'G', 'G']
C17084804,['G', 'G', 'G']
C59074144,['G', 'G', 'G', 'G', 'O']
C15016253,['O', 'O', 'G']
C06651183,['G', 'G', 'G', 'G', 'O']
C41500045,['G', 'G', 'G']
C48606399,['O']
C00033471,['G', 'G', 'G']
C48440774,['G', 'G', 'G', 'G', 'G']
C25181166,['O', 'G', 'G']
C37653511,['G', 'G', 'G', 'G', 'G', 'G', 'O', 'G']
C37528336,['G', 'G', 'G', 'O', 'G']
C48383387,['G', 'G', 'G', 'G', 'O']
C42581254,['G', 'O']
C49061015,['G', 'G', 'G']
C37388613,['G', 'G', 'G']
C30822753,['G', 'O', 'G', 'O', 'G']
C42524772,['G', 'G', 'G']
C44605940,['O', 'O']
C03126587,['G', 'G', 'G', 'G', 'O', 'G']
C12414991,['G', 'G', 'G', 'O', 'G']
C13343794,['G', 'O', 'O', 'G']
C05553436,['G', 'O']
C06227870,['G', 'G', 'O']
C02195023,['G', 'G', 'G']
C49412084,['G']
C20591039,['G', 'O', 'G']
C13644817,['O', 'O', 'G']
C01471184,['G']
C37375416,['G', 'O', 'G', 'G']
C07052710,['G', 'G', 'O']
C38008613,['G', 'G', 'G']
C37372859,['G', 'G', 'G']
C37359280,['G', 'G', 'O', 'O']
C48653029,['G', 'G', 'G']
C48518980,['G', 'G', 'G', 'O']
C15987521,['G', 'G', 'O']
C43554248,['G', 'G', 'G']
C67259873,['G', 'G', 'O']
C18116221,['G', 'O']
C00307904,['O', 'G', 'G', 'O']
C17073125,['O', 'G']
C04225138,['G', 'G', 'O', 'G']
C37653743,['G', 'G', 'G', 'O', 'G']
C49412088,['G']
C22461114,['G', 'G']
C27516802,['G']
C41069636,['G', 'G', 'O']
C05551198,['G', 'O', 'O']
C00753321,['G', 'G', 'G']
C05867461,['G', 'G', 'G', 'G', 'G', 'G']
C28577577,['G', 'G', 'G', 'G']
C07262098,['G', 'G', 'G', 'G']
C05927324,['G', 'G']
C43554368,['G', 'G', 'G']
C01228920,['G']
C11885572,['G', 'G', 'G']
C40945544,['G', 'G', 'G', 'G']
C16978098,['O', 'O', 'G']
C24545947,['G', 'G', 'G']
C37527716,['G', 'G', 'O', 'G', 'G', 'G']
C43461109,['O']
C01299736,['G', 'G', 'G']
C42804070,['G', 'O', 'G']
C40810325,['G', 'G', 'G', 'G']
C41754819,['G', 'G', 'G', 'O']
C41416318,['G']
C37528782,['G', 'G', 'G', 'O', 'G']
C65004662,['G', 'G', 'G', 'O', 'G']
C21188580,['O', 'G', 'G']
C37528322,['G', 'G', 'G', 'G', 'G', 'O', 'G']
C36306934,['G', 'G', 'O', 'G']
C27526184,['G', 'G', 'G', 'G', 'G']
C63276565,['O', 'G', 'G']
C17067133,['G', 'O']
C33298808,['O', 'G', 'G', 'G']
C13459162,['G', 'G', 'O', 'G']
C20591027,['G', 'G']
C66586312,['G', 'G', 'G', 'G', 'G']
C57749700,['G', 'G', 'G', 'O']
C01438709,['G', 'G', 'G']
C06224336,['G', 'G', 'G']
C13680022,['G', 'G']
C67341461,['G']
C62490670,['O', 'G', 'O']
C04806163,['G', 'G', 'G']
C08410933,['O', 'O', 'G']
C06056389,['G', 'G', 'O']
C05238280,['G', 'G', 'O', 'O']
C17071475,['O', 'O', 'G', 'G', 'G']
C40414001,['G', 'G', 'O']
C48653999,['G', 'G', 'G']
C67172491,['G', 'G']
C44902788,['G', 'G', 'G', 'G', 'G', 'G']
C49061018,['G', 'G', 'G']
C28577131,['G', 'G', 'G']
C30822768,['O', 'O', 'G', 'O', 'G']
C57668230,['G', 'G', 'G', 'G', 'G', 'O']
C03296806,['O', 'O']
C21957974,['G', 'G']
C28562024,['G', 'O', 'G', 'G']
C23623719,['G', 'G', 'G', 'G', 'G', 'G', 'G']
C48655248,['G', 'G', 'G']
C40414019,['O', 'G', 'G']
C11990966,['G', 'O', 'G', 'G']
C41566731,['G', 'G', 'G', 'O']
C11640043,['O', 'O', 'G', 'G']
C33893118,['G', 'G', 'G']
C21344943,['G', 'G', 'O']
C37960693,['G', 'G', 'G', 'O']
C40418707,['G', 'G', 'G']
C37206113,['O']
C40476051,['G']
C49068595,['G', 'G', 'G', 'O']
C36891494,['G', 'G', 'G', 'G', 'G']
C43554310,['G', 'G', 'G']
C17053545,['O', 'O', 'G']
C65355207,['O', 'G', 'G', 'G', 'G']
C59678691,['G', 'G', 'G']
C41753838,['G', 'G', 'G', 'O']
C01306061,['O', 'G', 'O']
C37369342,['G', 'G', 'G']
C49864626,['G', 'G', 'G', 'O', 'O']
C08618190,['G', 'G']
C63653469,['G', 'G', 'G', 'G']
C12375272,['O', 'G']
C07726396,['O', 'G', 'G', 'G', 'O', 'G', 'G', 'G']
C62591986,['G', 'G']
C37368730,['G', 'G']
C06815205,['G', 'O', 'G', 'G']
C06427544,['G', 'G', 'O', 'O']
C59255142,['G', 'G', 'G', 'G', 'O']
C57547902,['O', 'G', 'O']
C66641729,['G', 'G', 'G', 'G', 'G', 'G', 'G']
C41980581,['G', 'O', 'O', 'G']
C40414013,['G', 'G', 'G']
C08410925,['O', 'O', 'G', 'O', 'G', 'G']
C36274282,['G', 'G']
C36900466,['G', 'G', 'G', 'G', 'G']
C51402461,['O', 'G', 'G', 'O']
C33681402,['O', 'O', 'G', 'G', 'G', 'O']
C08410956,['O', 'G', 'G']
C37528793,['G', 'G', 'G', 'O', 'G']
C05594325,['O']
C09453648,['G', 'G', 'G', 'O', 'G', 'G']
C05674395,['G', 'G', 'G', 'O', 'G', 'O']
C25106596,['G']
C20627765,['G', 'G', 'G']
C63235633,['G', 'G', 'G', 'G', 'G', 'O']
C12476139,['G', 'G']
C65004255,['G', 'G', 'G', 'O', 'O']
C33256485,['G', 'G', 'O', 'G', 'G']
C37528181,['G', 'G', 'G', 'O', 'G']
C65874192,['G', 'G', 'G', 'G', 'O', 'G', 'G']
C04519366,['G', 'G', 'G', 'O', 'G', 'G', 'G']
C18873239,['G', 'G', 'O']
C62764786,['O', 'G', 'O']
C48653015,['G', 'G', 'G']
C49061035,['G', 'G', 'G']
C62470011,['G', 'O', 'O', 'G']
C57476308,['G', 'G', 'G', 'G']
C37369305,['G', 'G', 'O']
C11993639,['G', 'O', 'G', 'G']
C66211443,['G', 'G', 'G', 'G', 'G', 'G', 'G', 'O', 'O']
C59220513,['G', 'O', 'G', 'O']
C08844181,['G', 'O', 'G', 'G']
C20064402,['G', 'G', 'G', 'G']
C48655371,['G', 'G', 'G']
C43554263,['G', 'G', 'G']
C63236061,['G', 'G', 'G', 'G', 'G', 'O']
C37528605,['G', 'G', 'G', 'O', 'G']
C13356953,['G', 'G']
C16695945,['G', 'G', 'O', 'O']
C59168880,['G', 'G', 'O', 'O']
C40384347,['O', 'G', 'G']
C37959737,['G', 'G', 'G', 'G', 'O']
C62469985,['G', 'G', 'O']
C67427921,['G', 'O']
C11443295,['G', 'G', 'G', 'G', 'G', 'G', 'G']
C63874334,['G', 'G', 'O', 'O']
C05238277,['G', 'O', 'G', 'G']
C17071476,['G', 'O', 'G', 'G', 'O']
C62169270,['G', 'G']
C37385936,['G', 'G', 'G']
C57743048,['G', 'G', 'O', 'G']
C02385881,['G', 'G', 'G', 'G', 'G', 'G', 'G', 'O']
C12580906,['G', 'G', 'O', 'G', 'O', 'O']
C27516799,['O']
C41531896,['G', 'G', 'G', 'O', 'G', 'G', 'O']
C13778885,['G', 'O', 'O']
C33699890,['G', 'G', 'G']
C48652682,['G', 'G', 'O']
C24544756,['G', 'G', 'G']
C65098133,['G', 'G', 'G', 'G', 'G']
C07489018,['G', 'G']
C01837903,['O', 'O', 'G']
C37385911,['G', 'G', 'G']
C66247053,['G', 'G', 'G']
C06408393,['O', 'O', 'O']
C64747846,['G', 'G', 'G', 'G', 'G']
C21508342,['G', 'G', 'G']
C59897301,['G', 'G', 'G', 'G', 'O']
C37385729,['G', 'G', 'G']
C41983791,['G', 'O', 'O', 'G']
C06783017,['G', 'G', 'G', 'G', 'G', 'G', 'G', 'G']
C37528806,['G', 'G', 'G', 'O', 'G']
C41433328,['O', 'G', 'O', 'G']
C22756393,['G', 'G', 'G']
C57736070,['G', 'G', 'G', 'O']
C42137203,['O', 'G']
C16946582,['G', 'O', 'O']
C57745260,['G', 'G', 'G', 'O']
C02558538,['G']
C63653456,['G', 'G', 'G', 'G']
C39973874,['G', 'G', 'G']
C37381022,['G', 'O', 'O']
C48653222,['G', 'G', 'O']
C06276912,['O', 'G', 'G', 'G']
C27300513,['G', 'G', 'O', 'G', 'G']
C41531890,['G', 'G', 'G', 'O', 'G', 'G', 'O']
C63653647,['G', 'G', 'G', 'G']
C19894575,['G', 'G', 'G', 'G', 'O']
C00324065,['G', 'G', 'O']
C22149183,['G', 'G']
C13389987,['G', 'G', 'G', 'O', 'G', 'G', 'G']
C66255916,['G', 'G', 'O']
