MoleculeName	Type(Bond/Ring)	SMARTS	TorsionAngle	TorsionAngleScore	RingTorsion	RingTorsionScore	HeteroRingTorsion	HeteroRingTorsionScore	Category(Green/Orange/Red/Mixed)
CHEMBL371986_actives_final_000090.pdbqt	B	[$(C=O):1][NX3H1:2]!@[c:3]([cH1])[cH1:4]	140.729	2.89972	-	-	-	-	G
CHEMBL371986_actives_final_000090.pdbqt	B	[cH1:1][c:2]([cH1])!@[NX3:3][a:4]	-179.935	2.29759	-	-	-	-	O
CHEMBL371986_actives_final_000090.pdbqt	B	[a:1][a:2]!@[NX3:3][!#1:4]	-30.6112	1.93298	-	-	-	-	O
CHEMBL371986_actives_final_000090.pdbqt	B	[O:1]=[CX3:2]!@[NX3H1:3][!#1:4]	-4.17868	63.7893	-	-	-	-	G
CHEMBL371986_actives_final_000090.pdbqt	B	[a:1][c:2]!@[C:3]([NH1,NH2])=[O:4]	-178.182	9.31373	-	-	-	-	G
CHEMBL133109_actives_final_000044.pdbqt	B	[cH1:1][c:2]([cH0])!@[O:3][c:4]	-85.3918	3.22581	-	-	-	-	G
CHEMBL133109_actives_final_000044.pdbqt	B	[cH1:1][c:2]([cH1])!@[O:3][c:4]	38.4298	2.20791	-	-	-	-	G
CHEMBL133109_actives_final_000044.pdbqt	B	[$([cH0]!@[*^2]):1][c:2]([cH1])!@[CX3:3]=[O:4]	83.2132	0.447761	-	-	-	-	O
CHEMBL133109_actives_final_000044.pdbqt	B	[$([cH0]!@[*^2]):1][c:2]([cH1])!@[CX3:3]=[O:4]	-106.382	0.995025	-	-	-	-	O
CHEMBL133109_actives_final_000044.pdbqt	B	[$(C=O):1][NX3:2]!@[$([a]([cH1])):3][$([aH0](!@O)):4]	145.107	3.41463	-	-	-	-	O
CHEMBL133109_actives_final_000044.pdbqt	B	[O:1]=[CX3:2]!@[NX3H1:3][!#1:4]	4.86146	63.7893	-	-	-	-	G
CHEMBL133109_actives_final_000044.pdbqt	B	[nH0r6:1][cr6:2]([cH1r6])!@[C:3]([NH1,NH2])=[O:4]	134.392	0.184162	-	-	-	-	O
CHEMBL425918_actives_final_000094.pdbqt	B	[$(C=O):1][NX3H1:2]!@[c:3]([cH1])[cH1:4]	139.909	2.89972	-	-	-	-	O
CHEMBL425918_actives_final_000094.pdbqt	B	[cH1:1][c:2]([cH1])!@[NX3:3][a:4]	-179.099	2.29759	-	-	-	-	O
CHEMBL425918_actives_final_000094.pdbqt	B	[a:1][a:2]!@[NX3:3][!#1:4]	-31.2613	1.93298	-	-	-	-	O
CHEMBL425918_actives_final_000094.pdbqt	B	[O:1]=[CX3:2]!@[NX3H1:3][!#1:4]	-4.21633	63.7893	-	-	-	-	G
CHEMBL425918_actives_final_000094.pdbqt	B	[a:1][c:2]!@[C:3]([NH1,NH2])=[O:4]	-175.367	9.31373	-	-	-	-	G
CHEMBL196001_actives_final_000063.pdbqt	B	[cH1:1][c:2]([cH1])!@[C:3]([NH1,NH2])=[O:4]	141.633	2.65957	-	-	-	-	G
CHEMBL196001_actives_final_000063.pdbqt	B	[cH1:1][c:2]([cH1])!@[NX3:3][a:4]	170.014	2.43826	-	-	-	-	O
CHEMBL196001_actives_final_000063.pdbqt	B	[a:1][a:2]!@[NX3:3][!#1:4]	-23.5905	2.52019	-	-	-	-	O
CHEMBL196001_actives_final_000063.pdbqt	B	[O:1]=[CX3:2]!@[NX3H1:3][!#1:4]	-0.00134948	63.7893	-	-	-	-	G
CHEMBL196001_actives_final_000063.pdbqt	B	[$(C=O):1][NX3:2]!@[a:3][nH:4]	48.8851	1.44928	-	-	-	-	R
CHEMBL196637_actives_final_000056.pdbqt	B	[cH1:1][c:2]([cH1])!@[C:3]([NH1,NH2])=[O:4]	127.66	0.360329	-	-	-	-	O
CHEMBL196637_actives_final_000056.pdbqt	B	[cH1:1][c:2]([cH1])!@[NX3:3][a:4]	178.046	2.29759	-	-	-	-	O
CHEMBL196637_actives_final_000056.pdbqt	B	[a:1][a:2]!@[NX3:3][!#1:4]	-33.9334	1.93298	-	-	-	-	O
CHEMBL196637_actives_final_000056.pdbqt	B	[O:1]=[CX3:2]!@[NX3H1:3][!#1:4]	0.0382301	63.7893	-	-	-	-	G
CHEMBL196637_actives_final_000056.pdbqt	B	[$(C=O):1][NX3H1:2]!@[CX4H2:3][!#1:4]	-128.213	2.1628	-	-	-	-	O
CHEMBL196637_actives_final_000056.pdbqt	B	[a:1][c:2]!@[CX4H2:3][!#1:4]	169.537	1.71299	-	-	-	-	O
CHEMBL194177_actives_final_000104.pdbqt	B	[cH1:1][c:2]([cH1])!@[NX3:3][a:4]	-34.7686	4.48578	-	-	-	-	G
CHEMBL194177_actives_final_000104.pdbqt	B	[a:1][a:2]!@[NX3:3][!#1:4]	11.3394	5.81671	-	-	-	-	G
CHEMBL194177_actives_final_000104.pdbqt	B	[cH1:1][c:2]([cH1])!@[C:3]([NH1,NH2])=[O:4]	6.09299	5.23336	-	-	-	-	G
CHEMBL194177_actives_final_000104.pdbqt	B	[O:1]=[CX3:2]!@[NX3H1:3][!#1:4]	-0.00307933	63.7893	-	-	-	-	G
CHEMBL194177_actives_final_000104.pdbqt	B	[$([C](=O)):1][NX3H1:2]!@[$([a]([nH0,o])):3][cH1:4]	132.278	0	-	-	-	-	R
CHEMBL440386_actives_final_000014.pdbqt	B	[cH1:1][c:2]([cH1])!@[NX3:3][a:4]	-18.0159	2.34448	-	-	-	-	G
CHEMBL440386_actives_final_000014.pdbqt	B	[a:1][a:2]!@[NX3:3][!#1:4]	165.744	6.03195	-	-	-	-	G
CHEMBL440386_actives_final_000014.pdbqt	B	[cH1:1][c:2]([cH1])!@[C:3]([NH1,NH2])=[O:4]	-12.7885	5.28483	-	-	-	-	G
CHEMBL440386_actives_final_000014.pdbqt	B	[O:1]=[CX3:2]!@[NX3H1:3][!#1:4]	-0.0651462	63.7893	-	-	-	-	G
CHEMBL440386_actives_final_000014.pdbqt	B	[$(C=O):1][NX3H1:2]!@[CX4H2:3][!#1:4]	179.618	5.78057	-	-	-	-	G
CHEMBL440386_actives_final_000014.pdbqt	B	[a:1][c:2]!@[CX4H2:3][!#1:4]	169.941	1.71299	-	-	-	-	O
CHEMBL342364_actives_final_000065.pdbqt	B	[O:1]=[CX3:2]!@[NX3H1:3][!#1:4]	-0.0640157	63.7893	-	-	-	-	G
CHEMBL342364_actives_final_000065.pdbqt	B	[$(C=O):1][NX3H1:2]!@[CX4H1:3][H:4]	-56.7864	1.23735	-	-	-	-	G
CHEMBL342364_actives_final_000065.pdbqt	B	[a:1][c:2]!@[C:3]([NH1,NH2])=[O:4]	-45.8506	0.971314	-	-	-	-	G
CHEMBL194807_actives_final_000058.pdbqt	B	[cH1:1][c:2]([cH1])!@[NX3:3][a:4]	-20.5772	2.34448	-	-	-	-	G
CHEMBL194807_actives_final_000058.pdbqt	B	[a:1][a:2]!@[NX3:3][!#1:4]	-11.1288	5.92329	-	-	-	-	G
CHEMBL194807_actives_final_000058.pdbqt	B	[cH1:1][c:2]([cH1])!@[C:3]([NH1,NH2])=[O:4]	-12.6465	5.28483	-	-	-	-	G
CHEMBL194807_actives_final_000058.pdbqt	B	[O:1]=[CX3:2]!@[NX3H1:3][!#1:4]	0.00817068	63.7893	-	-	-	-	G
CHEMBL194807_actives_final_000058.pdbqt	B	[$(C=O):1][NX3H1:2]!@[CX4H2:3][!#1:4]	-179.73	5.78057	-	-	-	-	G
CHEMBL194807_actives_final_000058.pdbqt	B	[a:1][c:2]!@[CX4H2:3][!#1:4]	-4.19939	2.24426	-	-	-	-	O
CHEMBL193734_actives_final_000087.pdbqt	B	[cH1:1][c:2]([cH1])!@[C:3]([NH1,NH2])=[O:4]	129.667	0.360329	-	-	-	-	O
CHEMBL193734_actives_final_000087.pdbqt	B	[cH1:1][c:2]([cH1])!@[NX3:3][a:4]	178.675	2.29759	-	-	-	-	O
CHEMBL193734_actives_final_000087.pdbqt	B	[a:1][a:2]!@[NX3:3][!#1:4]	-27.8122	1.93298	-	-	-	-	O
CHEMBL193734_actives_final_000087.pdbqt	B	[O:1]=[CX3:2]!@[NX3H1:3][!#1:4]	0.02617	63.7893	-	-	-	-	G
CHEMBL193734_actives_final_000087.pdbqt	B	[$(C=O):1][NX3H1:2]!@[CX4H2:3][!#1:4]	-135.887	1.25836	-	-	-	-	O
CHEMBL193734_actives_final_000087.pdbqt	B	[a:1][c:2]!@[CX4H2:3][!#1:4]	178.886	2.35335	-	-	-	-	O
CHEMBL337224_actives_final_000072.pdbqt	B	[cH1:1][c:2]([cH0])!@[O:3][c:4]	-71.8496	2.36559	-	-	-	-	G
CHEMBL337224_actives_final_000072.pdbqt	B	[$(C=O):1][NX3:2]!@[$([a]([cH1])):3][$([aH0](!@O)):4]	-117.556	0.731707	-	-	-	-	O
CHEMBL337224_actives_final_000072.pdbqt	B	[O:1]=[CX3:2]!@[NX3H1:3][!#1:4]	4.68744	63.7893	-	-	-	-	G
CHEMBL337224_actives_final_000072.pdbqt	B	[nH0r6:1][cr6:2]([cH1r6])!@[C:3]([NH1,NH2])=[O:4]	116.118	0	-	-	-	-	R
CHEMBL337224_actives_final_000072.pdbqt	B	[cH1:1][c:2]([cH1])!@[O:3][c:4]	-78.4139	3.03588	-	-	-	-	G
CHEMBL337224_actives_final_000072.pdbqt	B	[$([cH0]!@[*^2]):1][c:2]([cH1])!@[CX3:3]=[O:4]	-77.3336	0.472637	-	-	-	-	O
CHEMBL337224_actives_final_000072.pdbqt	B	[$([cH0]!@[*^2]):1][c:2]([cH1])!@[CX3:3]=[O:4]	94.7194	0.422886	-	-	-	-	O
CHEMBL372862_actives_final_000079.pdbqt	B	[cH1:1][c:2]([cH1])!@[NX3:3][a:4]	-19.6886	2.34448	-	-	-	-	G
CHEMBL372862_actives_final_000079.pdbqt	B	[a:1][a:2]!@[NX3:3][!#1:4]	-14.1071	5.92329	-	-	-	-	G
CHEMBL372862_actives_final_000079.pdbqt	B	[cH1:1][c:2]([cH1])!@[C:3]([NH1,NH2])=[O:4]	-11.7994	5.28483	-	-	-	-	G
CHEMBL372862_actives_final_000079.pdbqt	B	[O:1]=[CX3:2]!@[NX3H1:3][!#1:4]	0.00600425	63.7893	-	-	-	-	G
CHEMBL372862_actives_final_000079.pdbqt	B	[$(C=O):1][NX3H1:2]!@[CX4H2:3][!#1:4]	178.152	5.78057	-	-	-	-	G
CHEMBL372862_actives_final_000079.pdbqt	B	[a:1][c:2]!@[CX4H2:3][!#1:4]	169.861	1.71299	-	-	-	-	O
CHEMBL196687_actives_final_000059.pdbqt	B	[cH1:1][c:2]([cH1])!@[NX3:3][a:4]	162.004	2.57893	-	-	-	-	G
CHEMBL196687_actives_final_000059.pdbqt	B	[a:1][a:2]!@[NX3:3][!#1:4]	-15.1704	2.52019	-	-	-	-	G
CHEMBL196687_actives_final_000059.pdbqt	B	[!#1:1][CH2:2]!@[n:3][cH0:4]	95.8595	8.62728	-	-	-	-	G
CHEMBL196687_actives_final_000059.pdbqt	B	[cH1:1][c:2]([cH1])!@[C:3]([NH1,NH2])=[O:4]	167.095	4.85587	-	-	-	-	G
CHEMBL196687_actives_final_000059.pdbqt	B	[O:1]=[CX3:2]!@[NX3H1:3][!#1:4]	0.0228211	63.7893	-	-	-	-	G
CHEMBL196687_actives_final_000059.pdbqt	B	[$(C=O):1][NX3H1:2]!@[CX4H2:3][!#1:4]	179.469	5.78057	-	-	-	-	G
CHEMBL196687_actives_final_000059.pdbqt	B	[a:1][c:2]!@[CX4H2:3][!#1:4]	169.682	1.71299	-	-	-	-	O
CHEMBL194356_actives_final_000102.pdbqt	B	[cH1:1][c:2]([cH1])!@[NX3:3][a:4]	159.884	2.57893	-	-	-	-	G
CHEMBL194356_actives_final_000102.pdbqt	B	[a:1][a:2]!@[NX3:3][!#1:4]	-13.5835	5.92329	-	-	-	-	G
CHEMBL194356_actives_final_000102.pdbqt	B	[cH1:1][c:2]([cH1])!@[C:3]([NH1,NH2])=[O:4]	173.806	4.85587	-	-	-	-	G
CHEMBL194356_actives_final_000102.pdbqt	B	[O:1]=[CX3:2]!@[NX3H1:3][!#1:4]	-0.0236253	63.7893	-	-	-	-	G
CHEMBL194356_actives_final_000102.pdbqt	B	[$(C=O):1][NX3H1:2]!@[CX4H2:3][!#1:4]	172.16	4.75816	-	-	-	-	G
CHEMBL194356_actives_final_000102.pdbqt	B	[a:1][c:2]!@[CX4H2:3][!#1:4]	171.366	1.71299	-	-	-	-	O
CHEMBL133274_actives_final_000050.pdbqt	B	[cH1:1][c:2]([cH1])!@[O:3][c:4]	91.3132	3.67985	-	-	-	-	G
CHEMBL133274_actives_final_000050.pdbqt	B	[cH1:1][c:2]([cH0])!@[O:3][c:4]	79.0581	1.93548	-	-	-	-	G
CHEMBL133274_actives_final_000050.pdbqt	B	[$([cH0]!@[*^2]):1][c:2]([cH1])!@[CX3:3]=[O:4]	82.9504	0.447761	-	-	-	-	O
CHEMBL133274_actives_final_000050.pdbqt	B	[$([cH0]!@[*^2]):1][c:2]([cH1])!@[CX3:3]=[O:4]	-96.6827	0.597015	-	-	-	-	O
CHEMBL133274_actives_final_000050.pdbqt	B	[$(C=O):1][NX3:2]!@[$([a]([cH1])):3][$([aH0](!@O)):4]	-131.756	1.21951	-	-	-	-	O
CHEMBL133274_actives_final_000050.pdbqt	B	[O:1]=[CX3:2]!@[NX3H1:3][!#1:4]	-3.95578	63.7893	-	-	-	-	G
CHEMBL133274_actives_final_000050.pdbqt	B	[nH0r6:1][cr6:2]([cH1r6])!@[C:3]([NH1,NH2])=[O:4]	126.461	0.184162	-	-	-	-	R
CHEMBL133274_actives_final_000050.pdbqt	B	[cH1:1][c:2]([cH1])!@[CX4H2:3][CX4:4]	13.9849	0.634038	-	-	-	-	R
CHEMBL194245_actives_final_000082.pdbqt	B	[cH1:1][c:2]([cH1])!@[NX3:3][a:4]	143.702	4.95467	-	-	-	-	G
CHEMBL194245_actives_final_000082.pdbqt	B	[a:1][a:2]!@[NX3:3][!#1:4]	13.4241	5.81671	-	-	-	-	G
CHEMBL194245_actives_final_000082.pdbqt	B	[cH1:1][c:2]([cH1])!@[C:3]([NH1,NH2])=[O:4]	-169.464	4.75292	-	-	-	-	G
CHEMBL194245_actives_final_000082.pdbqt	B	[O:1]=[CX3:2]!@[NX3H1:3][!#1:4]	0.134124	63.7893	-	-	-	-	G
CHEMBL194245_actives_final_000082.pdbqt	B	[$(C=O):1][NX3H1:2]!@[c:3](s)[n:4]	-64.3055	0	-	-	-	-	R
CHEMBL132191_actives_final_000019.pdbqt	B	[$(C=O):1][NX3:2]!@[$([a]([cH1])):3][$([aH0](!@O)):4]	122.095	1.95122	-	-	-	-	O
CHEMBL132191_actives_final_000019.pdbqt	B	[cH1:1][c:2]([cH0])!@[O:3][c:4]	28.2615	4.51613	-	-	-	-	G
CHEMBL132191_actives_final_000019.pdbqt	B	[cH1:1][c:2]([cH1])!@[O:3][c:4]	-35.8872	2.5759	-	-	-	-	G
CHEMBL132191_actives_final_000019.pdbqt	B	[$([cH0]!@[*^2]):1][c:2]([cH1])!@[CX3:3]=[O:4]	92.2862	0.422886	-	-	-	-	O
CHEMBL132191_actives_final_000019.pdbqt	B	[$([cH0]!@[*^2]):1][c:2]([cH1])!@[CX3:3]=[O:4]	-70.4745	0.721393	-	-	-	-	O
CHEMBL132191_actives_final_000019.pdbqt	B	[O:1]=[CX3:2]!@[NX3H1:3][!#1:4]	4.84675	63.7893	-	-	-	-	G
CHEMBL132191_actives_final_000019.pdbqt	B	[nH0r6:1][cr6:2]([cH1r6])!@[C:3]([NH1,NH2])=[O:4]	-122.768	0	-	-	-	-	R
CHEMBL132191_actives_final_000019.pdbqt	B	[O-:1][N+:2](=O)!@[c:3]([cH,nX2H0])[cH,nX2H0:4]	152.811	0.239413	-	-	-	-	O
CHEMBL136327_actives_final_000110.pdbqt	B	[O:1]=[CX3:2]!@[NX3H1:3][!#1:4]	0.014277	63.7893	-	-	-	-	G
CHEMBL136327_actives_final_000110.pdbqt	B	[a:1][c:2]!@[C:3]([NH1,NH2])=[O:4]	-43.9837	1.70661	-	-	-	-	G
CHEMBL136327_actives_final_000110.pdbqt	B	[$(C=O):1][NX3H1:2]!@[CX4H1:3][H:4]	-48.7493	3.20585	-	-	-	-	G
CHEMBL382077_actives_final_000103.pdbqt	B	[a:1][a:2]!@[NX3:3][!#1:4]	-14.3312	5.92329	-	-	-	-	G
CHEMBL382077_actives_final_000103.pdbqt	B	[!#1:1][CH2:2]!@[n:3][cH0:4]	-84.1533	13.0259	-	-	-	-	G
CHEMBL382077_actives_final_000103.pdbqt	B	[!#1:1][CX4H2:2]!@[CX4H2:3][!#1:4]	-71.6678	4.20494	-	-	-	-	G
CHEMBL382077_actives_final_000103.pdbqt	B	[cH1:1][c:2]([cH1])!@[NX3:3][a:4]	-19.8029	2.34448	-	-	-	-	G
CHEMBL382077_actives_final_000103.pdbqt	B	[cH1:1][c:2]([cH1])!@[C:3]([NH1,NH2])=[O:4]	-10.6733	5.28483	-	-	-	-	G
CHEMBL382077_actives_final_000103.pdbqt	B	[O:1]=[CX3:2]!@[NX3H1:3][!#1:4]	-0.0187472	63.7893	-	-	-	-	G
CHEMBL382077_actives_final_000103.pdbqt	B	[$(C=O):1][NX3H1:2]!@[CX4H2:3][!#1:4]	177.348	5.78057	-	-	-	-	G
CHEMBL382077_actives_final_000103.pdbqt	B	[a:1][c:2]!@[CX4H2:3][!#1:4]	169.122	1.71299	-	-	-	-	O
CHEMBL372478_actives_final_000055.pdbqt	B	[a:1][a:2]!@[NX3:3][!#1:4]	-106.423	1.44086	-	-	-	-	O
CHEMBL372478_actives_final_000055.pdbqt	B	[cH1:1][c:2]([cH1])!@[NX3:3][a:4]	-110.768	1.73492	-	-	-	-	G
CHEMBL372478_actives_final_000055.pdbqt	B	[cH1:1][c:2]([cH1])!@[C:3]([NH1,NH2])=[O:4]	90.047	0	-	-	-	-	R
CHEMBL372478_actives_final_000055.pdbqt	B	[O:1]=[CX3:2]!@[NX3H1:3][!#1:4]	-0.00181666	63.7893	-	-	-	-	G
CHEMBL372478_actives_final_000055.pdbqt	B	[a:1][c:2]!@[CX4H2:3][!#1:4]	177.789	2.35335	-	-	-	-	O
CHEMBL372478_actives_final_000055.pdbqt	B	[$(C=O):1][NX3H1:2]!@[CX4H2:3][!#1:4]	112.719	4.05033	-	-	-	-	O
CHEMBL372478_actives_final_000055.pdbqt	B	[!#1:1][CH2:2]!@[n:3][cH0:4]	-123.232	1.59371	-	-	-	-	O
CHEMBL372478_actives_final_000055.pdbqt	B	[!#1:1][CX4H2:2]!@[CX4H2:3][!#1:4]	-127.151	0.0511812	-	-	-	-	R
CHEMBL372478_actives_final_000055.pdbqt	B	[n,o,s:1][c:2]!@[CX4H2:3][CX4:4]	12.203	3.51533	-	-	-	-	G
CHEMBL490001_actives_final_000083.pdbqt	B	[cH1:1][c:2]([cH1])!@[C:3]([NH1,NH2])=[O:4]	137.116	2.65957	-	-	-	-	G
CHEMBL490001_actives_final_000083.pdbqt	B	[O:1]=[C:2]!@[NX3H1:3](C=O)[H:4]	180	35.6725	-	-	-	-	G
CHEMBL490001_actives_final_000083.pdbqt	B	[O:1]=[C:2]([NH1])!@[NX3H1:3](C=O)[H:4]	179.972	12.6316	-	-	-	-	G
CHEMBL490001_actives_final_000083.pdbqt	B	[O:1]=[CX3:2]([$([NX3H1]C)])!@[NX3H1:3][!#1:4]	0.0933316	41.1343	-	-	-	-	G
CHEMBL490001_actives_final_000083.pdbqt	B	[$(C=O):1][NX3H1:2]!@[CX4H1:3][H:4]	34.0045	9.46757	-	-	-	-	G
CHEMBL490001_actives_final_000083.pdbqt	B	[OX2:1][CX4:2]!@[CX4:3][OX2:4]	-88.6071	0.276861	-	-	-	-	O
CHEMBL133911_actives_final_000016.pdbqt	B	[$(C=O):1][NX3:2]!@[a:3][aH0:4]	107.64	3.07	-	-	-	-	G
CHEMBL133911_actives_final_000016.pdbqt	B	[cH1:1][c:2]([cH0])!@[O:3][c:4]	31.6749	4.51613	-	-	-	-	G
CHEMBL133911_actives_final_000016.pdbqt	B	[cH1:1][c:2]([cH1])!@[O:3][c:4]	-39.682	2.5759	-	-	-	-	G
CHEMBL133911_actives_final_000016.pdbqt	B	[$([cH0]!@[*^2]):1][c:2]([cH1])!@[CX3:3]=[O:4]	96.6587	0.597015	-	-	-	-	O
CHEMBL133911_actives_final_000016.pdbqt	B	[$([cH0]!@[*^2]):1][c:2]([cH1])!@[CX3:3]=[O:4]	-71.733	0.721393	-	-	-	-	O
CHEMBL133911_actives_final_000016.pdbqt	B	[O:1]=[CX3:2]!@[NX3H1:3][!#1:4]	5.29071	14.9156	-	-	-	-	G
CHEMBL133911_actives_final_000016.pdbqt	B	[nH0r6:1][cr6:2]([cH1r6])!@[C:3]([NH1,NH2])=[O:4]	-100.915	0	-	-	-	-	R
CHEMBL133911_actives_final_000016.pdbqt	B	[O-:1][N+:2](=O)!@[c:3]([cH,nX2H0])[cH,nX2H0:4]	-175.545	23.2156	-	-	-	-	G
CHEMBL133923_actives_final_000045.pdbqt	B	[$(C=O):1][NX3:2]!@[$([a]([cH1])):3][$([aH0](!@O)):4]	-89.9975	1.46341	-	-	-	-	O
CHEMBL133923_actives_final_000045.pdbqt	B	[cH1:1][c:2]([cH0])!@[O:3][c:4]	-56.9921	3.44086	-	-	-	-	G
CHEMBL133923_actives_final_000045.pdbqt	B	[cH1:1][c:2]([cH1])!@[O:3][c:4]	-97.6092	3.12787	-	-	-	-	G
CHEMBL133923_actives_final_000045.pdbqt	B	[$([cH0]!@[*^2]):1][c:2]([cH1])!@[CX3:3]=[O:4]	-83.9349	0.472637	-	-	-	-	O
CHEMBL133923_actives_final_000045.pdbqt	B	[$([cH0]!@[*^2]):1][c:2]([cH1])!@[CX3:3]=[O:4]	91.7455	0.422886	-	-	-	-	O
CHEMBL133923_actives_final_000045.pdbqt	B	[O:1]=[CX3:2]!@[NX3H1:3][!#1:4]	-3.9797	63.7893	-	-	-	-	G
CHEMBL133923_actives_final_000045.pdbqt	B	[nH0r6:1][cr6:2]([cH1r6])!@[C:3]([NH1,NH2])=[O:4]	81.8509	0	-	-	-	-	R
CHEMBL132430_actives_final_000073.pdbqt	B	[$(C=O):1][NX3:2]!@[$([a]([cH1])):3][$([aH0](!@O)):4]	124.041	1.95122	-	-	-	-	O
CHEMBL132430_actives_final_000073.pdbqt	B	[cH1:1][c:2]([cH0])!@[O:3][c:4]	32.0674	4.51613	-	-	-	-	G
CHEMBL132430_actives_final_000073.pdbqt	B	[cH1:1][c:2]([cH1])!@[O:3][c:4]	-39.6145	2.5759	-	-	-	-	G
CHEMBL132430_actives_final_000073.pdbqt	B	[$([cH0]!@[*^2]):1][c:2]([cH1])!@[CX3:3]=[O:4]	92.5156	0.422886	-	-	-	-	O
CHEMBL132430_actives_final_000073.pdbqt	B	[$([cH0]!@[*^2]):1][c:2]([cH1])!@[CX3:3]=[O:4]	-74.0072	0.721393	-	-	-	-	O
CHEMBL132430_actives_final_000073.pdbqt	B	[O:1]=[CX3:2]!@[NX3H1:3][!#1:4]	4.88026	63.7893	-	-	-	-	G
CHEMBL132430_actives_final_000073.pdbqt	B	[nH0r6:1][cr6:2]([cH1r6])!@[C:3]([NH1,NH2])=[O:4]	-120.018	0	-	-	-	-	R
CHEMBL134802_actives_final_000066.pdbqt	B	[cH1:1][c:2]([cH0])!@[O:3][c:4]	-72.7381	2.36559	-	-	-	-	G
CHEMBL134802_actives_final_000066.pdbqt	B	[$(C=O):1][NX3:2]!@[$([a]([cH1])):3][$([aH0](!@O)):4]	-117.494	0.731707	-	-	-	-	O
CHEMBL134802_actives_final_000066.pdbqt	B	[cH1:1][c:2]([cH1])!@[O:3][c:4]	-81.6993	3.03588	-	-	-	-	G
CHEMBL134802_actives_final_000066.pdbqt	B	[$([cH0]!@[*^2]):1][c:2]([cH1])!@[CX3:3]=[O:4]	-85.1014	0.497512	-	-	-	-	O
CHEMBL134802_actives_final_000066.pdbqt	B	[$([cH0]!@[*^2]):1][c:2]([cH1])!@[CX3:3]=[O:4]	89.8269	0.422886	-	-	-	-	O
CHEMBL134802_actives_final_000066.pdbqt	B	[O:1]=[CX3:2]!@[NX3H1:3][!#1:4]	4.84817	63.7893	-	-	-	-	G
CHEMBL134802_actives_final_000066.pdbqt	B	[nH0r6:1][cr6:2]([cH1r6])!@[C:3]([NH1,NH2])=[O:4]	105.193	0	-	-	-	-	R
CHEMBL134802_actives_final_000066.pdbqt	B	[O-:1][N+:2](=O)!@[c:3]([cH,nX2H0])[cH,nX2H0:4]	-11.2894	11.2599	-	-	-	-	G
CHEMBL133114_actives_final_000086.pdbqt	B	[$(C=O):1][NX3:2]!@[$([a]([cH1])):3][$([aH0](!@O)):4]	112.88	1.46341	-	-	-	-	O
CHEMBL133114_actives_final_000086.pdbqt	B	[cH1:1][c:2]([cH0])!@[O:3][c:4]	32.3355	4.51613	-	-	-	-	G
CHEMBL133114_actives_final_000086.pdbqt	B	[cH1:1][c:2]([cH1])!@[O:3][c:4]	140.054	1.83993	-	-	-	-	G
CHEMBL133114_actives_final_000086.pdbqt	B	[$([cH0]!@[*^2]):1][c:2]([cH1])!@[CX3:3]=[O:4]	-68.2819	0.721393	-	-	-	-	O
CHEMBL133114_actives_final_000086.pdbqt	B	[$([cH0]!@[*^2]):1][c:2]([cH1])!@[CX3:3]=[O:4]	98.1164	0.597015	-	-	-	-	O
CHEMBL133114_actives_final_000086.pdbqt	B	[O:1]=[CX3:2]!@[NX3H1:3][!#1:4]	5.83966	14.9156	-	-	-	-	G
CHEMBL133114_actives_final_000086.pdbqt	B	[nH0r6:1][cr6:2]([cH1r6])!@[C:3]([NH1,NH2])=[O:4]	-107.473	0	-	-	-	-	R
CHEMBL133114_actives_final_000086.pdbqt	B	[O-:1][N+:2](=O)!@[c:3]([cH,nX2H0])[cH,nX2H0:4]	-49.3845	0	-	-	-	-	R
CHEMBL442404_actives_final_000078.pdbqt	B	[cH1:1][c:2]([cH0])!@[O:3][c:4]	-71.641	2.36559	-	-	-	-	G
CHEMBL442404_actives_final_000078.pdbqt	B	[$(C=O):1][NX3:2]!@[$([a]([cH1])):3][$([aH0](!@O)):4]	-114.391	1.70732	-	-	-	-	O
CHEMBL442404_actives_final_000078.pdbqt	B	[cH1:1][c:2]([cH1])!@[O:3][c:4]	-89.4137	3.72585	-	-	-	-	G
CHEMBL442404_actives_final_000078.pdbqt	B	[$([cH0]!@[*^2]):1][c:2]([cH1])!@[CX3:3]=[O:4]	-85.0002	0.497512	-	-	-	-	O
CHEMBL442404_actives_final_000078.pdbqt	B	[$([cH0]!@[*^2]):1][c:2]([cH1])!@[CX3:3]=[O:4]	93.6414	0.422886	-	-	-	-	O
CHEMBL442404_actives_final_000078.pdbqt	B	[O:1]=[CX3:2]!@[NX3H1:3][!#1:4]	4.68496	63.7893	-	-	-	-	G
CHEMBL442404_actives_final_000078.pdbqt	B	[cH1:1][c:2]([cH1])!@[C:3]([NH1,NH2])=[O:4]	-78.7596	0	-	-	-	-	R
CHEMBL442404_actives_final_000078.pdbqt	B	[O-:1][N+:2](=O)!@[c:3]([cH,nX2H0])[cH,nX2H0:4]	178.954	23.2156	-	-	-	-	G
CHEMBL337378_actives_final_000105.pdbqt	B	[O:1]=[CX3:2]!@[NX3H1:3][!#1:4]	-0.0879588	63.7893	-	-	-	-	G
CHEMBL337378_actives_final_000105.pdbqt	B	[a:1][c:2]!@[C:3]([NH1,NH2])=[O:4]	-66.1441	0.381264	-	-	-	-	G
CHEMBL337378_actives_final_000105.pdbqt	B	[$(C=O):1][NX3H1:2]!@[CX4H1:3][H:4]	29.124	9.46757	-	-	-	-	G
CHEMBL326611_actives_final_000047.pdbqt	B	[cH1:1][c:2]([cH0])!@[O:3][c:4]	-102.938	4.51613	-	-	-	-	G
CHEMBL326611_actives_final_000047.pdbqt	B	[$(C=O):1][NX3:2]!@[$([a]([cH1])):3][$([aH0](!@O)):4]	94.7948	2.19512	-	-	-	-	O
CHEMBL326611_actives_final_000047.pdbqt	B	[cH1:1][c:2]([cH1])!@[O:3][c:4]	-131.699	1.88592	-	-	-	-	G
CHEMBL326611_actives_final_000047.pdbqt	B	[$([cH0]!@[*^2]):1][c:2]([cH1])!@[CX3:3]=[O:4]	59.705	0.696517	-	-	-	-	O
CHEMBL326611_actives_final_000047.pdbqt	B	[$([cH0]!@[*^2]):1][c:2]([cH1])!@[CX3:3]=[O:4]	-86.772	0.497512	-	-	-	-	O
CHEMBL326611_actives_final_000047.pdbqt	B	[O:1]=[CX3:2]!@[NX3H1:3][!#1:4]	4.70718	63.7893	-	-	-	-	G
CHEMBL326611_actives_final_000047.pdbqt	B	[cH1:1][c:2]([cH1])!@[C:3]([NH1,NH2])=[O:4]	28.8709	8.08167	-	-	-	-	G
CHEMBL326611_actives_final_000047.pdbqt	B	[O-:1][N+:2](=O)!@[c:3]([cH,nX2H0])[cH,nX2H0:4]	157.272	2.04998	-	-	-	-	O
CHEMBL130055_actives_final_000093.pdbqt	B	[$(C=O):1][NX3:2]!@[$([a]([cH1])):3][$([aH0](!@O)):4]	-134.843	1.21951	-	-	-	-	O
CHEMBL130055_actives_final_000093.pdbqt	B	[cH1:1][c:2]([cH0])!@[O:3][c:4]	53.9836	1.50538	-	-	-	-	G
CHEMBL130055_actives_final_000093.pdbqt	B	[cH1:1][c:2]([cH1])!@[O:3][c:4]	130.602	1.97792	-	-	-	-	G
CHEMBL130055_actives_final_000093.pdbqt	B	[$([cH0]!@[*^2]):1][c:2]([cH1])!@[CX3:3]=[O:4]	-78.2551	0.472637	-	-	-	-	O
CHEMBL130055_actives_final_000093.pdbqt	B	[$([cH0]!@[*^2]):1][c:2]([cH1])!@[CX3:3]=[O:4]	95.5621	0.597015	-	-	-	-	O
CHEMBL130055_actives_final_000093.pdbqt	B	[O:1]=[CX3:2]!@[NX3H1:3][!#1:4]	5.71652	14.9156	-	-	-	-	G
CHEMBL130055_actives_final_000093.pdbqt	B	[nH0r6:1][cr6:2]([cH1r6])!@[C:3]([NH1,NH2])=[O:4]	154.981	0.368324	-	-	-	-	G
CHEMBL131644_actives_final_000074.pdbqt	B	[cH1:1][c:2]([cH0])!@[O:3][c:4]	-76.1473	2.36559	-	-	-	-	G
CHEMBL131644_actives_final_000074.pdbqt	B	[cH1:1][c:2]([cH1])!@[O:3][c:4]	-126.752	1.88592	-	-	-	-	G
CHEMBL131644_actives_final_000074.pdbqt	B	[$([cH0]!@[*^2]):1][c:2]([cH1])!@[CX3:3]=[O:4]	-88.5933	0.497512	-	-	-	-	O
CHEMBL131644_actives_final_000074.pdbqt	B	[$([cH0]!@[*^2]):1][c:2]([cH1])!@[CX3:3]=[O:4]	84.7041	0.447761	-	-	-	-	O
CHEMBL131644_actives_final_000074.pdbqt	B	[$(C=O):1][NX3:2]!@[$([a]([cH1])):3][$([aH0](!@O)):4]	164.768	7.56098	-	-	-	-	G
CHEMBL131644_actives_final_000074.pdbqt	B	[O:1]=[CX3:2]!@[NX3H1:3][!#1:4]	-3.86594	63.7893	-	-	-	-	G
CHEMBL131644_actives_final_000074.pdbqt	B	[nH0r6:1][cr6:2]([cH1r6])!@[C:3]([NH1,NH2])=[O:4]	-11.816	0	-	-	-	-	R
CHEMBL131644_actives_final_000074.pdbqt	B	[cH1:1][c:2]([cH1])!@[O:3][C:4]	-169.78	8.40066	-	-	-	-	G
CHEMBL137196_actives_final_000088.pdbqt	B	[O:1]=[CX3:2]!@[NX3H1:3][!#1:4]	-0.000746795	63.7893	-	-	-	-	G
CHEMBL137196_actives_final_000088.pdbqt	B	[a:1][c:2]!@[C:3]([NH1,NH2])=[O:4]	118.652	0.644517	-	-	-	-	G
CHEMBL137196_actives_final_000088.pdbqt	B	[$(C=O):1][NX3H1:2]!@[CX4H1:3][H:4]	18.4645	9.61755	-	-	-	-	G
CHEMBL138069_actives_final_000053.pdbqt	B	[O:1]=[CX3:2]!@[NX3H1:3][!#1:4]	-0.00881711	63.7893	-	-	-	-	G
CHEMBL138069_actives_final_000053.pdbqt	B	[a:1][c:2]!@[C:3]([NH1,NH2])=[O:4]	-156.981	4.15759	-	-	-	-	O
CHEMBL138069_actives_final_000053.pdbqt	B	[cH1:1][c:2]([cH1])!@[CX4H2:3][CX4:4]	159.217	0.489433	-	-	-	-	R
CHEMBL138069_actives_final_000053.pdbqt	B	[$(C=O):1][NX3H1:2]!@[CX4H1:3][H:4]	32.6101	9.46757	-	-	-	-	G
CHEMBL133832_actives_final_000001.pdbqt	B	[cH1:1][c:2]([cH0])!@[O:3][c:4]	-67.2267	2.36559	-	-	-	-	G
CHEMBL133832_actives_final_000001.pdbqt	B	[$(C=O):1][NX3:2]!@[$([a]([cH1])):3][$([aH0](!@O)):4]	-106.158	1.70732	-	-	-	-	O
CHEMBL133832_actives_final_000001.pdbqt	B	[cH1:1][c:2]([cH1])!@[O:3][c:4]	-82.3233	3.03588	-	-	-	-	G
CHEMBL133832_actives_final_000001.pdbqt	B	[$([cH0]!@[*^2]):1][c:2]([cH1])!@[CX3:3]=[O:4]	-79.4614	0.472637	-	-	-	-	O
CHEMBL133832_actives_final_000001.pdbqt	B	[$([cH0]!@[*^2]):1][c:2]([cH1])!@[CX3:3]=[O:4]	92.903	0.422886	-	-	-	-	O
CHEMBL133832_actives_final_000001.pdbqt	B	[O:1]=[CX3:2]!@[NX3H1:3][!#1:4]	4.83274	63.7893	-	-	-	-	G
CHEMBL133832_actives_final_000001.pdbqt	B	[nH0r6:1][cr6:2]([cH1r6])!@[C:3]([NH1,NH2])=[O:4]	92.3472	0	-	-	-	-	R
CHEMBL372696_actives_final_000013.pdbqt	B	[a:1][a:2]!@[NX3:3][!#1:4]	-1.73195	10.9271	-	-	-	-	G
CHEMBL372696_actives_final_000013.pdbqt	B	[!#1:1][CH2:2]!@[n:3][cH0:4]	107.076	3.25117	-	-	-	-	G
CHEMBL372696_actives_final_000013.pdbqt	B	[!#1:1][CX4H2:2]!@[CX4H2:3][!#1:4]	-121.137	0.0269375	-	-	-	-	R
CHEMBL372696_actives_final_000013.pdbqt	B	[*:1]~[CX4:2]!@[NX4:3]~[*:4]	-22.0893	0.29052	-	-	-	-	O
CHEMBL372696_actives_final_000013.pdbqt	B	[cH1:1][c:2]([cH1])!@[NX3:3][a:4]	151.918	4.43889	-	-	-	-	G
CHEMBL372696_actives_final_000013.pdbqt	B	[cH1:1][c:2]([cH1])!@[C:3]([NH1,NH2])=[O:4]	173.697	4.85587	-	-	-	-	G
CHEMBL372696_actives_final_000013.pdbqt	B	[O:1]=[CX3:2]!@[NX3H1:3][!#1:4]	0.00469587	63.7893	-	-	-	-	G
CHEMBL372696_actives_final_000013.pdbqt	B	[$(C=O):1][NX3H1:2]!@[CX4H2:3][!#1:4]	173.69	4.75816	-	-	-	-	G
CHEMBL372696_actives_final_000013.pdbqt	B	[a:1][c:2]!@[CX4H2:3][!#1:4]	-4.33641	2.24426	-	-	-	-	O
CHEMBL490175_actives_final_000025.pdbqt	B	[cH1:1][c:2]([cH1])!@[CX3:3]=[NX2:4]	-154.8	2.34391	-	-	-	-	G
CHEMBL490175_actives_final_000025.pdbqt	B	[OX2:1][CX4:2]!@[CX4:3][OX2:4]	86.1481	0.42594	-	-	-	-	O
CHEMBL342880_actives_final_000042.pdbqt	B	[O:1]=[CX3:2]!@[NX3H1:3][!#1:4]	0.116119	63.7893	-	-	-	-	G
CHEMBL342880_actives_final_000042.pdbqt	B	[a:1][c:2]!@[C:3]([NH1,NH2])=[O:4]	-75.4412	0.408497	-	-	-	-	G
CHEMBL342880_actives_final_000042.pdbqt	B	[$(C=O):1][NX3H1:2]!@[CX4H1:3][H:4]	23.5979	9.61755	-	-	-	-	G
CHEMBL594021_actives_final_000046.pdbqt	B	[cH1:1][c:2]([cH1])!@[CX3:3]=[NX2:4]	136.197	1.44624	-	-	-	-	O
CHEMBL594021_actives_final_000046.pdbqt	B	[OX2:1][CX4:2]!@[CX4:3][OX2:4]	-96.708	0.063891	-	-	-	-	R
CHEMBL134793_actives_final_000051.pdbqt	B	[O:1]=[CX3:2]!@[NX3H1:3][!#1:4]	-0.0360625	63.7893	-	-	-	-	G
CHEMBL134793_actives_final_000051.pdbqt	B	[a:1][c:2]!@[C:3]([NH1,NH2])=[O:4]	-65.6543	0.381264	-	-	-	-	G
CHEMBL134793_actives_final_000051.pdbqt	B	[$(C=O):1][NX3H1:2]!@[CX4H1:3][H:4]	26.0732	9.46757	-	-	-	-	G
CHEMBL139461_actives_final_000009.pdbqt	B	[O:1]=[CX3:2]!@[NX3H1:3][!#1:4]	0.0548129	63.7893	-	-	-	-	G
CHEMBL139461_actives_final_000009.pdbqt	B	[a:1][c:2]!@[C:3]([NH1,NH2])=[O:4]	86.315	0.308642	-	-	-	-	O
CHEMBL139461_actives_final_000009.pdbqt	B	[$(C=O):1][NX3H1:2]!@[CX4H1:3][H:4]	32.1441	9.46757	-	-	-	-	G
CHEMBL440528_actives_final_000006.pdbqt	B	[cH1:1][c:2]([cH0])!@[O:3][c:4]	-87.712	3.22581	-	-	-	-	G
CHEMBL440528_actives_final_000006.pdbqt	B	[cH1:1][c:2]([cH1])!@[O:3][c:4]	-112.11	2.98988	-	-	-	-	G
CHEMBL440528_actives_final_000006.pdbqt	B	[$([cH0]!@[*^2]):1][c:2]([cH1])!@[CX3:3]=[O:4]	-91.1883	0.497512	-	-	-	-	O
CHEMBL440528_actives_final_000006.pdbqt	B	[$([cH0]!@[*^2]):1][c:2]([cH1])!@[CX3:3]=[O:4]	89.3435	0.422886	-	-	-	-	O
CHEMBL440528_actives_final_000006.pdbqt	B	[$(C=O):1][NX3:2]!@[$([a]([cH1])):3][$([aH0](!@O)):4]	-110.818	1.70732	-	-	-	-	O
CHEMBL440528_actives_final_000006.pdbqt	B	[O:1]=[CX3:2]!@[NX3H1:3][!#1:4]	-4.00387	63.7893	-	-	-	-	G
CHEMBL440528_actives_final_000006.pdbqt	B	[nH0r6:1][cr6:2]([cH1r6])!@[C:3]([NH1,NH2])=[O:4]	-165.935	20.442	-	-	-	-	G
CHEMBL440528_actives_final_000006.pdbqt	B	[cH1:1][c:2]([cH1])!@[O:3][C:4]	133.569	0.221527	-	-	-	-	R
CHEMBL132640_actives_final_000015.pdbqt	B	[$(C=O):1][NX3:2]!@[a:3][aH0:4]	101.255	3.7454	-	-	-	-	G
CHEMBL132640_actives_final_000015.pdbqt	B	[cH1:1][c:2]([cH0])!@[O:3][c:4]	31.0568	4.51613	-	-	-	-	G
CHEMBL132640_actives_final_000015.pdbqt	B	[cH1:1][c:2]([cH1])!@[O:3][c:4]	-41.8679	2.5759	-	-	-	-	G
CHEMBL132640_actives_final_000015.pdbqt	B	[$([cH0]!@[*^2]):1][c:2]([cH1])!@[CX3:3]=[O:4]	100.635	0.597015	-	-	-	-	O
CHEMBL132640_actives_final_000015.pdbqt	B	[$([cH0]!@[*^2]):1][c:2]([cH1])!@[CX3:3]=[O:4]	-65.0521	0.721393	-	-	-	-	O
CHEMBL132640_actives_final_000015.pdbqt	B	[O:1]=[CX3:2]!@[NX3H1:3][!#1:4]	5.32625	14.9156	-	-	-	-	G
CHEMBL132640_actives_final_000015.pdbqt	B	[nH0r6:1][cr6:2]([cH1r6])!@[C:3]([NH1,NH2])=[O:4]	-85.3357	0.184162	-	-	-	-	R
CHEMBL337332_actives_final_000032.pdbqt	B	[O:1]=[CX3:2]!@[NX3H1:3][!#1:4]	0.00433899	63.7893	-	-	-	-	G
CHEMBL337332_actives_final_000032.pdbqt	B	[a:1][c:2]!@[C:3]([NH1,NH2])=[O:4]	-71.8022	0.381264	-	-	-	-	G
CHEMBL337332_actives_final_000032.pdbqt	B	[$(C=O):1][NX3H1:2]!@[CX4H1:3][H:4]	21.8242	9.61755	-	-	-	-	G
CHEMBL136168_actives_final_000036.pdbqt	B	[O:1]=[CX3:2]!@[NX3H1:3][!#1:4]	-0.0313785	63.7893	-	-	-	-	G
CHEMBL136168_actives_final_000036.pdbqt	B	[a:1][c:2]!@[C:3]([NH1,NH2])=[O:4]	-75.6659	0.408497	-	-	-	-	G
CHEMBL136168_actives_final_000036.pdbqt	B	[$(C=O):1][NX3H1:2]!@[CX4H1:3][H:4]	22.5593	9.61755	-	-	-	-	G
CHEMBL136573_actives_final_000076.pdbqt	B	[O:1]=[CX3:2]!@[NX3H1:3][!#1:4]	0.039361	63.7893	-	-	-	-	G
CHEMBL136573_actives_final_000076.pdbqt	B	[a:1][c:2]!@[C:3]([NH1,NH2])=[O:4]	-70.0169	0.381264	-	-	-	-	G
CHEMBL136573_actives_final_000076.pdbqt	B	[$(C=O):1][NX3H1:2]!@[CX4H1:3][H:4]	19.0519	9.61755	-	-	-	-	G
CHEMBL136572_actives_final_000048.pdbqt	B	[O:1]=[CX3:2]!@[NX3H1:3][!#1:4]	-0.105712	63.7893	-	-	-	-	G
CHEMBL136572_actives_final_000048.pdbqt	B	[a:1][c:2]!@[C:3]([NH1,NH2])=[O:4]	111.106	0.417574	-	-	-	-	G
CHEMBL136572_actives_final_000048.pdbqt	B	[$(C=O):1][NX3H1:2]!@[CX4H1:3][H:4]	22.4906	9.61755	-	-	-	-	G
CHEMBL422632_actives_final_000026.pdbqt	B	[O:1]=[CX3:2]!@[NX3H1:3][!#1:4]	0.00568647	63.7893	-	-	-	-	G
CHEMBL422632_actives_final_000026.pdbqt	B	[a:1][c:2]!@[C:3]([NH1,NH2])=[O:4]	-72.1263	0.381264	-	-	-	-	G
CHEMBL422632_actives_final_000026.pdbqt	B	[$(C=O):1][NX3H1:2]!@[CX4H1:3][H:4]	22.5174	9.61755	-	-	-	-	G
CHEMBL132201_actives_final_000034.pdbqt	B	[nH0r6:1][cr6:2]([cH1r6])!@[C:3]([NH1,NH2])=[O:4]	34.8805	0	-	-	-	-	R
CHEMBL132201_actives_final_000034.pdbqt	B	[O:1]=[CX3:2]!@[NX3H1:3][!#1:4]	4.8415	63.7893	-	-	-	-	G
CHEMBL132201_actives_final_000034.pdbqt	B	[$(C=O):1][NX3:2]!@[$([a]([cH1])):3][$([aH0](!@O)):4]	89.0395	2.19512	-	-	-	-	O
CHEMBL132201_actives_final_000034.pdbqt	B	[cH1:1][c:2]([cH0])!@[O:3][c:4]	-92.9312	3.22581	-	-	-	-	G
CHEMBL132201_actives_final_000034.pdbqt	B	[cH1:1][c:2]([cH1])!@[O:3][c:4]	-143.757	2.11592	-	-	-	-	G
CHEMBL132201_actives_final_000034.pdbqt	B	[$([cH0]!@[*^2]):1][c:2]([cH1])!@[CX3:3]=[O:4]	66.5116	0.746269	-	-	-	-	O
CHEMBL132201_actives_final_000034.pdbqt	B	[$([cH0]!@[*^2]):1][c:2]([cH1])!@[CX3:3]=[O:4]	-82.9324	0.472637	-	-	-	-	O
CHEMBL138822_actives_final_000100.pdbqt	B	[O:1]=[CX3:2]!@[NX3H1:3][!#1:4]	-0.094424	63.7893	-	-	-	-	G
CHEMBL138822_actives_final_000100.pdbqt	B	[a:1][c:2]!@[C:3]([NH1,NH2])=[O:4]	-59.4317	0.499274	-	-	-	-	G
CHEMBL138822_actives_final_000100.pdbqt	B	[O-:1][N+:2](=O)!@[c:3]([cH0])[cH,nX2H0:4]	-178.964	8.45543	-	-	-	-	G
CHEMBL138822_actives_final_000100.pdbqt	B	[$(C=O):1][NX3H1:2]!@[CX4H1:3][H:4]	-15.1164	7.1991	-	-	-	-	G
CHEMBL370173_actives_final_000085.pdbqt	B	[a:1][a:2]!@[NX3:3][!#1:4]	77.268	1.59445	-	-	-	-	O
CHEMBL370173_actives_final_000085.pdbqt	B	[cH1:1][c:2]([cH1])!@[NX3:3][a:4]	85.0869	0.750234	-	-	-	-	O
CHEMBL370173_actives_final_000085.pdbqt	B	[cH1:1][c:2]([cH1])!@[C:3]([NH1,NH2])=[O:4]	121.329	0.0686342	-	-	-	-	O
CHEMBL370173_actives_final_000085.pdbqt	B	[O:1]=[CX3:2]!@[NX3H1:3][!#1:4]	0.0645349	63.7893	-	-	-	-	G
CHEMBL370173_actives_final_000085.pdbqt	B	[$(C=O):1][NX3H1:2]!@[CX4H2:3][!#1:4]	-169.287	4.83681	-	-	-	-	G
CHEMBL370173_actives_final_000085.pdbqt	B	[a:1][c:2]!@[CX4H2:3][!#1:4]	165.672	1.71299	-	-	-	-	O
CHEMBL370173_actives_final_000085.pdbqt	B	[!#1:1][CH2:2]!@[n:3][cH0:4]	-58.0524	1.27497	-	-	-	-	O
CHEMBL370173_actives_final_000085.pdbqt	B	[!#1:1][CX4H2:2]!@[CX4H2:3][!#1:4]	147.677	0.228969	-	-	-	-	R
CHEMBL370173_actives_final_000085.pdbqt	B	[*:1]~[CX4:2]!@[NX4:3]~[*:4]	-108.184	0.203874	-	-	-	-	O
CHEMBL373082_actives_final_000099.pdbqt	B	[a:1][a:2]!@[NX3:3][!#1:4]	113.411	1.51713	-	-	-	-	O
CHEMBL373082_actives_final_000099.pdbqt	B	[cH1:1][c:2]([cH1])!@[NX3:3][a:4]	-45.3293	4.0794	-	-	-	-	G
CHEMBL373082_actives_final_000099.pdbqt	B	[cH1:1][c:2]([cH1])!@[C:3]([NH1,NH2])=[O:4]	-102.642	0	-	-	-	-	R
CHEMBL373082_actives_final_000099.pdbqt	B	[O:1]=[CX3:2]!@[NX3H1:3][!#1:4]	0.0399707	63.7893	-	-	-	-	G
CHEMBL373082_actives_final_000099.pdbqt	B	[$(C=O):1][NX3H1:2]!@[CX4H2:3][!#1:4]	98.0429	5.89855	-	-	-	-	G
CHEMBL373082_actives_final_000099.pdbqt	B	[a:1][c:2]!@[CX4H2:3][!#1:4]	1.49185	2.24426	-	-	-	-	O
CHEMBL373082_actives_final_000099.pdbqt	B	[!#1:1][CH2:2]!@[n:3][cH0:4]	-117.793	1.59371	-	-	-	-	O
CHEMBL373082_actives_final_000099.pdbqt	B	[!#1:1][CX4H2:2]!@[CX4H2:3][!#1:4]	-107.7	0.0377125	-	-	-	-	R
CHEMBL373082_actives_final_000099.pdbqt	B	[*:1]~[CX4:2]!@[NX4:3]~[*:4]	-150.059	0.438328	-	-	-	-	G
CHEMBL136218_actives_final_000107.pdbqt	B	[O:1]=[CX3:2]!@[NX3H1:3][!#1:4]	0.0468899	63.7893	-	-	-	-	G
CHEMBL136218_actives_final_000107.pdbqt	B	[a:1][c:2]!@[C:3]([NH1,NH2])=[O:4]	-71.4356	0.381264	-	-	-	-	G
CHEMBL136218_actives_final_000107.pdbqt	B	[$(C=O):1][NX3H1:2]!@[CX4H1:3][H:4]	20.7629	9.61755	-	-	-	-	G
CHEMBL134152_actives_final_000020.pdbqt	B	[cH1:1][c:2]([cH0])!@[O:3][c:4]	-95.6812	4.51613	-	-	-	-	G
CHEMBL134152_actives_final_000020.pdbqt	B	[$(C=O):1][NX3:2]!@[$([a]([cH1])):3][$([aH0](!@O)):4]	100.77	1.46341	-	-	-	-	O
CHEMBL134152_actives_final_000020.pdbqt	B	[cH1:1][c:2]([cH1])!@[O:3][c:4]	-137.601	2.11592	-	-	-	-	G
CHEMBL134152_actives_final_000020.pdbqt	B	[$([cH0]!@[*^2]):1][c:2]([cH1])!@[CX3:3]=[O:4]	61.7523	0.696517	-	-	-	-	O
CHEMBL134152_actives_final_000020.pdbqt	B	[$([cH0]!@[*^2]):1][c:2]([cH1])!@[CX3:3]=[O:4]	-83.8499	0.472637	-	-	-	-	O
CHEMBL134152_actives_final_000020.pdbqt	B	[O:1]=[CX3:2]!@[NX3H1:3][!#1:4]	4.86711	63.7893	-	-	-	-	G
CHEMBL134152_actives_final_000020.pdbqt	B	[nH0r6:1][cr6:2]([cH1r6])!@[C:3]([NH1,NH2])=[O:4]	22.3236	0	-	-	-	-	R
CHEMBL133603_actives_final_000018.pdbqt	B	[$(C=O):1][NX3:2]!@[a:3][aH0:4]	94.7094	3.35653	-	-	-	-	G
CHEMBL133603_actives_final_000018.pdbqt	B	[cH1:1][c:2]([cH0])!@[O:3][c:4]	-110.055	4.51613	-	-	-	-	G
CHEMBL133603_actives_final_000018.pdbqt	B	[cH1:1][c:2]([cH1])!@[O:3][c:4]	-128.339	1.88592	-	-	-	-	G
CHEMBL133603_actives_final_000018.pdbqt	B	[$([cH0]!@[*^2]):1][c:2]([cH1])!@[CX3:3]=[O:4]	75.4349	0.447761	-	-	-	-	O
CHEMBL133603_actives_final_000018.pdbqt	B	[$([cH0]!@[*^2]):1][c:2]([cH1])!@[CX3:3]=[O:4]	-81.302	0.472637	-	-	-	-	O
CHEMBL133603_actives_final_000018.pdbqt	B	[O:1]=[CX3:2]!@[NX3H1:3][!#1:4]	-5.57834	15.5319	-	-	-	-	G
CHEMBL133603_actives_final_000018.pdbqt	B	[nH0r6:1][cr6:2]([cH1r6])!@[C:3]([NH1,NH2])=[O:4]	-137.629	0	-	-	-	-	O
CHEMBL133603_actives_final_000018.pdbqt	B	[cH1:1][c:2]([cH1])!@[O:3][C:4]	107.871	0.47346	-	-	-	-	R
CHEMBL99889_actives_final_000057.pdbqt	B	[!#1:1][CX4:2]!@[CX4:3][!#1:4]	122.276	0.0709144	-	-	-	-	R
CHEMBL99889_actives_final_000057.pdbqt	B	[cH1:1][c:2]([cH1])!@[CX4H2:3][CX4:4]	-168.803	0.678532	-	-	-	-	R
CHEMBL99889_actives_final_000057.pdbqt	B	[NH1:1][CX4:2]!@[CX3:3]=[O:4]	-98.9469	0.260377	-	-	-	-	R
CHEMBL99889_actives_final_000057.pdbqt	B	[O:1]=[CX3:2]!@[NX3H0:3][!#1:4]	5.09923	9.4356	-	-	-	-	G
CHEMBL99889_actives_final_000057.pdbqt	B	[$(C=O):1][NX3H1:2]!@[CX4H1:3][H:4]	-7.4527	8.96138	-	-	-	-	G
CHEMBL99889_actives_final_000057.pdbqt	B	[O:1]=[CX3:2]!@[NX3H1:3][!#1:4]	0.0300793	63.7893	-	-	-	-	G
CHEMBL99889_actives_final_000057.pdbqt	B	[a:1][c:2]!@[C:3]([NH1,NH2])=[O:4]	57.486	0.626362	-	-	-	-	G
CHEMBL115045_actives_final_000067.pdbqt	B	[*^2:1]~[C^2:2]([!H])!@[C^2:3]~[*^2:4]	90.2869	1.26539	-	-	-	-	G
CHEMBL115045_actives_final_000067.pdbqt	B	[cH0:1][c:2]!@[CX4H1:3][CX3:4]	-135.486	4.80094	-	-	-	-	G
CHEMBL115045_actives_final_000067.pdbqt	B	[*^2:1]~[C^2:2]([!H])!@[C^2:3]~[*^2:4]	91.328	1.26539	-	-	-	-	G
CHEMBL115045_actives_final_000067.pdbqt	B	[cH0:1][c:2]!@[CX4H2:3][N,O,S:4]	-168.732	3.04899	-	-	-	-	G
CHEMBL115045_actives_final_000067.pdbqt	B	[!#1:1][CX4H2:2]!@[NX3:3][!#1:4]	-99.2267	5.03478	-	-	-	-	G
CHEMBL115045_actives_final_000067.pdbqt	B	[*^2:1]~[C^2:2]([!H])!@[C^2:3]~[*^2:4]	-97.043	1.02673	-	-	-	-	G
CHEMBL115045_actives_final_000067.pdbqt	B	[O:1]=[C:2]!@[O:3]~[C:4]	-22.5345	0.567037	-	-	-	-	R
CHEMBL115045_actives_final_000067.pdbqt	B	[$(C=O):1][O:2]!@[CH1:3][H:4]	19.011	10.458	-	-	-	-	G
CHEMBL334272_actives_final_000023.pdbqt	B	[*^2:1]~[C^2:2]([!H])!@[C^2:3]~[*^2:4]	65.7606	0.831001	-	-	-	-	O
CHEMBL334272_actives_final_000023.pdbqt	B	[cH0:1][c:2]!@[CX4H1:3][CX3:4]	-128.913	6.79157	-	-	-	-	G
CHEMBL334272_actives_final_000023.pdbqt	B	[*^2:1]~[C^2:2]([!H])!@[C^2:3]~[*^2:4]	91.3004	1.26539	-	-	-	-	G
CHEMBL334272_actives_final_000023.pdbqt	B	[a:1][c:2]!@[CX4H2:3][!#1:4]	-163.841	1.37161	-	-	-	-	O
CHEMBL334272_actives_final_000023.pdbqt	B	[!#1:1][CX4H2:2]!@[NX3:3][!#1:4]	-106.775	2.72951	-	-	-	-	O
CHEMBL334272_actives_final_000023.pdbqt	B	[*^2:1]~[C^2:2]([!H])!@[C^2:3]~[*^2:4]	-97.2771	1.02673	-	-	-	-	G
CHEMBL334272_actives_final_000023.pdbqt	B	[O:1]=[C:2]!@[O:3]~[C:4]	-65.1656	0.00468626	-	-	-	-	R
CHEMBL334272_actives_final_000023.pdbqt	B	[$(C=O):1][O:2]!@[CH1:3][H:4]	35.1558	10.1875	-	-	-	-	G
CHEMBL423509_actives_final_000004.pdbqt	B	[*^2:1]~[C^2:2]([!H])!@[C^2:3]~[*^2:4]	92.9494	1.26539	-	-	-	-	G
CHEMBL423509_actives_final_000004.pdbqt	B	[cH0:1][c:2]!@[CX4H1:3][CX3:4]	-131.653	6.79157	-	-	-	-	G
CHEMBL423509_actives_final_000004.pdbqt	B	[*^2:1]~[C^2:2]([!H])!@[C^2:3]~[*^2:4]	-90.1221	1.27397	-	-	-	-	G
CHEMBL423509_actives_final_000004.pdbqt	B	[a:1][c:2]!@[CX4H2:3][!#1:4]	153.006	1.43221	-	-	-	-	O
CHEMBL423509_actives_final_000004.pdbqt	B	[!#1:1][CX4H2:2]!@[NX3:3][!#1:4]	-86.2038	8.15111	-	-	-	-	G
CHEMBL423509_actives_final_000004.pdbqt	B	[O-:1][N+:2](=O)!@[c:3]([cH,nX2H0])[cH,nX2H0:4]	91.233	0	-	-	-	-	R
CHEMBL423509_actives_final_000004.pdbqt	B	[*^2:1]~[C^2:2]([!H])!@[C^2:3]~[*^2:4]	-95.7381	1.02673	-	-	-	-	G
CHEMBL423509_actives_final_000004.pdbqt	B	[O:1]=[C:2]!@[O:3]~[C:4]	-14.0326	11.9523	-	-	-	-	O
CHEMBL423509_actives_final_000004.pdbqt	B	[$(C=O):1][O:2]!@[CH1:3][H:4]	11.5938	9.70069	-	-	-	-	G
CHEMBL115441_actives_final_000060.pdbqt	B	[*^2:1]~[C^2:2]([!H])!@[C^2:3]~[*^2:4]	86.3749	1.26539	-	-	-	-	G
CHEMBL115441_actives_final_000060.pdbqt	B	[cH0:1][c:2]!@[CX4H1:3][CX3:4]	-134.144	6.79157	-	-	-	-	G
CHEMBL115441_actives_final_000060.pdbqt	B	[*^2:1]~[C^2:2]([!H])!@[C^2:3]~[*^2:4]	-92.0419	1.27397	-	-	-	-	G
CHEMBL115441_actives_final_000060.pdbqt	B	[a:1][c:2]!@[CX4H2:3][!#1:4]	27.561	1.34333	-	-	-	-	O
CHEMBL115441_actives_final_000060.pdbqt	B	[!#1:1][CX4H2:2]!@[NX3:3][!#1:4]	-108.833	2.72951	-	-	-	-	O
CHEMBL115441_actives_final_000060.pdbqt	B	[*^2:1]~[C^2:2]([!H])!@[C^2:3]~[*^2:4]	-101.014	1.02673	-	-	-	-	G
CHEMBL115441_actives_final_000060.pdbqt	B	[O:1]=[C:2]!@[O:3]~[C:4]	-31.0207	0.0890388	-	-	-	-	R
CHEMBL115441_actives_final_000060.pdbqt	B	[$(C=O):1][O:2]!@[CH1:3][H:4]	23.6964	10.458	-	-	-	-	G
CHEMBL113762_actives_final_000007.pdbqt	B	[*^2:1]~[C^2:2]([!H])!@[C^2:3]~[*^2:4]	92.4696	1.26539	-	-	-	-	G
CHEMBL113762_actives_final_000007.pdbqt	B	[cH0:1][c:2]!@[CX4H1:3][CX3:4]	-135.514	4.80094	-	-	-	-	G
CHEMBL113762_actives_final_000007.pdbqt	B	[*^2:1]~[C^2:2]([!H])!@[C^2:3]~[*^2:4]	-89.5143	1.27397	-	-	-	-	G
CHEMBL113762_actives_final_000007.pdbqt	B	[a:1][c:2]!@[CX4H2:3][!#1:4]	-174.821	1.70087	-	-	-	-	O
CHEMBL113762_actives_final_000007.pdbqt	B	[!#1:1][CX4H2:2]!@[NX3:3][!#1:4]	-95.9872	5.03478	-	-	-	-	G
CHEMBL113762_actives_final_000007.pdbqt	B	[*^2:1]~[C^2:2]([!H])!@[C^2:3]~[*^2:4]	-95.5946	1.02673	-	-	-	-	G
CHEMBL113762_actives_final_000007.pdbqt	B	[O:1]=[C:2]!@[O:3]~[C:4]	-19.8249	0.567037	-	-	-	-	O
CHEMBL113762_actives_final_000007.pdbqt	B	[$(C=O):1][O:2]!@[CH1:3][H:4]	20.534	10.458	-	-	-	-	G
CHEMBL117483_actives_final_000021.pdbqt	B	[*^2:1]~[C^2:2]([!H])!@[C^2:3]~[*^2:4]	86.5903	1.26539	-	-	-	-	G
CHEMBL117483_actives_final_000021.pdbqt	B	[cH0:1][c:2]!@[CX4H1:3][CX3:4]	-139.932	4.80094	-	-	-	-	G
CHEMBL117483_actives_final_000021.pdbqt	B	[*^2:1]~[C^2:2]([!H])!@[C^2:3]~[*^2:4]	93.9553	1.26539	-	-	-	-	G
CHEMBL117483_actives_final_000021.pdbqt	B	[cH0:1][c:2]!@[CX4H2:3][N,O,S:4]	-157.493	1.57588	-	-	-	-	O
CHEMBL117483_actives_final_000021.pdbqt	B	[!#1:1][CX4H2:2]!@[NX3:3][!#1:4]	-101.408	5.03478	-	-	-	-	O
CHEMBL117483_actives_final_000021.pdbqt	B	[*^2:1]~[C^2:2]([!H])!@[C^2:3]~[*^2:4]	-94.0087	1.27397	-	-	-	-	G
CHEMBL117483_actives_final_000021.pdbqt	B	[O:1]=[C:2]!@[O:3]~[C:4]	-25.4843	0.0890388	-	-	-	-	R
CHEMBL117483_actives_final_000021.pdbqt	B	[$(C=O):1][O:2]!@[CH1:3][H:4]	25.5701	10.7465	-	-	-	-	G
CHEMBL115651_actives_final_000091.pdbqt	B	[cH0:1][c:2]!@[CX4H1:3][CX3:4]	-139.294	4.80094	-	-	-	-	G
CHEMBL115651_actives_final_000091.pdbqt	B	[*^2:1]~[C^2:2]([!H])!@[C^2:3]~[*^2:4]	-93.4077	1.27397	-	-	-	-	G
CHEMBL115651_actives_final_000091.pdbqt	B	[!#1:1][CX4H2:2]!@[NX3:3][!#1:4]	-93.0628	8.15111	-	-	-	-	G
CHEMBL115651_actives_final_000091.pdbqt	B	[a:1][c:2]!@[CX4H2:3][!#1:4]	3.81604	2.24426	-	-	-	-	O
CHEMBL115651_actives_final_000091.pdbqt	B	[O:1]=[C:2]!@[O:3]~[C:4]	24.9716	0.56938	-	-	-	-	R
CHEMBL115651_actives_final_000091.pdbqt	B	[*^2:1]~[C^2:2]([!H])!@[C^2:3]~[*^2:4]	-103.593	1.02673	-	-	-	-	G
CHEMBL115651_actives_final_000091.pdbqt	B	[$(C=O):1][O:2]!@[CH1:3][H:4]	3.46854	9.45727	-	-	-	-	G
CHEMBL115651_actives_final_000091.pdbqt	B	[*^2:1]~[C^2:2]([!H])!@[C^2:3]~[*^2:4]	-84.7947	0.908264	-	-	-	-	G
CHEMBL213661_actives_final_000071.pdbqt	B	[!#1:1][CX4:2]!@[CX4:3][!#1:4]	-89.7671	0.488284	-	-	-	-	G
CHEMBL213661_actives_final_000071.pdbqt	B	[*:1]~[CX4:2]!@[NX4:3]~[*:4]	-165.612	6.19266	-	-	-	-	G
CHEMBL213661_actives_final_000071.pdbqt	B	[!#1:1][CX4H2:2]!@[CX4H2:3][!#1:4]	150.4	0.228969	-	-	-	-	O
CHEMBL213661_actives_final_000071.pdbqt	B	[!#1:1][CX4H2:2]!@[CX4H2:3][!#1:4]	142.709	0.053875	-	-	-	-	R
CHEMBL213661_actives_final_000071.pdbqt	B	[cH1:1][c:2]([cH1])!@[CX4H2:3][CX4:4]	-163.29	0.489433	-	-	-	-	R
CHEMBL326810_actives_final_000028.pdbqt	B	[*^2:1]~[C^2:2]([!H])!@[C^2:3]~[*^2:4]	87.6173	1.26539	-	-	-	-	G
CHEMBL326810_actives_final_000028.pdbqt	B	[cH0:1][c:2]!@[CX4H1:3][CX3:4]	-137.571	4.80094	-	-	-	-	G
CHEMBL326810_actives_final_000028.pdbqt	B	[*^2:1]~[C^2:2]([!H])!@[C^2:3]~[*^2:4]	-86.6091	1.27397	-	-	-	-	G
CHEMBL326810_actives_final_000028.pdbqt	B	[cH0:1][c:2]!@[CX4H2:3][N,O,S:4]	-171.617	3.04899	-	-	-	-	G
CHEMBL326810_actives_final_000028.pdbqt	B	[!#1:1][CX4H2:2]!@[NX3:3][!#1:4]	-94.7439	8.15111	-	-	-	-	G
CHEMBL326810_actives_final_000028.pdbqt	B	[*^2:1]~[C^2:2]([!H])!@[C^2:3]~[*^2:4]	-92.4441	1.27397	-	-	-	-	G
CHEMBL326810_actives_final_000028.pdbqt	B	[O:1]=[C:2]!@[O:3]~[C:4]	-23.4312	0.567037	-	-	-	-	R
CHEMBL326810_actives_final_000028.pdbqt	B	[$(C=O):1][O:2]!@[CH1:3][H:4]	23.8606	10.458	-	-	-	-	G
CHEMBL115341_actives_final_000080.pdbqt	B	[cH0:1][c:2]!@[CX4H1:3][CX3:4]	-138.555	4.80094	-	-	-	-	G
CHEMBL115341_actives_final_000080.pdbqt	B	[*^2:1]~[C^2:2]([!H])!@[C^2:3]~[*^2:4]	-90.5877	1.27397	-	-	-	-	G
CHEMBL115341_actives_final_000080.pdbqt	B	[!#1:1][CX4H2:2]!@[NX3:3][!#1:4]	-90.6159	8.15111	-	-	-	-	G
CHEMBL115341_actives_final_000080.pdbqt	B	[a:1][c:2]!@[CX4H2:3][!#1:4]	179.086	2.35335	-	-	-	-	O
CHEMBL115341_actives_final_000080.pdbqt	B	[cH1:1][c:2](cO)!@[O:3][C:4]	-34.2342	0.458851	-	-	-	-	R
CHEMBL115341_actives_final_000080.pdbqt	B	[cH1:1][c:2](cO)!@[O:3][C:4]	-3.74962	49.3635	-	-	-	-	G
CHEMBL115341_actives_final_000080.pdbqt	B	[*^2:1]~[C^2:2]([!H])!@[C^2:3]~[*^2:4]	-109.833	0.875642	-	-	-	-	G
CHEMBL115341_actives_final_000080.pdbqt	B	[O:1]=[C:2]!@[O:3]~[C:4]	22.1776	0.56938	-	-	-	-	R
CHEMBL115341_actives_final_000080.pdbqt	B	[$(C=O):1][O:2]!@[CH1:3][H:4]	16.7858	10.458	-	-	-	-	G
CHEMBL115341_actives_final_000080.pdbqt	B	[*^2:1]~[C^2:2]([!H])!@[C^2:3]~[*^2:4]	-84.4562	0.908264	-	-	-	-	G
CHEMBL323707_actives_final_000095.pdbqt	B	[a:1][a:2]!@[CX3:3]=[O:4]	-51.6366	1.0537	-	-	-	-	O
CHEMBL323707_actives_final_000095.pdbqt	B	[cH0:1][c:2]([cH0])!@[CX3:3]=[O:4]	-86.7701	4.07886	-	-	-	-	G
CHEMBL323707_actives_final_000095.pdbqt	B	[cH0:1][c:2]([cH0])!@[c:3]([cH0:4])[cH1]	-116.138	2.46599	-	-	-	-	O
CHEMBL323707_actives_final_000095.pdbqt	B	[cH0:1][c:2]([cH0])!@[CX3:3]=[O:4]	131.267	2.07342	-	-	-	-	O
CHEMBL323707_actives_final_000095.pdbqt	B	[O:1]=[C:2]!@[O:3]~[C:4]	-34.7663	0.0890388	-	-	-	-	R
CHEMBL323707_actives_final_000095.pdbqt	B	[$(C=O):1][O:2]!@[CH1:3][H:4]	-15.044	9.9982	-	-	-	-	G
CHEMBL326950_actives_final_000041.pdbqt	B	[*^2:1]~[C^2:2]([!H])!@[C^2:3]~[*^2:4]	104.158	0.983809	-	-	-	-	G
CHEMBL326950_actives_final_000041.pdbqt	B	[cH0:1][c:2]!@[CX4H1:3][CX3:4]	117.807	7.49415	-	-	-	-	G
CHEMBL326950_actives_final_000041.pdbqt	B	[*^2:1]~[C^2:2]([!H])!@[C^2:3]~[*^2:4]	-92.8539	1.27397	-	-	-	-	G
CHEMBL326950_actives_final_000041.pdbqt	B	[O:1]=[CX3:2]!@[NX3H1:3][!#1:4]	0.0566275	63.7893	-	-	-	-	G
CHEMBL326950_actives_final_000041.pdbqt	B	[$(C=O):1][NX3H1:2]!@[CX4H2:3][$([c]([cH,nX2H0])[cH,nX2H0]):4]	110.637	5.56962	-	-	-	-	G
CHEMBL326950_actives_final_000041.pdbqt	B	[a:1][c:2]!@[CX4H2:3][!#1:4]	-23.7998	1.21606	-	-	-	-	O
CHEMBL326950_actives_final_000041.pdbqt	B	[C:1][CX4H2:2]!@[NX3:3][C:4]	95.4307	5.53574	-	-	-	-	G
CHEMBL326950_actives_final_000041.pdbqt	B	[*^2:1]~[C^2:2]([!H])!@[C^2:3]~[*^2:4]	-88.5548	1.27397	-	-	-	-	G
CHEMBL114731_actives_final_000011.pdbqt	B	[cH0:1][c:2]!@[CX4H1:3][CX3:4]	-136.92	4.80094	-	-	-	-	G
CHEMBL114731_actives_final_000011.pdbqt	B	[*^2:1]~[C^2:2]([!H])!@[C^2:3]~[*^2:4]	86.9598	1.26539	-	-	-	-	G
CHEMBL114731_actives_final_000011.pdbqt	B	[!#1:1][CX4H2:2]!@[NX3:3][!#1:4]	-92.6899	8.15111	-	-	-	-	G
CHEMBL114731_actives_final_000011.pdbqt	B	[O:1]=[C:2]!@[O:3]~[C:4]	23.0248	0.56938	-	-	-	-	R
CHEMBL114731_actives_final_000011.pdbqt	B	[*^2:1]~[C^2:2]([!H])!@[C^2:3]~[*^2:4]	-103.462	1.02673	-	-	-	-	G
CHEMBL114731_actives_final_000011.pdbqt	B	[$(C=O):1][O:2]!@[CH1:3][H:4]	6.6902	9.70069	-	-	-	-	G
CHEMBL114731_actives_final_000011.pdbqt	B	[*^2:1]~[C^2:2]([!H])!@[C^2:3]~[*^2:4]	-86.9816	1.27397	-	-	-	-	G
CHEMBL114731_actives_final_000011.pdbqt	B	[a:1][c:2]!@[CX4H2:3][!#1:4]	-179.395	2.35335	-	-	-	-	O
CHEMBL115395_actives_final_000002.pdbqt	B	[cH0:1][c:2]!@[CX4H1:3][CX3:4]	-137.686	4.80094	-	-	-	-	G
CHEMBL115395_actives_final_000002.pdbqt	B	[*^2:1]~[C^2:2]([!H])!@[C^2:3]~[*^2:4]	87.0826	1.26539	-	-	-	-	G
CHEMBL115395_actives_final_000002.pdbqt	B	[!#1:1][CX4H2:2]!@[NX3:3][!#1:4]	-93.2753	8.15111	-	-	-	-	G
CHEMBL115395_actives_final_000002.pdbqt	B	[cH0:1][c:2]!@[CX4H2:3][N,O,S:4]	176.857	6.20075	-	-	-	-	G
CHEMBL115395_actives_final_000002.pdbqt	B	[O:1]=[C:2]!@[O:3]~[C:4]	26.7441	0.0796663	-	-	-	-	R
CHEMBL115395_actives_final_000002.pdbqt	B	[*^2:1]~[C^2:2]([!H])!@[C^2:3]~[*^2:4]	-105.574	0.875642	-	-	-	-	G
CHEMBL115395_actives_final_000002.pdbqt	B	[$(C=O):1][O:2]!@[CH1:3][H:4]	10.8361	9.70069	-	-	-	-	G
CHEMBL115395_actives_final_000002.pdbqt	B	[*^2:1]~[C^2:2]([!H])!@[C^2:3]~[*^2:4]	-88.4783	1.27397	-	-	-	-	G
CHEMBL113736_actives_final_000039.pdbqt	B	[C:1][CX4H2:2]!@[NX3:3][C:4]	97.0906	5.53574	-	-	-	-	G
CHEMBL113736_actives_final_000039.pdbqt	B	[cH0:1][c:2]!@[CX4H1:3][CX3:4]	135.557	4.09836	-	-	-	-	G
CHEMBL113736_actives_final_000039.pdbqt	B	[*^2:1]~[C^2:2]([!H])!@[C^2:3]~[*^2:4]	-85.5772	1.27397	-	-	-	-	G
CHEMBL113736_actives_final_000039.pdbqt	B	[*^2:1]~[C^2:2]([!H])!@[C^2:3]~[*^2:4]	-83.5064	0.908264	-	-	-	-	G
CHEMBL113736_actives_final_000039.pdbqt	B	[O:1]=[CX3:2]!@[NX3H1:3][!#1:4]	0.041801	63.7893	-	-	-	-	G
CHEMBL113736_actives_final_000039.pdbqt	B	[$([CX3]=O):1][NX3H1:2]!@[CX4H2:3][C:4] 	-111.293	3.99803	-	-	-	-	O
CHEMBL113736_actives_final_000039.pdbqt	B	[!#1:1][CX4:2]!@[CX4:3][!#1:4]	143.694	0.200782	-	-	-	-	O
CHEMBL113736_actives_final_000039.pdbqt	B	[*^2:1]~[C^2:2]([!H])!@[C^2:3]~[*^2:4]	-90.48	1.27397	-	-	-	-	G
CHEMBL114226_actives_final_000031.pdbqt	B	[C:1][CX4H2:2]!@[NX3:3][C:4]	102.878	5.53574	-	-	-	-	G
CHEMBL114226_actives_final_000031.pdbqt	B	[cH0:1][c:2]!@[CX4H1:3][CX3:4]	139.557	4.09836	-	-	-	-	G
CHEMBL114226_actives_final_000031.pdbqt	B	[*^2:1]~[C^2:2]([!H])!@[C^2:3]~[*^2:4]	97.6764	0.983809	-	-	-	-	G
CHEMBL114226_actives_final_000031.pdbqt	B	[*^2:1]~[C^2:2]([!H])!@[C^2:3]~[*^2:4]	-54.4517	0.734852	-	-	-	-	O
CHEMBL114226_actives_final_000031.pdbqt	B	[O:1]=[CX3:2]!@[NX3H1:3][!#1:4]	0.0731613	63.7893	-	-	-	-	G
CHEMBL114226_actives_final_000031.pdbqt	B	[$(C=O):1][NX3H1:2]!@[CX4H1:3][H:4]	26.174	9.46757	-	-	-	-	G
CHEMBL114226_actives_final_000031.pdbqt	B	[*^2:1]~[C^2:2]([!H])!@[C^2:3]~[*^2:4]	-92.8962	1.27397	-	-	-	-	G
CHEMBL114950_actives_final_000098.pdbqt	B	[C:1][CX4H2:2]!@[NX3:3][C:4]	99.4176	5.53574	-	-	-	-	G
CHEMBL114950_actives_final_000098.pdbqt	B	[cH0:1][c:2]!@[CX4H1:3][CX3:4]	137.854	4.09836	-	-	-	-	G
CHEMBL114950_actives_final_000098.pdbqt	B	[*^2:1]~[C^2:2]([!H])!@[C^2:3]~[*^2:4]	97.1843	0.983809	-	-	-	-	G
CHEMBL114950_actives_final_000098.pdbqt	B	[*^2:1]~[C^2:2]([!H])!@[C^2:3]~[*^2:4]	-71.6993	0.858472	-	-	-	-	G
CHEMBL114950_actives_final_000098.pdbqt	B	[O:1]=[C:2]!@[O:3]~[C:4]	-51.7752	0.00937251	-	-	-	-	R
CHEMBL114950_actives_final_000098.pdbqt	B	[$(C=O):1][O:2]!@[CH1:3][H:4]	17.0577	10.458	-	-	-	-	G
CHEMBL114950_actives_final_000098.pdbqt	B	[*^2:1]~[C^2:2]([!H])!@[C^2:3]~[*^2:4]	-92.0483	1.27397	-	-	-	-	G
CHEMBL324288_actives_final_000035.pdbqt	B	[C:1][CX4H2:2]!@[NX3:3][C:4]	-88.3968	9.94394	-	-	-	-	G
CHEMBL324288_actives_final_000035.pdbqt	B	[a:1][c:2]!@[CX4H1:3][H:4]	-140.638	2.6571	-	-	-	-	G
CHEMBL324288_actives_final_000035.pdbqt	B	[*^2:1]~[C^2:2]([!H])!@[C^2:3]~[*^2:4]	90.7162	1.26539	-	-	-	-	G
CHEMBL324288_actives_final_000035.pdbqt	B	[*^2:1]~[C^2:2]([!H])!@[C^2:3]~[*^2:4]	73.1205	0.831001	-	-	-	-	G
CHEMBL324288_actives_final_000035.pdbqt	B	[O:1]=[C:2]!@[O:3]~[C:4]	114.616	0.00234313	-	-	-	-	R
CHEMBL324288_actives_final_000035.pdbqt	B	[$(C=O):1][O:2]!@[CH1:3][H:4]	20.9281	10.458	-	-	-	-	G
CHEMBL324288_actives_final_000035.pdbqt	B	[*^2:1]~[C^2:2]([!H])!@[C^2:3]~[*^2:4]	105.289	0.860189	-	-	-	-	G
CHEMBL114846_actives_final_000113.pdbqt	B	[*^2:1]~[C^2:2]([!H])!@[C^2:3]~[*^2:4]	111.8	0.860189	-	-	-	-	G
CHEMBL114846_actives_final_000113.pdbqt	B	[*^2:1]~[C^2:2]([!H])!@[C^2:3]~[*^2:4]	-100.125	1.02673	-	-	-	-	G
CHEMBL114846_actives_final_000113.pdbqt	B	[cH0:1][c:2]!@[CX4H1:3][CX3:4]	144.415	4.09836	-	-	-	-	G
CHEMBL114846_actives_final_000113.pdbqt	B	[O:1]=[CX3:2]!@[NX3H1:3][!#1:4]	-0.010335	63.7893	-	-	-	-	G
CHEMBL114846_actives_final_000113.pdbqt	B	[$([CX3]=O):1][NX3H1:2]!@[CX4H2:3][C:4] 	-115.238	2.61599	-	-	-	-	O
CHEMBL114846_actives_final_000113.pdbqt	B	[*^2:1]~[C^2:2]([!H])!@[C^2:3]~[*^2:4]	-102.583	1.02673	-	-	-	-	G
CHEMBL114846_actives_final_000113.pdbqt	B	[*:1]~[CX4:2]!@[NX4:3]~[*:4]	118.227	0.0866463	-	-	-	-	O
CHEMBL114271_actives_final_000070.pdbqt	B	[cH0:1][c:2]!@[CX4H1:3][CX3:4]	135.259	4.09836	-	-	-	-	G
CHEMBL114271_actives_final_000070.pdbqt	B	[*^2:1]~[C^2:2]([!H])!@[C^2:3]~[*^2:4]	-86.4495	1.27397	-	-	-	-	G
CHEMBL114271_actives_final_000070.pdbqt	B	[C:1][CX4H2:2]!@[NX3:3][C:4]	87.6132	10.0586	-	-	-	-	G
CHEMBL114271_actives_final_000070.pdbqt	B	[*^2:1]~[C^2:2]([!H])!@[C^2:3]~[*^2:4]	-80.5579	0.908264	-	-	-	-	G
CHEMBL114271_actives_final_000070.pdbqt	B	[O:1]=[C:2]!@[O:3]~[C:4]	-46.9554	0.00937251	-	-	-	-	R
CHEMBL114271_actives_final_000070.pdbqt	B	[$(C=O):1][O:2]!@[CH1:3][H:4]	27.7158	10.7465	-	-	-	-	G
CHEMBL114271_actives_final_000070.pdbqt	B	[*^2:1]~[C^2:2]([!H])!@[C^2:3]~[*^2:4]	-92.5414	1.27397	-	-	-	-	G
CHEMBL215137_actives_final_000075.pdbqt	B	[OX2:1][CX4:2]!@[CX4:3][N:4]	-110.325	0.0224719	-	-	-	-	R
CHEMBL206468_actives_final_000017.pdbqt	B	[!#1:1][CX4:2]!@[CX4:3][!#1:4]	-87.4509	0.488284	-	-	-	-	G
